Driver,Team,LapNumber,Stint,Compound,TyreLife,FreshTyre,TrackStatus,IsAccurate,Position,AirTemp,TrackTemp,Humidity,Rainfall,WindSpeed,LapTimeSeconds,IsPitLap,TotalLaps,Year,Round,Event,RaceId
VER,Red Bull Racing,1.0,1.0,HARD,1.0,True,1,False,9.0,26.6,33.8,61.0,False,4.0,101.724,False,57,2023,5,Miami Grand Prix,2023_05
VER,Red Bull Racing,2.0,1.0,HARD,2.0,True,1,True,8.0,26.6,33.7,61.0,False,3.7,94.26,False,57,2023,5,Miami Grand Prix,2023_05
VER,Red Bull Racing,3.0,1.0,HARD,3.0,True,1,True,8.0,26.7,33.9,60.0,False,4.1,94.127,False,57,2023,5,Miami Grand Prix,2023_05
VER,Red Bull Racing,4.0,1.0,HARD,4.0,True,1,True,6.0,26.9,33.9,59.0,False,4.8,92.935,False,57,2023,5,Miami Grand Prix,2023_05
VER,Red Bull Racing,5.0,1.0,HARD,5.0,True,1,True,6.0,26.9,34.5,60.0,False,4.5,92.875,False,57,2023,5,Miami Grand Prix,2023_05
VER,Red Bull Racing,6.0,1.0,HARD,6.0,True,1,True,6.0,27.0,35.2,59.0,False,3.7,92.753,False,57,2023,5,Miami Grand Prix,2023_05
VER,Red Bull Racing,7.0,1.0,HARD,7.0,True,1,True,6.0,27.2,35.5,60.0,False,3.2,92.555,False,57,2023,5,Miami Grand Prix,2023_05
VER,Red Bull Racing,8.0,1.0,HARD,8.0,True,1,True,5.0,27.3,35.8,59.0,False,4.0,92.947,False,57,2023,5,Miami Grand Prix,2023_05
VER,Red Bull Racing,9.0,1.0,HARD,9.0,True,1,True,4.0,27.5,37.4,57.0,False,3.7,92.988,False,57,2023,5,Miami Grand Prix,2023_05
VER,Red Bull Racing,10.0,1.0,HARD,10.0,True,1,True,4.0,27.7,37.9,55.0,False,3.0,92.74,False,57,2023,5,Miami Grand Prix,2023_05
VER,Red Bull Racing,11.0,1.0,HARD,11.0,True,1,True,4.0,27.6,36.5,58.0,False,3.7,92.251,False,57,2023,5,Miami Grand Prix,2023_05
VER,Red Bull Racing,12.0,1.0,HARD,12.0,True,1,True,4.0,27.6,35.5,59.0,False,3.7,92.304,False,57,2023,5,Miami Grand Prix,2023_05
VER,Red Bull Racing,13.0,1.0,HARD,13.0,True,1,True,4.0,27.3,35.0,60.0,False,4.6,91.736,False,57,2023,5,Miami Grand Prix,2023_05
VER,Red Bull Racing,14.0,1.0,HARD,14.0,True,1,True,3.0,27.1,34.5,60.0,False,2.9,92.193,False,57,2023,5,Miami Grand Prix,2023_05
VER,Red Bull Racing,15.0,1.0,HARD,15.0,True,1,True,2.0,27.3,34.4,60.0,False,4.6,92.433,False,57,2023,5,Miami Grand Prix,2023_05
VER,Red Bull Racing,16.0,1.0,HARD,16.0,True,1,True,2.0,27.2,34.4,60.0,False,5.1,92.333,False,57,2023,5,Miami Grand Prix,2023_05
VER,Red Bull Racing,17.0,1.0,HARD,17.0,True,1,True,2.0,27.1,33.7,61.0,False,3.7,92.455,False,57,2023,5,Miami Grand Prix,2023_05
VER,Red Bull Racing,18.0,1.0,HARD,18.0,True,1,True,2.0,27.2,34.3,61.0,False,4.4,92.124,False,57,2023,5,Miami Grand Prix,2023_05
VER,Red Bull Racing,19.0,1.0,HARD,19.0,True,1,True,2.0,27.2,35.0,60.0,False,4.8,92.073,False,57,2023,5,Miami Grand Prix,2023_05
VER,Red Bull Racing,20.0,1.0,HARD,20.0,True,1,True,1.0,27.1,34.8,61.0,False,3.9,92.203,False,57,2023,5,Miami Grand Prix,2023_05
VER,Red Bull Racing,21.0,1.0,HARD,21.0,True,1,True,1.0,27.1,34.3,60.0,False,3.0,92.351,False,57,2023,5,Miami Grand Prix,2023_05
VER,Red Bull Racing,22.0,1.0,HARD,22.0,True,1,True,1.0,27.0,34.5,60.0,False,4.4,92.267,False,57,2023,5,Miami Grand Prix,2023_05
VER,Red Bull Racing,23.0,1.0,HARD,23.0,True,1,True,1.0,27.2,36.0,60.0,False,4.1,91.906,False,57,2023,5,Miami Grand Prix,2023_05
VER,Red Bull Racing,24.0,1.0,HARD,24.0,True,1,True,1.0,27.2,36.6,60.0,False,5.4,92.126,False,57,2023,5,Miami Grand Prix,2023_05
VER,Red Bull Racing,25.0,1.0,HARD,25.0,True,1,True,1.0,27.3,37.0,60.0,False,3.0,91.919,False,57,2023,5,Miami Grand Prix,2023_05
VER,Red Bull Racing,26.0,1.0,HARD,26.0,True,1,True,1.0,27.5,37.2,61.0,False,3.0,91.922,False,57,2023,5,Miami Grand Prix,2023_05
VER,Red Bull Racing,27.0,1.0,HARD,27.0,True,1,True,1.0,27.5,38.0,61.0,False,3.0,91.829,False,57,2023,5,Miami Grand Prix,2023_05
VER,Red Bull Racing,28.0,1.0,HARD,28.0,True,1,True,1.0,27.7,38.5,59.0,False,3.5,91.776,False,57,2023,5,Miami Grand Prix,2023_05
VER,Red Bull Racing,29.0,1.0,HARD,29.0,True,1,True,1.0,27.6,38.5,58.0,False,4.3,91.82,False,57,2023,5,Miami Grand Prix,2023_05
VER,Red Bull Racing,30.0,1.0,HARD,30.0,True,1,True,1.0,27.5,36.3,59.0,False,3.2,92.484,False,57,2023,5,Miami Grand Prix,2023_05
VER,Red Bull Racing,31.0,1.0,HARD,31.0,True,1,True,1.0,27.4,35.9,59.0,False,3.7,91.627,False,57,2023,5,Miami Grand Prix,2023_05
VER,Red Bull Racing,32.0,1.0,HARD,32.0,True,1,True,1.0,27.5,35.8,59.0,False,4.0,91.293,False,57,2023,5,Miami Grand Prix,2023_05
VER,Red Bull Racing,33.0,1.0,HARD,33.0,True,1,True,1.0,27.4,35.5,59.0,False,3.5,91.481,False,57,2023,5,Miami Grand Prix,2023_05
VER,Red Bull Racing,34.0,1.0,HARD,34.0,True,1,True,1.0,27.3,34.9,58.0,False,4.6,91.43,False,57,2023,5,Miami Grand Prix,2023_05
VER,Red Bull Racing,35.0,1.0,HARD,35.0,True,1,True,1.0,27.2,34.4,59.0,False,4.5,91.225,False,57,2023,5,Miami Grand Prix,2023_05
VER,Red Bull Racing,36.0,1.0,HARD,36.0,True,1,True,1.0,26.9,34.6,59.0,False,3.7,91.384,False,57,2023,5,Miami Grand Prix,2023_05
VER,Red Bull Racing,37.0,1.0,HARD,37.0,True,1,True,1.0,26.9,34.8,58.0,False,4.3,91.268,False,57,2023,5,Miami Grand Prix,2023_05
VER,Red Bull Racing,38.0,1.0,HARD,38.0,True,1,True,1.0,27.0,34.6,60.0,False,3.5,91.199,False,57,2023,5,Miami Grand Prix,2023_05
VER,Red Bull Racing,39.0,1.0,HARD,39.0,True,1,True,1.0,27.0,35.3,58.0,False,4.6,91.444,False,57,2023,5,Miami Grand Prix,2023_05
VER,Red Bull Racing,40.0,1.0,HARD,40.0,True,1,True,1.0,26.8,35.2,59.0,False,4.5,91.288,False,57,2023,5,Miami Grand Prix,2023_05
VER,Red Bull Racing,41.0,1.0,HARD,41.0,True,1,True,1.0,26.9,34.5,59.0,False,4.0,91.004,False,57,2023,5,Miami Grand Prix,2023_05
VER,Red Bull Racing,42.0,1.0,HARD,42.0,True,1,True,1.0,26.9,34.1,60.0,False,2.7,91.122,False,57,2023,5,Miami Grand Prix,2023_05
VER,Red Bull Racing,43.0,1.0,HARD,43.0,True,1,True,1.0,26.7,33.3,60.0,False,4.0,90.988,False,57,2023,5,Miami Grand Prix,2023_05
VER,Red Bull Racing,44.0,1.0,HARD,44.0,True,1,True,1.0,26.7,33.5,60.0,False,4.6,91.056,False,57,2023,5,Miami Grand Prix,2023_05
VER,Red Bull Racing,45.0,1.0,HARD,45.0,True,1,False,1.0,26.8,32.9,61.0,False,4.9,95.856,True,57,2023,5,Miami Grand Prix,2023_05
VER,Red Bull Racing,46.0,2.0,MEDIUM,1.0,True,1,False,2.0,26.8,33.0,61.0,False,3.2,106.123,True,57,2023,5,Miami Grand Prix,2023_05
VER,Red Bull Racing,47.0,2.0,MEDIUM,2.0,True,1,True,2.0,27.1,35.1,59.0,False,4.4,91.179,False,57,2023,5,Miami Grand Prix,2023_05
VER,Red Bull Racing,48.0,2.0,MEDIUM,3.0,True,1,True,1.0,27.3,34.8,58.0,False,5.9,90.637,False,57,2023,5,Miami Grand Prix,2023_05
VER,Red Bull Racing,49.0,2.0,MEDIUM,4.0,True,1,True,1.0,27.0,33.4,58.0,False,5.0,90.91,False,57,2023,5,Miami Grand Prix,2023_05
VER,Red Bull Racing,50.0,2.0,MEDIUM,5.0,True,1,True,1.0,27.0,33.3,59.0,False,3.7,90.837,False,57,2023,5,Miami Grand Prix,2023_05
VER,Red Bull Racing,51.0,2.0,MEDIUM,6.0,True,1,True,1.0,27.1,33.8,58.0,False,4.0,90.699,False,57,2023,5,Miami Grand Prix,2023_05
VER,Red Bull Racing,52.0,2.0,MEDIUM,7.0,True,1,True,1.0,27.1,33.4,59.0,False,3.2,90.372,False,57,2023,5,Miami Grand Prix,2023_05
VER,Red Bull Racing,53.0,2.0,MEDIUM,8.0,True,1,True,1.0,27.0,33.3,58.0,False,3.9,90.546,False,57,2023,5,Miami Grand Prix,2023_05
VER,Red Bull Racing,54.0,2.0,MEDIUM,9.0,True,1,True,1.0,26.9,33.1,59.0,False,3.5,90.492,False,57,2023,5,Miami Grand Prix,2023_05
VER,Red Bull Racing,55.0,2.0,MEDIUM,10.0,True,1,True,1.0,26.9,32.9,58.0,False,4.0,90.391,False,57,2023,5,Miami Grand Prix,2023_05
VER,Red Bull Racing,56.0,2.0,MEDIUM,11.0,True,1,True,1.0,27.0,32.8,59.0,False,3.7,89.708,False,57,2023,5,Miami Grand Prix,2023_05
VER,Red Bull Racing,57.0,2.0,MEDIUM,12.0,True,1,True,1.0,27.1,32.8,59.0,False,3.7,90.273,False,57,2023,5,Miami Grand Prix,2023_05
PER,Red Bull Racing,1.0,1.0,MEDIUM,1.0,True,1,False,1.0,26.6,33.8,61.0,False,4.0,96.191,False,57,2023,5,Miami Grand Prix,2023_05
PER,Red Bull Racing,2.0,1.0,MEDIUM,2.0,True,1,True,1.0,26.6,33.7,62.0,False,3.5,93.963,False,57,2023,5,Miami Grand Prix,2023_05
PER,Red Bull Racing,3.0,1.0,MEDIUM,3.0,True,1,True,1.0,26.7,33.9,60.0,False,4.1,93.516,False,57,2023,5,Miami Grand Prix,2023_05
PER,Red Bull Racing,4.0,1.0,MEDIUM,4.0,True,1,True,1.0,26.9,33.9,59.0,False,4.8,93.079,False,57,2023,5,Miami Grand Prix,2023_05
PER,Red Bull Racing,5.0,1.0,MEDIUM,5.0,True,1,True,1.0,26.9,34.5,60.0,False,4.5,93.258,False,57,2023,5,Miami Grand Prix,2023_05
PER,Red Bull Racing,6.0,1.0,MEDIUM,6.0,True,1,True,1.0,27.0,35.2,59.0,False,3.7,93.362,False,57,2023,5,Miami Grand Prix,2023_05
PER,Red Bull Racing,7.0,1.0,MEDIUM,7.0,True,1,True,1.0,27.2,35.5,60.0,False,3.2,92.865,False,57,2023,5,Miami Grand Prix,2023_05
PER,Red Bull Racing,8.0,1.0,MEDIUM,8.0,True,1,True,1.0,27.3,35.8,59.0,False,4.0,93.142,False,57,2023,5,Miami Grand Prix,2023_05
PER,Red Bull Racing,9.0,1.0,MEDIUM,9.0,True,1,True,1.0,27.5,37.4,57.0,False,3.7,93.096,False,57,2023,5,Miami Grand Prix,2023_05
PER,Red Bull Racing,10.0,1.0,MEDIUM,10.0,True,1,True,1.0,27.7,37.9,55.0,False,3.0,92.599,False,57,2023,5,Miami Grand Prix,2023_05
PER,Red Bull Racing,11.0,1.0,MEDIUM,11.0,True,1,True,1.0,27.6,37.9,57.0,False,4.4,92.478,False,57,2023,5,Miami Grand Prix,2023_05
PER,Red Bull Racing,12.0,1.0,MEDIUM,12.0,True,1,True,1.0,27.6,35.5,59.0,False,3.7,92.37,False,57,2023,5,Miami Grand Prix,2023_05
PER,Red Bull Racing,13.0,1.0,MEDIUM,13.0,True,1,True,1.0,27.3,35.0,60.0,False,4.6,91.916,False,57,2023,5,Miami Grand Prix,2023_05
PER,Red Bull Racing,14.0,1.0,MEDIUM,14.0,True,1,True,1.0,27.1,34.5,60.0,False,2.9,92.624,False,57,2023,5,Miami Grand Prix,2023_05
PER,Red Bull Racing,15.0,1.0,MEDIUM,15.0,True,1,True,1.0,27.3,34.4,60.0,False,4.6,92.603,False,57,2023,5,Miami Grand Prix,2023_05
PER,Red Bull Racing,16.0,1.0,MEDIUM,16.0,True,1,True,1.0,27.2,34.4,60.0,False,5.1,93.063,False,57,2023,5,Miami Grand Prix,2023_05
PER,Red Bull Racing,17.0,1.0,MEDIUM,17.0,True,1,True,1.0,27.1,33.7,61.0,False,3.7,92.903,False,57,2023,5,Miami Grand Prix,2023_05
PER,Red Bull Racing,18.0,1.0,MEDIUM,18.0,True,1,True,1.0,27.2,34.3,61.0,False,4.4,92.491,False,57,2023,5,Miami Grand Prix,2023_05
PER,Red Bull Racing,19.0,1.0,MEDIUM,19.0,True,1,True,1.0,27.2,35.0,60.0,False,4.8,92.7,False,57,2023,5,Miami Grand Prix,2023_05
PER,Red Bull Racing,20.0,1.0,MEDIUM,20.0,True,1,False,3.0,27.1,34.8,61.0,False,3.9,97.863,True,57,2023,5,Miami Grand Prix,2023_05
PER,Red Bull Racing,21.0,2.0,HARD,1.0,True,1,False,4.0,27.1,34.3,60.0,False,3.0,106.826,True,57,2023,5,Miami Grand Prix,2023_05
PER,Red Bull Racing,22.0,2.0,HARD,2.0,True,1,True,3.0,27.1,35.0,61.0,False,5.5,91.533,False,57,2023,5,Miami Grand Prix,2023_05
PER,Red Bull Racing,23.0,2.0,HARD,3.0,True,1,True,3.0,27.2,36.0,60.0,False,4.1,91.864,False,57,2023,5,Miami Grand Prix,2023_05
PER,Red Bull Racing,24.0,2.0,HARD,4.0,True,1,True,3.0,27.2,36.6,60.0,False,5.4,91.446,False,57,2023,5,Miami Grand Prix,2023_05
PER,Red Bull Racing,25.0,2.0,HARD,5.0,True,1,True,2.0,27.3,37.0,60.0,False,3.0,91.444,False,57,2023,5,Miami Grand Prix,2023_05
PER,Red Bull Racing,26.0,2.0,HARD,6.0,True,1,True,2.0,27.5,37.2,61.0,False,3.0,91.587,False,57,2023,5,Miami Grand Prix,2023_05
PER,Red Bull Racing,27.0,2.0,HARD,7.0,True,1,True,2.0,27.5,38.0,61.0,False,3.0,91.852,False,57,2023,5,Miami Grand Prix,2023_05
PER,Red Bull Racing,28.0,2.0,HARD,8.0,True,1,True,2.0,27.7,38.5,59.0,False,3.5,91.597,False,57,2023,5,Miami Grand Prix,2023_05
PER,Red Bull Racing,29.0,2.0,HARD,9.0,True,1,True,2.0,27.6,38.5,58.0,False,4.3,91.583,False,57,2023,5,Miami Grand Prix,2023_05
PER,Red Bull Racing,30.0,2.0,HARD,10.0,True,1,True,2.0,27.5,36.3,59.0,False,3.2,91.49,False,57,2023,5,Miami Grand Prix,2023_05
PER,Red Bull Racing,31.0,2.0,HARD,11.0,True,1,True,2.0,27.4,35.9,59.0,False,3.7,92.111,False,57,2023,5,Miami Grand Prix,2023_05
PER,Red Bull Racing,32.0,2.0,HARD,12.0,True,1,True,2.0,27.5,35.8,59.0,False,4.0,91.383,False,57,2023,5,Miami Grand Prix,2023_05
PER,Red Bull Racing,33.0,2.0,HARD,13.0,True,1,True,2.0,27.3,35.2,58.0,False,4.1,91.791,False,57,2023,5,Miami Grand Prix,2023_05
PER,Red Bull Racing,34.0,2.0,HARD,14.0,True,1,True,2.0,27.3,34.9,58.0,False,4.6,91.41,False,57,2023,5,Miami Grand Prix,2023_05
PER,Red Bull Racing,35.0,2.0,HARD,15.0,True,1,True,2.0,27.0,34.3,60.0,False,3.7,91.326,False,57,2023,5,Miami Grand Prix,2023_05
PER,Red Bull Racing,36.0,2.0,HARD,16.0,True,1,True,2.0,26.9,34.6,59.0,False,3.7,91.192,False,57,2023,5,Miami Grand Prix,2023_05
PER,Red Bull Racing,37.0,2.0,HARD,17.0,True,1,True,2.0,27.0,34.6,59.0,False,3.7,91.435,False,57,2023,5,Miami Grand Prix,2023_05
PER,Red Bull Racing,38.0,2.0,HARD,18.0,True,1,True,2.0,27.0,34.6,60.0,False,3.5,92.314,False,57,2023,5,Miami Grand Prix,2023_05
PER,Red Bull Racing,39.0,2.0,HARD,19.0,True,1,True,2.0,26.9,35.5,59.0,False,4.3,91.755,False,57,2023,5,Miami Grand Prix,2023_05
PER,Red Bull Racing,40.0,2.0,HARD,20.0,True,1,True,2.0,26.8,35.2,59.0,False,4.5,91.64,False,57,2023,5,Miami Grand Prix,2023_05
PER,Red Bull Racing,41.0,2.0,HARD,21.0,True,1,True,2.0,26.9,34.5,60.0,False,4.8,91.506,False,57,2023,5,Miami Grand Prix,2023_05
PER,Red Bull Racing,42.0,2.0,HARD,22.0,True,1,True,2.0,26.9,34.1,60.0,False,2.7,91.314,False,57,2023,5,Miami Grand Prix,2023_05
PER,Red Bull Racing,43.0,2.0,HARD,23.0,True,1,True,2.0,26.7,33.3,60.0,False,4.0,91.214,False,57,2023,5,Miami Grand Prix,2023_05
PER,Red Bull Racing,44.0,2.0,HARD,24.0,True,1,True,2.0,26.7,33.5,60.0,False,4.6,90.897,False,57,2023,5,Miami Grand Prix,2023_05
PER,Red Bull Racing,45.0,2.0,HARD,25.0,True,1,True,2.0,26.8,32.9,61.0,False,4.9,91.291,False,57,2023,5,Miami Grand Prix,2023_05
PER,Red Bull Racing,46.0,2.0,HARD,26.0,True,1,True,1.0,26.8,33.0,61.0,False,3.2,91.559,False,57,2023,5,Miami Grand Prix,2023_05
PER,Red Bull Racing,47.0,2.0,HARD,27.0,True,1,True,1.0,27.1,35.1,59.0,False,4.4,91.783,False,57,2023,5,Miami Grand Prix,2023_05
PER,Red Bull Racing,48.0,2.0,HARD,28.0,True,1,True,2.0,27.3,34.8,58.0,False,5.9,92.334,False,57,2023,5,Miami Grand Prix,2023_05
PER,Red Bull Racing,49.0,2.0,HARD,29.0,True,1,True,2.0,27.0,33.4,58.0,False,5.0,90.997,False,57,2023,5,Miami Grand Prix,2023_05
PER,Red Bull Racing,50.0,2.0,HARD,30.0,True,1,True,2.0,27.0,33.3,59.0,False,3.7,91.036,False,57,2023,5,Miami Grand Prix,2023_05
PER,Red Bull Racing,51.0,2.0,HARD,31.0,True,1,True,2.0,27.1,33.8,58.0,False,4.0,91.247,False,57,2023,5,Miami Grand Prix,2023_05
PER,Red Bull Racing,52.0,2.0,HARD,32.0,True,1,True,2.0,27.0,33.4,59.0,False,5.0,90.689,False,57,2023,5,Miami Grand Prix,2023_05
PER,Red Bull Racing,53.0,2.0,HARD,33.0,True,1,True,2.0,27.0,33.3,58.0,False,3.9,90.688,False,57,2023,5,Miami Grand Prix,2023_05
PER,Red Bull Racing,54.0,2.0,HARD,34.0,True,1,True,2.0,26.9,32.9,58.0,False,3.5,90.716,False,57,2023,5,Miami Grand Prix,2023_05
PER,Red Bull Racing,55.0,2.0,HARD,35.0,True,1,True,2.0,26.9,32.9,58.0,False,4.0,90.635,False,57,2023,5,Miami Grand Prix,2023_05
PER,Red Bull Racing,56.0,2.0,HARD,36.0,True,1,True,2.0,27.0,32.8,59.0,False,3.7,91.498,False,57,2023,5,Miami Grand Prix,2023_05
PER,Red Bull Racing,57.0,2.0,HARD,37.0,True,1,True,2.0,27.1,32.8,59.0,False,3.7,90.56,False,57,2023,5,Miami Grand Prix,2023_05
ALO,Aston Martin,1.0,1.0,MEDIUM,2.0,False,1,False,2.0,26.6,33.8,61.0,False,4.0,97.248,False,57,2023,5,Miami Grand Prix,2023_05
ALO,Aston Martin,2.0,1.0,MEDIUM,3.0,False,1,True,2.0,26.6,33.7,62.0,False,3.5,94.175,False,57,2023,5,Miami Grand Prix,2023_05
ALO,Aston Martin,3.0,1.0,MEDIUM,4.0,False,1,True,2.0,26.7,33.9,60.0,False,4.1,93.258,False,57,2023,5,Miami Grand Prix,2023_05
ALO,Aston Martin,4.0,1.0,MEDIUM,5.0,False,1,True,2.0,26.9,33.9,59.0,False,4.8,93.472,False,57,2023,5,Miami Grand Prix,2023_05
ALO,Aston Martin,5.0,1.0,MEDIUM,6.0,False,1,True,2.0,26.9,34.5,60.0,False,4.5,93.756,False,57,2023,5,Miami Grand Prix,2023_05
ALO,Aston Martin,6.0,1.0,MEDIUM,7.0,False,1,True,2.0,27.0,35.2,59.0,False,3.7,92.942,False,57,2023,5,Miami Grand Prix,2023_05
ALO,Aston Martin,7.0,1.0,MEDIUM,8.0,False,1,True,2.0,27.2,35.5,60.0,False,3.2,93.067,False,57,2023,5,Miami Grand Prix,2023_05
ALO,Aston Martin,8.0,1.0,MEDIUM,9.0,False,1,True,2.0,27.3,35.8,59.0,False,4.0,92.997,False,57,2023,5,Miami Grand Prix,2023_05
ALO,Aston Martin,9.0,1.0,MEDIUM,10.0,False,1,True,2.0,27.5,37.4,57.0,False,3.7,92.951,False,57,2023,5,Miami Grand Prix,2023_05
ALO,Aston Martin,10.0,1.0,MEDIUM,11.0,False,1,True,2.0,27.7,37.9,55.0,False,3.0,93.065,False,57,2023,5,Miami Grand Prix,2023_05
ALO,Aston Martin,11.0,1.0,MEDIUM,12.0,False,1,True,2.0,27.6,37.9,57.0,False,4.4,92.999,False,57,2023,5,Miami Grand Prix,2023_05
ALO,Aston Martin,12.0,1.0,MEDIUM,13.0,False,1,True,2.0,27.6,35.5,59.0,False,3.7,92.728,False,57,2023,5,Miami Grand Prix,2023_05
ALO,Aston Martin,13.0,1.0,MEDIUM,14.0,False,1,True,2.0,27.3,35.0,60.0,False,4.6,92.399,False,57,2023,5,Miami Grand Prix,2023_05
ALO,Aston Martin,14.0,1.0,MEDIUM,15.0,False,1,True,2.0,27.1,34.5,60.0,False,2.9,92.774,False,57,2023,5,Miami Grand Prix,2023_05
ALO,Aston Martin,15.0,1.0,MEDIUM,16.0,False,1,True,3.0,27.3,34.4,60.0,False,4.6,93.718,False,57,2023,5,Miami Grand Prix,2023_05
ALO,Aston Martin,16.0,1.0,MEDIUM,17.0,False,1,True,3.0,27.2,34.4,60.0,False,5.1,92.839,False,57,2023,5,Miami Grand Prix,2023_05
ALO,Aston Martin,17.0,1.0,MEDIUM,18.0,False,1,True,3.0,27.1,33.7,61.0,False,3.7,92.938,False,57,2023,5,Miami Grand Prix,2023_05
ALO,Aston Martin,18.0,1.0,MEDIUM,19.0,False,1,True,3.0,27.2,34.3,61.0,False,4.4,92.851,False,57,2023,5,Miami Grand Prix,2023_05
ALO,Aston Martin,19.0,1.0,MEDIUM,20.0,False,1,True,3.0,27.2,35.0,60.0,False,4.8,92.948,False,57,2023,5,Miami Grand Prix,2023_05
ALO,Aston Martin,20.0,1.0,MEDIUM,21.0,False,1,True,2.0,27.1,34.8,61.0,False,3.9,92.461,False,57,2023,5,Miami Grand Prix,2023_05
ALO,Aston Martin,21.0,1.0,MEDIUM,22.0,False,1,True,2.0,27.1,34.3,60.0,False,3.0,92.426,False,57,2023,5,Miami Grand Prix,2023_05
ALO,Aston Martin,22.0,1.0,MEDIUM,23.0,False,1,True,2.0,27.1,35.0,61.0,False,5.5,92.514,False,57,2023,5,Miami Grand Prix,2023_05
ALO,Aston Martin,23.0,1.0,MEDIUM,24.0,False,1,True,2.0,27.2,36.0,60.0,False,4.1,92.266,False,57,2023,5,Miami Grand Prix,2023_05
ALO,Aston Martin,24.0,1.0,MEDIUM,25.0,False,1,False,2.0,27.2,36.6,60.0,False,5.4,97.282,True,57,2023,5,Miami Grand Prix,2023_05
ALO,Aston Martin,25.0,2.0,HARD,2.0,False,1,False,5.0,27.3,37.0,60.0,False,3.0,107.051,True,57,2023,5,Miami Grand Prix,2023_05
ALO,Aston Martin,26.0,2.0,HARD,3.0,False,1,True,5.0,27.5,37.2,61.0,False,3.0,92.135,False,57,2023,5,Miami Grand Prix,2023_05
ALO,Aston Martin,27.0,2.0,HARD,4.0,False,1,True,4.0,27.6,38.0,60.0,False,3.7,92.721,False,57,2023,5,Miami Grand Prix,2023_05
ALO,Aston Martin,28.0,2.0,HARD,5.0,False,1,True,4.0,27.7,38.5,59.0,False,3.5,92.228,False,57,2023,5,Miami Grand Prix,2023_05
ALO,Aston Martin,29.0,2.0,HARD,6.0,False,1,True,3.0,27.5,37.2,58.0,False,4.4,92.394,False,57,2023,5,Miami Grand Prix,2023_05
ALO,Aston Martin,30.0,2.0,HARD,7.0,False,1,True,3.0,27.5,36.3,59.0,False,3.2,92.693,False,57,2023,5,Miami Grand Prix,2023_05
ALO,Aston Martin,31.0,2.0,HARD,8.0,False,1,True,3.0,27.5,36.0,59.0,False,4.5,92.591,False,57,2023,5,Miami Grand Prix,2023_05
ALO,Aston Martin,32.0,2.0,HARD,9.0,False,1,True,3.0,27.5,35.8,59.0,False,4.0,92.302,False,57,2023,5,Miami Grand Prix,2023_05
ALO,Aston Martin,33.0,2.0,HARD,10.0,False,1,True,3.0,27.3,35.2,58.0,False,4.1,92.355,False,57,2023,5,Miami Grand Prix,2023_05
ALO,Aston Martin,34.0,2.0,HARD,11.0,False,1,True,3.0,27.3,34.9,58.0,False,4.6,92.404,False,57,2023,5,Miami Grand Prix,2023_05
ALO,Aston Martin,35.0,2.0,HARD,12.0,False,1,True,3.0,27.0,34.3,60.0,False,3.7,91.944,False,57,2023,5,Miami Grand Prix,2023_05
ALO,Aston Martin,36.0,2.0,HARD,13.0,False,1,True,3.0,26.9,34.6,59.0,False,3.7,92.007,False,57,2023,5,Miami Grand Prix,2023_05
ALO,Aston Martin,37.0,2.0,HARD,14.0,False,1,True,3.0,27.0,34.6,59.0,False,3.7,91.466,False,57,2023,5,Miami Grand Prix,2023_05
ALO,Aston Martin,38.0,2.0,HARD,15.0,False,1,True,3.0,27.0,34.6,60.0,False,3.5,91.347,False,57,2023,5,Miami Grand Prix,2023_05
ALO,Aston Martin,39.0,2.0,HARD,16.0,False,1,True,3.0,26.9,35.5,59.0,False,4.3,91.404,False,57,2023,5,Miami Grand Prix,2023_05
ALO,Aston Martin,40.0,2.0,HARD,17.0,False,1,True,3.0,26.8,35.2,59.0,False,4.5,91.514,False,57,2023,5,Miami Grand Prix,2023_05
ALO,Aston Martin,41.0,2.0,HARD,18.0,False,1,True,3.0,26.9,34.5,60.0,False,4.8,91.29,False,57,2023,5,Miami Grand Prix,2023_05
ALO,Aston Martin,42.0,2.0,HARD,19.0,False,1,True,3.0,26.8,33.6,60.0,False,4.4,91.262,False,57,2023,5,Miami Grand Prix,2023_05
ALO,Aston Martin,43.0,2.0,HARD,20.0,False,1,True,3.0,26.7,33.3,60.0,False,4.0,91.212,False,57,2023,5,Miami Grand Prix,2023_05
ALO,Aston Martin,44.0,2.0,HARD,21.0,False,1,True,3.0,26.7,33.3,60.0,False,4.3,91.76,False,57,2023,5,Miami Grand Prix,2023_05
ALO,Aston Martin,45.0,2.0,HARD,22.0,False,1,True,3.0,26.8,32.9,61.0,False,4.9,91.601,False,57,2023,5,Miami Grand Prix,2023_05
ALO,Aston Martin,46.0,2.0,HARD,23.0,False,1,True,3.0,27.0,35.1,60.0,False,4.4,91.917,False,57,2023,5,Miami Grand Prix,2023_05
ALO,Aston Martin,47.0,2.0,HARD,24.0,False,1,True,3.0,27.1,35.1,59.0,False,4.4,91.613,False,57,2023,5,Miami Grand Prix,2023_05
ALO,Aston Martin,48.0,2.0,HARD,25.0,False,1,True,3.0,27.1,34.2,58.0,False,4.4,91.585,False,57,2023,5,Miami Grand Prix,2023_05
ALO,Aston Martin,49.0,2.0,HARD,26.0,False,1,True,3.0,27.0,33.4,58.0,False,5.0,91.69,False,57,2023,5,Miami Grand Prix,2023_05
ALO,Aston Martin,50.0,2.0,HARD,27.0,False,1,True,3.0,27.0,33.8,59.0,False,2.7,91.873,False,57,2023,5,Miami Grand Prix,2023_05
ALO,Aston Martin,51.0,2.0,HARD,28.0,False,1,True,3.0,27.1,33.8,58.0,False,4.0,90.798,False,57,2023,5,Miami Grand Prix,2023_05
ALO,Aston Martin,52.0,2.0,HARD,29.0,False,1,True,3.0,27.0,33.4,59.0,False,5.0,92.252,False,57,2023,5,Miami Grand Prix,2023_05
ALO,Aston Martin,53.0,2.0,HARD,30.0,False,1,True,3.0,27.0,33.3,58.0,False,3.9,91.735,False,57,2023,5,Miami Grand Prix,2023_05
ALO,Aston Martin,54.0,2.0,HARD,31.0,False,1,True,3.0,26.9,32.9,58.0,False,3.5,91.454,False,57,2023,5,Miami Grand Prix,2023_05
ALO,Aston Martin,55.0,2.0,HARD,32.0,False,1,True,3.0,26.9,32.9,58.0,False,4.0,91.76,False,57,2023,5,Miami Grand Prix,2023_05
ALO,Aston Martin,56.0,2.0,HARD,33.0,False,1,True,3.0,27.0,32.8,59.0,False,3.7,91.595,False,57,2023,5,Miami Grand Prix,2023_05
ALO,Aston Martin,57.0,2.0,HARD,34.0,False,1,True,3.0,27.1,32.8,59.0,False,3.7,90.519,False,57,2023,5,Miami Grand Prix,2023_05
RUS,Mercedes,1.0,1.0,MEDIUM,1.0,True,1,False,5.0,26.6,33.8,61.0,False,4.0,99.467,False,57,2023,5,Miami Grand Prix,2023_05
RUS,Mercedes,2.0,1.0,MEDIUM,2.0,True,1,True,5.0,26.6,33.7,61.0,False,3.7,94.155,False,57,2023,5,Miami Grand Prix,2023_05
RUS,Mercedes,3.0,1.0,MEDIUM,3.0,True,1,True,5.0,26.7,33.9,60.0,False,4.1,93.695,False,57,2023,5,Miami Grand Prix,2023_05
RUS,Mercedes,4.0,1.0,MEDIUM,4.0,True,1,True,5.0,26.9,33.9,59.0,False,4.8,93.64,False,57,2023,5,Miami Grand Prix,2023_05
RUS,Mercedes,5.0,1.0,MEDIUM,5.0,True,1,True,5.0,26.9,34.5,60.0,False,4.5,93.748,False,57,2023,5,Miami Grand Prix,2023_05
RUS,Mercedes,6.0,1.0,MEDIUM,6.0,True,1,True,5.0,27.0,35.2,59.0,False,3.7,93.305,False,57,2023,5,Miami Grand Prix,2023_05
RUS,Mercedes,7.0,1.0,MEDIUM,7.0,True,1,True,5.0,27.2,35.5,60.0,False,3.2,92.892,False,57,2023,5,Miami Grand Prix,2023_05
RUS,Mercedes,8.0,1.0,MEDIUM,8.0,True,1,True,6.0,27.3,35.8,59.0,False,4.0,93.591,False,57,2023,5,Miami Grand Prix,2023_05
RUS,Mercedes,9.0,1.0,MEDIUM,9.0,True,1,True,6.0,27.5,37.4,57.0,False,3.7,93.351,False,57,2023,5,Miami Grand Prix,2023_05
RUS,Mercedes,10.0,1.0,MEDIUM,10.0,True,1,True,5.0,27.7,37.9,55.0,False,3.0,93.552,False,57,2023,5,Miami Grand Prix,2023_05
RUS,Mercedes,11.0,1.0,MEDIUM,11.0,True,1,True,5.0,27.6,36.5,58.0,False,3.7,92.984,False,57,2023,5,Miami Grand Prix,2023_05
RUS,Mercedes,12.0,1.0,MEDIUM,12.0,True,1,True,5.0,27.6,35.5,59.0,False,3.7,92.627,False,57,2023,5,Miami Grand Prix,2023_05
RUS,Mercedes,13.0,1.0,MEDIUM,13.0,True,1,True,5.0,27.3,35.0,60.0,False,4.6,92.98,False,57,2023,5,Miami Grand Prix,2023_05
RUS,Mercedes,14.0,1.0,MEDIUM,14.0,True,1,True,5.0,27.1,34.5,60.0,False,2.9,92.995,False,57,2023,5,Miami Grand Prix,2023_05
RUS,Mercedes,15.0,1.0,MEDIUM,15.0,True,1,True,5.0,27.3,34.4,60.0,False,4.6,92.831,False,57,2023,5,Miami Grand Prix,2023_05
RUS,Mercedes,16.0,1.0,MEDIUM,16.0,True,1,True,5.0,27.2,34.4,60.0,False,5.1,92.822,False,57,2023,5,Miami Grand Prix,2023_05
RUS,Mercedes,17.0,1.0,MEDIUM,17.0,True,1,False,5.0,27.1,33.7,61.0,False,3.7,97.609,True,57,2023,5,Miami Grand Prix,2023_05
RUS,Mercedes,18.0,2.0,HARD,1.0,True,1,False,12.0,27.2,34.3,61.0,False,4.4,107.89,True,57,2023,5,Miami Grand Prix,2023_05
RUS,Mercedes,19.0,2.0,HARD,2.0,True,1,True,12.0,27.2,35.0,60.0,False,4.8,92.805,False,57,2023,5,Miami Grand Prix,2023_05
RUS,Mercedes,20.0,2.0,HARD,3.0,True,1,True,11.0,27.1,34.4,61.0,False,3.4,92.456,False,57,2023,5,Miami Grand Prix,2023_05
RUS,Mercedes,21.0,2.0,HARD,4.0,True,1,True,11.0,27.1,34.3,60.0,False,3.0,92.7,False,57,2023,5,Miami Grand Prix,2023_05
RUS,Mercedes,22.0,2.0,HARD,5.0,True,1,True,10.0,27.1,35.0,61.0,False,5.5,94.12,False,57,2023,5,Miami Grand Prix,2023_05
RUS,Mercedes,23.0,2.0,HARD,6.0,True,1,True,10.0,27.2,36.0,60.0,False,4.1,92.767,False,57,2023,5,Miami Grand Prix,2023_05
RUS,Mercedes,24.0,2.0,HARD,7.0,True,1,True,9.0,27.2,36.6,60.0,False,5.4,92.602,False,57,2023,5,Miami Grand Prix,2023_05
RUS,Mercedes,25.0,2.0,HARD,8.0,True,1,True,9.0,27.4,37.1,61.0,False,2.4,92.422,False,57,2023,5,Miami Grand Prix,2023_05
RUS,Mercedes,26.0,2.0,HARD,9.0,True,1,True,8.0,27.5,37.2,61.0,False,3.0,92.107,False,57,2023,5,Miami Grand Prix,2023_05
RUS,Mercedes,27.0,2.0,HARD,10.0,True,1,True,8.0,27.6,38.0,60.0,False,3.7,92.155,False,57,2023,5,Miami Grand Prix,2023_05
RUS,Mercedes,28.0,2.0,HARD,11.0,True,1,True,7.0,27.7,38.5,59.0,False,3.5,92.808,False,57,2023,5,Miami Grand Prix,2023_05
RUS,Mercedes,29.0,2.0,HARD,12.0,True,1,True,7.0,27.5,37.2,58.0,False,4.4,91.956,False,57,2023,5,Miami Grand Prix,2023_05
RUS,Mercedes,30.0,2.0,HARD,13.0,True,1,True,7.0,27.5,36.3,59.0,False,3.2,92.039,False,57,2023,5,Miami Grand Prix,2023_05
RUS,Mercedes,31.0,2.0,HARD,14.0,True,1,True,7.0,27.5,36.0,59.0,False,4.5,92.281,False,57,2023,5,Miami Grand Prix,2023_05
RUS,Mercedes,32.0,2.0,HARD,15.0,True,1,True,6.0,27.5,35.8,59.0,False,4.0,91.815,False,57,2023,5,Miami Grand Prix,2023_05
RUS,Mercedes,33.0,2.0,HARD,16.0,True,1,True,6.0,27.3,35.2,58.0,False,4.1,92.41,False,57,2023,5,Miami Grand Prix,2023_05
RUS,Mercedes,34.0,2.0,HARD,17.0,True,1,True,6.0,27.3,34.9,58.0,False,4.6,92.417,False,57,2023,5,Miami Grand Prix,2023_05
RUS,Mercedes,35.0,2.0,HARD,18.0,True,1,True,6.0,27.0,34.3,60.0,False,3.7,91.865,False,57,2023,5,Miami Grand Prix,2023_05
RUS,Mercedes,36.0,2.0,HARD,19.0,True,1,True,5.0,26.9,34.6,59.0,False,3.7,92.019,False,57,2023,5,Miami Grand Prix,2023_05
RUS,Mercedes,37.0,2.0,HARD,20.0,True,1,True,4.0,27.0,34.6,59.0,False,3.7,92.257,False,57,2023,5,Miami Grand Prix,2023_05
RUS,Mercedes,38.0,2.0,HARD,21.0,True,1,True,4.0,27.0,35.3,58.0,False,4.6,91.605,False,57,2023,5,Miami Grand Prix,2023_05
RUS,Mercedes,39.0,2.0,HARD,22.0,True,1,True,4.0,26.9,35.5,59.0,False,4.3,92.016,False,57,2023,5,Miami Grand Prix,2023_05
RUS,Mercedes,40.0,2.0,HARD,23.0,True,1,True,4.0,26.9,34.5,59.0,False,4.0,91.758,False,57,2023,5,Miami Grand Prix,2023_05
RUS,Mercedes,41.0,2.0,HARD,24.0,True,1,True,4.0,26.9,34.5,60.0,False,4.8,91.78,False,57,2023,5,Miami Grand Prix,2023_05
RUS,Mercedes,42.0,2.0,HARD,25.0,True,1,True,4.0,26.8,33.6,60.0,False,4.4,91.481,False,57,2023,5,Miami Grand Prix,2023_05
RUS,Mercedes,43.0,2.0,HARD,26.0,True,1,True,4.0,26.7,33.3,60.0,False,4.0,91.556,False,57,2023,5,Miami Grand Prix,2023_05
RUS,Mercedes,44.0,2.0,HARD,27.0,True,1,True,4.0,26.7,33.3,60.0,False,4.3,91.701,False,57,2023,5,Miami Grand Prix,2023_05
RUS,Mercedes,45.0,2.0,HARD,28.0,True,1,True,4.0,26.8,32.9,61.0,False,4.9,92.042,False,57,2023,5,Miami Grand Prix,2023_05
RUS,Mercedes,46.0,2.0,HARD,29.0,True,1,True,4.0,27.0,35.1,60.0,False,4.4,91.936,False,57,2023,5,Miami Grand Prix,2023_05
RUS,Mercedes,47.0,2.0,HARD,30.0,True,1,True,4.0,27.1,35.1,59.0,False,4.4,91.749,False,57,2023,5,Miami Grand Prix,2023_05
RUS,Mercedes,48.0,2.0,HARD,31.0,True,1,True,4.0,27.1,34.2,58.0,False,4.4,91.606,False,57,2023,5,Miami Grand Prix,2023_05
RUS,Mercedes,49.0,2.0,HARD,32.0,True,1,True,4.0,27.0,33.4,58.0,False,5.0,91.395,False,57,2023,5,Miami Grand Prix,2023_05
RUS,Mercedes,50.0,2.0,HARD,33.0,True,1,True,4.0,27.0,33.8,59.0,False,2.7,91.362,False,57,2023,5,Miami Grand Prix,2023_05
RUS,Mercedes,51.0,2.0,HARD,34.0,True,1,True,4.0,27.1,33.8,58.0,False,4.0,91.266,False,57,2023,5,Miami Grand Prix,2023_05
RUS,Mercedes,52.0,2.0,HARD,35.0,True,1,True,4.0,27.0,33.4,59.0,False,5.0,91.44,False,57,2023,5,Miami Grand Prix,2023_05
RUS,Mercedes,53.0,2.0,HARD,36.0,True,1,True,4.0,27.0,33.3,58.0,False,3.9,91.59,False,57,2023,5,Miami Grand Prix,2023_05
RUS,Mercedes,54.0,2.0,HARD,37.0,True,1,True,4.0,26.9,32.9,58.0,False,3.5,91.615,False,57,2023,5,Miami Grand Prix,2023_05
RUS,Mercedes,55.0,2.0,HARD,38.0,True,1,True,4.0,27.0,32.9,59.0,False,4.5,91.32,False,57,2023,5,Miami Grand Prix,2023_05
RUS,Mercedes,56.0,2.0,HARD,39.0,True,1,True,4.0,27.0,32.8,59.0,False,3.7,91.102,False,57,2023,5,Miami Grand Prix,2023_05
RUS,Mercedes,57.0,2.0,HARD,40.0,True,1,True,4.0,27.1,33.1,60.0,False,3.0,91.015,False,57,2023,5,Miami Grand Prix,2023_05
SAI,Ferrari,1.0,1.0,MEDIUM,1.0,True,1,False,3.0,26.6,33.8,61.0,False,4.0,98.078,False,57,2023,5,Miami Grand Prix,2023_05
SAI,Ferrari,2.0,1.0,MEDIUM,2.0,True,1,True,3.0,26.6,33.7,61.0,False,3.7,94.215,False,57,2023,5,Miami Grand Prix,2023_05
SAI,Ferrari,3.0,1.0,MEDIUM,3.0,True,1,True,3.0,26.7,33.9,60.0,False,4.1,93.482,False,57,2023,5,Miami Grand Prix,2023_05
SAI,Ferrari,4.0,1.0,MEDIUM,4.0,True,1,True,3.0,26.9,33.9,59.0,False,4.8,93.567,False,57,2023,5,Miami Grand Prix,2023_05
SAI,Ferrari,5.0,1.0,MEDIUM,5.0,True,1,True,3.0,26.9,34.5,60.0,False,4.5,93.249,False,57,2023,5,Miami Grand Prix,2023_05
SAI,Ferrari,6.0,1.0,MEDIUM,6.0,True,1,True,3.0,27.0,35.2,59.0,False,3.7,92.849,False,57,2023,5,Miami Grand Prix,2023_05
SAI,Ferrari,7.0,1.0,MEDIUM,7.0,True,1,True,3.0,27.2,35.5,60.0,False,3.2,93.219,False,57,2023,5,Miami Grand Prix,2023_05
SAI,Ferrari,8.0,1.0,MEDIUM,8.0,True,1,True,3.0,27.3,35.8,59.0,False,4.0,92.993,False,57,2023,5,Miami Grand Prix,2023_05
SAI,Ferrari,9.0,1.0,MEDIUM,9.0,True,1,True,3.0,27.5,37.4,57.0,False,3.7,93.107,False,57,2023,5,Miami Grand Prix,2023_05
SAI,Ferrari,10.0,1.0,MEDIUM,10.0,True,1,True,3.0,27.7,37.9,55.0,False,3.0,93.122,False,57,2023,5,Miami Grand Prix,2023_05
SAI,Ferrari,11.0,1.0,MEDIUM,11.0,True,1,True,3.0,27.6,36.5,58.0,False,3.7,92.971,False,57,2023,5,Miami Grand Prix,2023_05
SAI,Ferrari,12.0,1.0,MEDIUM,12.0,True,1,True,3.0,27.6,35.5,59.0,False,3.7,92.578,False,57,2023,5,Miami Grand Prix,2023_05
SAI,Ferrari,13.0,1.0,MEDIUM,13.0,True,1,True,3.0,27.3,35.0,60.0,False,4.6,92.414,False,57,2023,5,Miami Grand Prix,2023_05
SAI,Ferrari,14.0,1.0,MEDIUM,14.0,True,1,True,4.0,27.1,34.5,60.0,False,2.9,93.319,False,57,2023,5,Miami Grand Prix,2023_05
SAI,Ferrari,15.0,1.0,MEDIUM,15.0,True,1,True,4.0,27.3,34.4,60.0,False,4.6,93.06,False,57,2023,5,Miami Grand Prix,2023_05
SAI,Ferrari,16.0,1.0,MEDIUM,16.0,True,1,True,4.0,27.2,34.4,60.0,False,5.1,92.963,False,57,2023,5,Miami Grand Prix,2023_05
SAI,Ferrari,17.0,1.0,MEDIUM,17.0,True,1,True,4.0,27.1,33.7,61.0,False,3.7,92.748,False,57,2023,5,Miami Grand Prix,2023_05
SAI,Ferrari,18.0,1.0,MEDIUM,18.0,True,1,False,4.0,27.2,34.3,61.0,False,4.4,97.311,True,57,2023,5,Miami Grand Prix,2023_05
SAI,Ferrari,19.0,2.0,HARD,1.0,True,1,False,7.0,27.2,35.0,60.0,False,4.8,106.534,True,57,2023,5,Miami Grand Prix,2023_05
SAI,Ferrari,20.0,2.0,HARD,2.0,True,1,True,6.0,27.1,34.4,61.0,False,3.4,92.209,False,57,2023,5,Miami Grand Prix,2023_05
SAI,Ferrari,21.0,2.0,HARD,3.0,True,1,True,5.0,27.1,34.3,60.0,False,3.0,92.346,False,57,2023,5,Miami Grand Prix,2023_05
SAI,Ferrari,22.0,2.0,HARD,4.0,True,1,True,5.0,27.1,35.0,61.0,False,5.5,92.619,False,57,2023,5,Miami Grand Prix,2023_05
SAI,Ferrari,23.0,2.0,HARD,5.0,True,1,True,5.0,27.2,36.0,60.0,False,4.1,92.354,False,57,2023,5,Miami Grand Prix,2023_05
SAI,Ferrari,24.0,2.0,HARD,6.0,True,1,True,5.0,27.2,36.6,60.0,False,5.4,92.387,False,57,2023,5,Miami Grand Prix,2023_05
SAI,Ferrari,25.0,2.0,HARD,7.0,True,1,True,4.0,27.3,37.0,60.0,False,3.0,92.693,False,57,2023,5,Miami Grand Prix,2023_05
SAI,Ferrari,26.0,2.0,HARD,8.0,True,1,True,4.0,27.5,37.2,61.0,False,3.0,92.556,False,57,2023,5,Miami Grand Prix,2023_05
SAI,Ferrari,27.0,2.0,HARD,9.0,True,1,True,5.0,27.6,38.0,60.0,False,3.7,93.447,False,57,2023,5,Miami Grand Prix,2023_05
SAI,Ferrari,28.0,2.0,HARD,10.0,True,1,True,5.0,27.7,38.5,59.0,False,3.5,92.749,False,57,2023,5,Miami Grand Prix,2023_05
SAI,Ferrari,29.0,2.0,HARD,11.0,True,1,True,5.0,27.5,37.2,58.0,False,4.4,92.715,False,57,2023,5,Miami Grand Prix,2023_05
SAI,Ferrari,30.0,2.0,HARD,12.0,True,1,True,4.0,27.5,36.3,59.0,False,3.2,92.716,False,57,2023,5,Miami Grand Prix,2023_05
SAI,Ferrari,31.0,2.0,HARD,13.0,True,1,True,4.0,27.5,36.0,59.0,False,4.5,92.727,False,57,2023,5,Miami Grand Prix,2023_05
SAI,Ferrari,32.0,2.0,HARD,14.0,True,1,True,4.0,27.5,35.8,59.0,False,4.0,92.321,False,57,2023,5,Miami Grand Prix,2023_05
SAI,Ferrari,33.0,2.0,HARD,15.0,True,1,True,5.0,27.3,35.2,58.0,False,4.1,94.44,False,57,2023,5,Miami Grand Prix,2023_05
SAI,Ferrari,34.0,2.0,HARD,16.0,True,1,True,4.0,27.3,34.9,58.0,False,4.6,91.953,False,57,2023,5,Miami Grand Prix,2023_05
SAI,Ferrari,35.0,2.0,HARD,17.0,True,1,True,4.0,27.0,34.3,60.0,False,3.7,92.306,False,57,2023,5,Miami Grand Prix,2023_05
SAI,Ferrari,36.0,2.0,HARD,18.0,True,1,True,4.0,26.9,34.6,59.0,False,3.7,92.914,False,57,2023,5,Miami Grand Prix,2023_05
SAI,Ferrari,37.0,2.0,HARD,19.0,True,1,True,5.0,27.0,34.6,59.0,False,3.7,93.522,False,57,2023,5,Miami Grand Prix,2023_05
SAI,Ferrari,38.0,2.0,HARD,20.0,True,1,True,5.0,27.0,35.3,58.0,False,4.6,92.507,False,57,2023,5,Miami Grand Prix,2023_05
SAI,Ferrari,39.0,2.0,HARD,21.0,True,1,True,5.0,26.9,35.5,59.0,False,4.3,92.208,False,57,2023,5,Miami Grand Prix,2023_05
SAI,Ferrari,40.0,2.0,HARD,22.0,True,1,True,5.0,26.9,34.5,59.0,False,4.0,91.867,False,57,2023,5,Miami Grand Prix,2023_05
SAI,Ferrari,41.0,2.0,HARD,23.0,True,1,True,5.0,26.9,34.5,60.0,False,4.8,91.849,False,57,2023,5,Miami Grand Prix,2023_05
SAI,Ferrari,42.0,2.0,HARD,24.0,True,1,True,5.0,26.8,33.6,60.0,False,4.4,91.942,False,57,2023,5,Miami Grand Prix,2023_05
SAI,Ferrari,43.0,2.0,HARD,25.0,True,1,True,5.0,26.7,33.3,60.0,False,4.0,91.727,False,57,2023,5,Miami Grand Prix,2023_05
SAI,Ferrari,44.0,2.0,HARD,26.0,True,1,True,5.0,26.7,33.3,60.0,False,4.3,91.634,False,57,2023,5,Miami Grand Prix,2023_05
SAI,Ferrari,45.0,2.0,HARD,27.0,True,1,True,5.0,26.8,32.9,61.0,False,4.9,91.719,False,57,2023,5,Miami Grand Prix,2023_05
SAI,Ferrari,46.0,2.0,HARD,28.0,True,1,True,5.0,27.0,35.1,60.0,False,4.4,91.801,False,57,2023,5,Miami Grand Prix,2023_05
SAI,Ferrari,47.0,2.0,HARD,29.0,True,1,True,5.0,27.1,35.1,59.0,False,4.4,91.742,False,57,2023,5,Miami Grand Prix,2023_05
SAI,Ferrari,48.0,2.0,HARD,30.0,True,1,True,5.0,27.1,34.2,58.0,False,4.4,91.616,False,57,2023,5,Miami Grand Prix,2023_05
SAI,Ferrari,49.0,2.0,HARD,31.0,True,1,True,5.0,27.0,33.4,58.0,False,5.0,91.432,False,57,2023,5,Miami Grand Prix,2023_05
SAI,Ferrari,50.0,2.0,HARD,32.0,True,1,True,5.0,27.0,33.8,59.0,False,2.7,91.775,False,57,2023,5,Miami Grand Prix,2023_05
SAI,Ferrari,51.0,2.0,HARD,33.0,True,1,True,5.0,27.1,33.8,58.0,False,4.0,91.566,False,57,2023,5,Miami Grand Prix,2023_05
SAI,Ferrari,52.0,2.0,HARD,34.0,True,1,True,5.0,27.0,33.4,59.0,False,5.0,91.551,False,57,2023,5,Miami Grand Prix,2023_05
SAI,Ferrari,53.0,2.0,HARD,35.0,True,1,True,5.0,26.9,33.1,59.0,False,3.5,91.977,False,57,2023,5,Miami Grand Prix,2023_05
SAI,Ferrari,54.0,2.0,HARD,36.0,True,1,True,5.0,26.9,32.9,58.0,False,3.5,91.554,False,57,2023,5,Miami Grand Prix,2023_05
SAI,Ferrari,55.0,2.0,HARD,37.0,True,1,True,5.0,27.0,32.9,59.0,False,4.5,91.362,False,57,2023,5,Miami Grand Prix,2023_05
SAI,Ferrari,56.0,2.0,HARD,38.0,True,1,True,5.0,27.0,32.8,59.0,False,3.7,91.707,False,57,2023,5,Miami Grand Prix,2023_05
SAI,Ferrari,57.0,2.0,HARD,39.0,True,1,True,5.0,27.1,33.1,60.0,False,3.0,91.463,False,57,2023,5,Miami Grand Prix,2023_05
HAM,Mercedes,1.0,1.0,HARD,1.0,False,1,False,13.0,26.6,33.8,61.0,False,4.0,104.363,False,57,2023,5,Miami Grand Prix,2023_05
HAM,Mercedes,2.0,1.0,HARD,2.0,False,1,True,13.0,26.6,33.7,61.0,False,3.7,94.915,False,57,2023,5,Miami Grand Prix,2023_05
HAM,Mercedes,3.0,1.0,HARD,3.0,False,1,True,13.0,26.7,33.9,60.0,False,4.1,94.057,False,57,2023,5,Miami Grand Prix,2023_05
HAM,Mercedes,4.0,1.0,HARD,4.0,False,1,True,13.0,26.9,33.9,59.0,False,4.8,94.115,False,57,2023,5,Miami Grand Prix,2023_05
HAM,Mercedes,5.0,1.0,HARD,5.0,False,1,True,13.0,26.9,34.5,60.0,False,4.5,93.803,False,57,2023,5,Miami Grand Prix,2023_05
HAM,Mercedes,6.0,1.0,HARD,6.0,False,1,True,13.0,27.0,35.2,59.0,False,3.7,93.916,False,57,2023,5,Miami Grand Prix,2023_05
HAM,Mercedes,7.0,1.0,HARD,7.0,False,1,True,13.0,27.2,35.5,60.0,False,3.2,93.36,False,57,2023,5,Miami Grand Prix,2023_05
HAM,Mercedes,8.0,1.0,HARD,8.0,False,1,True,13.0,27.3,35.8,59.0,False,4.0,94.443,False,57,2023,5,Miami Grand Prix,2023_05
HAM,Mercedes,9.0,1.0,HARD,9.0,False,1,True,13.0,27.5,37.6,57.0,False,3.0,93.37,False,57,2023,5,Miami Grand Prix,2023_05
HAM,Mercedes,10.0,1.0,HARD,10.0,False,1,True,13.0,27.7,37.9,55.0,False,3.0,93.955,False,57,2023,5,Miami Grand Prix,2023_05
HAM,Mercedes,11.0,1.0,HARD,11.0,False,1,True,13.0,27.6,36.5,58.0,False,3.7,93.339,False,57,2023,5,Miami Grand Prix,2023_05
HAM,Mercedes,12.0,1.0,HARD,12.0,False,1,True,13.0,27.6,35.5,59.0,False,3.7,93.372,False,57,2023,5,Miami Grand Prix,2023_05
HAM,Mercedes,13.0,1.0,HARD,13.0,False,1,True,13.0,27.3,35.0,60.0,False,4.6,93.583,False,57,2023,5,Miami Grand Prix,2023_05
HAM,Mercedes,14.0,1.0,HARD,14.0,False,1,True,13.0,27.1,34.5,60.0,False,2.9,93.822,False,57,2023,5,Miami Grand Prix,2023_05
HAM,Mercedes,15.0,1.0,HARD,15.0,False,1,True,10.0,27.3,34.4,60.0,False,4.6,93.354,False,57,2023,5,Miami Grand Prix,2023_05
HAM,Mercedes,16.0,1.0,HARD,16.0,False,1,True,9.0,27.1,33.7,61.0,False,5.4,93.379,False,57,2023,5,Miami Grand Prix,2023_05
HAM,Mercedes,17.0,1.0,HARD,17.0,False,1,True,9.0,27.1,33.7,61.0,False,3.7,93.113,False,57,2023,5,Miami Grand Prix,2023_05
HAM,Mercedes,18.0,1.0,HARD,18.0,False,1,True,7.0,27.2,34.8,60.0,False,3.0,93.984,False,57,2023,5,Miami Grand Prix,2023_05
HAM,Mercedes,19.0,1.0,HARD,19.0,False,1,True,6.0,27.2,35.0,60.0,False,4.8,93.316,False,57,2023,5,Miami Grand Prix,2023_05
HAM,Mercedes,20.0,1.0,HARD,20.0,False,1,True,7.0,27.1,34.4,61.0,False,3.4,93.39,False,57,2023,5,Miami Grand Prix,2023_05
HAM,Mercedes,21.0,1.0,HARD,21.0,False,1,True,7.0,27.1,34.3,60.0,False,3.0,93.197,False,57,2023,5,Miami Grand Prix,2023_05
HAM,Mercedes,22.0,1.0,HARD,22.0,False,1,True,7.0,27.1,35.0,61.0,False,5.5,93.041,False,57,2023,5,Miami Grand Prix,2023_05
HAM,Mercedes,23.0,1.0,HARD,23.0,False,1,True,6.0,27.2,36.0,60.0,False,4.1,92.999,False,57,2023,5,Miami Grand Prix,2023_05
HAM,Mercedes,24.0,1.0,HARD,24.0,False,1,True,6.0,27.2,36.6,60.0,False,5.4,92.938,False,57,2023,5,Miami Grand Prix,2023_05
HAM,Mercedes,25.0,1.0,HARD,25.0,False,1,True,6.0,27.3,37.0,60.0,False,3.0,93.013,False,57,2023,5,Miami Grand Prix,2023_05
HAM,Mercedes,26.0,1.0,HARD,26.0,False,1,True,6.0,27.5,37.2,61.0,False,3.0,92.633,False,57,2023,5,Miami Grand Prix,2023_05
HAM,Mercedes,27.0,1.0,HARD,27.0,False,1,True,6.0,27.6,38.0,60.0,False,3.7,92.878,False,57,2023,5,Miami Grand Prix,2023_05
HAM,Mercedes,28.0,1.0,HARD,28.0,False,1,True,6.0,27.7,38.5,59.0,False,3.5,92.91,False,57,2023,5,Miami Grand Prix,2023_05
HAM,Mercedes,29.0,1.0,HARD,29.0,False,1,True,6.0,27.5,37.2,58.0,False,4.4,92.583,False,57,2023,5,Miami Grand Prix,2023_05
HAM,Mercedes,30.0,1.0,HARD,30.0,False,1,True,6.0,27.5,36.3,59.0,False,3.2,92.649,False,57,2023,5,Miami Grand Prix,2023_05
HAM,Mercedes,31.0,1.0,HARD,31.0,False,1,True,6.0,27.5,36.0,59.0,False,4.5,92.614,False,57,2023,5,Miami Grand Prix,2023_05
HAM,Mercedes,32.0,1.0,HARD,32.0,False,1,True,7.0,27.5,35.8,59.0,False,4.0,93.573,False,57,2023,5,Miami Grand Prix,2023_05
HAM,Mercedes,33.0,1.0,HARD,33.0,False,1,True,7.0,27.3,35.2,58.0,False,4.1,92.422,False,57,2023,5,Miami Grand Prix,2023_05
HAM,Mercedes,34.0,1.0,HARD,34.0,False,1,True,7.0,27.3,34.9,58.0,False,4.6,92.475,False,57,2023,5,Miami Grand Prix,2023_05
HAM,Mercedes,35.0,1.0,HARD,35.0,False,1,True,7.0,27.0,34.3,60.0,False,3.7,92.629,False,57,2023,5,Miami Grand Prix,2023_05
HAM,Mercedes,36.0,1.0,HARD,36.0,False,1,True,7.0,26.9,34.6,59.0,False,3.7,92.709,False,57,2023,5,Miami Grand Prix,2023_05
HAM,Mercedes,37.0,1.0,HARD,37.0,False,1,False,7.0,27.0,34.6,59.0,False,3.7,97.819,True,57,2023,5,Miami Grand Prix,2023_05
HAM,Mercedes,38.0,2.0,MEDIUM,1.0,True,1,False,12.0,27.0,35.3,58.0,False,4.6,105.089,True,57,2023,5,Miami Grand Prix,2023_05
HAM,Mercedes,39.0,2.0,MEDIUM,2.0,True,1,True,11.0,26.9,35.5,59.0,False,4.3,91.77,False,57,2023,5,Miami Grand Prix,2023_05
HAM,Mercedes,40.0,2.0,MEDIUM,3.0,True,1,True,10.0,26.9,34.5,59.0,False,4.0,91.694,False,57,2023,5,Miami Grand Prix,2023_05
HAM,Mercedes,41.0,2.0,MEDIUM,4.0,True,1,True,10.0,26.9,34.5,60.0,False,4.8,91.369,False,57,2023,5,Miami Grand Prix,2023_05
HAM,Mercedes,42.0,2.0,MEDIUM,5.0,True,1,True,10.0,26.8,33.6,60.0,False,4.4,91.729,False,57,2023,5,Miami Grand Prix,2023_05
HAM,Mercedes,43.0,2.0,MEDIUM,6.0,True,1,True,9.0,26.7,33.5,60.0,False,4.6,91.717,False,57,2023,5,Miami Grand Prix,2023_05
HAM,Mercedes,44.0,2.0,MEDIUM,7.0,True,1,True,9.0,26.7,33.3,60.0,False,4.3,91.391,False,57,2023,5,Miami Grand Prix,2023_05
HAM,Mercedes,45.0,2.0,MEDIUM,8.0,True,1,True,9.0,26.8,33.0,61.0,False,3.2,91.393,False,57,2023,5,Miami Grand Prix,2023_05
HAM,Mercedes,46.0,2.0,MEDIUM,9.0,True,1,True,8.0,27.0,35.1,60.0,False,4.4,91.464,False,57,2023,5,Miami Grand Prix,2023_05
HAM,Mercedes,47.0,2.0,MEDIUM,10.0,True,1,True,8.0,27.3,34.8,58.0,False,5.9,91.117,False,57,2023,5,Miami Grand Prix,2023_05
HAM,Mercedes,48.0,2.0,MEDIUM,11.0,True,1,True,8.0,27.1,34.2,58.0,False,4.4,91.102,False,57,2023,5,Miami Grand Prix,2023_05
HAM,Mercedes,49.0,2.0,MEDIUM,12.0,True,1,True,8.0,27.0,33.3,59.0,False,3.7,91.362,False,57,2023,5,Miami Grand Prix,2023_05
HAM,Mercedes,50.0,2.0,MEDIUM,13.0,True,1,True,8.0,27.0,33.8,59.0,False,2.7,91.359,False,57,2023,5,Miami Grand Prix,2023_05
HAM,Mercedes,51.0,2.0,MEDIUM,14.0,True,1,True,8.0,27.1,33.4,59.0,False,3.2,91.178,False,57,2023,5,Miami Grand Prix,2023_05
HAM,Mercedes,52.0,2.0,MEDIUM,15.0,True,1,True,8.0,27.0,33.4,59.0,False,5.0,91.356,False,57,2023,5,Miami Grand Prix,2023_05
HAM,Mercedes,53.0,2.0,MEDIUM,16.0,True,1,True,7.0,26.9,33.1,59.0,False,3.5,91.38,False,57,2023,5,Miami Grand Prix,2023_05
HAM,Mercedes,54.0,2.0,MEDIUM,17.0,True,1,True,6.0,26.9,32.9,58.0,False,3.5,91.303,False,57,2023,5,Miami Grand Prix,2023_05
HAM,Mercedes,55.0,2.0,MEDIUM,18.0,True,1,True,6.0,27.0,32.9,59.0,False,4.5,90.987,False,57,2023,5,Miami Grand Prix,2023_05
HAM,Mercedes,56.0,2.0,MEDIUM,19.0,True,1,True,6.0,27.0,32.8,59.0,False,3.7,92.03,False,57,2023,5,Miami Grand Prix,2023_05
HAM,Mercedes,57.0,2.0,MEDIUM,20.0,True,1,True,6.0,27.1,33.1,60.0,False,3.0,90.669,False,57,2023,5,Miami Grand Prix,2023_05
LEC,Ferrari,1.0,1.0,MEDIUM,1.0,True,1,False,6.0,26.6,33.8,61.0,False,4.0,100.402,False,57,2023,5,Miami Grand Prix,2023_05
LEC,Ferrari,2.0,1.0,MEDIUM,2.0,True,1,True,6.0,26.6,33.7,61.0,False,3.7,94.62,False,57,2023,5,Miami Grand Prix,2023_05
LEC,Ferrari,3.0,1.0,MEDIUM,3.0,True,1,True,6.0,26.7,33.9,60.0,False,4.1,94.906,False,57,2023,5,Miami Grand Prix,2023_05
LEC,Ferrari,4.0,1.0,MEDIUM,4.0,True,1,True,8.0,26.9,33.9,59.0,False,4.8,94.83,False,57,2023,5,Miami Grand Prix,2023_05
LEC,Ferrari,5.0,1.0,MEDIUM,5.0,True,1,True,8.0,26.9,34.5,60.0,False,4.5,93.426,False,57,2023,5,Miami Grand Prix,2023_05
LEC,Ferrari,6.0,1.0,MEDIUM,6.0,True,1,True,8.0,27.0,35.2,59.0,False,3.7,93.619,False,57,2023,5,Miami Grand Prix,2023_05
LEC,Ferrari,7.0,1.0,MEDIUM,7.0,True,1,True,8.0,27.2,35.5,60.0,False,3.2,93.274,False,57,2023,5,Miami Grand Prix,2023_05
LEC,Ferrari,8.0,1.0,MEDIUM,8.0,True,1,True,8.0,27.3,35.8,59.0,False,4.0,93.3,False,57,2023,5,Miami Grand Prix,2023_05
LEC,Ferrari,9.0,1.0,MEDIUM,9.0,True,1,True,8.0,27.5,37.6,57.0,False,3.0,93.315,False,57,2023,5,Miami Grand Prix,2023_05
LEC,Ferrari,10.0,1.0,MEDIUM,10.0,True,1,True,8.0,27.7,37.9,55.0,False,3.0,93.322,False,57,2023,5,Miami Grand Prix,2023_05
LEC,Ferrari,11.0,1.0,MEDIUM,11.0,True,1,True,8.0,27.6,36.5,58.0,False,3.7,92.876,False,57,2023,5,Miami Grand Prix,2023_05
LEC,Ferrari,12.0,1.0,MEDIUM,12.0,True,1,True,8.0,27.6,35.5,59.0,False,3.7,93.063,False,57,2023,5,Miami Grand Prix,2023_05
LEC,Ferrari,13.0,1.0,MEDIUM,13.0,True,1,True,8.0,27.3,35.0,60.0,False,4.6,94.593,False,57,2023,5,Miami Grand Prix,2023_05
LEC,Ferrari,14.0,1.0,MEDIUM,14.0,True,1,True,7.0,27.1,34.5,60.0,False,2.9,93.747,False,57,2023,5,Miami Grand Prix,2023_05
LEC,Ferrari,15.0,1.0,MEDIUM,15.0,True,1,True,6.0,27.3,34.4,60.0,False,4.6,93.435,False,57,2023,5,Miami Grand Prix,2023_05
LEC,Ferrari,16.0,1.0,MEDIUM,16.0,True,1,True,6.0,27.2,34.4,60.0,False,5.1,93.35,False,57,2023,5,Miami Grand Prix,2023_05
LEC,Ferrari,17.0,1.0,MEDIUM,17.0,True,1,False,7.0,27.1,33.7,61.0,False,3.7,97.645,True,57,2023,5,Miami Grand Prix,2023_05
LEC,Ferrari,18.0,2.0,HARD,1.0,True,1,False,15.0,27.2,34.8,60.0,False,3.0,108.229,True,57,2023,5,Miami Grand Prix,2023_05
LEC,Ferrari,19.0,2.0,HARD,2.0,True,1,True,15.0,27.2,35.0,60.0,False,4.8,93.391,False,57,2023,5,Miami Grand Prix,2023_05
LEC,Ferrari,20.0,2.0,HARD,3.0,True,1,True,15.0,27.1,34.4,61.0,False,3.4,92.826,False,57,2023,5,Miami Grand Prix,2023_05
LEC,Ferrari,21.0,2.0,HARD,4.0,True,1,True,15.0,27.0,34.5,60.0,False,4.4,93.034,False,57,2023,5,Miami Grand Prix,2023_05
LEC,Ferrari,22.0,2.0,HARD,5.0,True,1,True,15.0,27.1,35.0,61.0,False,5.5,92.792,False,57,2023,5,Miami Grand Prix,2023_05
LEC,Ferrari,23.0,2.0,HARD,6.0,True,1,True,14.0,27.2,36.5,60.0,False,4.3,92.582,False,57,2023,5,Miami Grand Prix,2023_05
LEC,Ferrari,24.0,2.0,HARD,7.0,True,1,True,14.0,27.2,36.6,60.0,False,5.4,93.038,False,57,2023,5,Miami Grand Prix,2023_05
LEC,Ferrari,25.0,2.0,HARD,8.0,True,1,True,14.0,27.4,37.1,61.0,False,2.4,92.612,False,57,2023,5,Miami Grand Prix,2023_05
LEC,Ferrari,26.0,2.0,HARD,9.0,True,1,True,14.0,27.5,37.2,61.0,False,3.0,92.67,False,57,2023,5,Miami Grand Prix,2023_05
LEC,Ferrari,27.0,2.0,HARD,10.0,True,1,True,13.0,27.6,38.0,60.0,False,3.7,92.479,False,57,2023,5,Miami Grand Prix,2023_05
LEC,Ferrari,28.0,2.0,HARD,11.0,True,1,True,13.0,27.7,38.5,59.0,False,3.5,92.484,False,57,2023,5,Miami Grand Prix,2023_05
LEC,Ferrari,29.0,2.0,HARD,12.0,True,1,True,13.0,27.5,37.2,58.0,False,4.4,92.51,False,57,2023,5,Miami Grand Prix,2023_05
LEC,Ferrari,30.0,2.0,HARD,13.0,True,1,True,13.0,27.5,36.3,59.0,False,3.2,92.238,False,57,2023,5,Miami Grand Prix,2023_05
LEC,Ferrari,31.0,2.0,HARD,14.0,True,1,True,13.0,27.5,36.0,59.0,False,4.5,91.911,False,57,2023,5,Miami Grand Prix,2023_05
LEC,Ferrari,32.0,2.0,HARD,15.0,True,1,True,13.0,27.5,35.8,59.0,False,4.0,92.062,False,57,2023,5,Miami Grand Prix,2023_05
LEC,Ferrari,33.0,2.0,HARD,16.0,True,1,True,12.0,27.3,35.2,58.0,False,4.1,92.585,False,57,2023,5,Miami Grand Prix,2023_05
LEC,Ferrari,34.0,2.0,HARD,17.0,True,1,True,12.0,27.2,34.4,59.0,False,4.5,92.55,False,57,2023,5,Miami Grand Prix,2023_05
LEC,Ferrari,35.0,2.0,HARD,18.0,True,1,True,12.0,27.0,34.3,60.0,False,3.7,92.734,False,57,2023,5,Miami Grand Prix,2023_05
LEC,Ferrari,36.0,2.0,HARD,19.0,True,1,True,11.0,26.9,34.8,58.0,False,4.3,92.833,False,57,2023,5,Miami Grand Prix,2023_05
LEC,Ferrari,37.0,2.0,HARD,20.0,True,1,True,11.0,27.0,34.6,59.0,False,3.7,93.652,False,57,2023,5,Miami Grand Prix,2023_05
LEC,Ferrari,38.0,2.0,HARD,21.0,True,1,True,9.0,27.0,35.3,58.0,False,4.6,92.262,False,57,2023,5,Miami Grand Prix,2023_05
LEC,Ferrari,39.0,2.0,HARD,22.0,True,1,True,9.0,26.9,35.5,59.0,False,4.3,92.386,False,57,2023,5,Miami Grand Prix,2023_05
LEC,Ferrari,40.0,2.0,HARD,23.0,True,1,True,8.0,26.9,34.5,59.0,False,4.0,92.105,False,57,2023,5,Miami Grand Prix,2023_05
LEC,Ferrari,41.0,2.0,HARD,24.0,True,1,True,8.0,26.9,34.5,60.0,False,4.8,91.977,False,57,2023,5,Miami Grand Prix,2023_05
LEC,Ferrari,42.0,2.0,HARD,25.0,True,1,True,7.0,26.8,33.6,60.0,False,4.4,91.768,False,57,2023,5,Miami Grand Prix,2023_05
LEC,Ferrari,43.0,2.0,HARD,26.0,True,1,True,7.0,26.7,33.3,60.0,False,4.0,91.577,False,57,2023,5,Miami Grand Prix,2023_05
LEC,Ferrari,44.0,2.0,HARD,27.0,True,1,True,7.0,26.7,33.3,60.0,False,4.3,91.831,False,57,2023,5,Miami Grand Prix,2023_05
LEC,Ferrari,45.0,2.0,HARD,28.0,True,1,True,7.0,26.8,32.9,61.0,False,4.9,91.683,False,57,2023,5,Miami Grand Prix,2023_05
LEC,Ferrari,46.0,2.0,HARD,29.0,True,1,True,7.0,27.0,35.1,60.0,False,4.4,92.105,False,57,2023,5,Miami Grand Prix,2023_05
LEC,Ferrari,47.0,2.0,HARD,30.0,True,1,True,7.0,27.3,34.8,58.0,False,5.9,91.987,False,57,2023,5,Miami Grand Prix,2023_05
LEC,Ferrari,48.0,2.0,HARD,31.0,True,1,True,7.0,27.1,34.2,58.0,False,4.4,91.732,False,57,2023,5,Miami Grand Prix,2023_05
LEC,Ferrari,49.0,2.0,HARD,32.0,True,1,True,7.0,27.0,33.3,59.0,False,3.7,91.891,False,57,2023,5,Miami Grand Prix,2023_05
LEC,Ferrari,50.0,2.0,HARD,33.0,True,1,True,7.0,27.0,33.8,59.0,False,2.7,92.17,False,57,2023,5,Miami Grand Prix,2023_05
LEC,Ferrari,51.0,2.0,HARD,34.0,True,1,True,7.0,27.1,33.4,59.0,False,3.2,91.777,False,57,2023,5,Miami Grand Prix,2023_05
LEC,Ferrari,52.0,2.0,HARD,35.0,True,1,True,7.0,27.0,33.4,59.0,False,5.0,91.532,False,57,2023,5,Miami Grand Prix,2023_05
LEC,Ferrari,53.0,2.0,HARD,36.0,True,1,True,6.0,26.9,33.1,59.0,False,3.5,92.265,False,57,2023,5,Miami Grand Prix,2023_05
LEC,Ferrari,54.0,2.0,HARD,37.0,True,1,True,7.0,26.9,32.9,58.0,False,3.5,92.353,False,57,2023,5,Miami Grand Prix,2023_05
LEC,Ferrari,55.0,2.0,HARD,38.0,True,1,True,7.0,27.0,32.9,59.0,False,4.5,91.832,False,57,2023,5,Miami Grand Prix,2023_05
LEC,Ferrari,56.0,2.0,HARD,39.0,True,1,True,7.0,27.0,32.8,59.0,False,3.7,91.627,False,57,2023,5,Miami Grand Prix,2023_05
LEC,Ferrari,57.0,2.0,HARD,40.0,True,1,True,7.0,27.1,33.1,60.0,False,3.0,91.434,False,57,2023,5,Miami Grand Prix,2023_05
GAS,Alpine,1.0,1.0,MEDIUM,1.0,True,1,False,4.0,26.6,33.8,61.0,False,4.0,98.764,False,57,2023,5,Miami Grand Prix,2023_05
GAS,Alpine,2.0,1.0,MEDIUM,2.0,True,1,True,4.0,26.6,33.7,61.0,False,3.7,94.166,False,57,2023,5,Miami Grand Prix,2023_05
GAS,Alpine,3.0,1.0,MEDIUM,3.0,True,1,True,4.0,26.7,33.9,60.0,False,4.1,93.53,False,57,2023,5,Miami Grand Prix,2023_05
GAS,Alpine,4.0,1.0,MEDIUM,4.0,True,1,True,4.0,26.9,33.9,59.0,False,4.8,93.531,False,57,2023,5,Miami Grand Prix,2023_05
GAS,Alpine,5.0,1.0,MEDIUM,5.0,True,1,True,4.0,26.9,34.5,60.0,False,4.5,93.372,False,57,2023,5,Miami Grand Prix,2023_05
GAS,Alpine,6.0,1.0,MEDIUM,6.0,True,1,True,4.0,27.0,35.2,59.0,False,3.7,93.404,False,57,2023,5,Miami Grand Prix,2023_05
GAS,Alpine,7.0,1.0,MEDIUM,7.0,True,1,True,4.0,27.2,35.5,60.0,False,3.2,93.369,False,57,2023,5,Miami Grand Prix,2023_05
GAS,Alpine,8.0,1.0,MEDIUM,8.0,True,1,True,4.0,27.3,35.8,59.0,False,4.0,93.214,False,57,2023,5,Miami Grand Prix,2023_05
GAS,Alpine,9.0,1.0,MEDIUM,9.0,True,1,True,5.0,27.5,37.4,57.0,False,3.7,94.272,False,57,2023,5,Miami Grand Prix,2023_05
GAS,Alpine,10.0,1.0,MEDIUM,10.0,True,1,True,6.0,27.7,37.9,55.0,False,3.0,94.819,False,57,2023,5,Miami Grand Prix,2023_05
GAS,Alpine,11.0,1.0,MEDIUM,11.0,True,1,True,6.0,27.6,36.5,58.0,False,3.7,93.145,False,57,2023,5,Miami Grand Prix,2023_05
GAS,Alpine,12.0,1.0,MEDIUM,12.0,True,1,True,6.0,27.6,35.5,59.0,False,3.7,93.329,False,57,2023,5,Miami Grand Prix,2023_05
GAS,Alpine,13.0,1.0,MEDIUM,13.0,True,1,True,6.0,27.3,35.0,60.0,False,4.6,93.259,False,57,2023,5,Miami Grand Prix,2023_05
GAS,Alpine,14.0,1.0,MEDIUM,14.0,True,1,True,6.0,27.1,34.5,60.0,False,2.9,93.743,False,57,2023,5,Miami Grand Prix,2023_05
GAS,Alpine,15.0,1.0,MEDIUM,15.0,True,1,False,8.0,27.3,34.4,60.0,False,4.6,98.406,True,57,2023,5,Miami Grand Prix,2023_05
GAS,Alpine,16.0,2.0,HARD,1.0,True,1,False,14.0,27.2,34.4,60.0,False,5.1,108.049,True,57,2023,5,Miami Grand Prix,2023_05
GAS,Alpine,17.0,2.0,HARD,2.0,True,1,True,14.0,27.1,33.7,61.0,False,3.7,92.301,False,57,2023,5,Miami Grand Prix,2023_05
GAS,Alpine,18.0,2.0,HARD,3.0,True,1,True,13.0,27.2,34.8,60.0,False,3.0,92.436,False,57,2023,5,Miami Grand Prix,2023_05
GAS,Alpine,19.0,2.0,HARD,4.0,True,1,True,13.0,27.2,35.0,60.0,False,4.8,92.478,False,57,2023,5,Miami Grand Prix,2023_05
GAS,Alpine,20.0,2.0,HARD,5.0,True,1,True,13.0,27.1,34.4,61.0,False,3.4,92.815,False,57,2023,5,Miami Grand Prix,2023_05
GAS,Alpine,21.0,2.0,HARD,6.0,True,1,True,13.0,27.1,34.3,60.0,False,3.0,93.005,False,57,2023,5,Miami Grand Prix,2023_05
GAS,Alpine,22.0,2.0,HARD,7.0,True,1,True,11.0,27.1,35.0,61.0,False,5.5,92.515,False,57,2023,5,Miami Grand Prix,2023_05
GAS,Alpine,23.0,2.0,HARD,8.0,True,1,True,11.0,27.2,36.5,60.0,False,4.3,92.75,False,57,2023,5,Miami Grand Prix,2023_05
GAS,Alpine,24.0,2.0,HARD,9.0,True,1,True,11.0,27.2,36.6,60.0,False,5.4,92.766,False,57,2023,5,Miami Grand Prix,2023_05
GAS,Alpine,25.0,2.0,HARD,10.0,True,1,True,10.0,27.4,37.1,61.0,False,2.4,92.293,False,57,2023,5,Miami Grand Prix,2023_05
GAS,Alpine,26.0,2.0,HARD,11.0,True,1,True,10.0,27.5,37.2,61.0,False,3.0,92.837,False,57,2023,5,Miami Grand Prix,2023_05
GAS,Alpine,27.0,2.0,HARD,12.0,True,1,True,10.0,27.6,38.0,60.0,False,3.7,92.769,False,57,2023,5,Miami Grand Prix,2023_05
GAS,Alpine,28.0,2.0,HARD,13.0,True,1,True,10.0,27.7,38.5,59.0,False,3.5,93.021,False,57,2023,5,Miami Grand Prix,2023_05
GAS,Alpine,29.0,2.0,HARD,14.0,True,1,True,10.0,27.5,37.2,58.0,False,4.4,92.543,False,57,2023,5,Miami Grand Prix,2023_05
GAS,Alpine,30.0,2.0,HARD,15.0,True,1,True,10.0,27.5,36.3,59.0,False,3.2,92.518,False,57,2023,5,Miami Grand Prix,2023_05
GAS,Alpine,31.0,2.0,HARD,16.0,True,1,True,10.0,27.5,36.0,59.0,False,4.5,92.573,False,57,2023,5,Miami Grand Prix,2023_05
GAS,Alpine,32.0,2.0,HARD,17.0,True,1,True,10.0,27.5,35.8,59.0,False,4.0,93.164,False,57,2023,5,Miami Grand Prix,2023_05
GAS,Alpine,33.0,2.0,HARD,18.0,True,1,True,9.0,27.3,35.2,58.0,False,4.1,94.459,False,57,2023,5,Miami Grand Prix,2023_05
GAS,Alpine,34.0,2.0,HARD,19.0,True,1,True,9.0,27.2,34.4,59.0,False,4.5,92.054,False,57,2023,5,Miami Grand Prix,2023_05
GAS,Alpine,35.0,2.0,HARD,20.0,True,1,True,9.0,27.0,34.3,60.0,False,3.7,92.586,False,57,2023,5,Miami Grand Prix,2023_05
GAS,Alpine,36.0,2.0,HARD,21.0,True,1,True,8.0,26.9,34.8,58.0,False,4.3,92.32,False,57,2023,5,Miami Grand Prix,2023_05
GAS,Alpine,37.0,2.0,HARD,22.0,True,1,True,8.0,27.0,34.6,59.0,False,3.7,92.259,False,57,2023,5,Miami Grand Prix,2023_05
GAS,Alpine,38.0,2.0,HARD,23.0,True,1,True,7.0,27.0,35.3,58.0,False,4.6,92.352,False,57,2023,5,Miami Grand Prix,2023_05
GAS,Alpine,39.0,2.0,HARD,24.0,True,1,True,7.0,26.9,35.5,59.0,False,4.3,92.254,False,57,2023,5,Miami Grand Prix,2023_05
GAS,Alpine,40.0,2.0,HARD,25.0,True,1,True,6.0,26.9,34.5,59.0,False,4.0,92.125,False,57,2023,5,Miami Grand Prix,2023_05
GAS,Alpine,41.0,2.0,HARD,26.0,True,1,True,6.0,26.9,34.5,60.0,False,4.8,92.158,False,57,2023,5,Miami Grand Prix,2023_05
GAS,Alpine,42.0,2.0,HARD,27.0,True,1,True,6.0,26.8,33.6,60.0,False,4.4,92.189,False,57,2023,5,Miami Grand Prix,2023_05
GAS,Alpine,43.0,2.0,HARD,28.0,True,1,True,6.0,26.7,33.3,60.0,False,4.0,92.148,False,57,2023,5,Miami Grand Prix,2023_05
GAS,Alpine,44.0,2.0,HARD,29.0,True,1,True,6.0,26.7,33.3,60.0,False,4.3,92.143,False,57,2023,5,Miami Grand Prix,2023_05
GAS,Alpine,45.0,2.0,HARD,30.0,True,1,True,6.0,26.8,32.9,61.0,False,4.9,92.22,False,57,2023,5,Miami Grand Prix,2023_05
GAS,Alpine,46.0,2.0,HARD,31.0,True,1,True,6.0,27.0,35.1,60.0,False,4.4,92.52,False,57,2023,5,Miami Grand Prix,2023_05
GAS,Alpine,47.0,2.0,HARD,32.0,True,1,True,6.0,27.3,34.8,58.0,False,5.9,92.17,False,57,2023,5,Miami Grand Prix,2023_05
GAS,Alpine,48.0,2.0,HARD,33.0,True,1,True,6.0,27.1,34.2,58.0,False,4.4,91.991,False,57,2023,5,Miami Grand Prix,2023_05
GAS,Alpine,49.0,2.0,HARD,34.0,True,1,True,6.0,27.0,33.3,59.0,False,3.7,92.067,False,57,2023,5,Miami Grand Prix,2023_05
GAS,Alpine,50.0,2.0,HARD,35.0,True,1,True,6.0,27.0,33.8,59.0,False,2.7,92.112,False,57,2023,5,Miami Grand Prix,2023_05
GAS,Alpine,51.0,2.0,HARD,36.0,True,1,True,6.0,27.1,33.4,59.0,False,3.2,92.053,False,57,2023,5,Miami Grand Prix,2023_05
GAS,Alpine,52.0,2.0,HARD,37.0,True,1,True,6.0,27.0,33.4,59.0,False,5.0,92.105,False,57,2023,5,Miami Grand Prix,2023_05
GAS,Alpine,53.0,2.0,HARD,38.0,True,1,True,8.0,26.9,33.1,59.0,False,3.5,94.067,False,57,2023,5,Miami Grand Prix,2023_05
GAS,Alpine,54.0,2.0,HARD,39.0,True,1,True,8.0,26.9,32.9,58.0,False,3.5,92.393,False,57,2023,5,Miami Grand Prix,2023_05
GAS,Alpine,55.0,2.0,HARD,40.0,True,1,True,8.0,27.0,32.9,59.0,False,4.5,91.971,False,57,2023,5,Miami Grand Prix,2023_05
GAS,Alpine,56.0,2.0,HARD,41.0,True,1,True,8.0,27.0,32.8,59.0,False,3.7,92.025,False,57,2023,5,Miami Grand Prix,2023_05
GAS,Alpine,57.0,2.0,HARD,42.0,True,1,True,8.0,27.1,33.1,60.0,False,3.0,92.014,False,57,2023,5,Miami Grand Prix,2023_05
OCO,Alpine,1.0,1.0,HARD,1.0,True,1,False,10.0,26.6,33.8,61.0,False,4.0,102.184,False,57,2023,5,Miami Grand Prix,2023_05
OCO,Alpine,2.0,1.0,HARD,2.0,True,1,True,10.0,26.6,33.7,61.0,False,3.7,95.207,False,57,2023,5,Miami Grand Prix,2023_05
OCO,Alpine,3.0,1.0,HARD,3.0,True,1,True,10.0,26.7,33.9,60.0,False,4.1,93.948,False,57,2023,5,Miami Grand Prix,2023_05
OCO,Alpine,4.0,1.0,HARD,4.0,True,1,True,10.0,26.9,33.9,59.0,False,4.8,94.344,False,57,2023,5,Miami Grand Prix,2023_05
OCO,Alpine,5.0,1.0,HARD,5.0,True,1,True,9.0,26.9,34.5,60.0,False,4.5,93.355,False,57,2023,5,Miami Grand Prix,2023_05
OCO,Alpine,6.0,1.0,HARD,6.0,True,1,True,9.0,27.0,35.2,59.0,False,3.7,93.521,False,57,2023,5,Miami Grand Prix,2023_05
OCO,Alpine,7.0,1.0,HARD,7.0,True,1,True,9.0,27.2,35.5,60.0,False,3.2,93.357,False,57,2023,5,Miami Grand Prix,2023_05
OCO,Alpine,8.0,1.0,HARD,8.0,True,1,True,9.0,27.3,35.8,59.0,False,4.0,93.317,False,57,2023,5,Miami Grand Prix,2023_05
OCO,Alpine,9.0,1.0,HARD,9.0,True,1,True,9.0,27.5,37.6,57.0,False,3.0,93.298,False,57,2023,5,Miami Grand Prix,2023_05
OCO,Alpine,10.0,1.0,HARD,10.0,True,1,True,9.0,27.7,37.9,55.0,False,3.0,93.241,False,57,2023,5,Miami Grand Prix,2023_05
OCO,Alpine,11.0,1.0,HARD,11.0,True,1,True,9.0,27.6,36.5,58.0,False,3.7,93.095,False,57,2023,5,Miami Grand Prix,2023_05
OCO,Alpine,12.0,1.0,HARD,12.0,True,1,True,9.0,27.6,35.5,59.0,False,3.7,93.107,False,57,2023,5,Miami Grand Prix,2023_05
OCO,Alpine,13.0,1.0,HARD,13.0,True,1,True,9.0,27.3,35.0,60.0,False,4.6,94.313,False,57,2023,5,Miami Grand Prix,2023_05
OCO,Alpine,14.0,1.0,HARD,14.0,True,1,True,8.0,27.1,34.5,60.0,False,2.9,93.933,False,57,2023,5,Miami Grand Prix,2023_05
OCO,Alpine,15.0,1.0,HARD,15.0,True,1,True,7.0,27.3,34.4,60.0,False,4.6,93.258,False,57,2023,5,Miami Grand Prix,2023_05
OCO,Alpine,16.0,1.0,HARD,16.0,True,1,True,7.0,27.2,34.4,60.0,False,5.1,93.221,False,57,2023,5,Miami Grand Prix,2023_05
OCO,Alpine,17.0,1.0,HARD,17.0,True,1,True,6.0,27.1,33.7,61.0,False,3.7,93.148,False,57,2023,5,Miami Grand Prix,2023_05
OCO,Alpine,18.0,1.0,HARD,18.0,True,1,True,5.0,27.2,34.8,60.0,False,3.0,92.938,False,57,2023,5,Miami Grand Prix,2023_05
OCO,Alpine,19.0,1.0,HARD,19.0,True,1,True,4.0,27.2,35.0,60.0,False,4.8,93.243,False,57,2023,5,Miami Grand Prix,2023_05
OCO,Alpine,20.0,1.0,HARD,20.0,True,1,True,4.0,27.1,34.4,61.0,False,3.4,92.84,False,57,2023,5,Miami Grand Prix,2023_05
OCO,Alpine,21.0,1.0,HARD,21.0,True,1,True,3.0,27.1,34.3,60.0,False,3.0,93.164,False,57,2023,5,Miami Grand Prix,2023_05
OCO,Alpine,22.0,1.0,HARD,22.0,True,1,True,4.0,27.1,35.0,61.0,False,5.5,93.681,False,57,2023,5,Miami Grand Prix,2023_05
OCO,Alpine,23.0,1.0,HARD,23.0,True,1,True,4.0,27.2,36.0,60.0,False,4.1,93.104,False,57,2023,5,Miami Grand Prix,2023_05
OCO,Alpine,24.0,1.0,HARD,24.0,True,1,True,4.0,27.2,36.6,60.0,False,5.4,92.904,False,57,2023,5,Miami Grand Prix,2023_05
OCO,Alpine,25.0,1.0,HARD,25.0,True,1,True,3.0,27.3,37.0,60.0,False,3.0,92.984,False,57,2023,5,Miami Grand Prix,2023_05
OCO,Alpine,26.0,1.0,HARD,26.0,True,1,True,3.0,27.5,37.2,61.0,False,3.0,93.161,False,57,2023,5,Miami Grand Prix,2023_05
OCO,Alpine,27.0,1.0,HARD,27.0,True,1,True,3.0,27.6,38.0,60.0,False,3.7,92.857,False,57,2023,5,Miami Grand Prix,2023_05
OCO,Alpine,28.0,1.0,HARD,28.0,True,1,True,3.0,27.7,38.5,59.0,False,3.5,92.882,False,57,2023,5,Miami Grand Prix,2023_05
OCO,Alpine,29.0,1.0,HARD,29.0,True,1,True,4.0,27.5,37.2,58.0,False,4.4,93.657,False,57,2023,5,Miami Grand Prix,2023_05
OCO,Alpine,30.0,1.0,HARD,30.0,True,1,True,5.0,27.5,36.3,59.0,False,3.2,93.817,False,57,2023,5,Miami Grand Prix,2023_05
OCO,Alpine,31.0,1.0,HARD,31.0,True,1,True,5.0,27.5,36.0,59.0,False,4.5,93.298,False,57,2023,5,Miami Grand Prix,2023_05
OCO,Alpine,32.0,1.0,HARD,32.0,True,1,True,5.0,27.5,35.8,59.0,False,4.0,92.775,False,57,2023,5,Miami Grand Prix,2023_05
OCO,Alpine,33.0,1.0,HARD,33.0,True,1,True,4.0,27.3,35.2,58.0,False,4.1,92.303,False,57,2023,5,Miami Grand Prix,2023_05
OCO,Alpine,34.0,1.0,HARD,34.0,True,1,True,5.0,27.3,34.9,58.0,False,4.6,93.211,False,57,2023,5,Miami Grand Prix,2023_05
OCO,Alpine,35.0,1.0,HARD,35.0,True,1,True,5.0,27.0,34.3,60.0,False,3.7,92.89,False,57,2023,5,Miami Grand Prix,2023_05
OCO,Alpine,36.0,1.0,HARD,36.0,True,1,True,6.0,26.9,34.6,59.0,False,3.7,93.199,False,57,2023,5,Miami Grand Prix,2023_05
OCO,Alpine,37.0,1.0,HARD,37.0,True,1,True,6.0,27.0,34.6,59.0,False,3.7,92.674,False,57,2023,5,Miami Grand Prix,2023_05
OCO,Alpine,38.0,1.0,HARD,38.0,True,1,True,6.0,27.0,35.3,58.0,False,4.6,92.58,False,57,2023,5,Miami Grand Prix,2023_05
OCO,Alpine,39.0,1.0,HARD,39.0,True,1,False,6.0,26.9,35.5,59.0,False,4.3,97.507,True,57,2023,5,Miami Grand Prix,2023_05
OCO,Alpine,40.0,2.0,MEDIUM,1.0,True,1,False,11.0,26.9,34.5,59.0,False,4.0,105.73,True,57,2023,5,Miami Grand Prix,2023_05
OCO,Alpine,41.0,2.0,MEDIUM,2.0,True,1,True,11.0,26.9,34.5,60.0,False,4.8,91.81,False,57,2023,5,Miami Grand Prix,2023_05
OCO,Alpine,42.0,2.0,MEDIUM,3.0,True,1,True,11.0,26.8,33.6,60.0,False,4.4,91.708,False,57,2023,5,Miami Grand Prix,2023_05
OCO,Alpine,43.0,2.0,MEDIUM,4.0,True,1,True,10.0,26.7,33.5,60.0,False,4.6,91.754,False,57,2023,5,Miami Grand Prix,2023_05
OCO,Alpine,44.0,2.0,MEDIUM,5.0,True,1,True,10.0,26.7,33.3,60.0,False,4.3,91.454,False,57,2023,5,Miami Grand Prix,2023_05
OCO,Alpine,45.0,2.0,MEDIUM,6.0,True,1,True,10.0,26.8,33.0,61.0,False,3.2,91.566,False,57,2023,5,Miami Grand Prix,2023_05
OCO,Alpine,46.0,2.0,MEDIUM,7.0,True,1,True,10.0,27.0,35.1,60.0,False,4.4,91.968,False,57,2023,5,Miami Grand Prix,2023_05
OCO,Alpine,47.0,2.0,MEDIUM,8.0,True,1,True,9.0,27.3,34.8,58.0,False,5.9,92.222,False,57,2023,5,Miami Grand Prix,2023_05
OCO,Alpine,48.0,2.0,MEDIUM,9.0,True,1,True,9.0,27.1,34.2,58.0,False,4.4,91.724,False,57,2023,5,Miami Grand Prix,2023_05
OCO,Alpine,49.0,2.0,MEDIUM,10.0,True,1,True,9.0,27.0,33.3,59.0,False,3.7,92.209,False,57,2023,5,Miami Grand Prix,2023_05
OCO,Alpine,50.0,2.0,MEDIUM,11.0,True,1,True,9.0,27.0,33.8,59.0,False,2.7,92.086,False,57,2023,5,Miami Grand Prix,2023_05
OCO,Alpine,51.0,2.0,MEDIUM,12.0,True,1,True,9.0,27.1,33.4,59.0,False,3.2,91.795,False,57,2023,5,Miami Grand Prix,2023_05
OCO,Alpine,52.0,2.0,MEDIUM,13.0,True,1,True,9.0,27.0,33.4,59.0,False,5.0,91.582,False,57,2023,5,Miami Grand Prix,2023_05
OCO,Alpine,53.0,2.0,MEDIUM,14.0,True,1,True,9.0,26.9,33.1,59.0,False,3.5,91.842,False,57,2023,5,Miami Grand Prix,2023_05
OCO,Alpine,54.0,2.0,MEDIUM,15.0,True,1,True,9.0,26.9,32.9,58.0,False,3.5,91.537,False,57,2023,5,Miami Grand Prix,2023_05
OCO,Alpine,55.0,2.0,MEDIUM,16.0,True,1,True,9.0,27.0,32.9,59.0,False,4.5,91.289,False,57,2023,5,Miami Grand Prix,2023_05
OCO,Alpine,56.0,2.0,MEDIUM,17.0,True,1,True,9.0,27.0,32.8,59.0,False,3.7,91.143,False,57,2023,5,Miami Grand Prix,2023_05
OCO,Alpine,57.0,2.0,MEDIUM,18.0,True,1,True,9.0,27.1,33.1,60.0,False,3.0,91.429,False,57,2023,5,Miami Grand Prix,2023_05
MAG,Haas F1 Team,1.0,1.0,MEDIUM,1.0,True,1,False,7.0,26.6,33.8,61.0,False,4.0,100.86,False,57,2023,5,Miami Grand Prix,2023_05
MAG,Haas F1 Team,2.0,1.0,MEDIUM,2.0,True,1,True,7.0,26.6,33.7,61.0,False,3.7,94.557,False,57,2023,5,Miami Grand Prix,2023_05
MAG,Haas F1 Team,3.0,1.0,MEDIUM,3.0,True,1,True,7.0,26.7,33.9,60.0,False,4.1,94.58,False,57,2023,5,Miami Grand Prix,2023_05
MAG,Haas F1 Team,4.0,1.0,MEDIUM,4.0,True,1,True,7.0,26.9,33.9,59.0,False,4.8,94.079,False,57,2023,5,Miami Grand Prix,2023_05
MAG,Haas F1 Team,5.0,1.0,MEDIUM,5.0,True,1,True,7.0,26.9,34.5,60.0,False,4.5,93.281,False,57,2023,5,Miami Grand Prix,2023_05
MAG,Haas F1 Team,6.0,1.0,MEDIUM,6.0,True,1,True,7.0,27.0,35.2,59.0,False,3.7,93.595,False,57,2023,5,Miami Grand Prix,2023_05
MAG,Haas F1 Team,7.0,1.0,MEDIUM,7.0,True,1,True,7.0,27.2,35.5,60.0,False,3.2,93.163,False,57,2023,5,Miami Grand Prix,2023_05
MAG,Haas F1 Team,8.0,1.0,MEDIUM,8.0,True,1,True,7.0,27.3,35.8,59.0,False,4.0,93.136,False,57,2023,5,Miami Grand Prix,2023_05
MAG,Haas F1 Team,9.0,1.0,MEDIUM,9.0,True,1,True,7.0,27.5,37.4,57.0,False,3.7,93.293,False,57,2023,5,Miami Grand Prix,2023_05
MAG,Haas F1 Team,10.0,1.0,MEDIUM,10.0,True,1,True,7.0,27.7,37.9,55.0,False,3.0,93.551,False,57,2023,5,Miami Grand Prix,2023_05
MAG,Haas F1 Team,11.0,1.0,MEDIUM,11.0,True,1,True,7.0,27.6,36.5,58.0,False,3.7,93.431,False,57,2023,5,Miami Grand Prix,2023_05
MAG,Haas F1 Team,12.0,1.0,MEDIUM,12.0,True,1,True,7.0,27.6,35.5,59.0,False,3.7,93.148,False,57,2023,5,Miami Grand Prix,2023_05
MAG,Haas F1 Team,13.0,1.0,MEDIUM,13.0,True,1,True,7.0,27.3,35.0,60.0,False,4.6,94.546,False,57,2023,5,Miami Grand Prix,2023_05
MAG,Haas F1 Team,14.0,1.0,MEDIUM,14.0,True,1,False,12.0,27.1,34.5,60.0,False,2.9,98.728,True,57,2023,5,Miami Grand Prix,2023_05
MAG,Haas F1 Team,15.0,2.0,HARD,1.0,True,1,False,16.0,27.3,34.4,60.0,False,4.6,107.363,True,57,2023,5,Miami Grand Prix,2023_05
MAG,Haas F1 Team,16.0,2.0,HARD,2.0,True,1,True,15.0,27.1,33.7,61.0,False,5.4,92.134,False,57,2023,5,Miami Grand Prix,2023_05
MAG,Haas F1 Team,17.0,2.0,HARD,3.0,True,1,True,15.0,27.1,33.7,61.0,False,3.7,92.645,False,57,2023,5,Miami Grand Prix,2023_05
MAG,Haas F1 Team,18.0,2.0,HARD,4.0,True,1,True,14.0,27.2,34.8,60.0,False,3.0,92.418,False,57,2023,5,Miami Grand Prix,2023_05
MAG,Haas F1 Team,19.0,2.0,HARD,5.0,True,1,True,14.0,27.2,35.0,60.0,False,4.8,92.833,False,57,2023,5,Miami Grand Prix,2023_05
MAG,Haas F1 Team,20.0,2.0,HARD,6.0,True,1,True,14.0,27.1,34.4,61.0,False,3.4,93.613,False,57,2023,5,Miami Grand Prix,2023_05
MAG,Haas F1 Team,21.0,2.0,HARD,7.0,True,1,True,14.0,27.1,34.3,60.0,False,3.0,92.334,False,57,2023,5,Miami Grand Prix,2023_05
MAG,Haas F1 Team,22.0,2.0,HARD,8.0,True,1,True,13.0,27.1,35.0,61.0,False,5.5,92.522,False,57,2023,5,Miami Grand Prix,2023_05
MAG,Haas F1 Team,23.0,2.0,HARD,9.0,True,1,True,13.0,27.2,36.5,60.0,False,4.3,93.278,False,57,2023,5,Miami Grand Prix,2023_05
MAG,Haas F1 Team,24.0,2.0,HARD,10.0,True,1,True,12.0,27.2,36.6,60.0,False,5.4,93.203,False,57,2023,5,Miami Grand Prix,2023_05
MAG,Haas F1 Team,25.0,2.0,HARD,11.0,True,1,True,12.0,27.4,37.1,61.0,False,2.4,92.734,False,57,2023,5,Miami Grand Prix,2023_05
MAG,Haas F1 Team,26.0,2.0,HARD,12.0,True,1,True,12.0,27.5,37.2,61.0,False,3.0,93.039,False,57,2023,5,Miami Grand Prix,2023_05
MAG,Haas F1 Team,27.0,2.0,HARD,13.0,True,1,True,12.0,27.6,38.0,60.0,False,3.7,92.854,False,57,2023,5,Miami Grand Prix,2023_05
MAG,Haas F1 Team,28.0,2.0,HARD,14.0,True,1,True,12.0,27.7,38.5,59.0,False,3.5,92.585,False,57,2023,5,Miami Grand Prix,2023_05
MAG,Haas F1 Team,29.0,2.0,HARD,15.0,True,1,True,12.0,27.5,37.2,58.0,False,4.4,92.426,False,57,2023,5,Miami Grand Prix,2023_05
MAG,Haas F1 Team,30.0,2.0,HARD,16.0,True,1,True,12.0,27.5,36.3,59.0,False,3.2,92.433,False,57,2023,5,Miami Grand Prix,2023_05
MAG,Haas F1 Team,31.0,2.0,HARD,17.0,True,1,True,12.0,27.5,36.0,59.0,False,4.5,92.256,False,57,2023,5,Miami Grand Prix,2023_05
MAG,Haas F1 Team,32.0,2.0,HARD,18.0,True,1,True,12.0,27.5,35.8,59.0,False,4.0,92.592,False,57,2023,5,Miami Grand Prix,2023_05
MAG,Haas F1 Team,33.0,2.0,HARD,19.0,True,1,True,11.0,27.3,35.2,58.0,False,4.1,93.4,False,57,2023,5,Miami Grand Prix,2023_05
MAG,Haas F1 Team,34.0,2.0,HARD,20.0,True,1,True,11.0,27.2,34.4,59.0,False,4.5,92.6,False,57,2023,5,Miami Grand Prix,2023_05
MAG,Haas F1 Team,35.0,2.0,HARD,21.0,True,1,True,11.0,27.0,34.3,60.0,False,3.7,92.958,False,57,2023,5,Miami Grand Prix,2023_05
MAG,Haas F1 Team,36.0,2.0,HARD,22.0,True,1,True,12.0,26.9,34.8,58.0,False,4.3,93.329,False,57,2023,5,Miami Grand Prix,2023_05
MAG,Haas F1 Team,37.0,2.0,HARD,23.0,True,1,True,10.0,27.0,34.6,59.0,False,3.7,93.335,False,57,2023,5,Miami Grand Prix,2023_05
MAG,Haas F1 Team,38.0,2.0,HARD,24.0,True,1,True,10.0,27.0,35.3,58.0,False,4.6,93.578,False,57,2023,5,Miami Grand Prix,2023_05
MAG,Haas F1 Team,39.0,2.0,HARD,25.0,True,1,True,10.0,26.9,35.5,59.0,False,4.3,92.629,False,57,2023,5,Miami Grand Prix,2023_05
MAG,Haas F1 Team,40.0,2.0,HARD,26.0,True,1,True,9.0,26.9,34.5,59.0,False,4.0,92.732,False,57,2023,5,Miami Grand Prix,2023_05
MAG,Haas F1 Team,41.0,2.0,HARD,27.0,True,1,True,9.0,26.9,34.5,60.0,False,4.8,92.678,False,57,2023,5,Miami Grand Prix,2023_05
MAG,Haas F1 Team,42.0,2.0,HARD,28.0,True,1,True,9.0,26.8,33.6,60.0,False,4.4,92.456,False,57,2023,5,Miami Grand Prix,2023_05
MAG,Haas F1 Team,43.0,2.0,HARD,29.0,True,1,True,8.0,26.7,33.3,60.0,False,4.0,92.516,False,57,2023,5,Miami Grand Prix,2023_05
MAG,Haas F1 Team,44.0,2.0,HARD,30.0,True,1,True,8.0,26.7,33.3,60.0,False,4.3,92.292,False,57,2023,5,Miami Grand Prix,2023_05
MAG,Haas F1 Team,45.0,2.0,HARD,31.0,True,1,True,8.0,26.8,33.0,61.0,False,3.2,92.12,False,57,2023,5,Miami Grand Prix,2023_05
MAG,Haas F1 Team,46.0,2.0,HARD,32.0,True,1,True,9.0,27.0,35.1,60.0,False,4.4,93.209,False,57,2023,5,Miami Grand Prix,2023_05
MAG,Haas F1 Team,47.0,2.0,HARD,33.0,True,1,True,10.0,27.3,34.8,58.0,False,5.9,93.387,False,57,2023,5,Miami Grand Prix,2023_05
MAG,Haas F1 Team,48.0,2.0,HARD,34.0,True,1,True,10.0,27.1,34.2,58.0,False,4.4,92.591,False,57,2023,5,Miami Grand Prix,2023_05
MAG,Haas F1 Team,49.0,2.0,HARD,35.0,True,1,True,10.0,27.0,33.3,59.0,False,3.7,92.402,False,57,2023,5,Miami Grand Prix,2023_05
MAG,Haas F1 Team,50.0,2.0,HARD,36.0,True,1,True,10.0,27.0,33.8,59.0,False,2.7,92.462,False,57,2023,5,Miami Grand Prix,2023_05
MAG,Haas F1 Team,51.0,2.0,HARD,37.0,True,1,True,10.0,27.1,33.4,59.0,False,3.2,92.237,False,57,2023,5,Miami Grand Prix,2023_05
MAG,Haas F1 Team,52.0,2.0,HARD,38.0,True,1,True,10.0,27.0,33.4,59.0,False,5.0,91.964,False,57,2023,5,Miami Grand Prix,2023_05
MAG,Haas F1 Team,53.0,2.0,HARD,39.0,True,1,True,10.0,26.9,33.1,59.0,False,3.5,91.691,False,57,2023,5,Miami Grand Prix,2023_05
MAG,Haas F1 Team,54.0,2.0,HARD,40.0,True,1,True,10.0,26.9,32.9,58.0,False,3.5,91.893,False,57,2023,5,Miami Grand Prix,2023_05
MAG,Haas F1 Team,55.0,2.0,HARD,41.0,True,1,True,10.0,27.0,32.9,59.0,False,4.5,91.735,False,57,2023,5,Miami Grand Prix,2023_05
MAG,Haas F1 Team,56.0,2.0,HARD,42.0,True,1,True,10.0,27.0,32.8,59.0,False,3.7,91.757,False,57,2023,5,Miami Grand Prix,2023_05
MAG,Haas F1 Team,57.0,2.0,HARD,43.0,True,1,True,10.0,27.1,33.1,60.0,False,3.0,92.025,False,57,2023,5,Miami Grand Prix,2023_05
TSU,AlphaTauri,1.0,1.0,HARD,1.0,True,1,False,15.0,26.6,33.8,61.0,False,4.0,105.736,False,57,2023,5,Miami Grand Prix,2023_05
TSU,AlphaTauri,2.0,1.0,HARD,2.0,True,1,True,15.0,26.6,33.7,61.0,False,3.7,95.313,False,57,2023,5,Miami Grand Prix,2023_05
TSU,AlphaTauri,3.0,1.0,HARD,3.0,True,1,True,15.0,26.7,33.9,60.0,False,4.1,94.278,False,57,2023,5,Miami Grand Prix,2023_05
TSU,AlphaTauri,4.0,1.0,HARD,4.0,True,1,True,15.0,26.9,33.9,59.0,False,4.8,93.804,False,57,2023,5,Miami Grand Prix,2023_05
TSU,AlphaTauri,5.0,1.0,HARD,5.0,True,1,True,14.0,26.9,34.5,60.0,False,4.5,93.698,False,57,2023,5,Miami Grand Prix,2023_05
TSU,AlphaTauri,6.0,1.0,HARD,6.0,True,1,True,14.0,27.0,35.2,59.0,False,3.7,93.591,False,57,2023,5,Miami Grand Prix,2023_05
TSU,AlphaTauri,7.0,1.0,HARD,7.0,True,1,True,14.0,27.2,35.5,60.0,False,3.2,93.259,False,57,2023,5,Miami Grand Prix,2023_05
TSU,AlphaTauri,8.0,1.0,HARD,8.0,True,1,True,14.0,27.3,35.8,59.0,False,4.0,93.968,False,57,2023,5,Miami Grand Prix,2023_05
TSU,AlphaTauri,9.0,1.0,HARD,9.0,True,1,True,14.0,27.5,37.6,57.0,False,3.0,93.447,False,57,2023,5,Miami Grand Prix,2023_05
TSU,AlphaTauri,10.0,1.0,HARD,10.0,True,1,True,14.0,27.7,37.9,55.0,False,3.0,93.759,False,57,2023,5,Miami Grand Prix,2023_05
TSU,AlphaTauri,11.0,1.0,HARD,11.0,True,1,True,14.0,27.6,36.5,58.0,False,3.7,93.565,False,57,2023,5,Miami Grand Prix,2023_05
TSU,AlphaTauri,12.0,1.0,HARD,12.0,True,1,True,14.0,27.6,35.5,59.0,False,3.7,93.186,False,57,2023,5,Miami Grand Prix,2023_05
TSU,AlphaTauri,13.0,1.0,HARD,13.0,True,1,True,14.0,27.3,35.0,60.0,False,4.6,93.562,False,57,2023,5,Miami Grand Prix,2023_05
TSU,AlphaTauri,14.0,1.0,HARD,14.0,True,1,True,14.0,27.1,34.5,60.0,False,2.9,93.877,False,57,2023,5,Miami Grand Prix,2023_05
TSU,AlphaTauri,15.0,1.0,HARD,15.0,True,1,True,12.0,27.3,34.4,60.0,False,4.6,93.713,False,57,2023,5,Miami Grand Prix,2023_05
TSU,AlphaTauri,16.0,1.0,HARD,16.0,True,1,True,11.0,27.1,33.7,61.0,False,5.4,93.744,False,57,2023,5,Miami Grand Prix,2023_05
TSU,AlphaTauri,17.0,1.0,HARD,17.0,True,1,True,11.0,27.1,33.7,61.0,False,3.7,94.294,False,57,2023,5,Miami Grand Prix,2023_05
TSU,AlphaTauri,18.0,1.0,HARD,18.0,True,1,True,9.0,27.2,34.8,60.0,False,3.0,93.406,False,57,2023,5,Miami Grand Prix,2023_05
TSU,AlphaTauri,19.0,1.0,HARD,19.0,True,1,True,9.0,27.2,35.0,60.0,False,4.8,93.905,False,57,2023,5,Miami Grand Prix,2023_05
TSU,AlphaTauri,20.0,1.0,HARD,20.0,True,1,True,9.0,27.1,34.4,61.0,False,3.4,93.384,False,57,2023,5,Miami Grand Prix,2023_05
TSU,AlphaTauri,21.0,1.0,HARD,21.0,True,1,True,8.0,27.1,34.3,60.0,False,3.0,93.675,False,57,2023,5,Miami Grand Prix,2023_05
TSU,AlphaTauri,22.0,1.0,HARD,22.0,True,1,True,8.0,27.1,35.0,61.0,False,5.5,92.977,False,57,2023,5,Miami Grand Prix,2023_05
TSU,AlphaTauri,23.0,1.0,HARD,23.0,True,1,True,8.0,27.2,36.0,60.0,False,4.1,93.181,False,57,2023,5,Miami Grand Prix,2023_05
TSU,AlphaTauri,24.0,1.0,HARD,24.0,True,1,True,8.0,27.2,36.6,60.0,False,5.4,93.093,False,57,2023,5,Miami Grand Prix,2023_05
TSU,AlphaTauri,25.0,1.0,HARD,25.0,True,1,True,8.0,27.4,37.1,61.0,False,2.4,92.836,False,57,2023,5,Miami Grand Prix,2023_05
TSU,AlphaTauri,26.0,1.0,HARD,26.0,True,1,True,9.0,27.5,37.2,61.0,False,3.0,93.718,False,57,2023,5,Miami Grand Prix,2023_05
TSU,AlphaTauri,27.0,1.0,HARD,27.0,True,1,True,9.0,27.6,38.0,60.0,False,3.7,93.027,False,57,2023,5,Miami Grand Prix,2023_05
TSU,AlphaTauri,28.0,1.0,HARD,28.0,True,1,True,9.0,27.7,38.5,59.0,False,3.5,92.81,False,57,2023,5,Miami Grand Prix,2023_05
TSU,AlphaTauri,29.0,1.0,HARD,29.0,True,1,True,9.0,27.5,37.2,58.0,False,4.4,92.842,False,57,2023,5,Miami Grand Prix,2023_05
TSU,AlphaTauri,30.0,1.0,HARD,30.0,True,1,True,9.0,27.5,36.3,59.0,False,3.2,92.892,False,57,2023,5,Miami Grand Prix,2023_05
TSU,AlphaTauri,31.0,1.0,HARD,31.0,True,1,True,9.0,27.5,36.0,59.0,False,4.5,93.036,False,57,2023,5,Miami Grand Prix,2023_05
TSU,AlphaTauri,32.0,1.0,HARD,32.0,True,1,True,9.0,27.5,35.8,59.0,False,4.0,92.959,False,57,2023,5,Miami Grand Prix,2023_05
TSU,AlphaTauri,33.0,1.0,HARD,33.0,True,1,True,8.0,27.3,35.2,58.0,False,4.1,92.861,False,57,2023,5,Miami Grand Prix,2023_05
TSU,AlphaTauri,34.0,1.0,HARD,34.0,True,1,True,8.0,27.3,34.9,58.0,False,4.6,92.412,False,57,2023,5,Miami Grand Prix,2023_05
TSU,AlphaTauri,35.0,1.0,HARD,35.0,True,1,True,8.0,27.0,34.3,60.0,False,3.7,92.276,False,57,2023,5,Miami Grand Prix,2023_05
TSU,AlphaTauri,36.0,1.0,HARD,36.0,True,1,False,10.0,26.9,34.8,58.0,False,4.3,97.007,True,57,2023,5,Miami Grand Prix,2023_05
TSU,AlphaTauri,37.0,2.0,MEDIUM,1.0,True,1,False,14.0,27.0,34.6,59.0,False,3.7,106.515,True,57,2023,5,Miami Grand Prix,2023_05
TSU,AlphaTauri,38.0,2.0,MEDIUM,2.0,True,1,True,14.0,27.0,35.3,58.0,False,4.6,91.561,False,57,2023,5,Miami Grand Prix,2023_05
TSU,AlphaTauri,39.0,2.0,MEDIUM,3.0,True,1,True,14.0,26.9,35.5,59.0,False,4.3,91.944,False,57,2023,5,Miami Grand Prix,2023_05
TSU,AlphaTauri,40.0,2.0,MEDIUM,4.0,True,1,True,14.0,26.9,34.5,59.0,False,4.0,92.274,False,57,2023,5,Miami Grand Prix,2023_05
TSU,AlphaTauri,41.0,2.0,MEDIUM,5.0,True,1,True,14.0,26.9,34.1,60.0,False,2.7,92.294,False,57,2023,5,Miami Grand Prix,2023_05
TSU,AlphaTauri,42.0,2.0,MEDIUM,6.0,True,1,True,14.0,26.8,33.6,60.0,False,4.4,92.361,False,57,2023,5,Miami Grand Prix,2023_05
TSU,AlphaTauri,43.0,2.0,MEDIUM,7.0,True,1,True,13.0,26.7,33.5,60.0,False,4.6,92.26,False,57,2023,5,Miami Grand Prix,2023_05
TSU,AlphaTauri,44.0,2.0,MEDIUM,8.0,True,1,True,13.0,26.7,33.3,60.0,False,4.3,92.083,False,57,2023,5,Miami Grand Prix,2023_05
TSU,AlphaTauri,45.0,2.0,MEDIUM,9.0,True,1,True,13.0,26.8,33.0,61.0,False,3.2,92.193,False,57,2023,5,Miami Grand Prix,2023_05
TSU,AlphaTauri,46.0,2.0,MEDIUM,10.0,True,1,True,13.0,27.0,35.1,60.0,False,4.4,92.38,False,57,2023,5,Miami Grand Prix,2023_05
TSU,AlphaTauri,47.0,2.0,MEDIUM,11.0,True,1,True,12.0,27.3,34.8,58.0,False,5.9,92.124,False,57,2023,5,Miami Grand Prix,2023_05
TSU,AlphaTauri,48.0,2.0,MEDIUM,12.0,True,1,True,12.0,27.1,34.2,58.0,False,4.4,91.991,False,57,2023,5,Miami Grand Prix,2023_05
TSU,AlphaTauri,49.0,2.0,MEDIUM,13.0,True,1,True,12.0,27.0,33.3,59.0,False,3.7,91.607,False,57,2023,5,Miami Grand Prix,2023_05
TSU,AlphaTauri,50.0,2.0,MEDIUM,14.0,True,1,True,11.0,27.0,33.8,59.0,False,2.7,92.372,False,57,2023,5,Miami Grand Prix,2023_05
TSU,AlphaTauri,51.0,2.0,MEDIUM,15.0,True,1,True,11.0,27.1,33.4,59.0,False,3.2,91.448,False,57,2023,5,Miami Grand Prix,2023_05
TSU,AlphaTauri,52.0,2.0,MEDIUM,16.0,True,1,True,11.0,27.0,33.4,59.0,False,5.0,91.503,False,57,2023,5,Miami Grand Prix,2023_05
TSU,AlphaTauri,53.0,2.0,MEDIUM,17.0,True,1,True,11.0,26.9,33.1,59.0,False,3.5,91.514,False,57,2023,5,Miami Grand Prix,2023_05
TSU,AlphaTauri,54.0,2.0,MEDIUM,18.0,True,1,True,11.0,26.9,32.9,58.0,False,3.5,91.482,False,57,2023,5,Miami Grand Prix,2023_05
TSU,AlphaTauri,55.0,2.0,MEDIUM,19.0,True,1,True,11.0,27.0,32.9,59.0,False,4.5,91.19,False,57,2023,5,Miami Grand Prix,2023_05
TSU,AlphaTauri,56.0,2.0,MEDIUM,20.0,True,1,True,11.0,27.1,32.8,59.0,False,3.7,91.038,False,57,2023,5,Miami Grand Prix,2023_05
TSU,AlphaTauri,57.0,2.0,MEDIUM,21.0,True,1,True,11.0,27.1,33.1,60.0,False,3.0,91.325,False,57,2023,5,Miami Grand Prix,2023_05
STR,Aston Martin,1.0,1.0,HARD,2.0,False,1,False,17.0,26.6,33.8,61.0,False,4.0,106.289,False,57,2023,5,Miami Grand Prix,2023_05
STR,Aston Martin,2.0,1.0,HARD,3.0,False,1,True,17.0,26.6,33.7,61.0,False,3.7,95.75,False,57,2023,5,Miami Grand Prix,2023_05
STR,Aston Martin,3.0,1.0,HARD,4.0,False,1,True,17.0,26.7,33.9,60.0,False,4.1,94.327,False,57,2023,5,Miami Grand Prix,2023_05
STR,Aston Martin,4.0,1.0,HARD,5.0,False,1,True,17.0,26.9,33.9,59.0,False,4.8,93.947,False,57,2023,5,Miami Grand Prix,2023_05
STR,Aston Martin,5.0,1.0,HARD,6.0,False,1,True,16.0,26.9,34.5,60.0,False,4.5,93.637,False,57,2023,5,Miami Grand Prix,2023_05
STR,Aston Martin,6.0,1.0,HARD,7.0,False,1,True,16.0,27.0,35.2,59.0,False,3.7,93.834,False,57,2023,5,Miami Grand Prix,2023_05
STR,Aston Martin,7.0,1.0,HARD,8.0,False,1,True,16.0,27.3,35.6,59.0,False,2.2,93.593,False,57,2023,5,Miami Grand Prix,2023_05
STR,Aston Martin,8.0,1.0,HARD,9.0,False,1,True,16.0,27.3,35.8,59.0,False,4.0,93.663,False,57,2023,5,Miami Grand Prix,2023_05
STR,Aston Martin,9.0,1.0,HARD,10.0,False,1,True,16.0,27.5,37.6,57.0,False,3.0,93.778,False,57,2023,5,Miami Grand Prix,2023_05
STR,Aston Martin,10.0,1.0,HARD,11.0,False,1,True,16.0,27.7,37.9,55.0,False,3.0,93.445,False,57,2023,5,Miami Grand Prix,2023_05
STR,Aston Martin,11.0,1.0,HARD,12.0,False,1,True,16.0,27.6,36.5,58.0,False,3.7,94.014,False,57,2023,5,Miami Grand Prix,2023_05
STR,Aston Martin,12.0,1.0,HARD,13.0,False,1,True,16.0,27.6,35.5,59.0,False,3.7,93.718,False,57,2023,5,Miami Grand Prix,2023_05
STR,Aston Martin,13.0,1.0,HARD,14.0,False,1,True,16.0,27.3,35.0,60.0,False,4.6,93.766,False,57,2023,5,Miami Grand Prix,2023_05
STR,Aston Martin,14.0,1.0,HARD,15.0,False,1,True,16.0,27.1,34.5,60.0,False,2.9,93.758,False,57,2023,5,Miami Grand Prix,2023_05
STR,Aston Martin,15.0,1.0,HARD,16.0,False,1,True,14.0,27.3,34.4,60.0,False,4.6,93.406,False,57,2023,5,Miami Grand Prix,2023_05
STR,Aston Martin,16.0,1.0,HARD,17.0,False,1,True,13.0,27.1,33.7,61.0,False,5.4,93.442,False,57,2023,5,Miami Grand Prix,2023_05
STR,Aston Martin,17.0,1.0,HARD,18.0,False,1,True,13.0,27.1,33.7,61.0,False,3.7,93.444,False,57,2023,5,Miami Grand Prix,2023_05
STR,Aston Martin,18.0,1.0,HARD,19.0,False,1,True,11.0,27.2,34.8,60.0,False,3.0,93.401,False,57,2023,5,Miami Grand Prix,2023_05
STR,Aston Martin,19.0,1.0,HARD,20.0,False,1,True,10.0,27.2,35.0,60.0,False,4.8,93.605,False,57,2023,5,Miami Grand Prix,2023_05
STR,Aston Martin,20.0,1.0,HARD,21.0,False,1,True,10.0,27.1,34.4,61.0,False,3.4,93.261,False,57,2023,5,Miami Grand Prix,2023_05
STR,Aston Martin,21.0,1.0,HARD,22.0,False,1,True,10.0,27.1,34.3,60.0,False,3.0,93.551,False,57,2023,5,Miami Grand Prix,2023_05
STR,Aston Martin,22.0,1.0,HARD,23.0,False,1,True,9.0,27.1,35.0,61.0,False,5.5,94.178,False,57,2023,5,Miami Grand Prix,2023_05
STR,Aston Martin,23.0,1.0,HARD,24.0,False,1,True,9.0,27.2,36.0,60.0,False,4.1,93.1,False,57,2023,5,Miami Grand Prix,2023_05
STR,Aston Martin,24.0,1.0,HARD,25.0,False,1,True,10.0,27.2,36.6,60.0,False,5.4,93.811,False,57,2023,5,Miami Grand Prix,2023_05
STR,Aston Martin,25.0,1.0,HARD,26.0,False,1,True,11.0,27.4,37.1,61.0,False,2.4,93.786,False,57,2023,5,Miami Grand Prix,2023_05
STR,Aston Martin,26.0,1.0,HARD,27.0,False,1,True,11.0,27.5,37.2,61.0,False,3.0,93.022,False,57,2023,5,Miami Grand Prix,2023_05
STR,Aston Martin,27.0,1.0,HARD,28.0,False,1,True,11.0,27.6,38.0,60.0,False,3.7,92.999,False,57,2023,5,Miami Grand Prix,2023_05
STR,Aston Martin,28.0,1.0,HARD,29.0,False,1,True,11.0,27.7,38.5,59.0,False,3.5,92.626,False,57,2023,5,Miami Grand Prix,2023_05
STR,Aston Martin,29.0,1.0,HARD,30.0,False,1,True,11.0,27.5,37.2,58.0,False,4.4,92.667,False,57,2023,5,Miami Grand Prix,2023_05
STR,Aston Martin,30.0,1.0,HARD,31.0,False,1,True,11.0,27.5,36.3,59.0,False,3.2,92.706,False,57,2023,5,Miami Grand Prix,2023_05
STR,Aston Martin,31.0,1.0,HARD,32.0,False,1,True,11.0,27.5,36.0,59.0,False,4.5,92.514,False,57,2023,5,Miami Grand Prix,2023_05
STR,Aston Martin,32.0,1.0,HARD,33.0,False,1,True,11.0,27.5,35.8,59.0,False,4.0,92.62,False,57,2023,5,Miami Grand Prix,2023_05
STR,Aston Martin,33.0,1.0,HARD,34.0,False,1,True,10.0,27.3,35.2,58.0,False,4.1,94.467,False,57,2023,5,Miami Grand Prix,2023_05
STR,Aston Martin,34.0,1.0,HARD,35.0,False,1,True,10.0,27.2,34.4,59.0,False,4.5,92.559,False,57,2023,5,Miami Grand Prix,2023_05
STR,Aston Martin,35.0,1.0,HARD,36.0,False,1,True,10.0,27.0,34.3,60.0,False,3.7,92.574,False,57,2023,5,Miami Grand Prix,2023_05
STR,Aston Martin,36.0,1.0,HARD,37.0,False,1,True,9.0,26.9,34.8,58.0,False,4.3,92.639,False,57,2023,5,Miami Grand Prix,2023_05
STR,Aston Martin,37.0,1.0,HARD,38.0,False,1,True,9.0,27.0,34.6,59.0,False,3.7,92.501,False,57,2023,5,Miami Grand Prix,2023_05
STR,Aston Martin,38.0,1.0,HARD,39.0,False,1,True,8.0,27.0,35.3,58.0,False,4.6,92.422,False,57,2023,5,Miami Grand Prix,2023_05
STR,Aston Martin,39.0,1.0,HARD,40.0,False,1,True,8.0,26.9,35.5,59.0,False,4.3,92.299,False,57,2023,5,Miami Grand Prix,2023_05
STR,Aston Martin,40.0,1.0,HARD,41.0,False,1,True,7.0,26.9,34.5,59.0,False,4.0,92.24,False,57,2023,5,Miami Grand Prix,2023_05
STR,Aston Martin,41.0,1.0,HARD,42.0,False,1,True,7.0,26.9,34.5,60.0,False,4.8,92.247,False,57,2023,5,Miami Grand Prix,2023_05
STR,Aston Martin,42.0,1.0,HARD,43.0,False,1,False,8.0,26.8,33.6,60.0,False,4.4,97.256,True,57,2023,5,Miami Grand Prix,2023_05
STR,Aston Martin,43.0,2.0,MEDIUM,2.0,False,1,False,15.0,26.7,33.3,60.0,False,4.0,106.469,True,57,2023,5,Miami Grand Prix,2023_05
STR,Aston Martin,44.0,2.0,MEDIUM,3.0,False,1,True,15.0,26.7,33.3,60.0,False,4.3,90.862,False,57,2023,5,Miami Grand Prix,2023_05
STR,Aston Martin,45.0,2.0,MEDIUM,4.0,False,1,True,15.0,26.8,33.0,61.0,False,3.2,91.357,False,57,2023,5,Miami Grand Prix,2023_05
STR,Aston Martin,46.0,2.0,MEDIUM,5.0,False,1,True,15.0,27.0,35.1,60.0,False,4.4,91.299,False,57,2023,5,Miami Grand Prix,2023_05
STR,Aston Martin,47.0,2.0,MEDIUM,6.0,False,1,True,14.0,27.3,34.8,58.0,False,5.9,91.426,False,57,2023,5,Miami Grand Prix,2023_05
STR,Aston Martin,48.0,2.0,MEDIUM,7.0,False,1,True,14.0,27.1,34.2,58.0,False,4.4,92.237,False,57,2023,5,Miami Grand Prix,2023_05
STR,Aston Martin,49.0,2.0,MEDIUM,8.0,False,1,True,13.0,27.0,33.3,59.0,False,3.7,91.705,False,57,2023,5,Miami Grand Prix,2023_05
STR,Aston Martin,50.0,2.0,MEDIUM,9.0,False,1,True,13.0,27.0,33.8,59.0,False,2.7,91.733,False,57,2023,5,Miami Grand Prix,2023_05
STR,Aston Martin,51.0,2.0,MEDIUM,10.0,False,1,True,12.0,27.1,33.4,59.0,False,3.2,92.03,False,57,2023,5,Miami Grand Prix,2023_05
STR,Aston Martin,52.0,2.0,MEDIUM,11.0,False,1,True,12.0,27.0,33.4,59.0,False,5.0,91.513,False,57,2023,5,Miami Grand Prix,2023_05
STR,Aston Martin,53.0,2.0,MEDIUM,12.0,False,1,True,12.0,26.9,33.1,59.0,False,3.5,91.521,False,57,2023,5,Miami Grand Prix,2023_05
STR,Aston Martin,54.0,2.0,MEDIUM,13.0,False,1,True,12.0,26.9,32.9,58.0,False,4.0,91.076,False,57,2023,5,Miami Grand Prix,2023_05
STR,Aston Martin,55.0,2.0,MEDIUM,14.0,False,1,True,12.0,27.0,32.9,59.0,False,4.5,90.978,False,57,2023,5,Miami Grand Prix,2023_05
STR,Aston Martin,56.0,2.0,MEDIUM,15.0,False,1,True,12.0,27.1,32.8,59.0,False,3.7,90.88,False,57,2023,5,Miami Grand Prix,2023_05
STR,Aston Martin,57.0,2.0,MEDIUM,16.0,False,1,True,12.0,27.1,33.1,60.0,False,3.0,91.047,False,57,2023,5,Miami Grand Prix,2023_05
BOT,Alfa Romeo,1.0,1.0,MEDIUM,1.0,True,1,False,8.0,26.6,33.8,61.0,False,4.0,101.314,False,57,2023,5,Miami Grand Prix,2023_05
BOT,Alfa Romeo,2.0,1.0,MEDIUM,2.0,True,1,True,9.0,26.6,33.7,61.0,False,3.7,95.623,False,57,2023,5,Miami Grand Prix,2023_05
BOT,Alfa Romeo,3.0,1.0,MEDIUM,3.0,True,1,True,9.0,26.7,33.9,60.0,False,4.1,93.933,False,57,2023,5,Miami Grand Prix,2023_05
BOT,Alfa Romeo,4.0,1.0,MEDIUM,4.0,True,1,True,9.0,26.9,33.9,59.0,False,4.8,94.493,False,57,2023,5,Miami Grand Prix,2023_05
BOT,Alfa Romeo,5.0,1.0,MEDIUM,5.0,True,1,True,10.0,26.9,34.5,60.0,False,4.5,94.177,False,57,2023,5,Miami Grand Prix,2023_05
BOT,Alfa Romeo,6.0,1.0,MEDIUM,6.0,True,1,True,10.0,27.0,35.2,59.0,False,3.7,93.821,False,57,2023,5,Miami Grand Prix,2023_05
BOT,Alfa Romeo,7.0,1.0,MEDIUM,7.0,True,1,True,10.0,27.2,35.5,60.0,False,3.2,93.67,False,57,2023,5,Miami Grand Prix,2023_05
BOT,Alfa Romeo,8.0,1.0,MEDIUM,8.0,True,1,True,10.0,27.3,35.8,59.0,False,4.0,93.856,False,57,2023,5,Miami Grand Prix,2023_05
BOT,Alfa Romeo,9.0,1.0,MEDIUM,9.0,True,1,True,10.0,27.5,37.6,57.0,False,3.0,93.727,False,57,2023,5,Miami Grand Prix,2023_05
BOT,Alfa Romeo,10.0,1.0,MEDIUM,10.0,True,1,True,10.0,27.7,37.9,55.0,False,3.0,93.762,False,57,2023,5,Miami Grand Prix,2023_05
BOT,Alfa Romeo,11.0,1.0,MEDIUM,11.0,True,1,True,10.0,27.6,36.5,58.0,False,3.7,93.377,False,57,2023,5,Miami Grand Prix,2023_05
BOT,Alfa Romeo,12.0,1.0,MEDIUM,12.0,True,1,True,10.0,27.6,35.5,59.0,False,3.7,93.151,False,57,2023,5,Miami Grand Prix,2023_05
BOT,Alfa Romeo,13.0,1.0,MEDIUM,13.0,True,1,True,10.0,27.3,35.0,60.0,False,4.6,93.352,False,57,2023,5,Miami Grand Prix,2023_05
BOT,Alfa Romeo,14.0,1.0,MEDIUM,14.0,True,1,True,9.0,27.1,34.5,60.0,False,2.9,93.894,False,57,2023,5,Miami Grand Prix,2023_05
BOT,Alfa Romeo,15.0,1.0,MEDIUM,15.0,True,1,False,15.0,27.3,34.4,60.0,False,4.6,99.631,True,57,2023,5,Miami Grand Prix,2023_05
BOT,Alfa Romeo,16.0,2.0,HARD,1.0,True,1,False,16.0,27.1,33.7,61.0,False,5.4,108.475,True,57,2023,5,Miami Grand Prix,2023_05
BOT,Alfa Romeo,17.0,2.0,HARD,2.0,True,1,True,16.0,27.1,33.7,61.0,False,3.7,92.543,False,57,2023,5,Miami Grand Prix,2023_05
BOT,Alfa Romeo,18.0,2.0,HARD,3.0,True,1,True,16.0,27.2,34.8,60.0,False,3.0,93.893,False,57,2023,5,Miami Grand Prix,2023_05
BOT,Alfa Romeo,19.0,2.0,HARD,4.0,True,1,True,16.0,27.2,35.0,60.0,False,4.8,93.326,False,57,2023,5,Miami Grand Prix,2023_05
BOT,Alfa Romeo,20.0,2.0,HARD,5.0,True,1,True,16.0,27.1,34.4,61.0,False,3.4,92.981,False,57,2023,5,Miami Grand Prix,2023_05
BOT,Alfa Romeo,21.0,2.0,HARD,6.0,True,1,True,16.0,27.0,34.5,60.0,False,4.4,93.112,False,57,2023,5,Miami Grand Prix,2023_05
BOT,Alfa Romeo,22.0,2.0,HARD,7.0,True,1,True,16.0,27.1,35.0,61.0,False,5.5,92.876,False,57,2023,5,Miami Grand Prix,2023_05
BOT,Alfa Romeo,23.0,2.0,HARD,8.0,True,1,True,15.0,27.2,36.5,60.0,False,4.3,93.085,False,57,2023,5,Miami Grand Prix,2023_05
BOT,Alfa Romeo,24.0,2.0,HARD,9.0,True,1,True,15.0,27.2,36.6,60.0,False,5.4,93.046,False,57,2023,5,Miami Grand Prix,2023_05
BOT,Alfa Romeo,25.0,2.0,HARD,10.0,True,1,True,15.0,27.4,37.1,61.0,False,2.4,92.901,False,57,2023,5,Miami Grand Prix,2023_05
BOT,Alfa Romeo,26.0,2.0,HARD,11.0,True,1,True,15.0,27.5,37.2,61.0,False,3.0,92.851,False,57,2023,5,Miami Grand Prix,2023_05
BOT,Alfa Romeo,27.0,2.0,HARD,12.0,True,1,True,15.0,27.6,38.0,60.0,False,3.7,92.797,False,57,2023,5,Miami Grand Prix,2023_05
BOT,Alfa Romeo,28.0,2.0,HARD,13.0,True,1,True,15.0,27.7,38.5,59.0,False,3.5,92.64,False,57,2023,5,Miami Grand Prix,2023_05
BOT,Alfa Romeo,29.0,2.0,HARD,14.0,True,1,True,15.0,27.5,37.2,58.0,False,4.4,92.937,False,57,2023,5,Miami Grand Prix,2023_05
BOT,Alfa Romeo,30.0,2.0,HARD,15.0,True,1,True,15.0,27.4,35.9,59.0,False,3.7,92.631,False,57,2023,5,Miami Grand Prix,2023_05
BOT,Alfa Romeo,31.0,2.0,HARD,16.0,True,1,True,14.0,27.5,36.0,59.0,False,4.5,92.584,False,57,2023,5,Miami Grand Prix,2023_05
BOT,Alfa Romeo,32.0,2.0,HARD,17.0,True,1,True,14.0,27.4,35.5,59.0,False,3.5,92.496,False,57,2023,5,Miami Grand Prix,2023_05
BOT,Alfa Romeo,33.0,2.0,HARD,18.0,True,1,True,14.0,27.3,35.2,58.0,False,4.1,92.575,False,57,2023,5,Miami Grand Prix,2023_05
BOT,Alfa Romeo,34.0,2.0,HARD,19.0,True,1,True,13.0,27.2,34.4,59.0,False,4.5,92.47,False,57,2023,5,Miami Grand Prix,2023_05
BOT,Alfa Romeo,35.0,2.0,HARD,20.0,True,1,True,13.0,27.0,34.3,60.0,False,3.7,92.443,False,57,2023,5,Miami Grand Prix,2023_05
BOT,Alfa Romeo,36.0,2.0,HARD,21.0,True,1,True,13.0,26.9,34.8,58.0,False,4.3,92.524,False,57,2023,5,Miami Grand Prix,2023_05
BOT,Alfa Romeo,37.0,2.0,HARD,22.0,True,1,True,12.0,27.0,34.6,59.0,False,3.7,92.492,False,57,2023,5,Miami Grand Prix,2023_05
BOT,Alfa Romeo,38.0,2.0,HARD,23.0,True,1,True,11.0,27.0,35.3,58.0,False,4.6,92.632,False,57,2023,5,Miami Grand Prix,2023_05
BOT,Alfa Romeo,39.0,2.0,HARD,24.0,True,1,True,12.0,26.9,35.5,59.0,False,4.3,92.844,False,57,2023,5,Miami Grand Prix,2023_05
BOT,Alfa Romeo,40.0,2.0,HARD,25.0,True,1,True,12.0,26.9,34.5,59.0,False,4.0,94.143,False,57,2023,5,Miami Grand Prix,2023_05
BOT,Alfa Romeo,41.0,2.0,HARD,26.0,True,1,True,12.0,26.9,34.1,60.0,False,2.7,92.777,False,57,2023,5,Miami Grand Prix,2023_05
BOT,Alfa Romeo,42.0,2.0,HARD,27.0,True,1,True,12.0,26.8,33.6,60.0,False,4.4,92.216,False,57,2023,5,Miami Grand Prix,2023_05
BOT,Alfa Romeo,43.0,2.0,HARD,28.0,True,1,True,11.0,26.7,33.5,60.0,False,4.6,92.348,False,57,2023,5,Miami Grand Prix,2023_05
BOT,Alfa Romeo,44.0,2.0,HARD,29.0,True,1,True,11.0,26.7,33.3,60.0,False,4.3,92.079,False,57,2023,5,Miami Grand Prix,2023_05
BOT,Alfa Romeo,45.0,2.0,HARD,30.0,True,1,True,11.0,26.8,33.0,61.0,False,3.2,92.269,False,57,2023,5,Miami Grand Prix,2023_05
BOT,Alfa Romeo,46.0,2.0,HARD,31.0,True,1,True,11.0,27.0,35.1,60.0,False,4.4,92.618,False,57,2023,5,Miami Grand Prix,2023_05
BOT,Alfa Romeo,47.0,2.0,HARD,32.0,True,1,True,11.0,27.3,34.8,58.0,False,5.9,92.014,False,57,2023,5,Miami Grand Prix,2023_05
BOT,Alfa Romeo,48.0,2.0,HARD,33.0,True,1,True,11.0,27.1,34.2,58.0,False,4.4,92.427,False,57,2023,5,Miami Grand Prix,2023_05
BOT,Alfa Romeo,49.0,2.0,HARD,34.0,True,1,True,11.0,27.0,33.3,59.0,False,3.7,92.35,False,57,2023,5,Miami Grand Prix,2023_05
BOT,Alfa Romeo,50.0,2.0,HARD,35.0,True,1,True,12.0,27.0,33.8,59.0,False,2.7,93.074,False,57,2023,5,Miami Grand Prix,2023_05
BOT,Alfa Romeo,51.0,2.0,HARD,36.0,True,1,True,13.0,27.1,33.4,59.0,False,3.2,92.997,False,57,2023,5,Miami Grand Prix,2023_05
BOT,Alfa Romeo,52.0,2.0,HARD,37.0,True,1,True,13.0,27.0,33.4,59.0,False,5.0,92.793,False,57,2023,5,Miami Grand Prix,2023_05
BOT,Alfa Romeo,53.0,2.0,HARD,38.0,True,1,True,13.0,26.9,33.1,59.0,False,3.5,92.855,False,57,2023,5,Miami Grand Prix,2023_05
BOT,Alfa Romeo,54.0,2.0,HARD,39.0,True,1,True,13.0,26.9,32.9,58.0,False,4.0,92.188,False,57,2023,5,Miami Grand Prix,2023_05
BOT,Alfa Romeo,55.0,2.0,HARD,40.0,True,1,True,13.0,27.0,32.9,59.0,False,4.5,92.063,False,57,2023,5,Miami Grand Prix,2023_05
BOT,Alfa Romeo,56.0,2.0,HARD,41.0,True,1,True,13.0,27.1,32.8,59.0,False,3.7,91.838,False,57,2023,5,Miami Grand Prix,2023_05
BOT,Alfa Romeo,57.0,2.0,HARD,42.0,True,1,True,13.0,27.1,33.1,60.0,False,3.0,91.894,False,57,2023,5,Miami Grand Prix,2023_05
ALB,Williams,1.0,1.0,MEDIUM,1.0,True,1,False,12.0,26.6,33.8,61.0,False,4.0,103.346,False,57,2023,5,Miami Grand Prix,2023_05
ALB,Williams,2.0,1.0,MEDIUM,2.0,True,1,True,12.0,26.6,33.7,61.0,False,3.7,95.177,False,57,2023,5,Miami Grand Prix,2023_05
ALB,Williams,3.0,1.0,MEDIUM,3.0,True,1,True,12.0,26.7,33.9,60.0,False,4.1,94.158,False,57,2023,5,Miami Grand Prix,2023_05
ALB,Williams,4.0,1.0,MEDIUM,4.0,True,1,True,12.0,26.9,33.9,59.0,False,4.8,94.269,False,57,2023,5,Miami Grand Prix,2023_05
ALB,Williams,5.0,1.0,MEDIUM,5.0,True,1,True,12.0,26.9,34.5,60.0,False,4.5,93.842,False,57,2023,5,Miami Grand Prix,2023_05
ALB,Williams,6.0,1.0,MEDIUM,6.0,True,1,True,12.0,27.0,35.2,59.0,False,3.7,93.689,False,57,2023,5,Miami Grand Prix,2023_05
ALB,Williams,7.0,1.0,MEDIUM,7.0,True,1,True,12.0,27.2,35.5,60.0,False,3.2,93.544,False,57,2023,5,Miami Grand Prix,2023_05
ALB,Williams,8.0,1.0,MEDIUM,8.0,True,1,True,12.0,27.3,35.8,59.0,False,4.0,94.267,False,57,2023,5,Miami Grand Prix,2023_05
ALB,Williams,9.0,1.0,MEDIUM,9.0,True,1,True,12.0,27.5,37.6,57.0,False,3.0,93.593,False,57,2023,5,Miami Grand Prix,2023_05
ALB,Williams,10.0,1.0,MEDIUM,10.0,True,1,True,12.0,27.7,37.9,55.0,False,3.0,93.902,False,57,2023,5,Miami Grand Prix,2023_05
ALB,Williams,11.0,1.0,MEDIUM,11.0,True,1,True,12.0,27.6,36.5,58.0,False,3.7,93.455,False,57,2023,5,Miami Grand Prix,2023_05
ALB,Williams,12.0,1.0,MEDIUM,12.0,True,1,True,12.0,27.6,35.5,59.0,False,3.7,93.292,False,57,2023,5,Miami Grand Prix,2023_05
ALB,Williams,13.0,1.0,MEDIUM,13.0,True,1,True,12.0,27.3,35.0,60.0,False,4.6,93.605,False,57,2023,5,Miami Grand Prix,2023_05
ALB,Williams,14.0,1.0,MEDIUM,14.0,True,1,True,11.0,27.1,34.5,60.0,False,2.9,93.704,False,57,2023,5,Miami Grand Prix,2023_05
ALB,Williams,15.0,1.0,MEDIUM,15.0,True,1,True,11.0,27.3,34.4,60.0,False,4.6,94.412,False,57,2023,5,Miami Grand Prix,2023_05
ALB,Williams,16.0,1.0,MEDIUM,16.0,True,1,True,10.0,27.1,33.7,61.0,False,5.4,93.91,False,57,2023,5,Miami Grand Prix,2023_05
ALB,Williams,17.0,1.0,MEDIUM,17.0,True,1,True,10.0,27.1,33.7,61.0,False,3.7,93.692,False,57,2023,5,Miami Grand Prix,2023_05
ALB,Williams,18.0,1.0,MEDIUM,18.0,True,1,True,8.0,27.2,34.8,60.0,False,3.0,93.858,False,57,2023,5,Miami Grand Prix,2023_05
ALB,Williams,19.0,1.0,MEDIUM,19.0,True,1,True,8.0,27.2,35.0,60.0,False,4.8,94.015,False,57,2023,5,Miami Grand Prix,2023_05
ALB,Williams,20.0,1.0,MEDIUM,20.0,True,1,True,8.0,27.1,34.4,61.0,False,3.4,93.391,False,57,2023,5,Miami Grand Prix,2023_05
ALB,Williams,21.0,1.0,MEDIUM,21.0,True,1,True,9.0,27.1,34.3,60.0,False,3.0,94.324,False,57,2023,5,Miami Grand Prix,2023_05
ALB,Williams,22.0,1.0,MEDIUM,22.0,True,1,False,14.0,27.1,35.0,61.0,False,5.5,99.058,True,57,2023,5,Miami Grand Prix,2023_05
ALB,Williams,23.0,2.0,HARD,1.0,True,1,False,17.0,27.2,36.5,60.0,False,4.3,107.79,True,57,2023,5,Miami Grand Prix,2023_05
ALB,Williams,24.0,2.0,HARD,2.0,True,1,True,17.0,27.2,36.6,60.0,False,5.4,92.241,False,57,2023,5,Miami Grand Prix,2023_05
ALB,Williams,25.0,2.0,HARD,3.0,True,1,True,17.0,27.4,37.1,61.0,False,2.4,92.519,False,57,2023,5,Miami Grand Prix,2023_05
ALB,Williams,26.0,2.0,HARD,4.0,True,1,True,17.0,27.5,37.2,61.0,False,3.0,92.586,False,57,2023,5,Miami Grand Prix,2023_05
ALB,Williams,27.0,2.0,HARD,5.0,True,1,True,16.0,27.6,38.0,60.0,False,3.7,92.07,False,57,2023,5,Miami Grand Prix,2023_05
ALB,Williams,28.0,2.0,HARD,6.0,True,1,True,16.0,27.6,38.5,58.0,False,4.3,92.378,False,57,2023,5,Miami Grand Prix,2023_05
ALB,Williams,29.0,2.0,HARD,7.0,True,1,True,16.0,27.5,37.2,58.0,False,4.4,92.383,False,57,2023,5,Miami Grand Prix,2023_05
ALB,Williams,30.0,2.0,HARD,8.0,True,1,True,16.0,27.4,35.9,59.0,False,3.7,92.522,False,57,2023,5,Miami Grand Prix,2023_05
ALB,Williams,31.0,2.0,HARD,9.0,True,1,True,16.0,27.5,36.0,59.0,False,4.5,92.408,False,57,2023,5,Miami Grand Prix,2023_05
ALB,Williams,32.0,2.0,HARD,10.0,True,1,True,15.0,27.4,35.5,59.0,False,3.5,92.222,False,57,2023,5,Miami Grand Prix,2023_05
ALB,Williams,33.0,2.0,HARD,11.0,True,1,True,15.0,27.3,35.2,58.0,False,4.1,92.681,False,57,2023,5,Miami Grand Prix,2023_05
ALB,Williams,34.0,2.0,HARD,12.0,True,1,True,14.0,27.2,34.4,59.0,False,4.5,92.311,False,57,2023,5,Miami Grand Prix,2023_05
ALB,Williams,35.0,2.0,HARD,13.0,True,1,True,14.0,27.0,34.3,60.0,False,3.7,92.305,False,57,2023,5,Miami Grand Prix,2023_05
ALB,Williams,36.0,2.0,HARD,14.0,True,1,True,14.0,26.9,34.8,58.0,False,4.3,92.318,False,57,2023,5,Miami Grand Prix,2023_05
ALB,Williams,37.0,2.0,HARD,15.0,True,1,True,13.0,27.0,34.6,59.0,False,3.7,92.346,False,57,2023,5,Miami Grand Prix,2023_05
ALB,Williams,38.0,2.0,HARD,16.0,True,1,True,13.0,27.0,35.3,58.0,False,4.6,93.361,False,57,2023,5,Miami Grand Prix,2023_05
ALB,Williams,39.0,2.0,HARD,17.0,True,1,True,13.0,26.9,35.5,59.0,False,4.3,92.444,False,57,2023,5,Miami Grand Prix,2023_05
ALB,Williams,40.0,2.0,HARD,18.0,True,1,True,13.0,26.9,34.5,59.0,False,4.0,92.753,False,57,2023,5,Miami Grand Prix,2023_05
ALB,Williams,41.0,2.0,HARD,19.0,True,1,True,13.0,26.9,34.1,60.0,False,2.7,92.386,False,57,2023,5,Miami Grand Prix,2023_05
ALB,Williams,42.0,2.0,HARD,20.0,True,1,True,13.0,26.8,33.6,60.0,False,4.4,92.816,False,57,2023,5,Miami Grand Prix,2023_05
ALB,Williams,43.0,2.0,HARD,21.0,True,1,True,12.0,26.7,33.5,60.0,False,4.6,92.456,False,57,2023,5,Miami Grand Prix,2023_05
ALB,Williams,44.0,2.0,HARD,22.0,True,1,True,12.0,26.7,33.3,60.0,False,4.3,91.996,False,57,2023,5,Miami Grand Prix,2023_05
ALB,Williams,45.0,2.0,HARD,23.0,True,1,True,12.0,26.8,33.0,61.0,False,3.2,92.369,False,57,2023,5,Miami Grand Prix,2023_05
ALB,Williams,46.0,2.0,HARD,24.0,True,1,True,12.0,27.0,35.1,60.0,False,4.4,92.419,False,57,2023,5,Miami Grand Prix,2023_05
ALB,Williams,47.0,2.0,HARD,25.0,True,1,True,13.0,27.3,34.8,58.0,False,5.9,92.711,False,57,2023,5,Miami Grand Prix,2023_05
ALB,Williams,48.0,2.0,HARD,26.0,True,1,True,13.0,27.1,34.2,58.0,False,4.4,93.044,False,57,2023,5,Miami Grand Prix,2023_05
ALB,Williams,49.0,2.0,HARD,27.0,True,1,True,14.0,27.0,33.3,59.0,False,3.7,93.798,False,57,2023,5,Miami Grand Prix,2023_05
ALB,Williams,50.0,2.0,HARD,28.0,True,1,True,14.0,27.0,33.8,59.0,False,2.7,92.457,False,57,2023,5,Miami Grand Prix,2023_05
ALB,Williams,51.0,2.0,HARD,29.0,True,1,True,14.0,27.1,33.4,59.0,False,3.2,92.128,False,57,2023,5,Miami Grand Prix,2023_05
ALB,Williams,52.0,2.0,HARD,30.0,True,1,True,14.0,27.0,33.3,58.0,False,3.9,92.144,False,57,2023,5,Miami Grand Prix,2023_05
ALB,Williams,53.0,2.0,HARD,31.0,True,1,True,14.0,26.9,33.1,59.0,False,3.5,92.076,False,57,2023,5,Miami Grand Prix,2023_05
ALB,Williams,54.0,2.0,HARD,32.0,True,1,True,14.0,26.9,32.9,58.0,False,4.0,92.104,False,57,2023,5,Miami Grand Prix,2023_05
ALB,Williams,55.0,2.0,HARD,33.0,True,1,True,14.0,27.0,32.9,59.0,False,4.5,91.852,False,57,2023,5,Miami Grand Prix,2023_05
ALB,Williams,56.0,2.0,HARD,34.0,True,1,True,14.0,27.1,32.8,59.0,False,3.7,92.147,False,57,2023,5,Miami Grand Prix,2023_05
ALB,Williams,57.0,2.0,HARD,35.0,True,1,True,14.0,27.1,33.1,60.0,False,3.0,92.058,False,57,2023,5,Miami Grand Prix,2023_05
HUL,Haas F1 Team,1.0,1.0,HARD,1.0,True,1,False,11.0,26.6,33.8,61.0,False,4.0,102.723,False,57,2023,5,Miami Grand Prix,2023_05
HUL,Haas F1 Team,2.0,1.0,HARD,2.0,True,1,True,11.0,26.6,33.7,61.0,False,3.7,95.313,False,57,2023,5,Miami Grand Prix,2023_05
HUL,Haas F1 Team,3.0,1.0,HARD,3.0,True,1,True,11.0,26.7,33.9,60.0,False,4.1,93.858,False,57,2023,5,Miami Grand Prix,2023_05
HUL,Haas F1 Team,4.0,1.0,HARD,4.0,True,1,True,11.0,26.9,33.9,59.0,False,4.8,94.463,False,57,2023,5,Miami Grand Prix,2023_05
HUL,Haas F1 Team,5.0,1.0,HARD,5.0,True,1,True,11.0,26.9,34.5,60.0,False,4.5,93.708,False,57,2023,5,Miami Grand Prix,2023_05
HUL,Haas F1 Team,6.0,1.0,HARD,6.0,True,1,True,11.0,27.0,35.2,59.0,False,3.7,93.835,False,57,2023,5,Miami Grand Prix,2023_05
HUL,Haas F1 Team,7.0,1.0,HARD,7.0,True,1,True,11.0,27.2,35.5,60.0,False,3.2,93.422,False,57,2023,5,Miami Grand Prix,2023_05
HUL,Haas F1 Team,8.0,1.0,HARD,8.0,True,1,True,11.0,27.3,35.8,59.0,False,4.0,94.352,False,57,2023,5,Miami Grand Prix,2023_05
HUL,Haas F1 Team,9.0,1.0,HARD,9.0,True,1,True,11.0,27.5,37.6,57.0,False,3.0,93.474,False,57,2023,5,Miami Grand Prix,2023_05
HUL,Haas F1 Team,10.0,1.0,HARD,10.0,True,1,True,11.0,27.7,37.9,55.0,False,3.0,93.938,False,57,2023,5,Miami Grand Prix,2023_05
HUL,Haas F1 Team,11.0,1.0,HARD,11.0,True,1,True,11.0,27.6,36.5,58.0,False,3.7,93.442,False,57,2023,5,Miami Grand Prix,2023_05
HUL,Haas F1 Team,12.0,1.0,HARD,12.0,True,1,True,11.0,27.6,35.5,59.0,False,3.7,93.383,False,57,2023,5,Miami Grand Prix,2023_05
HUL,Haas F1 Team,13.0,1.0,HARD,13.0,True,1,True,11.0,27.3,35.0,60.0,False,4.6,93.545,False,57,2023,5,Miami Grand Prix,2023_05
HUL,Haas F1 Team,14.0,1.0,HARD,14.0,True,1,True,10.0,27.1,34.5,60.0,False,2.9,93.434,False,57,2023,5,Miami Grand Prix,2023_05
HUL,Haas F1 Team,15.0,1.0,HARD,15.0,True,1,True,9.0,27.3,34.4,60.0,False,4.6,94.473,False,57,2023,5,Miami Grand Prix,2023_05
HUL,Haas F1 Team,16.0,1.0,HARD,16.0,True,1,True,8.0,27.2,34.4,60.0,False,5.1,93.266,False,57,2023,5,Miami Grand Prix,2023_05
HUL,Haas F1 Team,17.0,1.0,HARD,17.0,True,1,True,8.0,27.1,33.7,61.0,False,3.7,93.405,False,57,2023,5,Miami Grand Prix,2023_05
HUL,Haas F1 Team,18.0,1.0,HARD,18.0,True,1,True,6.0,27.2,34.8,60.0,False,3.0,93.826,False,57,2023,5,Miami Grand Prix,2023_05
HUL,Haas F1 Team,19.0,1.0,HARD,19.0,True,1,True,5.0,27.2,35.0,60.0,False,4.8,93.105,False,57,2023,5,Miami Grand Prix,2023_05
HUL,Haas F1 Team,20.0,1.0,HARD,20.0,True,1,True,5.0,27.1,34.4,61.0,False,3.4,92.84,False,57,2023,5,Miami Grand Prix,2023_05
HUL,Haas F1 Team,21.0,1.0,HARD,21.0,True,1,True,6.0,27.1,34.3,60.0,False,3.0,93.924,False,57,2023,5,Miami Grand Prix,2023_05
HUL,Haas F1 Team,22.0,1.0,HARD,22.0,True,1,True,6.0,27.1,35.0,61.0,False,5.5,93.081,False,57,2023,5,Miami Grand Prix,2023_05
HUL,Haas F1 Team,23.0,1.0,HARD,23.0,True,1,True,7.0,27.2,36.0,60.0,False,4.1,94.217,False,57,2023,5,Miami Grand Prix,2023_05
HUL,Haas F1 Team,24.0,1.0,HARD,24.0,True,1,True,7.0,27.2,36.6,60.0,False,5.4,93.288,False,57,2023,5,Miami Grand Prix,2023_05
HUL,Haas F1 Team,25.0,1.0,HARD,25.0,True,1,True,7.0,27.4,37.1,61.0,False,2.4,93.412,False,57,2023,5,Miami Grand Prix,2023_05
HUL,Haas F1 Team,26.0,1.0,HARD,26.0,True,1,True,7.0,27.5,37.2,61.0,False,3.0,93.004,False,57,2023,5,Miami Grand Prix,2023_05
HUL,Haas F1 Team,27.0,1.0,HARD,27.0,True,1,True,7.0,27.6,38.0,60.0,False,3.7,93.076,False,57,2023,5,Miami Grand Prix,2023_05
HUL,Haas F1 Team,28.0,1.0,HARD,28.0,True,1,True,8.0,27.7,38.5,59.0,False,3.5,94.233,False,57,2023,5,Miami Grand Prix,2023_05
HUL,Haas F1 Team,29.0,1.0,HARD,29.0,True,1,True,8.0,27.5,37.2,58.0,False,4.4,92.991,False,57,2023,5,Miami Grand Prix,2023_05
HUL,Haas F1 Team,30.0,1.0,HARD,30.0,True,1,True,8.0,27.5,36.3,59.0,False,3.2,93.05,False,57,2023,5,Miami Grand Prix,2023_05
HUL,Haas F1 Team,31.0,1.0,HARD,31.0,True,1,True,8.0,27.5,36.0,59.0,False,4.5,93.011,False,57,2023,5,Miami Grand Prix,2023_05
HUL,Haas F1 Team,32.0,1.0,HARD,32.0,True,1,True,8.0,27.5,35.8,59.0,False,4.0,92.584,False,57,2023,5,Miami Grand Prix,2023_05
HUL,Haas F1 Team,33.0,1.0,HARD,33.0,True,1,False,13.0,27.3,35.2,58.0,False,4.1,100.557,True,57,2023,5,Miami Grand Prix,2023_05
HUL,Haas F1 Team,34.0,2.0,MEDIUM,1.0,True,1,False,16.0,27.2,34.4,59.0,False,4.5,107.942,True,57,2023,5,Miami Grand Prix,2023_05
HUL,Haas F1 Team,35.0,2.0,MEDIUM,2.0,True,1,True,16.0,27.0,34.3,60.0,False,3.7,91.3,False,57,2023,5,Miami Grand Prix,2023_05
HUL,Haas F1 Team,36.0,2.0,MEDIUM,3.0,True,1,True,16.0,26.9,34.8,58.0,False,4.3,90.901,False,57,2023,5,Miami Grand Prix,2023_05
HUL,Haas F1 Team,37.0,2.0,MEDIUM,4.0,True,1,True,15.0,27.0,34.6,59.0,False,3.7,92.397,False,57,2023,5,Miami Grand Prix,2023_05
HUL,Haas F1 Team,38.0,2.0,MEDIUM,5.0,True,1,True,15.0,27.0,35.3,58.0,False,4.6,92.195,False,57,2023,5,Miami Grand Prix,2023_05
HUL,Haas F1 Team,39.0,2.0,MEDIUM,6.0,True,1,True,15.0,26.8,35.2,59.0,False,4.5,92.035,False,57,2023,5,Miami Grand Prix,2023_05
HUL,Haas F1 Team,40.0,2.0,MEDIUM,7.0,True,1,True,15.0,26.9,34.5,59.0,False,4.0,92.173,False,57,2023,5,Miami Grand Prix,2023_05
HUL,Haas F1 Team,41.0,2.0,MEDIUM,8.0,True,1,True,15.0,26.9,34.1,60.0,False,2.7,92.176,False,57,2023,5,Miami Grand Prix,2023_05
HUL,Haas F1 Team,42.0,2.0,MEDIUM,9.0,True,1,True,15.0,26.8,33.6,60.0,False,4.4,92.352,False,57,2023,5,Miami Grand Prix,2023_05
HUL,Haas F1 Team,43.0,2.0,MEDIUM,10.0,True,1,True,14.0,26.7,33.5,60.0,False,4.6,91.897,False,57,2023,5,Miami Grand Prix,2023_05
HUL,Haas F1 Team,44.0,2.0,MEDIUM,11.0,True,1,True,14.0,26.7,33.3,60.0,False,4.3,91.975,False,57,2023,5,Miami Grand Prix,2023_05
HUL,Haas F1 Team,45.0,2.0,MEDIUM,12.0,True,1,True,14.0,26.8,33.0,61.0,False,3.2,91.954,False,57,2023,5,Miami Grand Prix,2023_05
HUL,Haas F1 Team,46.0,2.0,MEDIUM,13.0,True,1,True,14.0,27.0,35.1,60.0,False,4.4,92.231,False,57,2023,5,Miami Grand Prix,2023_05
HUL,Haas F1 Team,47.0,2.0,MEDIUM,14.0,True,1,True,15.0,27.3,34.8,58.0,False,5.9,92.843,False,57,2023,5,Miami Grand Prix,2023_05
HUL,Haas F1 Team,48.0,2.0,MEDIUM,15.0,True,1,True,15.0,27.1,34.2,58.0,False,4.4,92.682,False,57,2023,5,Miami Grand Prix,2023_05
HUL,Haas F1 Team,49.0,2.0,MEDIUM,16.0,True,1,True,15.0,27.0,33.3,59.0,False,3.7,93.389,False,57,2023,5,Miami Grand Prix,2023_05
HUL,Haas F1 Team,50.0,2.0,MEDIUM,17.0,True,1,True,15.0,27.0,33.8,59.0,False,2.7,92.511,False,57,2023,5,Miami Grand Prix,2023_05
HUL,Haas F1 Team,51.0,2.0,MEDIUM,18.0,True,1,True,15.0,27.1,33.4,59.0,False,3.2,92.198,False,57,2023,5,Miami Grand Prix,2023_05
HUL,Haas F1 Team,52.0,2.0,MEDIUM,19.0,True,1,True,15.0,27.0,33.3,58.0,False,3.9,92.144,False,57,2023,5,Miami Grand Prix,2023_05
HUL,Haas F1 Team,53.0,2.0,MEDIUM,20.0,True,1,True,15.0,26.9,33.1,59.0,False,3.5,92.065,False,57,2023,5,Miami Grand Prix,2023_05
HUL,Haas F1 Team,54.0,2.0,MEDIUM,21.0,True,1,True,15.0,26.9,32.9,58.0,False,4.0,92.285,False,57,2023,5,Miami Grand Prix,2023_05
HUL,Haas F1 Team,55.0,2.0,MEDIUM,22.0,True,1,True,15.0,27.0,32.9,59.0,False,4.5,92.088,False,57,2023,5,Miami Grand Prix,2023_05
HUL,Haas F1 Team,56.0,2.0,MEDIUM,23.0,True,1,True,15.0,27.1,32.8,59.0,False,3.7,92.201,False,57,2023,5,Miami Grand Prix,2023_05
HUL,Haas F1 Team,57.0,2.0,MEDIUM,24.0,True,1,True,15.0,27.1,33.1,60.0,False,3.0,93.024,False,57,2023,5,Miami Grand Prix,2023_05
ZHO,Alfa Romeo,1.0,1.0,HARD,1.0,True,1,False,16.0,26.6,33.8,61.0,False,4.0,105.906,False,57,2023,5,Miami Grand Prix,2023_05
ZHO,Alfa Romeo,2.0,1.0,HARD,2.0,True,1,True,16.0,26.6,33.7,61.0,False,3.7,95.597,False,57,2023,5,Miami Grand Prix,2023_05
ZHO,Alfa Romeo,3.0,1.0,HARD,3.0,True,1,True,16.0,26.7,33.9,60.0,False,4.1,94.369,False,57,2023,5,Miami Grand Prix,2023_05
ZHO,Alfa Romeo,4.0,1.0,HARD,4.0,True,1,True,16.0,26.9,33.9,59.0,False,4.8,93.834,False,57,2023,5,Miami Grand Prix,2023_05
ZHO,Alfa Romeo,5.0,1.0,HARD,5.0,True,1,True,15.0,26.9,34.5,60.0,False,4.5,93.613,False,57,2023,5,Miami Grand Prix,2023_05
ZHO,Alfa Romeo,6.0,1.0,HARD,6.0,True,1,True,15.0,27.0,35.2,59.0,False,3.7,93.754,False,57,2023,5,Miami Grand Prix,2023_05
ZHO,Alfa Romeo,7.0,1.0,HARD,7.0,True,1,True,15.0,27.2,35.5,60.0,False,3.2,93.538,False,57,2023,5,Miami Grand Prix,2023_05
ZHO,Alfa Romeo,8.0,1.0,HARD,8.0,True,1,True,15.0,27.3,35.8,59.0,False,4.0,93.607,False,57,2023,5,Miami Grand Prix,2023_05
ZHO,Alfa Romeo,9.0,1.0,HARD,9.0,True,1,True,15.0,27.5,37.6,57.0,False,3.0,93.588,False,57,2023,5,Miami Grand Prix,2023_05
ZHO,Alfa Romeo,10.0,1.0,HARD,10.0,True,1,True,15.0,27.7,37.9,55.0,False,3.0,93.782,False,57,2023,5,Miami Grand Prix,2023_05
ZHO,Alfa Romeo,11.0,1.0,HARD,11.0,True,1,True,15.0,27.6,36.5,58.0,False,3.7,93.437,False,57,2023,5,Miami Grand Prix,2023_05
ZHO,Alfa Romeo,12.0,1.0,HARD,12.0,True,1,True,15.0,27.6,35.5,59.0,False,3.7,93.302,False,57,2023,5,Miami Grand Prix,2023_05
ZHO,Alfa Romeo,13.0,1.0,HARD,13.0,True,1,True,15.0,27.3,35.0,60.0,False,4.6,93.697,False,57,2023,5,Miami Grand Prix,2023_05
ZHO,Alfa Romeo,14.0,1.0,HARD,14.0,True,1,True,15.0,27.1,34.5,60.0,False,2.9,93.864,False,57,2023,5,Miami Grand Prix,2023_05
ZHO,Alfa Romeo,15.0,1.0,HARD,15.0,True,1,True,13.0,27.3,34.4,60.0,False,4.6,93.749,False,57,2023,5,Miami Grand Prix,2023_05
ZHO,Alfa Romeo,16.0,1.0,HARD,16.0,True,1,True,12.0,27.1,33.7,61.0,False,5.4,94.01,False,57,2023,5,Miami Grand Prix,2023_05
ZHO,Alfa Romeo,17.0,1.0,HARD,17.0,True,1,True,12.0,27.1,33.7,61.0,False,3.7,93.56,False,57,2023,5,Miami Grand Prix,2023_05
ZHO,Alfa Romeo,18.0,1.0,HARD,18.0,True,1,True,10.0,27.2,34.8,60.0,False,3.0,93.718,False,57,2023,5,Miami Grand Prix,2023_05
ZHO,Alfa Romeo,19.0,1.0,HARD,19.0,True,1,True,11.0,27.2,35.0,60.0,False,4.8,94.801,False,57,2023,5,Miami Grand Prix,2023_05
ZHO,Alfa Romeo,20.0,1.0,HARD,20.0,True,1,True,12.0,27.1,34.4,61.0,False,3.4,94.245,False,57,2023,5,Miami Grand Prix,2023_05
ZHO,Alfa Romeo,21.0,1.0,HARD,21.0,True,1,True,12.0,27.1,34.3,60.0,False,3.0,94.653,False,57,2023,5,Miami Grand Prix,2023_05
ZHO,Alfa Romeo,22.0,1.0,HARD,22.0,True,1,True,12.0,27.1,35.0,61.0,False,5.5,94.271,False,57,2023,5,Miami Grand Prix,2023_05
ZHO,Alfa Romeo,23.0,1.0,HARD,23.0,True,1,True,12.0,27.2,36.5,60.0,False,4.3,93.788,False,57,2023,5,Miami Grand Prix,2023_05
ZHO,Alfa Romeo,24.0,1.0,HARD,24.0,True,1,True,13.0,27.2,36.6,60.0,False,5.4,94.29,False,57,2023,5,Miami Grand Prix,2023_05
ZHO,Alfa Romeo,25.0,1.0,HARD,25.0,True,1,True,13.0,27.4,37.1,61.0,False,2.4,93.658,False,57,2023,5,Miami Grand Prix,2023_05
ZHO,Alfa Romeo,26.0,1.0,HARD,26.0,True,1,True,13.0,27.5,37.2,61.0,False,3.0,93.66,False,57,2023,5,Miami Grand Prix,2023_05
ZHO,Alfa Romeo,27.0,1.0,HARD,27.0,True,1,True,14.0,27.6,38.0,60.0,False,3.7,94.028,False,57,2023,5,Miami Grand Prix,2023_05
ZHO,Alfa Romeo,28.0,1.0,HARD,28.0,True,1,True,14.0,27.7,38.5,59.0,False,3.5,93.528,False,57,2023,5,Miami Grand Prix,2023_05
ZHO,Alfa Romeo,29.0,1.0,HARD,29.0,True,1,True,14.0,27.5,37.2,58.0,False,4.4,93.167,False,57,2023,5,Miami Grand Prix,2023_05
ZHO,Alfa Romeo,30.0,1.0,HARD,30.0,True,1,True,14.0,27.5,36.3,59.0,False,3.2,93.073,False,57,2023,5,Miami Grand Prix,2023_05
ZHO,Alfa Romeo,31.0,1.0,HARD,31.0,True,1,False,15.0,27.5,36.0,59.0,False,4.5,97.61,True,57,2023,5,Miami Grand Prix,2023_05
ZHO,Alfa Romeo,32.0,2.0,MEDIUM,1.0,True,1,False,17.0,27.4,35.5,59.0,False,3.5,107.897,True,57,2023,5,Miami Grand Prix,2023_05
ZHO,Alfa Romeo,33.0,2.0,MEDIUM,2.0,True,1,True,17.0,27.3,35.2,58.0,False,4.1,92.264,False,57,2023,5,Miami Grand Prix,2023_05
ZHO,Alfa Romeo,34.0,2.0,MEDIUM,3.0,True,1,True,17.0,27.2,34.4,59.0,False,4.5,91.894,False,57,2023,5,Miami Grand Prix,2023_05
ZHO,Alfa Romeo,35.0,2.0,MEDIUM,4.0,True,1,True,17.0,26.9,34.6,59.0,False,3.7,91.898,False,57,2023,5,Miami Grand Prix,2023_05
ZHO,Alfa Romeo,36.0,2.0,MEDIUM,5.0,True,1,True,17.0,26.9,34.8,58.0,False,4.3,91.905,False,57,2023,5,Miami Grand Prix,2023_05
ZHO,Alfa Romeo,37.0,2.0,MEDIUM,6.0,True,1,True,17.0,27.0,34.6,60.0,False,3.5,92.249,False,57,2023,5,Miami Grand Prix,2023_05
ZHO,Alfa Romeo,38.0,2.0,MEDIUM,7.0,True,1,True,17.0,27.0,35.3,58.0,False,4.6,92.459,False,57,2023,5,Miami Grand Prix,2023_05
ZHO,Alfa Romeo,39.0,2.0,MEDIUM,8.0,True,1,True,17.0,26.8,35.2,59.0,False,4.5,92.351,False,57,2023,5,Miami Grand Prix,2023_05
ZHO,Alfa Romeo,40.0,2.0,MEDIUM,9.0,True,1,True,17.0,26.9,34.5,59.0,False,4.0,92.179,False,57,2023,5,Miami Grand Prix,2023_05
ZHO,Alfa Romeo,41.0,2.0,MEDIUM,10.0,True,1,True,17.0,26.9,34.1,60.0,False,2.7,92.244,False,57,2023,5,Miami Grand Prix,2023_05
ZHO,Alfa Romeo,42.0,2.0,MEDIUM,11.0,True,1,True,17.0,26.8,33.6,60.0,False,4.4,92.343,False,57,2023,5,Miami Grand Prix,2023_05
ZHO,Alfa Romeo,43.0,2.0,MEDIUM,12.0,True,1,True,17.0,26.7,33.5,60.0,False,4.6,92.087,False,57,2023,5,Miami Grand Prix,2023_05
ZHO,Alfa Romeo,44.0,2.0,MEDIUM,13.0,True,1,True,17.0,26.7,33.3,60.0,False,4.3,92.402,False,57,2023,5,Miami Grand Prix,2023_05
ZHO,Alfa Romeo,45.0,2.0,MEDIUM,14.0,True,1,True,17.0,26.8,33.0,61.0,False,3.2,92.31,False,57,2023,5,Miami Grand Prix,2023_05
ZHO,Alfa Romeo,46.0,2.0,MEDIUM,15.0,True,1,True,17.0,27.0,35.1,60.0,False,4.4,92.203,False,57,2023,5,Miami Grand Prix,2023_05
ZHO,Alfa Romeo,47.0,2.0,MEDIUM,16.0,True,1,True,17.0,27.3,34.8,58.0,False,5.9,92.233,False,57,2023,5,Miami Grand Prix,2023_05
ZHO,Alfa Romeo,48.0,2.0,MEDIUM,17.0,True,1,True,16.0,27.1,34.2,58.0,False,4.4,91.996,False,57,2023,5,Miami Grand Prix,2023_05
ZHO,Alfa Romeo,49.0,2.0,MEDIUM,18.0,True,1,True,16.0,27.0,33.3,59.0,False,3.7,92.208,False,57,2023,5,Miami Grand Prix,2023_05
ZHO,Alfa Romeo,50.0,2.0,MEDIUM,19.0,True,1,True,16.0,27.1,33.8,58.0,False,4.0,91.958,False,57,2023,5,Miami Grand Prix,2023_05
ZHO,Alfa Romeo,51.0,2.0,MEDIUM,20.0,True,1,True,16.0,27.1,33.4,59.0,False,3.2,91.855,False,57,2023,5,Miami Grand Prix,2023_05
ZHO,Alfa Romeo,52.0,2.0,MEDIUM,21.0,True,1,True,16.0,27.0,33.3,58.0,False,3.9,92.193,False,57,2023,5,Miami Grand Prix,2023_05
ZHO,Alfa Romeo,53.0,2.0,MEDIUM,22.0,True,1,True,16.0,26.9,33.1,59.0,False,3.5,92.119,False,57,2023,5,Miami Grand Prix,2023_05
ZHO,Alfa Romeo,54.0,2.0,MEDIUM,23.0,True,1,True,16.0,26.9,32.9,58.0,False,4.0,91.925,False,57,2023,5,Miami Grand Prix,2023_05
ZHO,Alfa Romeo,55.0,2.0,MEDIUM,24.0,True,1,True,16.0,27.0,32.9,59.0,False,4.5,91.892,False,57,2023,5,Miami Grand Prix,2023_05
ZHO,Alfa Romeo,56.0,2.0,MEDIUM,25.0,True,1,True,16.0,27.1,32.8,59.0,False,3.7,91.736,False,57,2023,5,Miami Grand Prix,2023_05
ZHO,Alfa Romeo,57.0,2.0,MEDIUM,26.0,True,1,True,16.0,27.1,33.1,60.0,False,3.0,92.184,False,57,2023,5,Miami Grand Prix,2023_05
NOR,McLaren,1.0,1.0,SOFT,1.0,True,1,False,19.0,26.6,33.8,61.0,False,4.0,107.753,False,57,2023,5,Miami Grand Prix,2023_05
NOR,McLaren,2.0,1.0,SOFT,2.0,True,1,True,18.0,26.6,33.7,61.0,False,3.7,95.682,False,57,2023,5,Miami Grand Prix,2023_05
NOR,McLaren,3.0,1.0,SOFT,3.0,True,1,True,18.0,26.7,33.9,60.0,False,4.1,93.869,False,57,2023,5,Miami Grand Prix,2023_05
NOR,McLaren,4.0,1.0,SOFT,4.0,True,1,False,19.0,26.9,33.9,59.0,False,4.8,98.826,True,57,2023,5,Miami Grand Prix,2023_05
NOR,McLaren,5.0,2.0,HARD,1.0,True,1,False,19.0,26.9,34.5,60.0,False,4.5,110.478,True,57,2023,5,Miami Grand Prix,2023_05
NOR,McLaren,6.0,2.0,HARD,2.0,True,1,True,19.0,27.0,35.2,59.0,False,3.7,92.916,False,57,2023,5,Miami Grand Prix,2023_05
NOR,McLaren,7.0,2.0,HARD,3.0,True,1,True,19.0,27.3,35.6,59.0,False,2.2,93.067,False,57,2023,5,Miami Grand Prix,2023_05
NOR,McLaren,8.0,2.0,HARD,4.0,True,1,True,19.0,27.3,35.8,59.0,False,4.0,93.165,False,57,2023,5,Miami Grand Prix,2023_05
NOR,McLaren,9.0,2.0,HARD,5.0,True,1,True,19.0,27.5,37.6,57.0,False,3.0,93.237,False,57,2023,5,Miami Grand Prix,2023_05
NOR,McLaren,10.0,2.0,HARD,6.0,True,1,True,19.0,27.6,37.9,57.0,False,4.4,93.168,False,57,2023,5,Miami Grand Prix,2023_05
NOR,McLaren,11.0,2.0,HARD,7.0,True,1,True,19.0,27.6,36.5,58.0,False,3.7,93.52,False,57,2023,5,Miami Grand Prix,2023_05
NOR,McLaren,12.0,2.0,HARD,8.0,True,1,True,19.0,27.5,35.5,59.0,False,4.5,93.352,False,57,2023,5,Miami Grand Prix,2023_05
NOR,McLaren,13.0,2.0,HARD,9.0,True,1,True,18.0,27.3,35.0,60.0,False,4.6,93.145,False,57,2023,5,Miami Grand Prix,2023_05
NOR,McLaren,14.0,2.0,HARD,10.0,True,1,True,18.0,27.2,34.5,60.0,False,3.5,93.172,False,57,2023,5,Miami Grand Prix,2023_05
NOR,McLaren,15.0,2.0,HARD,11.0,True,1,True,18.0,27.3,34.4,60.0,False,4.6,93.398,False,57,2023,5,Miami Grand Prix,2023_05
NOR,McLaren,16.0,2.0,HARD,12.0,True,1,True,17.0,27.1,33.7,61.0,False,5.4,93.503,False,57,2023,5,Miami Grand Prix,2023_05
NOR,McLaren,17.0,2.0,HARD,13.0,True,1,True,17.0,27.1,33.7,61.0,False,3.7,93.14,False,57,2023,5,Miami Grand Prix,2023_05
NOR,McLaren,18.0,2.0,HARD,14.0,True,1,True,17.0,27.2,34.8,60.0,False,3.0,93.097,False,57,2023,5,Miami Grand Prix,2023_05
NOR,McLaren,19.0,2.0,HARD,15.0,True,1,True,17.0,27.1,34.8,61.0,False,3.9,93.271,False,57,2023,5,Miami Grand Prix,2023_05
NOR,McLaren,20.0,2.0,HARD,16.0,True,1,True,17.0,27.1,34.4,61.0,False,3.4,93.438,False,57,2023,5,Miami Grand Prix,2023_05
NOR,McLaren,21.0,2.0,HARD,17.0,True,1,True,17.0,27.0,34.5,60.0,False,4.4,93.147,False,57,2023,5,Miami Grand Prix,2023_05
NOR,McLaren,22.0,2.0,HARD,18.0,True,1,True,17.0,27.1,35.0,61.0,False,5.5,93.206,False,57,2023,5,Miami Grand Prix,2023_05
NOR,McLaren,23.0,2.0,HARD,19.0,True,1,True,16.0,27.2,36.5,60.0,False,4.3,93.447,False,57,2023,5,Miami Grand Prix,2023_05
NOR,McLaren,24.0,2.0,HARD,20.0,True,1,True,16.0,27.2,36.6,60.0,False,5.4,93.301,False,57,2023,5,Miami Grand Prix,2023_05
NOR,McLaren,25.0,2.0,HARD,21.0,True,1,True,16.0,27.4,37.1,61.0,False,2.4,93.083,False,57,2023,5,Miami Grand Prix,2023_05
NOR,McLaren,26.0,2.0,HARD,22.0,True,1,True,16.0,27.5,37.2,61.0,False,3.0,93.378,False,57,2023,5,Miami Grand Prix,2023_05
NOR,McLaren,27.0,2.0,HARD,23.0,True,1,True,17.0,27.6,38.0,60.0,False,3.7,93.753,False,57,2023,5,Miami Grand Prix,2023_05
NOR,McLaren,28.0,2.0,HARD,24.0,True,1,True,17.0,27.6,38.5,58.0,False,4.3,92.906,False,57,2023,5,Miami Grand Prix,2023_05
NOR,McLaren,29.0,2.0,HARD,25.0,True,1,True,17.0,27.5,37.2,58.0,False,4.4,92.913,False,57,2023,5,Miami Grand Prix,2023_05
NOR,McLaren,30.0,2.0,HARD,26.0,True,1,True,17.0,27.4,35.9,59.0,False,3.7,92.827,False,57,2023,5,Miami Grand Prix,2023_05
NOR,McLaren,31.0,2.0,HARD,27.0,True,1,True,17.0,27.5,36.0,59.0,False,4.5,93.372,False,57,2023,5,Miami Grand Prix,2023_05
NOR,McLaren,32.0,2.0,HARD,28.0,True,1,True,16.0,27.4,35.5,59.0,False,3.5,92.744,False,57,2023,5,Miami Grand Prix,2023_05
NOR,McLaren,33.0,2.0,HARD,29.0,True,1,True,16.0,27.3,35.2,58.0,False,4.1,92.931,False,57,2023,5,Miami Grand Prix,2023_05
NOR,McLaren,34.0,2.0,HARD,30.0,True,1,True,15.0,27.2,34.4,59.0,False,4.5,92.635,False,57,2023,5,Miami Grand Prix,2023_05
NOR,McLaren,35.0,2.0,HARD,31.0,True,1,True,15.0,27.0,34.3,60.0,False,3.7,92.696,False,57,2023,5,Miami Grand Prix,2023_05
NOR,McLaren,36.0,2.0,HARD,32.0,True,1,True,15.0,26.9,34.8,58.0,False,4.3,92.686,False,57,2023,5,Miami Grand Prix,2023_05
NOR,McLaren,37.0,2.0,HARD,33.0,True,1,True,16.0,27.0,34.6,59.0,False,3.7,93.798,False,57,2023,5,Miami Grand Prix,2023_05
NOR,McLaren,38.0,2.0,HARD,34.0,True,1,True,16.0,27.0,35.3,58.0,False,4.6,93.172,False,57,2023,5,Miami Grand Prix,2023_05
NOR,McLaren,39.0,2.0,HARD,35.0,True,1,True,16.0,26.8,35.2,59.0,False,4.5,93.191,False,57,2023,5,Miami Grand Prix,2023_05
NOR,McLaren,40.0,2.0,HARD,36.0,True,1,True,16.0,26.9,34.5,59.0,False,4.0,92.674,False,57,2023,5,Miami Grand Prix,2023_05
NOR,McLaren,41.0,2.0,HARD,37.0,True,1,True,16.0,26.9,34.1,60.0,False,2.7,92.797,False,57,2023,5,Miami Grand Prix,2023_05
NOR,McLaren,42.0,2.0,HARD,38.0,True,1,True,16.0,26.8,33.6,60.0,False,4.4,92.98,False,57,2023,5,Miami Grand Prix,2023_05
NOR,McLaren,43.0,2.0,HARD,39.0,True,1,True,16.0,26.7,33.5,60.0,False,4.6,92.727,False,57,2023,5,Miami Grand Prix,2023_05
NOR,McLaren,44.0,2.0,HARD,40.0,True,1,True,16.0,26.7,33.3,60.0,False,4.3,92.806,False,57,2023,5,Miami Grand Prix,2023_05
NOR,McLaren,45.0,2.0,HARD,41.0,True,1,True,16.0,26.8,33.0,61.0,False,3.2,92.556,False,57,2023,5,Miami Grand Prix,2023_05
NOR,McLaren,46.0,2.0,HARD,42.0,True,1,True,16.0,27.0,35.1,60.0,False,4.4,92.871,False,57,2023,5,Miami Grand Prix,2023_05
NOR,McLaren,47.0,2.0,HARD,43.0,True,1,True,16.0,27.3,34.8,58.0,False,5.9,92.401,False,57,2023,5,Miami Grand Prix,2023_05
NOR,McLaren,48.0,2.0,HARD,44.0,True,1,True,17.0,27.1,34.2,58.0,False,4.4,93.632,False,57,2023,5,Miami Grand Prix,2023_05
NOR,McLaren,49.0,2.0,HARD,45.0,True,1,True,17.0,27.0,33.3,59.0,False,3.7,92.711,False,57,2023,5,Miami Grand Prix,2023_05
NOR,McLaren,50.0,2.0,HARD,46.0,True,1,True,17.0,27.1,33.8,58.0,False,4.0,92.559,False,57,2023,5,Miami Grand Prix,2023_05
NOR,McLaren,51.0,2.0,HARD,47.0,True,1,True,17.0,27.1,33.4,59.0,False,3.2,93.505,False,57,2023,5,Miami Grand Prix,2023_05
NOR,McLaren,52.0,2.0,HARD,48.0,True,1,True,17.0,27.0,33.3,58.0,False,3.9,93.234,False,57,2023,5,Miami Grand Prix,2023_05
NOR,McLaren,53.0,2.0,HARD,49.0,True,1,True,17.0,26.9,33.1,59.0,False,3.5,93.073,False,57,2023,5,Miami Grand Prix,2023_05
NOR,McLaren,54.0,2.0,HARD,50.0,True,1,True,17.0,26.9,32.9,58.0,False,4.0,92.945,False,57,2023,5,Miami Grand Prix,2023_05
NOR,McLaren,55.0,2.0,HARD,51.0,True,1,True,17.0,27.0,32.9,59.0,False,4.5,92.695,False,57,2023,5,Miami Grand Prix,2023_05
NOR,McLaren,56.0,2.0,HARD,52.0,True,1,True,17.0,27.1,32.8,59.0,False,3.7,92.57,False,57,2023,5,Miami Grand Prix,2023_05
NOR,McLaren,57.0,2.0,HARD,53.0,True,1,True,17.0,27.1,33.1,60.0,False,3.0,92.839,False,57,2023,5,Miami Grand Prix,2023_05
DEV,AlphaTauri,1.0,1.0,MEDIUM,1.0,True,1,False,20.0,26.6,33.8,61.0,False,4.0,108.179,False,57,2023,5,Miami Grand Prix,2023_05
DEV,AlphaTauri,2.0,1.0,MEDIUM,2.0,True,1,True,19.0,26.6,33.7,61.0,False,3.7,95.729,False,57,2023,5,Miami Grand Prix,2023_05
DEV,AlphaTauri,3.0,1.0,MEDIUM,3.0,True,1,True,19.0,26.7,33.9,60.0,False,4.1,94.67,False,57,2023,5,Miami Grand Prix,2023_05
DEV,AlphaTauri,4.0,1.0,MEDIUM,4.0,True,1,True,18.0,26.9,33.9,59.0,False,4.8,94.126,False,57,2023,5,Miami Grand Prix,2023_05
DEV,AlphaTauri,5.0,1.0,MEDIUM,5.0,True,1,True,17.0,26.9,34.5,60.0,False,4.5,94.314,False,57,2023,5,Miami Grand Prix,2023_05
DEV,AlphaTauri,6.0,1.0,MEDIUM,6.0,True,1,True,17.0,27.0,35.2,59.0,False,3.7,94.235,False,57,2023,5,Miami Grand Prix,2023_05
DEV,AlphaTauri,7.0,1.0,MEDIUM,7.0,True,1,True,17.0,27.3,35.6,59.0,False,2.2,94.042,False,57,2023,5,Miami Grand Prix,2023_05
DEV,AlphaTauri,8.0,1.0,MEDIUM,8.0,True,1,True,17.0,27.3,35.8,59.0,False,4.0,93.856,False,57,2023,5,Miami Grand Prix,2023_05
DEV,AlphaTauri,9.0,1.0,MEDIUM,9.0,True,1,True,17.0,27.5,37.6,57.0,False,3.0,94.264,False,57,2023,5,Miami Grand Prix,2023_05
DEV,AlphaTauri,10.0,1.0,MEDIUM,10.0,True,1,True,17.0,27.7,37.9,55.0,False,3.0,93.989,False,57,2023,5,Miami Grand Prix,2023_05
DEV,AlphaTauri,11.0,1.0,MEDIUM,11.0,True,1,True,17.0,27.6,36.5,58.0,False,3.7,93.798,False,57,2023,5,Miami Grand Prix,2023_05
DEV,AlphaTauri,12.0,1.0,MEDIUM,12.0,True,1,True,17.0,27.6,35.5,59.0,False,3.7,93.861,False,57,2023,5,Miami Grand Prix,2023_05
DEV,AlphaTauri,13.0,1.0,MEDIUM,13.0,True,1,True,17.0,27.3,35.0,60.0,False,4.6,93.754,False,57,2023,5,Miami Grand Prix,2023_05
DEV,AlphaTauri,14.0,1.0,MEDIUM,14.0,True,1,True,17.0,27.2,34.5,60.0,False,3.5,93.995,False,57,2023,5,Miami Grand Prix,2023_05
DEV,AlphaTauri,15.0,1.0,MEDIUM,15.0,True,1,False,17.0,27.3,34.4,60.0,False,4.6,98.808,True,57,2023,5,Miami Grand Prix,2023_05
DEV,AlphaTauri,16.0,2.0,HARD,1.0,True,1,False,19.0,27.1,33.7,61.0,False,5.4,110.131,True,57,2023,5,Miami Grand Prix,2023_05
DEV,AlphaTauri,17.0,2.0,HARD,2.0,True,1,True,19.0,27.2,34.3,61.0,False,4.4,92.879,False,57,2023,5,Miami Grand Prix,2023_05
DEV,AlphaTauri,18.0,2.0,HARD,3.0,True,1,True,19.0,27.2,34.8,60.0,False,3.0,93.104,False,57,2023,5,Miami Grand Prix,2023_05
DEV,AlphaTauri,19.0,2.0,HARD,4.0,True,1,True,19.0,27.1,34.8,61.0,False,3.9,93.02,False,57,2023,5,Miami Grand Prix,2023_05
DEV,AlphaTauri,20.0,2.0,HARD,5.0,True,1,True,19.0,27.1,34.4,61.0,False,3.4,93.018,False,57,2023,5,Miami Grand Prix,2023_05
DEV,AlphaTauri,21.0,2.0,HARD,6.0,True,1,True,19.0,27.0,34.5,60.0,False,4.4,93.098,False,57,2023,5,Miami Grand Prix,2023_05
DEV,AlphaTauri,22.0,2.0,HARD,7.0,True,1,True,19.0,27.1,35.0,61.0,False,5.5,92.866,False,57,2023,5,Miami Grand Prix,2023_05
DEV,AlphaTauri,23.0,2.0,HARD,8.0,True,1,True,19.0,27.2,36.5,60.0,False,4.3,93.154,False,57,2023,5,Miami Grand Prix,2023_05
DEV,AlphaTauri,24.0,2.0,HARD,9.0,True,1,True,19.0,27.2,36.6,60.0,False,5.4,93.154,False,57,2023,5,Miami Grand Prix,2023_05
DEV,AlphaTauri,25.0,2.0,HARD,10.0,True,1,True,19.0,27.4,37.1,61.0,False,2.4,93.585,False,57,2023,5,Miami Grand Prix,2023_05
DEV,AlphaTauri,26.0,2.0,HARD,11.0,True,1,True,19.0,27.5,38.0,61.0,False,3.0,93.823,False,57,2023,5,Miami Grand Prix,2023_05
DEV,AlphaTauri,27.0,2.0,HARD,12.0,True,1,True,19.0,27.6,38.0,60.0,False,3.7,93.862,False,57,2023,5,Miami Grand Prix,2023_05
DEV,AlphaTauri,28.0,2.0,HARD,13.0,True,1,True,19.0,27.6,38.5,58.0,False,4.3,94.373,False,57,2023,5,Miami Grand Prix,2023_05
DEV,AlphaTauri,29.0,2.0,HARD,14.0,True,1,True,19.0,27.5,37.2,58.0,False,4.4,94.446,False,57,2023,5,Miami Grand Prix,2023_05
DEV,AlphaTauri,30.0,2.0,HARD,15.0,True,1,True,18.0,27.4,35.9,59.0,False,3.7,94.105,False,57,2023,5,Miami Grand Prix,2023_05
DEV,AlphaTauri,31.0,2.0,HARD,16.0,True,1,True,18.0,27.5,36.0,59.0,False,4.5,92.948,False,57,2023,5,Miami Grand Prix,2023_05
DEV,AlphaTauri,32.0,2.0,HARD,17.0,True,1,True,18.0,27.4,35.5,59.0,False,3.5,92.756,False,57,2023,5,Miami Grand Prix,2023_05
DEV,AlphaTauri,33.0,2.0,HARD,18.0,True,1,True,18.0,27.3,35.2,58.0,False,4.1,92.854,False,57,2023,5,Miami Grand Prix,2023_05
DEV,AlphaTauri,34.0,2.0,HARD,19.0,True,1,True,18.0,27.2,34.4,59.0,False,4.5,92.724,False,57,2023,5,Miami Grand Prix,2023_05
DEV,AlphaTauri,35.0,2.0,HARD,20.0,True,1,True,18.0,26.9,34.6,59.0,False,3.7,92.801,False,57,2023,5,Miami Grand Prix,2023_05
DEV,AlphaTauri,36.0,2.0,HARD,21.0,True,1,True,18.0,26.9,34.8,58.0,False,4.3,92.884,False,57,2023,5,Miami Grand Prix,2023_05
DEV,AlphaTauri,37.0,2.0,HARD,22.0,True,1,True,18.0,27.0,34.6,60.0,False,3.5,92.945,False,57,2023,5,Miami Grand Prix,2023_05
DEV,AlphaTauri,38.0,2.0,HARD,23.0,True,1,True,18.0,27.0,35.3,58.0,False,4.6,92.809,False,57,2023,5,Miami Grand Prix,2023_05
DEV,AlphaTauri,39.0,2.0,HARD,24.0,True,1,True,18.0,26.8,35.2,59.0,False,4.5,92.562,False,57,2023,5,Miami Grand Prix,2023_05
DEV,AlphaTauri,40.0,2.0,HARD,25.0,True,1,True,18.0,26.9,34.5,59.0,False,4.0,92.658,False,57,2023,5,Miami Grand Prix,2023_05
DEV,AlphaTauri,41.0,2.0,HARD,26.0,True,1,True,18.0,26.9,34.1,60.0,False,2.7,92.658,False,57,2023,5,Miami Grand Prix,2023_05
DEV,AlphaTauri,42.0,2.0,HARD,27.0,True,1,True,18.0,26.8,33.6,60.0,False,4.4,92.64,False,57,2023,5,Miami Grand Prix,2023_05
DEV,AlphaTauri,43.0,2.0,HARD,28.0,True,1,True,18.0,26.7,33.5,60.0,False,4.6,92.349,False,57,2023,5,Miami Grand Prix,2023_05
DEV,AlphaTauri,44.0,2.0,HARD,29.0,True,1,True,18.0,26.7,33.3,60.0,False,4.3,92.906,False,57,2023,5,Miami Grand Prix,2023_05
DEV,AlphaTauri,45.0,2.0,HARD,30.0,True,1,True,18.0,26.8,33.0,61.0,False,3.2,92.899,False,57,2023,5,Miami Grand Prix,2023_05
DEV,AlphaTauri,46.0,2.0,HARD,31.0,True,1,True,18.0,27.1,35.1,59.0,False,4.4,92.678,False,57,2023,5,Miami Grand Prix,2023_05
DEV,AlphaTauri,47.0,2.0,HARD,32.0,True,1,True,18.0,27.3,34.8,58.0,False,5.9,92.454,False,57,2023,5,Miami Grand Prix,2023_05
DEV,AlphaTauri,48.0,2.0,HARD,33.0,True,1,True,18.0,27.0,33.4,58.0,False,5.0,92.1,False,57,2023,5,Miami Grand Prix,2023_05
DEV,AlphaTauri,49.0,2.0,HARD,34.0,True,1,True,18.0,27.0,33.3,59.0,False,3.7,92.431,False,57,2023,5,Miami Grand Prix,2023_05
DEV,AlphaTauri,50.0,2.0,HARD,35.0,True,1,True,18.0,27.1,33.8,58.0,False,4.0,92.248,False,57,2023,5,Miami Grand Prix,2023_05
DEV,AlphaTauri,51.0,2.0,HARD,36.0,True,1,True,18.0,27.1,33.4,59.0,False,3.2,92.052,False,57,2023,5,Miami Grand Prix,2023_05
DEV,AlphaTauri,52.0,2.0,HARD,37.0,True,1,True,18.0,27.0,33.3,58.0,False,3.9,92.131,False,57,2023,5,Miami Grand Prix,2023_05
DEV,AlphaTauri,53.0,2.0,HARD,38.0,True,1,True,18.0,26.9,33.1,59.0,False,3.5,92.072,False,57,2023,5,Miami Grand Prix,2023_05
DEV,AlphaTauri,54.0,2.0,HARD,39.0,True,1,True,18.0,26.9,32.9,58.0,False,4.0,91.913,False,57,2023,5,Miami Grand Prix,2023_05
DEV,AlphaTauri,55.0,2.0,HARD,40.0,True,1,True,18.0,27.0,32.9,59.0,False,4.5,91.988,False,57,2023,5,Miami Grand Prix,2023_05
DEV,AlphaTauri,56.0,2.0,HARD,41.0,True,1,True,18.0,27.1,32.8,59.0,False,3.7,91.93,False,57,2023,5,Miami Grand Prix,2023_05
DEV,AlphaTauri,57.0,2.0,HARD,42.0,True,1,True,18.0,27.1,33.1,60.0,False,3.0,91.562,False,57,2023,5,Miami Grand Prix,2023_05
PIA,McLaren,1.0,1.0,SOFT,1.0,True,1,False,14.0,26.6,33.8,61.0,False,4.0,104.758,False,57,2023,5,Miami Grand Prix,2023_05
PIA,McLaren,2.0,1.0,SOFT,2.0,True,1,True,14.0,26.6,33.7,61.0,False,3.7,95.574,False,57,2023,5,Miami Grand Prix,2023_05
PIA,McLaren,3.0,1.0,SOFT,3.0,True,1,True,14.0,26.7,33.9,60.0,False,4.1,93.952,False,57,2023,5,Miami Grand Prix,2023_05
PIA,McLaren,4.0,1.0,SOFT,4.0,True,1,True,14.0,26.9,33.9,59.0,False,4.8,93.959,False,57,2023,5,Miami Grand Prix,2023_05
PIA,McLaren,5.0,1.0,SOFT,5.0,True,1,False,18.0,26.9,34.5,60.0,False,4.5,98.967,True,57,2023,5,Miami Grand Prix,2023_05
PIA,McLaren,6.0,2.0,HARD,1.0,True,1,False,18.0,27.0,35.2,59.0,False,3.7,108.019,True,57,2023,5,Miami Grand Prix,2023_05
PIA,McLaren,7.0,2.0,HARD,2.0,True,1,True,18.0,27.3,35.6,59.0,False,2.2,93.096,False,57,2023,5,Miami Grand Prix,2023_05
PIA,McLaren,8.0,2.0,HARD,3.0,True,1,True,18.0,27.3,35.8,59.0,False,4.0,93.357,False,57,2023,5,Miami Grand Prix,2023_05
PIA,McLaren,9.0,2.0,HARD,4.0,True,1,True,18.0,27.5,37.6,57.0,False,3.0,93.199,False,57,2023,5,Miami Grand Prix,2023_05
PIA,McLaren,10.0,2.0,HARD,5.0,True,1,True,18.0,27.7,37.9,55.0,False,3.0,93.895,False,57,2023,5,Miami Grand Prix,2023_05
PIA,McLaren,11.0,2.0,HARD,6.0,True,1,True,18.0,27.6,36.5,58.0,False,3.7,95.094,False,57,2023,5,Miami Grand Prix,2023_05
PIA,McLaren,12.0,2.0,HARD,7.0,True,1,True,18.0,27.5,35.5,59.0,False,4.5,94.893,False,57,2023,5,Miami Grand Prix,2023_05
PIA,McLaren,13.0,2.0,HARD,8.0,True,1,True,19.0,27.3,35.0,60.0,False,4.6,95.073,False,57,2023,5,Miami Grand Prix,2023_05
PIA,McLaren,14.0,2.0,HARD,9.0,True,1,True,19.0,27.2,34.5,60.0,False,3.5,93.531,False,57,2023,5,Miami Grand Prix,2023_05
PIA,McLaren,15.0,2.0,HARD,10.0,True,1,True,19.0,27.3,34.4,60.0,False,4.6,93.415,False,57,2023,5,Miami Grand Prix,2023_05
PIA,McLaren,16.0,2.0,HARD,11.0,True,1,True,18.0,27.1,33.7,61.0,False,5.4,93.544,False,57,2023,5,Miami Grand Prix,2023_05
PIA,McLaren,17.0,2.0,HARD,12.0,True,1,True,18.0,27.1,33.7,61.0,False,3.7,93.33,False,57,2023,5,Miami Grand Prix,2023_05
PIA,McLaren,18.0,2.0,HARD,13.0,True,1,True,18.0,27.2,34.8,60.0,False,3.0,93.369,False,57,2023,5,Miami Grand Prix,2023_05
PIA,McLaren,19.0,2.0,HARD,14.0,True,1,True,18.0,27.1,34.8,61.0,False,3.9,93.418,False,57,2023,5,Miami Grand Prix,2023_05
PIA,McLaren,20.0,2.0,HARD,15.0,True,1,True,18.0,27.1,34.4,61.0,False,3.4,94.056,False,57,2023,5,Miami Grand Prix,2023_05
PIA,McLaren,21.0,2.0,HARD,16.0,True,1,True,18.0,27.0,34.5,60.0,False,4.4,93.528,False,57,2023,5,Miami Grand Prix,2023_05
PIA,McLaren,22.0,2.0,HARD,17.0,True,1,True,18.0,27.1,35.0,61.0,False,5.5,93.792,False,57,2023,5,Miami Grand Prix,2023_05
PIA,McLaren,23.0,2.0,HARD,18.0,True,1,True,18.0,27.2,36.5,60.0,False,4.3,94.962,False,57,2023,5,Miami Grand Prix,2023_05
PIA,McLaren,24.0,2.0,HARD,19.0,True,1,True,18.0,27.2,36.6,60.0,False,5.4,94.116,False,57,2023,5,Miami Grand Prix,2023_05
PIA,McLaren,25.0,2.0,HARD,20.0,True,1,True,18.0,27.4,37.1,61.0,False,2.4,94.018,False,57,2023,5,Miami Grand Prix,2023_05
PIA,McLaren,26.0,2.0,HARD,21.0,True,1,True,18.0,27.5,38.0,61.0,False,3.0,94.086,False,57,2023,5,Miami Grand Prix,2023_05
PIA,McLaren,27.0,2.0,HARD,22.0,True,1,True,18.0,27.6,38.0,60.0,False,3.7,94.067,False,57,2023,5,Miami Grand Prix,2023_05
PIA,McLaren,28.0,2.0,HARD,23.0,True,1,True,18.0,27.6,38.5,58.0,False,4.3,94.215,False,57,2023,5,Miami Grand Prix,2023_05
PIA,McLaren,29.0,2.0,HARD,24.0,True,1,True,18.0,27.5,37.2,58.0,False,4.4,94.444,False,57,2023,5,Miami Grand Prix,2023_05
PIA,McLaren,30.0,2.0,HARD,25.0,True,1,True,19.0,27.4,35.9,59.0,False,3.7,95.581,False,57,2023,5,Miami Grand Prix,2023_05
PIA,McLaren,31.0,2.0,HARD,26.0,True,1,True,19.0,27.5,36.0,59.0,False,4.5,94.575,False,57,2023,5,Miami Grand Prix,2023_05
PIA,McLaren,32.0,2.0,HARD,27.0,True,1,True,19.0,27.4,35.5,59.0,False,3.5,94.312,False,57,2023,5,Miami Grand Prix,2023_05
PIA,McLaren,33.0,2.0,HARD,28.0,True,1,True,19.0,27.3,34.9,58.0,False,4.6,94.1,False,57,2023,5,Miami Grand Prix,2023_05
PIA,McLaren,34.0,2.0,HARD,29.0,True,1,True,19.0,27.2,34.4,59.0,False,4.5,93.315,False,57,2023,5,Miami Grand Prix,2023_05
PIA,McLaren,35.0,2.0,HARD,30.0,True,1,True,19.0,26.9,34.6,59.0,False,3.7,93.403,False,57,2023,5,Miami Grand Prix,2023_05
PIA,McLaren,36.0,2.0,HARD,31.0,True,1,True,19.0,26.9,34.8,58.0,False,4.3,93.283,False,57,2023,5,Miami Grand Prix,2023_05
PIA,McLaren,37.0,2.0,HARD,32.0,True,1,True,19.0,27.0,34.6,60.0,False,3.5,93.216,False,57,2023,5,Miami Grand Prix,2023_05
PIA,McLaren,38.0,2.0,HARD,33.0,True,1,True,19.0,27.0,35.3,58.0,False,4.6,93.434,False,57,2023,5,Miami Grand Prix,2023_05
PIA,McLaren,39.0,2.0,HARD,34.0,True,1,True,19.0,26.8,35.2,59.0,False,4.5,94.421,False,57,2023,5,Miami Grand Prix,2023_05
PIA,McLaren,40.0,2.0,HARD,35.0,True,1,True,19.0,26.9,34.5,59.0,False,4.0,94.908,False,57,2023,5,Miami Grand Prix,2023_05
PIA,McLaren,41.0,2.0,HARD,36.0,True,1,True,19.0,26.9,34.1,60.0,False,2.7,93.002,False,57,2023,5,Miami Grand Prix,2023_05
PIA,McLaren,42.0,2.0,HARD,37.0,True,1,True,19.0,26.7,33.3,60.0,False,4.0,92.86,False,57,2023,5,Miami Grand Prix,2023_05
PIA,McLaren,43.0,2.0,HARD,38.0,True,1,True,19.0,26.7,33.5,60.0,False,4.6,92.635,False,57,2023,5,Miami Grand Prix,2023_05
PIA,McLaren,44.0,2.0,HARD,39.0,True,1,True,19.0,26.8,32.9,61.0,False,4.9,93.267,False,57,2023,5,Miami Grand Prix,2023_05
PIA,McLaren,45.0,2.0,HARD,40.0,True,1,True,19.0,26.8,33.0,61.0,False,3.2,93.437,False,57,2023,5,Miami Grand Prix,2023_05
PIA,McLaren,46.0,2.0,HARD,41.0,True,1,True,19.0,27.1,35.1,59.0,False,4.4,93.317,False,57,2023,5,Miami Grand Prix,2023_05
PIA,McLaren,47.0,2.0,HARD,42.0,True,1,True,19.0,27.3,34.8,58.0,False,5.9,92.964,False,57,2023,5,Miami Grand Prix,2023_05
PIA,McLaren,48.0,2.0,HARD,43.0,True,1,True,19.0,27.0,33.4,58.0,False,5.0,96.036,False,57,2023,5,Miami Grand Prix,2023_05
PIA,McLaren,49.0,2.0,HARD,44.0,True,1,True,19.0,27.0,33.8,59.0,False,2.7,93.381,False,57,2023,5,Miami Grand Prix,2023_05
PIA,McLaren,50.0,2.0,HARD,45.0,True,1,True,19.0,27.1,33.8,58.0,False,4.0,92.981,False,57,2023,5,Miami Grand Prix,2023_05
PIA,McLaren,51.0,2.0,HARD,46.0,True,1,True,19.0,27.0,33.4,59.0,False,5.0,92.588,False,57,2023,5,Miami Grand Prix,2023_05
PIA,McLaren,52.0,2.0,HARD,47.0,True,1,True,19.0,27.0,33.3,58.0,False,3.9,92.558,False,57,2023,5,Miami Grand Prix,2023_05
PIA,McLaren,53.0,2.0,HARD,48.0,True,1,True,19.0,26.9,32.9,58.0,False,3.5,92.606,False,57,2023,5,Miami Grand Prix,2023_05
PIA,McLaren,54.0,2.0,HARD,49.0,True,1,True,19.0,26.9,32.9,58.0,False,4.0,92.354,False,57,2023,5,Miami Grand Prix,2023_05
PIA,McLaren,55.0,2.0,HARD,50.0,True,1,True,19.0,27.0,32.8,59.0,False,3.7,92.484,False,57,2023,5,Miami Grand Prix,2023_05
PIA,McLaren,56.0,2.0,HARD,51.0,True,1,True,19.0,27.1,32.8,59.0,False,3.7,92.006,False,57,2023,5,Miami Grand Prix,2023_05
SAR,Williams,1.0,1.0,MEDIUM,1.0,True,1,False,18.0,26.6,33.8,61.0,False,4.0,106.841,False,57,2023,5,Miami Grand Prix,2023_05
SAR,Williams,2.0,1.0,MEDIUM,2.0,True,1,False,20.0,26.6,33.7,61.0,False,3.7,101.093,True,57,2023,5,Miami Grand Prix,2023_05
SAR,Williams,3.0,2.0,HARD,1.0,True,1,False,20.0,26.7,33.9,60.0,False,4.1,135.625,True,57,2023,5,Miami Grand Prix,2023_05
SAR,Williams,4.0,2.0,HARD,2.0,True,1,True,20.0,26.9,34.5,60.0,False,4.5,93.587,False,57,2023,5,Miami Grand Prix,2023_05
SAR,Williams,5.0,2.0,HARD,3.0,True,1,True,20.0,26.9,35.2,60.0,False,5.5,93.933,False,57,2023,5,Miami Grand Prix,2023_05
SAR,Williams,6.0,2.0,HARD,4.0,True,1,True,20.0,27.2,35.5,60.0,False,3.2,93.394,False,57,2023,5,Miami Grand Prix,2023_05
SAR,Williams,7.0,2.0,HARD,5.0,True,1,True,20.0,27.3,35.6,59.0,False,2.2,93.67,False,57,2023,5,Miami Grand Prix,2023_05
SAR,Williams,8.0,2.0,HARD,6.0,True,1,True,20.0,27.5,37.4,57.0,False,3.7,93.789,False,57,2023,5,Miami Grand Prix,2023_05
SAR,Williams,9.0,2.0,HARD,7.0,True,1,True,20.0,27.5,37.6,57.0,False,3.0,93.726,False,57,2023,5,Miami Grand Prix,2023_05
SAR,Williams,10.0,2.0,HARD,8.0,True,1,True,20.0,27.6,37.9,57.0,False,4.4,93.394,False,57,2023,5,Miami Grand Prix,2023_05
SAR,Williams,11.0,2.0,HARD,9.0,True,1,True,20.0,27.6,35.5,59.0,False,3.7,93.667,False,57,2023,5,Miami Grand Prix,2023_05
SAR,Williams,12.0,2.0,HARD,10.0,True,1,True,20.0,27.5,35.5,59.0,False,4.5,93.817,False,57,2023,5,Miami Grand Prix,2023_05
SAR,Williams,13.0,2.0,HARD,11.0,True,1,True,20.0,27.1,34.5,60.0,False,2.9,93.681,False,57,2023,5,Miami Grand Prix,2023_05
SAR,Williams,14.0,2.0,HARD,12.0,True,1,True,20.0,27.2,34.5,60.0,False,3.5,93.937,False,57,2023,5,Miami Grand Prix,2023_05
SAR,Williams,15.0,2.0,HARD,13.0,True,1,True,20.0,27.2,34.4,60.0,False,5.1,94.223,False,57,2023,5,Miami Grand Prix,2023_05
SAR,Williams,16.0,2.0,HARD,14.0,True,1,True,20.0,27.1,33.7,61.0,False,5.4,93.748,False,57,2023,5,Miami Grand Prix,2023_05
SAR,Williams,17.0,2.0,HARD,15.0,True,1,True,20.0,27.2,34.3,61.0,False,4.4,93.506,False,57,2023,5,Miami Grand Prix,2023_05
SAR,Williams,18.0,2.0,HARD,16.0,True,1,True,20.0,27.2,34.8,60.0,False,3.0,93.521,False,57,2023,5,Miami Grand Prix,2023_05
SAR,Williams,19.0,2.0,HARD,17.0,True,1,True,20.0,27.1,34.8,61.0,False,3.9,93.607,False,57,2023,5,Miami Grand Prix,2023_05
SAR,Williams,20.0,2.0,HARD,18.0,True,1,True,20.0,27.1,34.3,60.0,False,3.0,93.574,False,57,2023,5,Miami Grand Prix,2023_05
SAR,Williams,21.0,2.0,HARD,19.0,True,1,True,20.0,27.0,34.5,60.0,False,4.4,93.553,False,57,2023,5,Miami Grand Prix,2023_05
SAR,Williams,22.0,2.0,HARD,20.0,True,1,True,20.0,27.2,36.0,60.0,False,4.1,93.384,False,57,2023,5,Miami Grand Prix,2023_05
SAR,Williams,23.0,2.0,HARD,21.0,True,1,True,20.0,27.2,36.5,60.0,False,4.3,93.501,False,57,2023,5,Miami Grand Prix,2023_05
SAR,Williams,24.0,2.0,HARD,22.0,True,1,True,20.0,27.3,37.0,60.0,False,3.0,93.316,False,57,2023,5,Miami Grand Prix,2023_05
SAR,Williams,25.0,2.0,HARD,23.0,True,1,True,20.0,27.4,37.1,61.0,False,2.4,93.578,False,57,2023,5,Miami Grand Prix,2023_05
SAR,Williams,26.0,2.0,HARD,24.0,True,1,True,20.0,27.5,38.0,61.0,False,3.0,93.502,False,57,2023,5,Miami Grand Prix,2023_05
SAR,Williams,27.0,2.0,HARD,25.0,True,1,True,20.0,27.6,38.0,60.0,False,3.7,93.146,False,57,2023,5,Miami Grand Prix,2023_05
SAR,Williams,28.0,2.0,HARD,26.0,True,1,True,20.0,27.6,38.5,58.0,False,4.3,93.361,False,57,2023,5,Miami Grand Prix,2023_05
SAR,Williams,29.0,2.0,HARD,27.0,True,1,True,20.0,27.5,36.3,59.0,False,3.2,93.338,False,57,2023,5,Miami Grand Prix,2023_05
SAR,Williams,30.0,2.0,HARD,28.0,True,1,True,20.0,27.4,35.9,59.0,False,3.7,93.414,False,57,2023,5,Miami Grand Prix,2023_05
SAR,Williams,31.0,2.0,HARD,29.0,True,1,True,20.0,27.5,35.8,59.0,False,4.0,92.89,False,57,2023,5,Miami Grand Prix,2023_05
SAR,Williams,32.0,2.0,HARD,30.0,True,1,True,20.0,27.4,35.5,59.0,False,3.5,94.511,False,57,2023,5,Miami Grand Prix,2023_05
SAR,Williams,33.0,2.0,HARD,31.0,True,1,True,20.0,27.3,34.9,58.0,False,4.6,93.178,False,57,2023,5,Miami Grand Prix,2023_05
SAR,Williams,34.0,2.0,HARD,32.0,True,1,True,20.0,27.2,34.4,59.0,False,4.5,93.103,False,57,2023,5,Miami Grand Prix,2023_05
SAR,Williams,35.0,2.0,HARD,33.0,True,1,True,20.0,26.9,34.6,59.0,False,3.7,92.88,False,57,2023,5,Miami Grand Prix,2023_05
SAR,Williams,36.0,2.0,HARD,34.0,True,1,True,20.0,26.9,34.8,58.0,False,4.3,93.016,False,57,2023,5,Miami Grand Prix,2023_05
SAR,Williams,37.0,2.0,HARD,35.0,True,1,True,20.0,27.0,34.6,60.0,False,3.5,93.317,False,57,2023,5,Miami Grand Prix,2023_05
SAR,Williams,38.0,2.0,HARD,36.0,True,1,True,20.0,26.9,35.5,59.0,False,4.3,92.975,False,57,2023,5,Miami Grand Prix,2023_05
SAR,Williams,39.0,2.0,HARD,37.0,True,1,True,20.0,26.8,35.2,59.0,False,4.5,93.104,False,57,2023,5,Miami Grand Prix,2023_05
SAR,Williams,40.0,2.0,HARD,38.0,True,1,True,20.0,26.9,34.5,60.0,False,4.8,93.181,False,57,2023,5,Miami Grand Prix,2023_05
SAR,Williams,41.0,2.0,HARD,39.0,True,1,True,20.0,26.9,34.1,60.0,False,2.7,94.076,False,57,2023,5,Miami Grand Prix,2023_05
SAR,Williams,42.0,2.0,HARD,40.0,True,1,True,20.0,26.7,33.3,60.0,False,4.0,93.523,False,57,2023,5,Miami Grand Prix,2023_05
SAR,Williams,43.0,2.0,HARD,41.0,True,1,True,20.0,26.7,33.5,60.0,False,4.6,93.378,False,57,2023,5,Miami Grand Prix,2023_05
SAR,Williams,44.0,2.0,HARD,42.0,True,1,True,20.0,26.8,32.9,61.0,False,4.9,92.59,False,57,2023,5,Miami Grand Prix,2023_05
SAR,Williams,45.0,2.0,HARD,43.0,True,1,True,20.0,26.8,33.0,61.0,False,3.2,92.701,False,57,2023,5,Miami Grand Prix,2023_05
SAR,Williams,46.0,2.0,HARD,44.0,True,1,True,20.0,27.1,35.1,59.0,False,4.4,92.79,False,57,2023,5,Miami Grand Prix,2023_05
SAR,Williams,47.0,2.0,HARD,45.0,True,1,True,20.0,27.1,34.2,58.0,False,4.4,92.602,False,57,2023,5,Miami Grand Prix,2023_05
SAR,Williams,48.0,2.0,HARD,46.0,True,1,True,20.0,27.0,33.4,58.0,False,5.0,92.612,False,57,2023,5,Miami Grand Prix,2023_05
SAR,Williams,49.0,2.0,HARD,47.0,True,1,True,20.0,27.0,33.8,59.0,False,2.7,92.727,False,57,2023,5,Miami Grand Prix,2023_05
SAR,Williams,50.0,2.0,HARD,48.0,True,1,True,20.0,27.1,33.8,58.0,False,4.0,92.384,False,57,2023,5,Miami Grand Prix,2023_05
SAR,Williams,51.0,2.0,HARD,49.0,True,1,True,20.0,27.0,33.4,59.0,False,5.0,92.636,False,57,2023,5,Miami Grand Prix,2023_05
SAR,Williams,52.0,2.0,HARD,50.0,True,1,True,20.0,27.0,33.3,58.0,False,3.9,92.622,False,57,2023,5,Miami Grand Prix,2023_05
SAR,Williams,53.0,2.0,HARD,51.0,True,1,True,20.0,26.9,32.9,58.0,False,3.5,94.326,False,57,2023,5,Miami Grand Prix,2023_05
SAR,Williams,54.0,2.0,HARD,52.0,True,1,True,20.0,26.9,32.9,58.0,False,4.0,93.065,False,57,2023,5,Miami Grand Prix,2023_05
SAR,Williams,55.0,2.0,HARD,53.0,True,1,True,20.0,27.0,32.8,59.0,False,3.7,93.375,False,57,2023,5,Miami Grand Prix,2023_05
SAR,Williams,56.0,2.0,HARD,54.0,True,1,True,20.0,27.1,33.1,60.0,False,3.0,94.641,False,57,2023,5,Miami Grand Prix,2023_05
