Driver,Team,LapNumber,Stint,Compound,TyreLife,FreshTyre,TrackStatus,IsAccurate,Position,AirTemp,TrackTemp,Humidity,Rainfall,WindSpeed,LapTimeSeconds,IsPitLap,TotalLaps,Year,Round,Event,RaceId
VER,Red Bull Racing,1.0,1.0,MEDIUM,1.0,True,12,False,2.0,24.9,43.4,49.0,False,0.8,110.456,False,51,2023,4,Azerbaijan Grand Prix,2023_04
VER,Red Bull Racing,2.0,1.0,MEDIUM,2.0,True,1,True,2.0,25.0,43.3,50.0,False,2.2,107.707,False,51,2023,4,Azerbaijan Grand Prix,2023_04
VER,Red Bull Racing,3.0,1.0,MEDIUM,3.0,True,1,True,1.0,25.0,43.1,49.0,False,1.3,107.677,False,51,2023,4,Azerbaijan Grand Prix,2023_04
VER,Red Bull Racing,4.0,1.0,MEDIUM,4.0,True,1,True,1.0,24.9,43.1,49.0,False,1.0,107.108,False,51,2023,4,Azerbaijan Grand Prix,2023_04
VER,Red Bull Racing,5.0,1.0,MEDIUM,5.0,True,1,True,1.0,25.0,43.2,50.0,False,0.8,107.476,False,51,2023,4,Azerbaijan Grand Prix,2023_04
VER,Red Bull Racing,6.0,1.0,MEDIUM,6.0,True,1,True,1.0,25.0,43.3,49.0,False,1.0,107.202,False,51,2023,4,Azerbaijan Grand Prix,2023_04
VER,Red Bull Racing,7.0,1.0,MEDIUM,7.0,True,1,True,1.0,24.8,42.3,49.0,False,0.6,106.995,False,51,2023,4,Azerbaijan Grand Prix,2023_04
VER,Red Bull Racing,8.0,1.0,MEDIUM,8.0,True,1,True,1.0,24.8,41.7,51.0,False,0.8,106.801,False,51,2023,4,Azerbaijan Grand Prix,2023_04
VER,Red Bull Racing,9.0,1.0,MEDIUM,9.0,True,1,True,1.0,25.0,42.0,50.0,False,0.6,106.944,False,51,2023,4,Azerbaijan Grand Prix,2023_04
VER,Red Bull Racing,10.0,1.0,MEDIUM,10.0,True,12,False,3.0,25.0,42.4,50.0,False,0.8,110.778,True,51,2023,4,Azerbaijan Grand Prix,2023_04
VER,Red Bull Racing,11.0,2.0,HARD,1.0,True,24,False,7.0,25.2,42.7,48.0,False,0.8,,True,51,2023,4,Azerbaijan Grand Prix,2023_04
VER,Red Bull Racing,12.0,2.0,HARD,2.0,True,4,False,3.0,25.0,40.9,50.0,False,1.2,,False,51,2023,4,Azerbaijan Grand Prix,2023_04
VER,Red Bull Racing,13.0,2.0,HARD,3.0,True,41,False,3.0,24.8,41.0,51.0,False,1.2,,False,51,2023,4,Azerbaijan Grand Prix,2023_04
VER,Red Bull Racing,14.0,2.0,HARD,4.0,True,1,True,2.0,25.0,41.7,50.0,False,1.0,106.936,False,51,2023,4,Azerbaijan Grand Prix,2023_04
VER,Red Bull Racing,15.0,2.0,HARD,5.0,True,1,True,2.0,25.1,42.8,49.0,False,1.8,105.687,False,51,2023,4,Azerbaijan Grand Prix,2023_04
VER,Red Bull Racing,16.0,2.0,HARD,6.0,True,1,True,2.0,25.0,43.0,48.0,False,0.5,105.497,False,51,2023,4,Azerbaijan Grand Prix,2023_04
VER,Red Bull Racing,17.0,2.0,HARD,7.0,True,12,True,2.0,25.1,42.5,48.0,False,1.2,105.498,False,51,2023,4,Azerbaijan Grand Prix,2023_04
VER,Red Bull Racing,18.0,2.0,HARD,8.0,True,1,True,2.0,25.1,42.6,48.0,False,1.0,105.425,False,51,2023,4,Azerbaijan Grand Prix,2023_04
VER,Red Bull Racing,19.0,2.0,HARD,9.0,True,1,True,2.0,25.1,42.0,48.0,False,1.3,105.66,False,51,2023,4,Azerbaijan Grand Prix,2023_04
VER,Red Bull Racing,20.0,2.0,HARD,10.0,True,1,True,2.0,25.2,41.2,48.0,False,1.0,105.446,False,51,2023,4,Azerbaijan Grand Prix,2023_04
VER,Red Bull Racing,21.0,2.0,HARD,11.0,True,1,True,2.0,25.4,41.0,47.0,False,0.6,105.793,False,51,2023,4,Azerbaijan Grand Prix,2023_04
VER,Red Bull Racing,22.0,2.0,HARD,12.0,True,1,True,2.0,25.4,40.8,48.0,False,1.0,105.67,False,51,2023,4,Azerbaijan Grand Prix,2023_04
VER,Red Bull Racing,23.0,2.0,HARD,13.0,True,1,True,2.0,25.4,41.4,47.0,False,0.0,105.902,False,51,2023,4,Azerbaijan Grand Prix,2023_04
VER,Red Bull Racing,24.0,2.0,HARD,14.0,True,1,True,2.0,25.4,40.3,48.0,False,0.8,105.738,False,51,2023,4,Azerbaijan Grand Prix,2023_04
VER,Red Bull Racing,25.0,2.0,HARD,15.0,True,1,True,2.0,25.3,40.9,48.0,False,1.3,105.657,False,51,2023,4,Azerbaijan Grand Prix,2023_04
VER,Red Bull Racing,26.0,2.0,HARD,16.0,True,1,True,2.0,25.4,40.5,48.0,False,0.6,105.855,False,51,2023,4,Azerbaijan Grand Prix,2023_04
VER,Red Bull Racing,27.0,2.0,HARD,17.0,True,1,True,2.0,25.5,40.5,48.0,False,1.6,105.625,False,51,2023,4,Azerbaijan Grand Prix,2023_04
VER,Red Bull Racing,28.0,2.0,HARD,18.0,True,1,True,2.0,25.5,40.5,48.0,False,0.8,105.694,False,51,2023,4,Azerbaijan Grand Prix,2023_04
VER,Red Bull Racing,29.0,2.0,HARD,19.0,True,1,True,2.0,25.6,41.3,46.0,False,1.8,106.365,False,51,2023,4,Azerbaijan Grand Prix,2023_04
VER,Red Bull Racing,30.0,2.0,HARD,20.0,True,1,True,2.0,25.6,40.9,48.0,False,1.2,105.575,False,51,2023,4,Azerbaijan Grand Prix,2023_04
VER,Red Bull Racing,31.0,2.0,HARD,21.0,True,1,True,2.0,25.5,40.7,47.0,False,0.8,105.348,False,51,2023,4,Azerbaijan Grand Prix,2023_04
VER,Red Bull Racing,32.0,2.0,HARD,22.0,True,1,True,2.0,25.5,40.7,48.0,False,0.8,105.354,False,51,2023,4,Azerbaijan Grand Prix,2023_04
VER,Red Bull Racing,33.0,2.0,HARD,23.0,True,1,True,2.0,25.4,40.3,47.0,False,1.1,105.343,False,51,2023,4,Azerbaijan Grand Prix,2023_04
VER,Red Bull Racing,34.0,2.0,HARD,24.0,True,1,True,2.0,25.5,40.1,47.0,False,1.0,105.218,False,51,2023,4,Azerbaijan Grand Prix,2023_04
VER,Red Bull Racing,35.0,2.0,HARD,25.0,True,1,True,2.0,25.5,39.8,47.0,False,1.0,105.121,False,51,2023,4,Azerbaijan Grand Prix,2023_04
VER,Red Bull Racing,36.0,2.0,HARD,26.0,True,1,True,2.0,25.4,39.4,47.0,False,0.6,105.05,False,51,2023,4,Azerbaijan Grand Prix,2023_04
VER,Red Bull Racing,37.0,2.0,HARD,27.0,True,1,True,2.0,25.4,38.9,48.0,False,1.2,105.319,False,51,2023,4,Azerbaijan Grand Prix,2023_04
VER,Red Bull Racing,38.0,2.0,HARD,28.0,True,1,True,2.0,25.4,38.8,48.0,False,1.0,105.474,False,51,2023,4,Azerbaijan Grand Prix,2023_04
VER,Red Bull Racing,39.0,2.0,HARD,29.0,True,1,True,2.0,25.3,38.8,48.0,False,1.3,105.15,False,51,2023,4,Azerbaijan Grand Prix,2023_04
VER,Red Bull Racing,40.0,2.0,HARD,30.0,True,1,True,2.0,25.3,39.1,47.0,False,0.8,105.418,False,51,2023,4,Azerbaijan Grand Prix,2023_04
VER,Red Bull Racing,41.0,2.0,HARD,31.0,True,1,True,2.0,25.5,38.0,48.0,False,0.8,105.123,False,51,2023,4,Azerbaijan Grand Prix,2023_04
VER,Red Bull Racing,42.0,2.0,HARD,32.0,True,1,True,2.0,25.4,38.0,48.0,False,0.8,105.15,False,51,2023,4,Azerbaijan Grand Prix,2023_04
VER,Red Bull Racing,43.0,2.0,HARD,33.0,True,1,True,2.0,25.2,38.0,48.0,False,0.8,104.843,False,51,2023,4,Azerbaijan Grand Prix,2023_04
VER,Red Bull Racing,44.0,2.0,HARD,34.0,True,1,True,2.0,25.3,37.5,48.0,False,0.8,105.275,False,51,2023,4,Azerbaijan Grand Prix,2023_04
VER,Red Bull Racing,45.0,2.0,HARD,35.0,True,1,True,2.0,25.3,37.3,47.0,False,1.0,105.14,False,51,2023,4,Azerbaijan Grand Prix,2023_04
VER,Red Bull Racing,46.0,2.0,HARD,36.0,True,1,True,2.0,25.2,37.0,48.0,False,1.1,104.686,False,51,2023,4,Azerbaijan Grand Prix,2023_04
VER,Red Bull Racing,47.0,2.0,HARD,37.0,True,1,True,2.0,25.1,36.5,48.0,False,1.0,104.734,False,51,2023,4,Azerbaijan Grand Prix,2023_04
VER,Red Bull Racing,48.0,2.0,HARD,38.0,True,1,True,2.0,25.0,36.2,49.0,False,2.0,104.566,False,51,2023,4,Azerbaijan Grand Prix,2023_04
VER,Red Bull Racing,49.0,2.0,HARD,39.0,True,12,True,2.0,24.8,35.8,50.0,False,1.6,104.474,False,51,2023,4,Azerbaijan Grand Prix,2023_04
VER,Red Bull Racing,50.0,2.0,HARD,40.0,True,1,True,2.0,24.8,35.6,50.0,False,1.2,104.554,False,51,2023,4,Azerbaijan Grand Prix,2023_04
VER,Red Bull Racing,51.0,2.0,HARD,41.0,True,1,True,2.0,24.8,35.1,51.0,False,1.3,104.232,False,51,2023,4,Azerbaijan Grand Prix,2023_04
GAS,Alpine,1.0,1.0,MEDIUM,1.0,True,12,False,15.0,24.9,43.4,49.0,False,0.8,119.785,False,51,2023,4,Azerbaijan Grand Prix,2023_04
GAS,Alpine,2.0,1.0,MEDIUM,2.0,True,1,True,15.0,25.0,43.3,50.0,False,2.2,109.99,False,51,2023,4,Azerbaijan Grand Prix,2023_04
GAS,Alpine,3.0,1.0,MEDIUM,3.0,True,1,True,15.0,25.0,43.1,49.0,False,1.3,109.075,False,51,2023,4,Azerbaijan Grand Prix,2023_04
GAS,Alpine,4.0,1.0,MEDIUM,4.0,True,1,True,15.0,24.9,43.1,49.0,False,1.0,108.873,False,51,2023,4,Azerbaijan Grand Prix,2023_04
GAS,Alpine,5.0,1.0,MEDIUM,5.0,True,1,False,19.0,25.0,43.2,50.0,False,0.8,113.152,True,51,2023,4,Azerbaijan Grand Prix,2023_04
GAS,Alpine,6.0,2.0,HARD,1.0,True,1,False,20.0,24.8,43.3,49.0,False,0.6,124.865,True,51,2023,4,Azerbaijan Grand Prix,2023_04
GAS,Alpine,7.0,2.0,HARD,2.0,True,1,True,19.0,24.8,41.6,50.0,False,1.5,107.722,False,51,2023,4,Azerbaijan Grand Prix,2023_04
GAS,Alpine,8.0,2.0,HARD,3.0,True,1,True,19.0,25.0,41.7,50.0,False,0.8,109.057,False,51,2023,4,Azerbaijan Grand Prix,2023_04
GAS,Alpine,9.0,2.0,HARD,4.0,True,1,True,18.0,25.0,42.0,50.0,False,0.6,107.851,False,51,2023,4,Azerbaijan Grand Prix,2023_04
GAS,Alpine,10.0,2.0,HARD,5.0,True,124,False,17.0,25.0,42.4,50.0,False,0.8,122.028,False,51,2023,4,Azerbaijan Grand Prix,2023_04
GAS,Alpine,11.0,2.0,HARD,6.0,True,4,False,16.0,25.2,42.6,49.0,False,0.8,148.597,False,51,2023,4,Azerbaijan Grand Prix,2023_04
GAS,Alpine,12.0,2.0,HARD,7.0,True,4,False,16.0,24.8,41.0,51.0,False,1.3,136.496,False,51,2023,4,Azerbaijan Grand Prix,2023_04
GAS,Alpine,13.0,2.0,HARD,8.0,True,41,False,16.0,24.8,41.0,51.0,False,1.2,146.528,False,51,2023,4,Azerbaijan Grand Prix,2023_04
GAS,Alpine,14.0,2.0,HARD,9.0,True,1,True,15.0,25.0,41.7,50.0,False,1.0,112.872,False,51,2023,4,Azerbaijan Grand Prix,2023_04
GAS,Alpine,15.0,2.0,HARD,10.0,True,1,True,15.0,25.1,42.8,49.0,False,1.8,108.951,False,51,2023,4,Azerbaijan Grand Prix,2023_04
GAS,Alpine,16.0,2.0,HARD,11.0,True,1,True,15.0,25.0,43.0,48.0,False,0.5,108.072,False,51,2023,4,Azerbaijan Grand Prix,2023_04
GAS,Alpine,17.0,2.0,HARD,12.0,True,12,True,15.0,25.1,42.5,48.0,False,1.2,107.915,False,51,2023,4,Azerbaijan Grand Prix,2023_04
GAS,Alpine,18.0,2.0,HARD,13.0,True,1,True,15.0,25.1,42.6,48.0,False,1.0,107.57,False,51,2023,4,Azerbaijan Grand Prix,2023_04
GAS,Alpine,19.0,2.0,HARD,14.0,True,1,True,15.0,25.2,41.9,48.0,False,1.3,108.031,False,51,2023,4,Azerbaijan Grand Prix,2023_04
GAS,Alpine,20.0,2.0,HARD,15.0,True,1,True,15.0,25.2,41.2,48.0,False,1.0,107.796,False,51,2023,4,Azerbaijan Grand Prix,2023_04
GAS,Alpine,21.0,2.0,HARD,16.0,True,1,True,15.0,25.4,41.0,47.0,False,0.6,107.873,False,51,2023,4,Azerbaijan Grand Prix,2023_04
GAS,Alpine,22.0,2.0,HARD,17.0,True,1,True,15.0,25.4,40.8,48.0,False,1.0,108.054,False,51,2023,4,Azerbaijan Grand Prix,2023_04
GAS,Alpine,23.0,2.0,HARD,18.0,True,1,False,16.0,25.5,40.6,48.0,False,1.2,112.208,True,51,2023,4,Azerbaijan Grand Prix,2023_04
GAS,Alpine,24.0,3.0,HARD,1.0,True,1,False,19.0,25.3,40.4,48.0,False,1.2,124.713,True,51,2023,4,Azerbaijan Grand Prix,2023_04
GAS,Alpine,25.0,3.0,HARD,2.0,True,1,True,19.0,25.3,40.9,47.0,False,1.2,106.561,False,51,2023,4,Azerbaijan Grand Prix,2023_04
GAS,Alpine,26.0,3.0,HARD,3.0,True,1,True,19.0,25.4,40.5,48.0,False,0.6,106.173,False,51,2023,4,Azerbaijan Grand Prix,2023_04
GAS,Alpine,27.0,3.0,HARD,4.0,True,1,True,19.0,25.6,40.5,48.0,False,1.2,106.462,False,51,2023,4,Azerbaijan Grand Prix,2023_04
GAS,Alpine,28.0,3.0,HARD,5.0,True,1,True,19.0,25.5,40.5,47.0,False,0.5,106.43,False,51,2023,4,Azerbaijan Grand Prix,2023_04
GAS,Alpine,29.0,3.0,HARD,6.0,True,1,True,19.0,25.6,41.0,47.0,False,1.3,106.547,False,51,2023,4,Azerbaijan Grand Prix,2023_04
GAS,Alpine,30.0,3.0,HARD,7.0,True,1,True,19.0,25.5,40.7,47.0,False,0.8,106.601,False,51,2023,4,Azerbaijan Grand Prix,2023_04
GAS,Alpine,31.0,3.0,HARD,8.0,True,1,True,19.0,25.5,40.9,47.0,False,1.2,106.646,False,51,2023,4,Azerbaijan Grand Prix,2023_04
GAS,Alpine,32.0,3.0,HARD,9.0,True,1,True,19.0,25.4,40.7,47.0,False,0.6,107.951,False,51,2023,4,Azerbaijan Grand Prix,2023_04
GAS,Alpine,33.0,3.0,HARD,10.0,True,1,True,18.0,25.5,40.1,47.0,False,0.6,106.903,False,51,2023,4,Azerbaijan Grand Prix,2023_04
GAS,Alpine,34.0,3.0,HARD,11.0,True,1,True,18.0,25.5,39.8,47.0,False,1.0,106.481,False,51,2023,4,Azerbaijan Grand Prix,2023_04
GAS,Alpine,35.0,3.0,HARD,12.0,True,1,True,18.0,25.4,39.4,48.0,False,1.0,106.639,False,51,2023,4,Azerbaijan Grand Prix,2023_04
GAS,Alpine,36.0,3.0,HARD,13.0,True,1,True,17.0,25.5,39.4,48.0,False,0.8,106.54,False,51,2023,4,Azerbaijan Grand Prix,2023_04
GAS,Alpine,37.0,3.0,HARD,14.0,True,1,True,17.0,25.4,39.1,48.0,False,0.8,106.491,False,51,2023,4,Azerbaijan Grand Prix,2023_04
GAS,Alpine,38.0,3.0,HARD,15.0,True,1,True,17.0,25.3,38.8,48.0,False,1.3,107.075,False,51,2023,4,Azerbaijan Grand Prix,2023_04
GAS,Alpine,39.0,3.0,HARD,16.0,True,1,True,17.0,25.3,39.1,47.0,False,0.8,107.215,False,51,2023,4,Azerbaijan Grand Prix,2023_04
GAS,Alpine,40.0,3.0,HARD,17.0,True,1,True,17.0,25.5,38.9,47.0,False,1.5,107.919,False,51,2023,4,Azerbaijan Grand Prix,2023_04
GAS,Alpine,41.0,3.0,HARD,18.0,True,1,True,17.0,25.4,37.6,48.0,False,0.5,107.206,False,51,2023,4,Azerbaijan Grand Prix,2023_04
GAS,Alpine,42.0,3.0,HARD,19.0,True,1,True,17.0,25.2,38.0,48.0,False,0.8,107.076,False,51,2023,4,Azerbaijan Grand Prix,2023_04
GAS,Alpine,43.0,3.0,HARD,20.0,True,1,True,16.0,25.3,37.5,48.0,False,0.8,106.863,False,51,2023,4,Azerbaijan Grand Prix,2023_04
GAS,Alpine,44.0,3.0,HARD,21.0,True,1,True,16.0,25.3,37.5,48.0,False,1.1,106.048,False,51,2023,4,Azerbaijan Grand Prix,2023_04
GAS,Alpine,45.0,3.0,HARD,22.0,True,1,True,16.0,25.3,37.1,47.0,False,0.8,105.915,False,51,2023,4,Azerbaijan Grand Prix,2023_04
GAS,Alpine,46.0,3.0,HARD,23.0,True,1,True,16.0,25.1,36.5,48.0,False,1.0,105.776,False,51,2023,4,Azerbaijan Grand Prix,2023_04
GAS,Alpine,47.0,3.0,HARD,24.0,True,1,True,16.0,25.0,36.2,49.0,False,2.0,105.54,False,51,2023,4,Azerbaijan Grand Prix,2023_04
GAS,Alpine,48.0,3.0,HARD,25.0,True,12,True,16.0,24.8,35.8,50.0,False,1.6,105.556,False,51,2023,4,Azerbaijan Grand Prix,2023_04
GAS,Alpine,49.0,3.0,HARD,26.0,True,1,True,15.0,24.8,35.6,50.0,False,1.1,105.582,False,51,2023,4,Azerbaijan Grand Prix,2023_04
GAS,Alpine,50.0,3.0,HARD,27.0,True,1,True,15.0,24.8,35.1,51.0,False,1.3,105.599,False,51,2023,4,Azerbaijan Grand Prix,2023_04
GAS,Alpine,51.0,3.0,HARD,28.0,True,1,True,14.0,24.7,35.1,51.0,False,1.7,105.899,False,51,2023,4,Azerbaijan Grand Prix,2023_04
PER,Red Bull Racing,1.0,1.0,MEDIUM,1.0,True,12,False,3.0,24.9,43.4,49.0,False,0.8,111.373,False,51,2023,4,Azerbaijan Grand Prix,2023_04
PER,Red Bull Racing,2.0,1.0,MEDIUM,2.0,True,1,True,3.0,25.0,43.3,50.0,False,2.2,107.717,False,51,2023,4,Azerbaijan Grand Prix,2023_04
PER,Red Bull Racing,3.0,1.0,MEDIUM,3.0,True,1,True,3.0,25.0,43.1,49.0,False,1.3,107.657,False,51,2023,4,Azerbaijan Grand Prix,2023_04
PER,Red Bull Racing,4.0,1.0,MEDIUM,4.0,True,1,True,3.0,24.9,43.1,49.0,False,1.0,107.404,False,51,2023,4,Azerbaijan Grand Prix,2023_04
PER,Red Bull Racing,5.0,1.0,MEDIUM,5.0,True,1,True,3.0,25.0,43.2,50.0,False,0.8,107.615,False,51,2023,4,Azerbaijan Grand Prix,2023_04
PER,Red Bull Racing,6.0,1.0,MEDIUM,6.0,True,1,True,2.0,25.0,43.3,49.0,False,1.0,107.073,False,51,2023,4,Azerbaijan Grand Prix,2023_04
PER,Red Bull Racing,7.0,1.0,MEDIUM,7.0,True,1,True,2.0,24.8,42.3,49.0,False,0.6,106.885,False,51,2023,4,Azerbaijan Grand Prix,2023_04
PER,Red Bull Racing,8.0,1.0,MEDIUM,8.0,True,1,True,2.0,24.8,41.7,51.0,False,0.8,106.807,False,51,2023,4,Azerbaijan Grand Prix,2023_04
PER,Red Bull Racing,9.0,1.0,MEDIUM,9.0,True,1,True,2.0,25.0,42.0,50.0,False,0.6,106.448,False,51,2023,4,Azerbaijan Grand Prix,2023_04
PER,Red Bull Racing,10.0,1.0,MEDIUM,10.0,True,12,True,1.0,25.0,42.4,50.0,False,0.8,106.905,False,51,2023,4,Azerbaijan Grand Prix,2023_04
PER,Red Bull Racing,11.0,1.0,MEDIUM,11.0,True,24,False,1.0,25.2,42.7,48.0,False,0.8,142.994,True,51,2023,4,Azerbaijan Grand Prix,2023_04
PER,Red Bull Racing,12.0,2.0,HARD,1.0,True,4,False,1.0,25.0,40.9,50.0,False,1.2,,True,51,2023,4,Azerbaijan Grand Prix,2023_04
PER,Red Bull Racing,13.0,2.0,HARD,2.0,True,41,False,1.0,24.8,41.0,51.0,False,1.2,,False,51,2023,4,Azerbaijan Grand Prix,2023_04
PER,Red Bull Racing,14.0,2.0,HARD,3.0,True,1,True,1.0,25.0,41.7,50.0,False,1.0,105.798,False,51,2023,4,Azerbaijan Grand Prix,2023_04
PER,Red Bull Racing,15.0,2.0,HARD,4.0,True,1,True,1.0,25.1,42.8,49.0,False,1.8,105.803,False,51,2023,4,Azerbaijan Grand Prix,2023_04
PER,Red Bull Racing,16.0,2.0,HARD,5.0,True,1,True,1.0,25.0,43.0,48.0,False,0.5,105.518,False,51,2023,4,Azerbaijan Grand Prix,2023_04
PER,Red Bull Racing,17.0,2.0,HARD,6.0,True,12,True,1.0,25.1,42.5,48.0,False,1.2,105.523,False,51,2023,4,Azerbaijan Grand Prix,2023_04
PER,Red Bull Racing,18.0,2.0,HARD,7.0,True,1,True,1.0,25.1,42.6,48.0,False,1.0,105.504,False,51,2023,4,Azerbaijan Grand Prix,2023_04
PER,Red Bull Racing,19.0,2.0,HARD,8.0,True,1,True,1.0,25.1,42.0,48.0,False,1.3,105.471,False,51,2023,4,Azerbaijan Grand Prix,2023_04
PER,Red Bull Racing,20.0,2.0,HARD,9.0,True,1,True,1.0,25.2,41.2,48.0,False,1.0,105.677,False,51,2023,4,Azerbaijan Grand Prix,2023_04
PER,Red Bull Racing,21.0,2.0,HARD,10.0,True,1,True,1.0,25.4,41.0,47.0,False,0.6,105.838,False,51,2023,4,Azerbaijan Grand Prix,2023_04
PER,Red Bull Racing,22.0,2.0,HARD,11.0,True,1,True,1.0,25.4,40.8,48.0,False,1.0,105.695,False,51,2023,4,Azerbaijan Grand Prix,2023_04
PER,Red Bull Racing,23.0,2.0,HARD,12.0,True,1,True,1.0,25.4,41.4,47.0,False,0.0,105.779,False,51,2023,4,Azerbaijan Grand Prix,2023_04
PER,Red Bull Racing,24.0,2.0,HARD,13.0,True,1,True,1.0,25.4,40.3,48.0,False,0.8,105.734,False,51,2023,4,Azerbaijan Grand Prix,2023_04
PER,Red Bull Racing,25.0,2.0,HARD,14.0,True,1,True,1.0,25.3,40.9,48.0,False,1.3,105.666,False,51,2023,4,Azerbaijan Grand Prix,2023_04
PER,Red Bull Racing,26.0,2.0,HARD,15.0,True,1,True,1.0,25.4,40.5,48.0,False,0.6,105.732,False,51,2023,4,Azerbaijan Grand Prix,2023_04
PER,Red Bull Racing,27.0,2.0,HARD,16.0,True,1,True,1.0,25.5,40.5,48.0,False,1.6,105.521,False,51,2023,4,Azerbaijan Grand Prix,2023_04
PER,Red Bull Racing,28.0,2.0,HARD,17.0,True,1,True,1.0,25.5,40.5,48.0,False,0.8,105.538,False,51,2023,4,Azerbaijan Grand Prix,2023_04
PER,Red Bull Racing,29.0,2.0,HARD,18.0,True,1,True,1.0,25.6,41.3,46.0,False,1.8,105.745,False,51,2023,4,Azerbaijan Grand Prix,2023_04
PER,Red Bull Racing,30.0,2.0,HARD,19.0,True,1,True,1.0,25.6,40.9,48.0,False,1.2,105.394,False,51,2023,4,Azerbaijan Grand Prix,2023_04
PER,Red Bull Racing,31.0,2.0,HARD,20.0,True,1,True,1.0,25.5,40.7,47.0,False,0.8,105.485,False,51,2023,4,Azerbaijan Grand Prix,2023_04
PER,Red Bull Racing,32.0,2.0,HARD,21.0,True,1,True,1.0,25.5,40.7,48.0,False,0.8,105.311,False,51,2023,4,Azerbaijan Grand Prix,2023_04
PER,Red Bull Racing,33.0,2.0,HARD,22.0,True,1,True,1.0,25.4,40.3,47.0,False,1.1,105.395,False,51,2023,4,Azerbaijan Grand Prix,2023_04
PER,Red Bull Racing,34.0,2.0,HARD,23.0,True,1,True,1.0,25.5,40.1,47.0,False,1.0,105.262,False,51,2023,4,Azerbaijan Grand Prix,2023_04
PER,Red Bull Racing,35.0,2.0,HARD,24.0,True,1,True,1.0,25.5,39.8,47.0,False,1.0,104.869,False,51,2023,4,Azerbaijan Grand Prix,2023_04
PER,Red Bull Racing,36.0,2.0,HARD,25.0,True,1,True,1.0,25.4,39.4,47.0,False,0.6,104.898,False,51,2023,4,Azerbaijan Grand Prix,2023_04
PER,Red Bull Racing,37.0,2.0,HARD,26.0,True,1,True,1.0,25.4,38.9,48.0,False,1.2,104.97,False,51,2023,4,Azerbaijan Grand Prix,2023_04
PER,Red Bull Racing,38.0,2.0,HARD,27.0,True,1,True,1.0,25.4,38.8,48.0,False,1.0,105.017,False,51,2023,4,Azerbaijan Grand Prix,2023_04
PER,Red Bull Racing,39.0,2.0,HARD,28.0,True,1,True,1.0,25.3,38.8,48.0,False,1.3,105.092,False,51,2023,4,Azerbaijan Grand Prix,2023_04
PER,Red Bull Racing,40.0,2.0,HARD,29.0,True,1,True,1.0,25.3,39.1,47.0,False,0.8,105.342,False,51,2023,4,Azerbaijan Grand Prix,2023_04
PER,Red Bull Racing,41.0,2.0,HARD,30.0,True,1,True,1.0,25.5,38.0,48.0,False,0.8,105.676,False,51,2023,4,Azerbaijan Grand Prix,2023_04
PER,Red Bull Racing,42.0,2.0,HARD,31.0,True,1,True,1.0,25.4,38.0,48.0,False,0.8,105.096,False,51,2023,4,Azerbaijan Grand Prix,2023_04
PER,Red Bull Racing,43.0,2.0,HARD,32.0,True,1,True,1.0,25.2,38.0,48.0,False,0.8,104.875,False,51,2023,4,Azerbaijan Grand Prix,2023_04
PER,Red Bull Racing,44.0,2.0,HARD,33.0,True,1,True,1.0,25.3,37.5,48.0,False,0.8,104.75,False,51,2023,4,Azerbaijan Grand Prix,2023_04
PER,Red Bull Racing,45.0,2.0,HARD,34.0,True,1,True,1.0,25.3,37.3,47.0,False,1.0,104.96,False,51,2023,4,Azerbaijan Grand Prix,2023_04
PER,Red Bull Racing,46.0,2.0,HARD,35.0,True,1,True,1.0,25.2,37.0,48.0,False,1.1,104.731,False,51,2023,4,Azerbaijan Grand Prix,2023_04
PER,Red Bull Racing,47.0,2.0,HARD,36.0,True,1,True,1.0,25.1,36.5,48.0,False,1.0,105.139,False,51,2023,4,Azerbaijan Grand Prix,2023_04
PER,Red Bull Racing,48.0,2.0,HARD,37.0,True,1,True,1.0,25.0,36.2,49.0,False,2.0,104.892,False,51,2023,4,Azerbaijan Grand Prix,2023_04
PER,Red Bull Racing,49.0,2.0,HARD,38.0,True,12,True,1.0,24.8,35.8,50.0,False,1.6,104.611,False,51,2023,4,Azerbaijan Grand Prix,2023_04
PER,Red Bull Racing,50.0,2.0,HARD,39.0,True,1,True,1.0,24.8,35.6,50.0,False,1.2,104.589,False,51,2023,4,Azerbaijan Grand Prix,2023_04
PER,Red Bull Racing,51.0,2.0,HARD,40.0,True,1,True,1.0,24.8,35.1,51.0,False,1.3,104.926,False,51,2023,4,Azerbaijan Grand Prix,2023_04
ALO,Aston Martin,1.0,1.0,MEDIUM,1.0,False,12,False,6.0,24.9,43.4,49.0,False,0.8,114.002,False,51,2023,4,Azerbaijan Grand Prix,2023_04
ALO,Aston Martin,2.0,1.0,MEDIUM,2.0,False,1,True,6.0,25.0,43.3,50.0,False,2.2,108.064,False,51,2023,4,Azerbaijan Grand Prix,2023_04
ALO,Aston Martin,3.0,1.0,MEDIUM,3.0,False,1,True,6.0,25.0,43.1,49.0,False,1.3,107.782,False,51,2023,4,Azerbaijan Grand Prix,2023_04
ALO,Aston Martin,4.0,1.0,MEDIUM,4.0,False,1,True,6.0,24.9,43.1,49.0,False,1.0,107.912,False,51,2023,4,Azerbaijan Grand Prix,2023_04
ALO,Aston Martin,5.0,1.0,MEDIUM,5.0,False,1,True,6.0,25.0,43.2,50.0,False,0.8,107.899,False,51,2023,4,Azerbaijan Grand Prix,2023_04
ALO,Aston Martin,6.0,1.0,MEDIUM,6.0,False,1,True,6.0,25.0,43.3,49.0,False,1.0,108.367,False,51,2023,4,Azerbaijan Grand Prix,2023_04
ALO,Aston Martin,7.0,1.0,MEDIUM,7.0,False,1,True,6.0,24.8,42.3,49.0,False,0.6,107.955,False,51,2023,4,Azerbaijan Grand Prix,2023_04
ALO,Aston Martin,8.0,1.0,MEDIUM,8.0,False,1,True,6.0,24.8,41.7,51.0,False,0.8,107.062,False,51,2023,4,Azerbaijan Grand Prix,2023_04
ALO,Aston Martin,9.0,1.0,MEDIUM,9.0,False,1,True,5.0,25.0,42.0,50.0,False,0.6,108.83,False,51,2023,4,Azerbaijan Grand Prix,2023_04
ALO,Aston Martin,10.0,1.0,MEDIUM,10.0,False,12,True,5.0,25.0,42.4,50.0,False,0.8,107.416,False,51,2023,4,Azerbaijan Grand Prix,2023_04
ALO,Aston Martin,11.0,1.0,MEDIUM,11.0,False,24,False,4.0,25.2,42.7,48.0,False,0.8,148.557,True,51,2023,4,Azerbaijan Grand Prix,2023_04
ALO,Aston Martin,12.0,2.0,HARD,1.0,False,4,False,5.0,25.0,40.9,50.0,False,1.2,,True,51,2023,4,Azerbaijan Grand Prix,2023_04
ALO,Aston Martin,13.0,2.0,HARD,2.0,False,41,False,5.0,24.8,41.0,51.0,False,1.2,,False,51,2023,4,Azerbaijan Grand Prix,2023_04
ALO,Aston Martin,14.0,2.0,HARD,3.0,False,1,True,4.0,25.0,41.7,50.0,False,1.0,108.907,False,51,2023,4,Azerbaijan Grand Prix,2023_04
ALO,Aston Martin,15.0,2.0,HARD,4.0,False,1,True,4.0,25.1,42.8,49.0,False,1.8,106.929,False,51,2023,4,Azerbaijan Grand Prix,2023_04
ALO,Aston Martin,16.0,2.0,HARD,5.0,False,1,True,4.0,25.0,43.0,48.0,False,0.5,106.404,False,51,2023,4,Azerbaijan Grand Prix,2023_04
ALO,Aston Martin,17.0,2.0,HARD,6.0,False,12,True,4.0,25.1,42.5,48.0,False,1.2,106.869,False,51,2023,4,Azerbaijan Grand Prix,2023_04
ALO,Aston Martin,18.0,2.0,HARD,7.0,False,1,True,4.0,25.1,42.6,48.0,False,1.0,107.199,False,51,2023,4,Azerbaijan Grand Prix,2023_04
ALO,Aston Martin,19.0,2.0,HARD,8.0,False,1,True,4.0,25.1,42.0,48.0,False,1.3,106.856,False,51,2023,4,Azerbaijan Grand Prix,2023_04
ALO,Aston Martin,20.0,2.0,HARD,9.0,False,1,True,4.0,25.2,41.2,48.0,False,1.0,107.025,False,51,2023,4,Azerbaijan Grand Prix,2023_04
ALO,Aston Martin,21.0,2.0,HARD,10.0,False,1,True,4.0,25.4,41.0,47.0,False,0.6,106.86,False,51,2023,4,Azerbaijan Grand Prix,2023_04
ALO,Aston Martin,22.0,2.0,HARD,11.0,False,1,True,4.0,25.4,40.8,48.0,False,1.0,106.229,False,51,2023,4,Azerbaijan Grand Prix,2023_04
ALO,Aston Martin,23.0,2.0,HARD,12.0,False,1,True,4.0,25.4,41.4,47.0,False,0.0,106.646,False,51,2023,4,Azerbaijan Grand Prix,2023_04
ALO,Aston Martin,24.0,2.0,HARD,13.0,False,1,True,4.0,25.4,40.3,48.0,False,0.8,106.162,False,51,2023,4,Azerbaijan Grand Prix,2023_04
ALO,Aston Martin,25.0,2.0,HARD,14.0,False,1,True,4.0,25.3,40.9,48.0,False,1.3,106.62,False,51,2023,4,Azerbaijan Grand Prix,2023_04
ALO,Aston Martin,26.0,2.0,HARD,15.0,False,1,True,4.0,25.4,40.5,48.0,False,0.6,106.381,False,51,2023,4,Azerbaijan Grand Prix,2023_04
ALO,Aston Martin,27.0,2.0,HARD,16.0,False,1,True,4.0,25.6,40.5,48.0,False,1.2,106.064,False,51,2023,4,Azerbaijan Grand Prix,2023_04
ALO,Aston Martin,28.0,2.0,HARD,17.0,False,1,True,4.0,25.5,40.5,48.0,False,0.8,106.091,False,51,2023,4,Azerbaijan Grand Prix,2023_04
ALO,Aston Martin,29.0,2.0,HARD,18.0,False,1,True,4.0,25.6,41.3,46.0,False,1.8,105.847,False,51,2023,4,Azerbaijan Grand Prix,2023_04
ALO,Aston Martin,30.0,2.0,HARD,19.0,False,1,True,4.0,25.6,40.9,48.0,False,1.2,105.691,False,51,2023,4,Azerbaijan Grand Prix,2023_04
ALO,Aston Martin,31.0,2.0,HARD,20.0,False,1,True,4.0,25.5,40.9,47.0,False,1.2,105.781,False,51,2023,4,Azerbaijan Grand Prix,2023_04
ALO,Aston Martin,32.0,2.0,HARD,21.0,False,1,True,4.0,25.5,40.7,48.0,False,0.8,106.194,False,51,2023,4,Azerbaijan Grand Prix,2023_04
ALO,Aston Martin,33.0,2.0,HARD,22.0,False,1,True,4.0,25.4,40.3,47.0,False,1.1,106.35,False,51,2023,4,Azerbaijan Grand Prix,2023_04
ALO,Aston Martin,34.0,2.0,HARD,23.0,False,1,True,4.0,25.5,40.1,47.0,False,1.0,106.152,False,51,2023,4,Azerbaijan Grand Prix,2023_04
ALO,Aston Martin,35.0,2.0,HARD,24.0,False,1,True,4.0,25.4,39.4,48.0,False,1.0,105.816,False,51,2023,4,Azerbaijan Grand Prix,2023_04
ALO,Aston Martin,36.0,2.0,HARD,25.0,False,1,True,4.0,25.4,39.4,47.0,False,0.6,106.079,False,51,2023,4,Azerbaijan Grand Prix,2023_04
ALO,Aston Martin,37.0,2.0,HARD,26.0,False,1,True,4.0,25.4,38.9,48.0,False,1.2,105.344,False,51,2023,4,Azerbaijan Grand Prix,2023_04
ALO,Aston Martin,38.0,2.0,HARD,27.0,False,1,True,4.0,25.4,38.8,48.0,False,1.0,105.955,False,51,2023,4,Azerbaijan Grand Prix,2023_04
ALO,Aston Martin,39.0,2.0,HARD,28.0,False,1,True,4.0,25.3,38.8,48.0,False,1.0,105.642,False,51,2023,4,Azerbaijan Grand Prix,2023_04
ALO,Aston Martin,40.0,2.0,HARD,29.0,False,1,True,4.0,25.3,39.1,47.0,False,0.8,105.372,False,51,2023,4,Azerbaijan Grand Prix,2023_04
ALO,Aston Martin,41.0,2.0,HARD,30.0,False,1,True,4.0,25.5,38.0,48.0,False,0.8,104.998,False,51,2023,4,Azerbaijan Grand Prix,2023_04
ALO,Aston Martin,42.0,2.0,HARD,31.0,False,1,True,4.0,25.4,38.0,48.0,False,0.8,104.933,False,51,2023,4,Azerbaijan Grand Prix,2023_04
ALO,Aston Martin,43.0,2.0,HARD,32.0,False,1,True,4.0,25.2,37.7,48.0,False,1.0,104.673,False,51,2023,4,Azerbaijan Grand Prix,2023_04
ALO,Aston Martin,44.0,2.0,HARD,33.0,False,1,True,4.0,25.3,37.5,48.0,False,0.8,104.782,False,51,2023,4,Azerbaijan Grand Prix,2023_04
ALO,Aston Martin,45.0,2.0,HARD,34.0,False,1,True,4.0,25.3,37.3,47.0,False,1.0,104.967,False,51,2023,4,Azerbaijan Grand Prix,2023_04
ALO,Aston Martin,46.0,2.0,HARD,35.0,False,1,True,4.0,25.2,37.0,48.0,False,1.1,104.803,False,51,2023,4,Azerbaijan Grand Prix,2023_04
ALO,Aston Martin,47.0,2.0,HARD,36.0,False,1,True,4.0,25.0,36.5,49.0,False,1.2,104.879,False,51,2023,4,Azerbaijan Grand Prix,2023_04
ALO,Aston Martin,48.0,2.0,HARD,37.0,False,1,True,4.0,25.0,36.2,49.0,False,2.0,104.541,False,51,2023,4,Azerbaijan Grand Prix,2023_04
ALO,Aston Martin,49.0,2.0,HARD,38.0,False,12,True,4.0,24.8,35.8,50.0,False,1.6,104.241,False,51,2023,4,Azerbaijan Grand Prix,2023_04
ALO,Aston Martin,50.0,2.0,HARD,39.0,False,1,True,4.0,24.8,35.6,50.0,False,1.2,104.439,False,51,2023,4,Azerbaijan Grand Prix,2023_04
ALO,Aston Martin,51.0,2.0,HARD,40.0,False,1,True,4.0,24.7,35.1,51.0,False,1.7,104.273,False,51,2023,4,Azerbaijan Grand Prix,2023_04
LEC,Ferrari,1.0,1.0,MEDIUM,1.0,True,12,False,1.0,24.9,43.4,49.0,False,0.8,110.109,False,51,2023,4,Azerbaijan Grand Prix,2023_04
LEC,Ferrari,2.0,1.0,MEDIUM,2.0,True,1,True,1.0,25.0,43.3,50.0,False,2.2,107.656,False,51,2023,4,Azerbaijan Grand Prix,2023_04
LEC,Ferrari,3.0,1.0,MEDIUM,3.0,True,1,True,2.0,25.0,43.1,49.0,False,1.3,108.151,False,51,2023,4,Azerbaijan Grand Prix,2023_04
LEC,Ferrari,4.0,1.0,MEDIUM,4.0,True,1,True,2.0,24.9,43.1,49.0,False,1.0,107.966,False,51,2023,4,Azerbaijan Grand Prix,2023_04
LEC,Ferrari,5.0,1.0,MEDIUM,5.0,True,1,True,2.0,25.0,43.2,50.0,False,0.8,107.757,False,51,2023,4,Azerbaijan Grand Prix,2023_04
LEC,Ferrari,6.0,1.0,MEDIUM,6.0,True,1,True,3.0,25.0,43.3,49.0,False,1.0,108.067,False,51,2023,4,Azerbaijan Grand Prix,2023_04
LEC,Ferrari,7.0,1.0,MEDIUM,7.0,True,1,True,3.0,24.8,42.3,49.0,False,0.6,107.157,False,51,2023,4,Azerbaijan Grand Prix,2023_04
LEC,Ferrari,8.0,1.0,MEDIUM,8.0,True,1,True,3.0,24.8,41.7,51.0,False,0.8,107.707,False,51,2023,4,Azerbaijan Grand Prix,2023_04
LEC,Ferrari,9.0,1.0,MEDIUM,9.0,True,1,True,3.0,25.0,42.0,50.0,False,0.6,107.421,False,51,2023,4,Azerbaijan Grand Prix,2023_04
LEC,Ferrari,10.0,1.0,MEDIUM,10.0,True,12,True,2.0,25.0,42.4,50.0,False,0.8,107.034,False,51,2023,4,Azerbaijan Grand Prix,2023_04
LEC,Ferrari,11.0,1.0,MEDIUM,11.0,True,24,False,2.0,25.2,42.7,48.0,False,0.8,144.96,True,51,2023,4,Azerbaijan Grand Prix,2023_04
LEC,Ferrari,12.0,2.0,HARD,1.0,True,4,False,2.0,25.0,40.9,50.0,False,1.2,,True,51,2023,4,Azerbaijan Grand Prix,2023_04
LEC,Ferrari,13.0,2.0,HARD,2.0,True,41,False,2.0,24.8,41.0,51.0,False,1.2,,False,51,2023,4,Azerbaijan Grand Prix,2023_04
LEC,Ferrari,14.0,2.0,HARD,3.0,True,1,True,3.0,25.0,41.7,50.0,False,1.0,108.511,False,51,2023,4,Azerbaijan Grand Prix,2023_04
LEC,Ferrari,15.0,2.0,HARD,4.0,True,1,True,3.0,25.1,42.8,49.0,False,1.8,106.741,False,51,2023,4,Azerbaijan Grand Prix,2023_04
LEC,Ferrari,16.0,2.0,HARD,5.0,True,1,True,3.0,25.0,43.0,48.0,False,0.5,106.345,False,51,2023,4,Azerbaijan Grand Prix,2023_04
LEC,Ferrari,17.0,2.0,HARD,6.0,True,12,True,3.0,25.1,42.5,48.0,False,1.2,106.392,False,51,2023,4,Azerbaijan Grand Prix,2023_04
LEC,Ferrari,18.0,2.0,HARD,7.0,True,1,True,3.0,25.1,42.6,48.0,False,1.0,106.727,False,51,2023,4,Azerbaijan Grand Prix,2023_04
LEC,Ferrari,19.0,2.0,HARD,8.0,True,1,True,3.0,25.1,42.0,48.0,False,1.3,106.688,False,51,2023,4,Azerbaijan Grand Prix,2023_04
LEC,Ferrari,20.0,2.0,HARD,9.0,True,1,True,3.0,25.2,41.2,48.0,False,1.0,106.752,False,51,2023,4,Azerbaijan Grand Prix,2023_04
LEC,Ferrari,21.0,2.0,HARD,10.0,True,1,True,3.0,25.4,41.0,47.0,False,0.6,106.697,False,51,2023,4,Azerbaijan Grand Prix,2023_04
LEC,Ferrari,22.0,2.0,HARD,11.0,True,1,True,3.0,25.4,40.8,48.0,False,1.0,106.481,False,51,2023,4,Azerbaijan Grand Prix,2023_04
LEC,Ferrari,23.0,2.0,HARD,12.0,True,1,True,3.0,25.4,41.4,47.0,False,0.0,106.554,False,51,2023,4,Azerbaijan Grand Prix,2023_04
LEC,Ferrari,24.0,2.0,HARD,13.0,True,1,True,3.0,25.4,40.3,48.0,False,0.8,106.51,False,51,2023,4,Azerbaijan Grand Prix,2023_04
LEC,Ferrari,25.0,2.0,HARD,14.0,True,1,True,3.0,25.3,40.9,48.0,False,1.3,106.43,False,51,2023,4,Azerbaijan Grand Prix,2023_04
LEC,Ferrari,26.0,2.0,HARD,15.0,True,1,True,3.0,25.4,40.5,48.0,False,0.6,106.711,False,51,2023,4,Azerbaijan Grand Prix,2023_04
LEC,Ferrari,27.0,2.0,HARD,16.0,True,1,True,3.0,25.5,40.5,48.0,False,1.6,106.399,False,51,2023,4,Azerbaijan Grand Prix,2023_04
LEC,Ferrari,28.0,2.0,HARD,17.0,True,1,True,3.0,25.5,40.5,48.0,False,0.8,105.874,False,51,2023,4,Azerbaijan Grand Prix,2023_04
LEC,Ferrari,29.0,2.0,HARD,18.0,True,1,True,3.0,25.6,41.3,46.0,False,1.8,105.938,False,51,2023,4,Azerbaijan Grand Prix,2023_04
LEC,Ferrari,30.0,2.0,HARD,19.0,True,1,True,3.0,25.6,40.9,48.0,False,1.2,106.375,False,51,2023,4,Azerbaijan Grand Prix,2023_04
LEC,Ferrari,31.0,2.0,HARD,20.0,True,1,True,3.0,25.5,40.9,47.0,False,1.2,106.018,False,51,2023,4,Azerbaijan Grand Prix,2023_04
LEC,Ferrari,32.0,2.0,HARD,21.0,True,1,True,3.0,25.5,40.7,48.0,False,0.8,105.627,False,51,2023,4,Azerbaijan Grand Prix,2023_04
LEC,Ferrari,33.0,2.0,HARD,22.0,True,1,True,3.0,25.4,40.3,47.0,False,1.1,105.726,False,51,2023,4,Azerbaijan Grand Prix,2023_04
LEC,Ferrari,34.0,2.0,HARD,23.0,True,1,True,3.0,25.5,40.1,47.0,False,1.0,105.873,False,51,2023,4,Azerbaijan Grand Prix,2023_04
LEC,Ferrari,35.0,2.0,HARD,24.0,True,1,True,3.0,25.4,39.4,48.0,False,1.0,105.589,False,51,2023,4,Azerbaijan Grand Prix,2023_04
LEC,Ferrari,36.0,2.0,HARD,25.0,True,1,True,3.0,25.4,39.4,47.0,False,0.6,105.446,False,51,2023,4,Azerbaijan Grand Prix,2023_04
LEC,Ferrari,37.0,2.0,HARD,26.0,True,1,True,3.0,25.4,38.9,48.0,False,1.2,105.332,False,51,2023,4,Azerbaijan Grand Prix,2023_04
LEC,Ferrari,38.0,2.0,HARD,27.0,True,1,True,3.0,25.4,38.8,48.0,False,1.0,105.266,False,51,2023,4,Azerbaijan Grand Prix,2023_04
LEC,Ferrari,39.0,2.0,HARD,28.0,True,1,True,3.0,25.3,38.8,48.0,False,1.0,105.265,False,51,2023,4,Azerbaijan Grand Prix,2023_04
LEC,Ferrari,40.0,2.0,HARD,29.0,True,1,True,3.0,25.3,39.1,47.0,False,0.8,105.363,False,51,2023,4,Azerbaijan Grand Prix,2023_04
LEC,Ferrari,41.0,2.0,HARD,30.0,True,1,True,3.0,25.5,38.0,48.0,False,0.8,105.383,False,51,2023,4,Azerbaijan Grand Prix,2023_04
LEC,Ferrari,42.0,2.0,HARD,31.0,True,1,True,3.0,25.4,38.0,48.0,False,0.8,105.006,False,51,2023,4,Azerbaijan Grand Prix,2023_04
LEC,Ferrari,43.0,2.0,HARD,32.0,True,1,True,3.0,25.2,37.7,48.0,False,1.0,104.67,False,51,2023,4,Azerbaijan Grand Prix,2023_04
LEC,Ferrari,44.0,2.0,HARD,33.0,True,1,True,3.0,25.3,37.5,48.0,False,0.8,105.323,False,51,2023,4,Azerbaijan Grand Prix,2023_04
LEC,Ferrari,45.0,2.0,HARD,34.0,True,1,True,3.0,25.3,37.3,47.0,False,1.0,104.886,False,51,2023,4,Azerbaijan Grand Prix,2023_04
LEC,Ferrari,46.0,2.0,HARD,35.0,True,1,True,3.0,25.2,37.0,48.0,False,1.1,104.927,False,51,2023,4,Azerbaijan Grand Prix,2023_04
LEC,Ferrari,47.0,2.0,HARD,36.0,True,1,True,3.0,25.0,36.5,49.0,False,1.2,105.048,False,51,2023,4,Azerbaijan Grand Prix,2023_04
LEC,Ferrari,48.0,2.0,HARD,37.0,True,1,True,3.0,25.0,36.2,49.0,False,2.0,105.045,False,51,2023,4,Azerbaijan Grand Prix,2023_04
LEC,Ferrari,49.0,2.0,HARD,38.0,True,12,True,3.0,24.8,35.8,50.0,False,1.6,104.561,False,51,2023,4,Azerbaijan Grand Prix,2023_04
LEC,Ferrari,50.0,2.0,HARD,39.0,True,1,True,3.0,24.8,35.6,50.0,False,1.2,104.977,False,51,2023,4,Azerbaijan Grand Prix,2023_04
LEC,Ferrari,51.0,2.0,HARD,40.0,True,1,True,3.0,24.7,35.1,51.0,False,1.7,105.409,False,51,2023,4,Azerbaijan Grand Prix,2023_04
STR,Aston Martin,1.0,1.0,MEDIUM,1.0,False,12,False,7.0,24.9,43.4,49.0,False,0.8,114.568,False,51,2023,4,Azerbaijan Grand Prix,2023_04
STR,Aston Martin,2.0,1.0,MEDIUM,2.0,False,1,True,7.0,25.0,43.3,50.0,False,2.2,108.409,False,51,2023,4,Azerbaijan Grand Prix,2023_04
STR,Aston Martin,3.0,1.0,MEDIUM,3.0,False,1,True,7.0,25.0,43.1,49.0,False,1.3,107.753,False,51,2023,4,Azerbaijan Grand Prix,2023_04
STR,Aston Martin,4.0,1.0,MEDIUM,4.0,False,1,True,7.0,24.9,43.1,49.0,False,1.0,107.914,False,51,2023,4,Azerbaijan Grand Prix,2023_04
STR,Aston Martin,5.0,1.0,MEDIUM,5.0,False,1,True,7.0,25.0,43.2,50.0,False,0.8,107.689,False,51,2023,4,Azerbaijan Grand Prix,2023_04
STR,Aston Martin,6.0,1.0,MEDIUM,6.0,False,1,True,7.0,25.0,43.3,49.0,False,1.0,108.268,False,51,2023,4,Azerbaijan Grand Prix,2023_04
STR,Aston Martin,7.0,1.0,MEDIUM,7.0,False,1,True,7.0,24.8,42.3,49.0,False,0.6,108.173,False,51,2023,4,Azerbaijan Grand Prix,2023_04
STR,Aston Martin,8.0,1.0,MEDIUM,8.0,False,1,True,7.0,24.8,41.7,51.0,False,0.8,107.944,False,51,2023,4,Azerbaijan Grand Prix,2023_04
STR,Aston Martin,9.0,1.0,MEDIUM,9.0,False,1,True,6.0,25.0,42.0,50.0,False,0.6,108.023,False,51,2023,4,Azerbaijan Grand Prix,2023_04
STR,Aston Martin,10.0,1.0,MEDIUM,10.0,False,12,True,6.0,25.0,42.4,50.0,False,0.8,107.893,False,51,2023,4,Azerbaijan Grand Prix,2023_04
STR,Aston Martin,11.0,1.0,MEDIUM,11.0,False,24,False,6.0,25.2,42.7,48.0,False,0.8,,True,51,2023,4,Azerbaijan Grand Prix,2023_04
STR,Aston Martin,12.0,2.0,HARD,4.0,False,4,False,7.0,25.0,40.9,50.0,False,1.2,,True,51,2023,4,Azerbaijan Grand Prix,2023_04
STR,Aston Martin,13.0,2.0,HARD,5.0,False,41,False,7.0,24.8,41.0,51.0,False,1.2,,False,51,2023,4,Azerbaijan Grand Prix,2023_04
STR,Aston Martin,14.0,2.0,HARD,6.0,False,1,True,6.0,25.0,41.7,50.0,False,1.0,109.323,False,51,2023,4,Azerbaijan Grand Prix,2023_04
STR,Aston Martin,15.0,2.0,HARD,7.0,False,1,True,6.0,25.1,42.8,49.0,False,1.8,107.521,False,51,2023,4,Azerbaijan Grand Prix,2023_04
STR,Aston Martin,16.0,2.0,HARD,8.0,False,1,True,6.0,25.0,43.0,48.0,False,0.5,107.078,False,51,2023,4,Azerbaijan Grand Prix,2023_04
STR,Aston Martin,17.0,2.0,HARD,9.0,False,12,True,6.0,25.1,42.5,48.0,False,1.2,107.051,False,51,2023,4,Azerbaijan Grand Prix,2023_04
STR,Aston Martin,18.0,2.0,HARD,10.0,False,1,True,6.0,25.1,42.6,48.0,False,1.0,106.835,False,51,2023,4,Azerbaijan Grand Prix,2023_04
STR,Aston Martin,19.0,2.0,HARD,11.0,False,1,True,7.0,25.1,42.0,48.0,False,1.3,108.008,False,51,2023,4,Azerbaijan Grand Prix,2023_04
STR,Aston Martin,20.0,2.0,HARD,12.0,False,1,True,7.0,25.2,41.2,48.0,False,1.0,107.875,False,51,2023,4,Azerbaijan Grand Prix,2023_04
STR,Aston Martin,21.0,2.0,HARD,13.0,False,1,True,7.0,25.4,41.0,47.0,False,0.6,107.164,False,51,2023,4,Azerbaijan Grand Prix,2023_04
STR,Aston Martin,22.0,2.0,HARD,14.0,False,1,True,7.0,25.4,40.8,48.0,False,1.0,106.998,False,51,2023,4,Azerbaijan Grand Prix,2023_04
STR,Aston Martin,23.0,2.0,HARD,15.0,False,1,True,7.0,25.5,40.6,48.0,False,1.2,107.104,False,51,2023,4,Azerbaijan Grand Prix,2023_04
STR,Aston Martin,24.0,2.0,HARD,16.0,False,1,True,7.0,25.4,40.3,48.0,False,0.8,106.763,False,51,2023,4,Azerbaijan Grand Prix,2023_04
STR,Aston Martin,25.0,2.0,HARD,17.0,False,1,True,7.0,25.3,40.9,48.0,False,1.3,106.722,False,51,2023,4,Azerbaijan Grand Prix,2023_04
STR,Aston Martin,26.0,2.0,HARD,18.0,False,1,True,7.0,25.4,40.5,48.0,False,0.6,107.103,False,51,2023,4,Azerbaijan Grand Prix,2023_04
STR,Aston Martin,27.0,2.0,HARD,19.0,False,1,True,7.0,25.6,40.5,48.0,False,1.2,106.941,False,51,2023,4,Azerbaijan Grand Prix,2023_04
STR,Aston Martin,28.0,2.0,HARD,20.0,False,1,True,7.0,25.5,40.5,48.0,False,0.8,107.139,False,51,2023,4,Azerbaijan Grand Prix,2023_04
STR,Aston Martin,29.0,2.0,HARD,21.0,False,1,True,7.0,25.6,41.3,46.0,False,1.8,106.819,False,51,2023,4,Azerbaijan Grand Prix,2023_04
STR,Aston Martin,30.0,2.0,HARD,22.0,False,1,True,7.0,25.6,40.9,48.0,False,1.2,106.576,False,51,2023,4,Azerbaijan Grand Prix,2023_04
STR,Aston Martin,31.0,2.0,HARD,23.0,False,1,True,7.0,25.5,40.9,47.0,False,1.2,106.395,False,51,2023,4,Azerbaijan Grand Prix,2023_04
STR,Aston Martin,32.0,2.0,HARD,24.0,False,1,True,7.0,25.4,40.7,47.0,False,0.6,106.447,False,51,2023,4,Azerbaijan Grand Prix,2023_04
STR,Aston Martin,33.0,2.0,HARD,25.0,False,1,True,7.0,25.4,40.3,47.0,False,1.1,106.536,False,51,2023,4,Azerbaijan Grand Prix,2023_04
STR,Aston Martin,34.0,2.0,HARD,26.0,False,1,True,7.0,25.5,40.1,47.0,False,1.0,106.528,False,51,2023,4,Azerbaijan Grand Prix,2023_04
STR,Aston Martin,35.0,2.0,HARD,27.0,False,1,True,7.0,25.4,39.4,48.0,False,1.0,106.577,False,51,2023,4,Azerbaijan Grand Prix,2023_04
STR,Aston Martin,36.0,2.0,HARD,28.0,False,1,True,7.0,25.5,39.4,48.0,False,0.8,106.356,False,51,2023,4,Azerbaijan Grand Prix,2023_04
STR,Aston Martin,37.0,2.0,HARD,29.0,False,1,True,7.0,25.4,38.9,48.0,False,1.2,106.295,False,51,2023,4,Azerbaijan Grand Prix,2023_04
STR,Aston Martin,38.0,2.0,HARD,30.0,False,1,True,7.0,25.4,38.8,48.0,False,1.0,106.212,False,51,2023,4,Azerbaijan Grand Prix,2023_04
STR,Aston Martin,39.0,2.0,HARD,31.0,False,1,True,7.0,25.3,38.8,48.0,False,1.0,105.972,False,51,2023,4,Azerbaijan Grand Prix,2023_04
STR,Aston Martin,40.0,2.0,HARD,32.0,False,1,True,7.0,25.5,38.9,47.0,False,1.5,106.203,False,51,2023,4,Azerbaijan Grand Prix,2023_04
STR,Aston Martin,41.0,2.0,HARD,33.0,False,1,True,7.0,25.4,37.6,48.0,False,0.5,106.097,False,51,2023,4,Azerbaijan Grand Prix,2023_04
STR,Aston Martin,42.0,2.0,HARD,34.0,False,1,True,7.0,25.4,38.0,48.0,False,0.8,105.885,False,51,2023,4,Azerbaijan Grand Prix,2023_04
STR,Aston Martin,43.0,2.0,HARD,35.0,False,1,True,7.0,25.2,37.7,48.0,False,1.0,105.957,False,51,2023,4,Azerbaijan Grand Prix,2023_04
STR,Aston Martin,44.0,2.0,HARD,36.0,False,1,True,7.0,25.3,37.5,48.0,False,1.1,105.856,False,51,2023,4,Azerbaijan Grand Prix,2023_04
STR,Aston Martin,45.0,2.0,HARD,37.0,False,1,True,7.0,25.3,37.1,47.0,False,0.8,105.627,False,51,2023,4,Azerbaijan Grand Prix,2023_04
STR,Aston Martin,46.0,2.0,HARD,38.0,False,1,True,7.0,25.2,37.0,48.0,False,1.1,105.715,False,51,2023,4,Azerbaijan Grand Prix,2023_04
STR,Aston Martin,47.0,2.0,HARD,39.0,False,1,True,7.0,25.0,36.5,49.0,False,1.2,105.814,False,51,2023,4,Azerbaijan Grand Prix,2023_04
STR,Aston Martin,48.0,2.0,HARD,40.0,False,1,True,7.0,24.9,35.8,50.0,False,1.6,105.779,False,51,2023,4,Azerbaijan Grand Prix,2023_04
STR,Aston Martin,49.0,2.0,HARD,41.0,False,12,True,7.0,24.8,35.6,50.0,False,1.1,105.886,False,51,2023,4,Azerbaijan Grand Prix,2023_04
STR,Aston Martin,50.0,2.0,HARD,42.0,False,1,True,7.0,24.8,35.6,50.0,False,1.2,106.278,False,51,2023,4,Azerbaijan Grand Prix,2023_04
STR,Aston Martin,51.0,2.0,HARD,43.0,False,1,True,7.0,24.7,35.1,51.0,False,1.7,106.58,False,51,2023,4,Azerbaijan Grand Prix,2023_04
SAR,Williams,1.0,1.0,MEDIUM,1.0,True,12,False,14.0,24.9,43.4,49.0,False,0.8,118.98,False,51,2023,4,Azerbaijan Grand Prix,2023_04
SAR,Williams,2.0,1.0,MEDIUM,2.0,True,1,True,14.0,25.0,43.3,50.0,False,2.2,110.147,False,51,2023,4,Azerbaijan Grand Prix,2023_04
SAR,Williams,3.0,1.0,MEDIUM,3.0,True,1,True,14.0,25.0,43.1,49.0,False,1.3,109.098,False,51,2023,4,Azerbaijan Grand Prix,2023_04
SAR,Williams,4.0,1.0,MEDIUM,4.0,True,1,True,14.0,24.9,43.1,49.0,False,1.0,108.85,False,51,2023,4,Azerbaijan Grand Prix,2023_04
SAR,Williams,5.0,1.0,MEDIUM,5.0,True,1,True,14.0,25.0,43.2,50.0,False,0.8,108.875,False,51,2023,4,Azerbaijan Grand Prix,2023_04
SAR,Williams,6.0,1.0,MEDIUM,6.0,True,1,True,14.0,24.8,43.3,49.0,False,0.6,109.285,False,51,2023,4,Azerbaijan Grand Prix,2023_04
SAR,Williams,7.0,1.0,MEDIUM,7.0,True,1,True,13.0,24.8,42.3,49.0,False,0.6,109.731,False,51,2023,4,Azerbaijan Grand Prix,2023_04
SAR,Williams,8.0,1.0,MEDIUM,8.0,True,1,False,17.0,24.8,41.7,51.0,False,0.8,114.13,True,51,2023,4,Azerbaijan Grand Prix,2023_04
SAR,Williams,9.0,2.0,HARD,1.0,True,1,False,19.0,25.0,42.0,50.0,False,0.6,125.742,True,51,2023,4,Azerbaijan Grand Prix,2023_04
SAR,Williams,10.0,2.0,HARD,2.0,True,124,False,18.0,25.0,42.4,50.0,False,0.8,121.898,False,51,2023,4,Azerbaijan Grand Prix,2023_04
SAR,Williams,11.0,2.0,HARD,3.0,True,4,False,18.0,25.2,42.6,49.0,False,0.8,,False,51,2023,4,Azerbaijan Grand Prix,2023_04
SAR,Williams,12.0,2.0,HARD,4.0,True,4,False,18.0,24.8,41.0,51.0,False,1.3,129.271,False,51,2023,4,Azerbaijan Grand Prix,2023_04
SAR,Williams,13.0,2.0,HARD,5.0,True,41,False,18.0,24.8,41.0,51.0,False,1.2,144.974,False,51,2023,4,Azerbaijan Grand Prix,2023_04
SAR,Williams,14.0,2.0,HARD,6.0,True,1,True,18.0,25.0,41.7,50.0,False,1.0,113.102,False,51,2023,4,Azerbaijan Grand Prix,2023_04
SAR,Williams,15.0,2.0,HARD,7.0,True,1,True,18.0,25.1,42.8,49.0,False,1.8,109.448,False,51,2023,4,Azerbaijan Grand Prix,2023_04
SAR,Williams,16.0,2.0,HARD,8.0,True,1,True,18.0,25.0,43.0,48.0,False,0.5,108.461,False,51,2023,4,Azerbaijan Grand Prix,2023_04
SAR,Williams,17.0,2.0,HARD,9.0,True,12,True,18.0,25.1,42.5,48.0,False,1.2,108.711,False,51,2023,4,Azerbaijan Grand Prix,2023_04
SAR,Williams,18.0,2.0,HARD,10.0,True,1,True,18.0,25.1,42.6,48.0,False,1.0,107.892,False,51,2023,4,Azerbaijan Grand Prix,2023_04
SAR,Williams,19.0,2.0,HARD,11.0,True,1,True,18.0,25.2,41.9,48.0,False,1.3,108.088,False,51,2023,4,Azerbaijan Grand Prix,2023_04
SAR,Williams,20.0,2.0,HARD,12.0,True,1,True,18.0,25.2,41.2,48.0,False,1.0,108.722,False,51,2023,4,Azerbaijan Grand Prix,2023_04
SAR,Williams,21.0,2.0,HARD,13.0,True,1,True,18.0,25.4,41.0,47.0,False,0.6,108.568,False,51,2023,4,Azerbaijan Grand Prix,2023_04
SAR,Williams,22.0,2.0,HARD,14.0,True,1,True,18.0,25.4,40.8,48.0,False,1.0,108.293,False,51,2023,4,Azerbaijan Grand Prix,2023_04
SAR,Williams,23.0,2.0,HARD,15.0,True,1,True,18.0,25.5,40.6,48.0,False,1.2,108.378,False,51,2023,4,Azerbaijan Grand Prix,2023_04
SAR,Williams,24.0,2.0,HARD,16.0,True,1,True,17.0,25.3,40.4,48.0,False,1.2,108.514,False,51,2023,4,Azerbaijan Grand Prix,2023_04
SAR,Williams,25.0,2.0,HARD,17.0,True,1,True,17.0,25.3,40.9,48.0,False,1.3,108.089,False,51,2023,4,Azerbaijan Grand Prix,2023_04
SAR,Williams,26.0,2.0,HARD,18.0,True,1,True,17.0,25.4,40.5,48.0,False,0.6,107.802,False,51,2023,4,Azerbaijan Grand Prix,2023_04
SAR,Williams,27.0,2.0,HARD,19.0,True,1,True,17.0,25.6,40.5,48.0,False,1.2,108.044,False,51,2023,4,Azerbaijan Grand Prix,2023_04
SAR,Williams,28.0,2.0,HARD,20.0,True,1,True,17.0,25.5,40.5,47.0,False,0.5,108.355,False,51,2023,4,Azerbaijan Grand Prix,2023_04
SAR,Williams,29.0,2.0,HARD,21.0,True,1,True,17.0,25.6,41.0,47.0,False,1.3,108.197,False,51,2023,4,Azerbaijan Grand Prix,2023_04
SAR,Williams,30.0,2.0,HARD,22.0,True,1,True,17.0,25.6,40.9,48.0,False,1.2,107.975,False,51,2023,4,Azerbaijan Grand Prix,2023_04
SAR,Williams,31.0,2.0,HARD,23.0,True,1,True,17.0,25.5,40.9,47.0,False,1.2,107.663,False,51,2023,4,Azerbaijan Grand Prix,2023_04
SAR,Williams,32.0,2.0,HARD,24.0,True,1,True,17.0,25.4,40.7,47.0,False,0.6,107.521,False,51,2023,4,Azerbaijan Grand Prix,2023_04
SAR,Williams,33.0,2.0,HARD,25.0,True,1,True,17.0,25.5,40.1,47.0,False,0.6,107.364,False,51,2023,4,Azerbaijan Grand Prix,2023_04
SAR,Williams,34.0,2.0,HARD,26.0,True,1,True,17.0,25.5,39.8,47.0,False,1.0,107.539,False,51,2023,4,Azerbaijan Grand Prix,2023_04
SAR,Williams,35.0,2.0,HARD,27.0,True,1,True,17.0,25.4,39.4,48.0,False,1.0,107.456,False,51,2023,4,Azerbaijan Grand Prix,2023_04
SAR,Williams,36.0,2.0,HARD,28.0,True,1,True,16.0,25.5,39.4,48.0,False,0.8,107.614,False,51,2023,4,Azerbaijan Grand Prix,2023_04
SAR,Williams,37.0,2.0,HARD,29.0,True,1,True,16.0,25.4,39.1,48.0,False,0.8,106.844,False,51,2023,4,Azerbaijan Grand Prix,2023_04
SAR,Williams,38.0,2.0,HARD,30.0,True,1,True,16.0,25.3,38.8,48.0,False,1.3,107.161,False,51,2023,4,Azerbaijan Grand Prix,2023_04
SAR,Williams,39.0,2.0,HARD,31.0,True,1,True,16.0,25.3,39.1,47.0,False,0.8,107.323,False,51,2023,4,Azerbaijan Grand Prix,2023_04
SAR,Williams,40.0,2.0,HARD,32.0,True,1,True,16.0,25.5,38.9,47.0,False,1.5,107.725,False,51,2023,4,Azerbaijan Grand Prix,2023_04
SAR,Williams,41.0,2.0,HARD,33.0,True,1,True,16.0,25.4,37.6,48.0,False,0.5,107.2,False,51,2023,4,Azerbaijan Grand Prix,2023_04
SAR,Williams,42.0,2.0,HARD,34.0,True,1,True,16.0,25.2,38.0,48.0,False,0.8,107.378,False,51,2023,4,Azerbaijan Grand Prix,2023_04
SAR,Williams,43.0,2.0,HARD,35.0,True,1,True,17.0,25.3,37.5,48.0,False,0.8,108.649,False,51,2023,4,Azerbaijan Grand Prix,2023_04
SAR,Williams,44.0,2.0,HARD,36.0,True,1,True,17.0,25.3,37.3,47.0,False,1.0,107.047,False,51,2023,4,Azerbaijan Grand Prix,2023_04
SAR,Williams,45.0,2.0,HARD,37.0,True,1,True,17.0,25.3,37.1,47.0,False,0.8,106.97,False,51,2023,4,Azerbaijan Grand Prix,2023_04
SAR,Williams,46.0,2.0,HARD,38.0,True,1,True,17.0,25.1,36.5,48.0,False,1.0,106.819,False,51,2023,4,Azerbaijan Grand Prix,2023_04
SAR,Williams,47.0,2.0,HARD,39.0,True,1,True,17.0,25.0,36.2,49.0,False,2.0,106.641,False,51,2023,4,Azerbaijan Grand Prix,2023_04
SAR,Williams,48.0,2.0,HARD,40.0,True,12,True,17.0,24.8,35.8,50.0,False,1.6,106.754,False,51,2023,4,Azerbaijan Grand Prix,2023_04
SAR,Williams,49.0,2.0,HARD,41.0,True,1,True,17.0,24.8,35.6,50.0,False,1.1,106.501,False,51,2023,4,Azerbaijan Grand Prix,2023_04
SAR,Williams,50.0,2.0,HARD,42.0,True,1,True,16.0,24.8,35.1,51.0,False,1.3,106.507,False,51,2023,4,Azerbaijan Grand Prix,2023_04
SAR,Williams,51.0,2.0,HARD,43.0,True,1,True,16.0,24.7,35.1,51.0,False,1.7,106.638,False,51,2023,4,Azerbaijan Grand Prix,2023_04
MAG,Haas F1 Team,1.0,1.0,MEDIUM,1.0,True,12,False,13.0,24.9,43.4,49.0,False,0.8,118.715,False,51,2023,4,Azerbaijan Grand Prix,2023_04
MAG,Haas F1 Team,2.0,1.0,MEDIUM,2.0,True,1,True,13.0,25.0,43.3,50.0,False,2.2,110.168,False,51,2023,4,Azerbaijan Grand Prix,2023_04
MAG,Haas F1 Team,3.0,1.0,MEDIUM,3.0,True,1,True,13.0,25.0,43.1,49.0,False,1.3,108.629,False,51,2023,4,Azerbaijan Grand Prix,2023_04
MAG,Haas F1 Team,4.0,1.0,MEDIUM,4.0,True,1,True,13.0,24.9,43.1,49.0,False,1.0,108.915,False,51,2023,4,Azerbaijan Grand Prix,2023_04
MAG,Haas F1 Team,5.0,1.0,MEDIUM,5.0,True,1,True,13.0,25.0,43.2,50.0,False,0.8,109.028,False,51,2023,4,Azerbaijan Grand Prix,2023_04
MAG,Haas F1 Team,6.0,1.0,MEDIUM,6.0,True,1,True,13.0,24.8,43.3,49.0,False,0.6,108.951,False,51,2023,4,Azerbaijan Grand Prix,2023_04
MAG,Haas F1 Team,7.0,1.0,MEDIUM,7.0,True,1,True,12.0,24.8,42.3,49.0,False,0.6,108.645,False,51,2023,4,Azerbaijan Grand Prix,2023_04
MAG,Haas F1 Team,8.0,1.0,MEDIUM,8.0,True,1,True,11.0,24.8,41.7,51.0,False,0.8,108.972,False,51,2023,4,Azerbaijan Grand Prix,2023_04
MAG,Haas F1 Team,9.0,1.0,MEDIUM,9.0,True,1,True,10.0,25.0,42.0,50.0,False,0.6,109.051,False,51,2023,4,Azerbaijan Grand Prix,2023_04
MAG,Haas F1 Team,10.0,1.0,MEDIUM,10.0,True,124,False,12.0,25.0,42.4,50.0,False,0.8,122.819,True,51,2023,4,Azerbaijan Grand Prix,2023_04
MAG,Haas F1 Team,11.0,2.0,HARD,1.0,True,4,False,17.0,25.2,42.6,49.0,False,0.8,,True,51,2023,4,Azerbaijan Grand Prix,2023_04
MAG,Haas F1 Team,12.0,2.0,HARD,2.0,True,4,False,17.0,24.8,41.0,51.0,False,1.3,129.751,False,51,2023,4,Azerbaijan Grand Prix,2023_04
MAG,Haas F1 Team,13.0,2.0,HARD,3.0,True,41,False,17.0,24.8,41.0,51.0,False,1.2,145.627,False,51,2023,4,Azerbaijan Grand Prix,2023_04
MAG,Haas F1 Team,14.0,2.0,HARD,4.0,True,1,True,17.0,25.0,41.7,50.0,False,1.0,112.642,False,51,2023,4,Azerbaijan Grand Prix,2023_04
MAG,Haas F1 Team,15.0,2.0,HARD,5.0,True,1,True,17.0,25.1,42.8,49.0,False,1.8,109.108,False,51,2023,4,Azerbaijan Grand Prix,2023_04
MAG,Haas F1 Team,16.0,2.0,HARD,6.0,True,1,True,17.0,25.0,43.0,48.0,False,0.5,107.952,False,51,2023,4,Azerbaijan Grand Prix,2023_04
MAG,Haas F1 Team,17.0,2.0,HARD,7.0,True,12,True,17.0,25.1,42.5,48.0,False,1.2,108.871,False,51,2023,4,Azerbaijan Grand Prix,2023_04
MAG,Haas F1 Team,18.0,2.0,HARD,8.0,True,1,True,17.0,25.1,42.6,48.0,False,1.0,107.484,False,51,2023,4,Azerbaijan Grand Prix,2023_04
MAG,Haas F1 Team,19.0,2.0,HARD,9.0,True,1,True,16.0,25.2,41.9,48.0,False,1.3,107.752,False,51,2023,4,Azerbaijan Grand Prix,2023_04
MAG,Haas F1 Team,20.0,2.0,HARD,10.0,True,1,True,16.0,25.2,41.2,48.0,False,1.0,107.765,False,51,2023,4,Azerbaijan Grand Prix,2023_04
MAG,Haas F1 Team,21.0,2.0,HARD,11.0,True,1,True,16.0,25.4,41.0,47.0,False,0.6,107.567,False,51,2023,4,Azerbaijan Grand Prix,2023_04
MAG,Haas F1 Team,22.0,2.0,HARD,12.0,True,1,True,16.0,25.4,40.8,48.0,False,1.0,107.675,False,51,2023,4,Azerbaijan Grand Prix,2023_04
MAG,Haas F1 Team,23.0,2.0,HARD,13.0,True,1,True,15.0,25.5,40.6,48.0,False,1.2,107.906,False,51,2023,4,Azerbaijan Grand Prix,2023_04
MAG,Haas F1 Team,24.0,2.0,HARD,14.0,True,1,True,15.0,25.3,40.4,48.0,False,1.2,107.722,False,51,2023,4,Azerbaijan Grand Prix,2023_04
MAG,Haas F1 Team,25.0,2.0,HARD,15.0,True,1,True,15.0,25.3,40.9,48.0,False,1.3,107.862,False,51,2023,4,Azerbaijan Grand Prix,2023_04
MAG,Haas F1 Team,26.0,2.0,HARD,16.0,True,1,True,15.0,25.4,40.5,48.0,False,0.6,107.861,False,51,2023,4,Azerbaijan Grand Prix,2023_04
MAG,Haas F1 Team,27.0,2.0,HARD,17.0,True,1,True,15.0,25.6,40.5,48.0,False,1.2,108.357,False,51,2023,4,Azerbaijan Grand Prix,2023_04
MAG,Haas F1 Team,28.0,2.0,HARD,18.0,True,1,True,15.0,25.5,40.5,47.0,False,0.5,108.029,False,51,2023,4,Azerbaijan Grand Prix,2023_04
MAG,Haas F1 Team,29.0,2.0,HARD,19.0,True,1,True,15.0,25.6,41.0,47.0,False,1.3,107.988,False,51,2023,4,Azerbaijan Grand Prix,2023_04
MAG,Haas F1 Team,30.0,2.0,HARD,20.0,True,1,True,15.0,25.6,40.9,48.0,False,1.2,106.99,False,51,2023,4,Azerbaijan Grand Prix,2023_04
MAG,Haas F1 Team,31.0,2.0,HARD,21.0,True,1,True,15.0,25.5,40.9,47.0,False,1.2,107.313,False,51,2023,4,Azerbaijan Grand Prix,2023_04
MAG,Haas F1 Team,32.0,2.0,HARD,22.0,True,1,True,15.0,25.4,40.7,47.0,False,0.6,107.141,False,51,2023,4,Azerbaijan Grand Prix,2023_04
MAG,Haas F1 Team,33.0,2.0,HARD,23.0,True,1,True,15.0,25.5,40.1,47.0,False,0.6,107.382,False,51,2023,4,Azerbaijan Grand Prix,2023_04
MAG,Haas F1 Team,34.0,2.0,HARD,24.0,True,1,True,15.0,25.5,40.1,47.0,False,1.0,107.42,False,51,2023,4,Azerbaijan Grand Prix,2023_04
MAG,Haas F1 Team,35.0,2.0,HARD,25.0,True,1,True,15.0,25.4,39.4,48.0,False,1.0,107.487,False,51,2023,4,Azerbaijan Grand Prix,2023_04
MAG,Haas F1 Team,36.0,2.0,HARD,26.0,True,1,True,15.0,25.5,39.4,48.0,False,0.8,107.348,False,51,2023,4,Azerbaijan Grand Prix,2023_04
MAG,Haas F1 Team,37.0,2.0,HARD,27.0,True,1,True,15.0,25.4,39.1,48.0,False,0.8,107.589,False,51,2023,4,Azerbaijan Grand Prix,2023_04
MAG,Haas F1 Team,38.0,2.0,HARD,28.0,True,1,True,15.0,25.3,38.8,48.0,False,1.3,107.261,False,51,2023,4,Azerbaijan Grand Prix,2023_04
MAG,Haas F1 Team,39.0,2.0,HARD,29.0,True,1,True,15.0,25.3,38.8,48.0,False,1.0,107.021,False,51,2023,4,Azerbaijan Grand Prix,2023_04
MAG,Haas F1 Team,40.0,2.0,HARD,30.0,True,1,True,15.0,25.5,38.9,47.0,False,1.5,106.653,False,51,2023,4,Azerbaijan Grand Prix,2023_04
MAG,Haas F1 Team,41.0,2.0,HARD,31.0,True,1,True,15.0,25.4,37.6,48.0,False,0.5,107.351,False,51,2023,4,Azerbaijan Grand Prix,2023_04
MAG,Haas F1 Team,42.0,2.0,HARD,32.0,True,1,True,15.0,25.2,38.0,48.0,False,0.8,106.585,False,51,2023,4,Azerbaijan Grand Prix,2023_04
MAG,Haas F1 Team,43.0,2.0,HARD,33.0,True,1,True,15.0,25.3,37.5,48.0,False,0.8,106.563,False,51,2023,4,Azerbaijan Grand Prix,2023_04
MAG,Haas F1 Team,44.0,2.0,HARD,34.0,True,1,True,15.0,25.3,37.5,48.0,False,1.1,106.775,False,51,2023,4,Azerbaijan Grand Prix,2023_04
MAG,Haas F1 Team,45.0,2.0,HARD,35.0,True,1,True,15.0,25.3,37.1,47.0,False,0.8,106.802,False,51,2023,4,Azerbaijan Grand Prix,2023_04
MAG,Haas F1 Team,46.0,2.0,HARD,36.0,True,1,True,15.0,25.1,36.5,48.0,False,1.0,106.677,False,51,2023,4,Azerbaijan Grand Prix,2023_04
MAG,Haas F1 Team,47.0,2.0,HARD,37.0,True,1,True,15.0,25.0,36.2,49.0,False,2.0,106.946,False,51,2023,4,Azerbaijan Grand Prix,2023_04
MAG,Haas F1 Team,48.0,2.0,HARD,38.0,True,12,True,15.0,24.9,35.8,50.0,False,1.6,107.926,False,51,2023,4,Azerbaijan Grand Prix,2023_04
MAG,Haas F1 Team,49.0,2.0,HARD,39.0,True,1,True,14.0,24.8,35.6,50.0,False,1.1,107.217,False,51,2023,4,Azerbaijan Grand Prix,2023_04
MAG,Haas F1 Team,50.0,2.0,HARD,40.0,True,1,True,14.0,24.8,35.1,51.0,False,1.3,106.102,False,51,2023,4,Azerbaijan Grand Prix,2023_04
MAG,Haas F1 Team,51.0,2.0,HARD,41.0,True,1,True,13.0,24.7,35.1,51.0,False,1.7,105.85,False,51,2023,4,Azerbaijan Grand Prix,2023_04
DEV,AlphaTauri,1.0,1.0,HARD,1.0,False,12,False,17.0,24.9,43.4,49.0,False,0.8,121.057,False,51,2023,4,Azerbaijan Grand Prix,2023_04
DEV,AlphaTauri,2.0,1.0,HARD,2.0,False,1,True,17.0,25.0,43.3,50.0,False,2.2,110.431,False,51,2023,4,Azerbaijan Grand Prix,2023_04
DEV,AlphaTauri,3.0,1.0,HARD,3.0,False,1,True,17.0,25.0,43.1,49.0,False,1.3,109.365,False,51,2023,4,Azerbaijan Grand Prix,2023_04
DEV,AlphaTauri,4.0,1.0,HARD,4.0,False,1,True,17.0,24.9,43.1,49.0,False,1.0,108.781,False,51,2023,4,Azerbaijan Grand Prix,2023_04
DEV,AlphaTauri,5.0,1.0,HARD,5.0,False,1,True,16.0,25.0,43.2,50.0,False,0.8,108.948,False,51,2023,4,Azerbaijan Grand Prix,2023_04
DEV,AlphaTauri,6.0,1.0,HARD,6.0,False,1,True,16.0,24.8,43.3,49.0,False,0.6,109.337,False,51,2023,4,Azerbaijan Grand Prix,2023_04
DEV,AlphaTauri,7.0,1.0,HARD,7.0,False,1,True,16.0,24.8,42.3,49.0,False,0.6,109.118,False,51,2023,4,Azerbaijan Grand Prix,2023_04
DEV,AlphaTauri,8.0,1.0,HARD,8.0,False,1,True,14.0,24.8,41.7,51.0,False,0.8,109.353,False,51,2023,4,Azerbaijan Grand Prix,2023_04
DEV,AlphaTauri,9.0,1.0,HARD,9.0,False,1,True,12.0,25.0,42.0,50.0,False,0.6,109.253,False,51,2023,4,Azerbaijan Grand Prix,2023_04
DEV,AlphaTauri,10.0,1.0,HARD,10.0,False,124,False,,25.0,42.4,50.0,False,0.8,,False,51,2023,4,Azerbaijan Grand Prix,2023_04
TSU,AlphaTauri,1.0,1.0,MEDIUM,1.0,True,12,False,10.0,24.9,43.4,49.0,False,0.8,117.17,False,51,2023,4,Azerbaijan Grand Prix,2023_04
TSU,AlphaTauri,2.0,1.0,MEDIUM,2.0,True,1,True,10.0,25.0,43.3,50.0,False,2.2,109.181,False,51,2023,4,Azerbaijan Grand Prix,2023_04
TSU,AlphaTauri,3.0,1.0,MEDIUM,3.0,True,1,True,10.0,25.0,43.1,49.0,False,1.3,108.529,False,51,2023,4,Azerbaijan Grand Prix,2023_04
TSU,AlphaTauri,4.0,1.0,MEDIUM,4.0,True,1,True,10.0,24.9,43.1,49.0,False,1.0,108.477,False,51,2023,4,Azerbaijan Grand Prix,2023_04
TSU,AlphaTauri,5.0,1.0,MEDIUM,5.0,True,1,True,10.0,25.0,43.2,50.0,False,0.8,108.599,False,51,2023,4,Azerbaijan Grand Prix,2023_04
TSU,AlphaTauri,6.0,1.0,MEDIUM,6.0,True,1,True,10.0,24.8,43.3,49.0,False,0.6,108.228,False,51,2023,4,Azerbaijan Grand Prix,2023_04
TSU,AlphaTauri,7.0,1.0,MEDIUM,7.0,True,1,True,10.0,24.8,42.3,49.0,False,0.6,108.26,False,51,2023,4,Azerbaijan Grand Prix,2023_04
TSU,AlphaTauri,8.0,1.0,MEDIUM,8.0,True,1,False,10.0,24.8,41.7,51.0,False,0.8,112.849,True,51,2023,4,Azerbaijan Grand Prix,2023_04
TSU,AlphaTauri,9.0,2.0,HARD,1.0,False,1,False,15.0,25.0,42.0,50.0,False,0.6,125.578,True,51,2023,4,Azerbaijan Grand Prix,2023_04
TSU,AlphaTauri,10.0,2.0,HARD,2.0,False,124,False,14.0,25.0,42.4,50.0,False,0.8,118.85,False,51,2023,4,Azerbaijan Grand Prix,2023_04
TSU,AlphaTauri,11.0,2.0,HARD,3.0,False,4,False,13.0,25.2,42.6,49.0,False,0.8,149.329,False,51,2023,4,Azerbaijan Grand Prix,2023_04
TSU,AlphaTauri,12.0,2.0,HARD,4.0,False,4,False,12.0,24.8,41.0,51.0,False,1.3,136.115,False,51,2023,4,Azerbaijan Grand Prix,2023_04
TSU,AlphaTauri,13.0,2.0,HARD,5.0,False,41,False,12.0,24.8,41.0,51.0,False,1.2,,False,51,2023,4,Azerbaijan Grand Prix,2023_04
TSU,AlphaTauri,14.0,2.0,HARD,6.0,False,1,True,12.0,25.0,41.7,50.0,False,1.0,112.225,False,51,2023,4,Azerbaijan Grand Prix,2023_04
TSU,AlphaTauri,15.0,2.0,HARD,7.0,False,1,True,12.0,25.1,42.8,49.0,False,1.8,108.521,False,51,2023,4,Azerbaijan Grand Prix,2023_04
TSU,AlphaTauri,16.0,2.0,HARD,8.0,False,1,True,12.0,25.0,43.0,48.0,False,0.5,107.868,False,51,2023,4,Azerbaijan Grand Prix,2023_04
TSU,AlphaTauri,17.0,2.0,HARD,9.0,False,12,True,12.0,25.1,42.5,48.0,False,1.2,107.609,False,51,2023,4,Azerbaijan Grand Prix,2023_04
TSU,AlphaTauri,18.0,2.0,HARD,10.0,False,1,True,12.0,25.1,42.6,48.0,False,1.0,107.69,False,51,2023,4,Azerbaijan Grand Prix,2023_04
TSU,AlphaTauri,19.0,2.0,HARD,11.0,False,1,True,12.0,25.1,42.0,48.0,False,1.3,107.556,False,51,2023,4,Azerbaijan Grand Prix,2023_04
TSU,AlphaTauri,20.0,2.0,HARD,12.0,False,1,True,12.0,25.2,41.2,48.0,False,1.0,108.021,False,51,2023,4,Azerbaijan Grand Prix,2023_04
TSU,AlphaTauri,21.0,2.0,HARD,13.0,False,1,True,12.0,25.4,41.0,47.0,False,0.6,107.818,False,51,2023,4,Azerbaijan Grand Prix,2023_04
TSU,AlphaTauri,22.0,2.0,HARD,14.0,False,1,True,12.0,25.4,40.8,48.0,False,1.0,107.642,False,51,2023,4,Azerbaijan Grand Prix,2023_04
TSU,AlphaTauri,23.0,2.0,HARD,15.0,False,1,True,12.0,25.5,40.6,48.0,False,1.2,108.041,False,51,2023,4,Azerbaijan Grand Prix,2023_04
TSU,AlphaTauri,24.0,2.0,HARD,16.0,False,1,True,12.0,25.4,40.3,48.0,False,0.8,108.199,False,51,2023,4,Azerbaijan Grand Prix,2023_04
TSU,AlphaTauri,25.0,2.0,HARD,17.0,False,1,True,12.0,25.3,40.9,48.0,False,1.3,107.9,False,51,2023,4,Azerbaijan Grand Prix,2023_04
TSU,AlphaTauri,26.0,2.0,HARD,18.0,False,1,True,12.0,25.4,40.5,48.0,False,0.6,107.696,False,51,2023,4,Azerbaijan Grand Prix,2023_04
TSU,AlphaTauri,27.0,2.0,HARD,19.0,False,1,True,12.0,25.6,40.5,48.0,False,1.2,108.205,False,51,2023,4,Azerbaijan Grand Prix,2023_04
TSU,AlphaTauri,28.0,2.0,HARD,20.0,False,1,True,12.0,25.5,40.5,47.0,False,0.5,107.902,False,51,2023,4,Azerbaijan Grand Prix,2023_04
TSU,AlphaTauri,29.0,2.0,HARD,21.0,False,1,True,12.0,25.6,41.3,46.0,False,1.8,107.667,False,51,2023,4,Azerbaijan Grand Prix,2023_04
TSU,AlphaTauri,30.0,2.0,HARD,22.0,False,1,True,12.0,25.6,40.9,48.0,False,1.2,107.334,False,51,2023,4,Azerbaijan Grand Prix,2023_04
TSU,AlphaTauri,31.0,2.0,HARD,23.0,False,1,True,12.0,25.5,40.9,47.0,False,1.2,107.308,False,51,2023,4,Azerbaijan Grand Prix,2023_04
TSU,AlphaTauri,32.0,2.0,HARD,24.0,False,1,True,12.0,25.4,40.7,47.0,False,0.6,107.355,False,51,2023,4,Azerbaijan Grand Prix,2023_04
TSU,AlphaTauri,33.0,2.0,HARD,25.0,False,1,True,12.0,25.5,40.1,47.0,False,0.6,107.219,False,51,2023,4,Azerbaijan Grand Prix,2023_04
TSU,AlphaTauri,34.0,2.0,HARD,26.0,False,1,True,12.0,25.5,40.1,47.0,False,1.0,106.922,False,51,2023,4,Azerbaijan Grand Prix,2023_04
TSU,AlphaTauri,35.0,2.0,HARD,27.0,False,1,True,12.0,25.4,39.4,48.0,False,1.0,106.861,False,51,2023,4,Azerbaijan Grand Prix,2023_04
TSU,AlphaTauri,36.0,2.0,HARD,28.0,False,1,True,12.0,25.5,39.4,48.0,False,0.8,107.261,False,51,2023,4,Azerbaijan Grand Prix,2023_04
TSU,AlphaTauri,37.0,2.0,HARD,29.0,False,1,True,12.0,25.4,39.1,48.0,False,0.8,107.14,False,51,2023,4,Azerbaijan Grand Prix,2023_04
TSU,AlphaTauri,38.0,2.0,HARD,30.0,False,1,True,12.0,25.3,38.8,48.0,False,1.3,106.692,False,51,2023,4,Azerbaijan Grand Prix,2023_04
TSU,AlphaTauri,39.0,2.0,HARD,31.0,False,1,True,12.0,25.3,38.8,48.0,False,1.0,106.854,False,51,2023,4,Azerbaijan Grand Prix,2023_04
TSU,AlphaTauri,40.0,2.0,HARD,32.0,False,1,True,12.0,25.5,38.9,47.0,False,1.5,106.877,False,51,2023,4,Azerbaijan Grand Prix,2023_04
TSU,AlphaTauri,41.0,2.0,HARD,33.0,False,1,True,12.0,25.4,37.6,48.0,False,0.5,106.741,False,51,2023,4,Azerbaijan Grand Prix,2023_04
TSU,AlphaTauri,42.0,2.0,HARD,34.0,False,1,True,12.0,25.2,38.0,48.0,False,0.8,106.765,False,51,2023,4,Azerbaijan Grand Prix,2023_04
TSU,AlphaTauri,43.0,2.0,HARD,35.0,False,1,True,12.0,25.2,37.7,48.0,False,1.0,107.011,False,51,2023,4,Azerbaijan Grand Prix,2023_04
TSU,AlphaTauri,44.0,2.0,HARD,36.0,False,1,True,12.0,25.3,37.5,48.0,False,1.1,107.237,False,51,2023,4,Azerbaijan Grand Prix,2023_04
TSU,AlphaTauri,45.0,2.0,HARD,37.0,False,1,True,12.0,25.3,37.1,47.0,False,0.8,108.611,False,51,2023,4,Azerbaijan Grand Prix,2023_04
TSU,AlphaTauri,46.0,2.0,HARD,38.0,False,1,True,11.0,25.1,36.5,48.0,False,1.0,107.293,False,51,2023,4,Azerbaijan Grand Prix,2023_04
TSU,AlphaTauri,47.0,2.0,HARD,39.0,False,1,True,11.0,25.0,36.2,49.0,False,2.0,106.643,False,51,2023,4,Azerbaijan Grand Prix,2023_04
TSU,AlphaTauri,48.0,2.0,HARD,40.0,False,12,True,11.0,24.9,35.8,50.0,False,1.6,106.479,False,51,2023,4,Azerbaijan Grand Prix,2023_04
TSU,AlphaTauri,49.0,2.0,HARD,41.0,False,1,True,11.0,24.8,35.6,50.0,False,1.1,106.205,False,51,2023,4,Azerbaijan Grand Prix,2023_04
TSU,AlphaTauri,50.0,2.0,HARD,42.0,False,1,True,11.0,24.8,35.1,51.0,False,1.3,106.141,False,51,2023,4,Azerbaijan Grand Prix,2023_04
TSU,AlphaTauri,51.0,2.0,HARD,43.0,False,1,True,10.0,24.7,35.1,51.0,False,1.7,105.727,False,51,2023,4,Azerbaijan Grand Prix,2023_04
ALB,Williams,1.0,1.0,MEDIUM,1.0,True,12,False,12.0,24.9,43.4,49.0,False,0.8,118.185,False,51,2023,4,Azerbaijan Grand Prix,2023_04
ALB,Williams,2.0,1.0,MEDIUM,2.0,True,1,True,12.0,25.0,43.3,50.0,False,2.2,109.728,False,51,2023,4,Azerbaijan Grand Prix,2023_04
ALB,Williams,3.0,1.0,MEDIUM,3.0,True,1,True,12.0,25.0,43.1,49.0,False,1.3,108.815,False,51,2023,4,Azerbaijan Grand Prix,2023_04
ALB,Williams,4.0,1.0,MEDIUM,4.0,True,1,True,12.0,24.9,43.1,49.0,False,1.0,109.004,False,51,2023,4,Azerbaijan Grand Prix,2023_04
ALB,Williams,5.0,1.0,MEDIUM,5.0,True,1,True,12.0,25.0,43.2,50.0,False,0.8,108.689,False,51,2023,4,Azerbaijan Grand Prix,2023_04
ALB,Williams,6.0,1.0,MEDIUM,6.0,True,1,True,12.0,24.8,43.3,49.0,False,0.6,108.53,False,51,2023,4,Azerbaijan Grand Prix,2023_04
ALB,Williams,7.0,1.0,MEDIUM,7.0,True,1,False,14.0,24.8,42.3,49.0,False,0.6,112.993,True,51,2023,4,Azerbaijan Grand Prix,2023_04
ALB,Williams,8.0,2.0,HARD,1.0,True,1,False,18.0,24.8,41.7,51.0,False,0.8,126.167,True,51,2023,4,Azerbaijan Grand Prix,2023_04
ALB,Williams,9.0,2.0,HARD,2.0,True,1,True,17.0,25.0,42.0,50.0,False,0.6,107.968,False,51,2023,4,Azerbaijan Grand Prix,2023_04
ALB,Williams,10.0,2.0,HARD,3.0,True,124,False,16.0,25.0,42.4,50.0,False,0.8,120.959,False,51,2023,4,Azerbaijan Grand Prix,2023_04
ALB,Williams,11.0,2.0,HARD,4.0,True,4,False,15.0,25.2,42.6,49.0,False,0.8,149.002,False,51,2023,4,Azerbaijan Grand Prix,2023_04
ALB,Williams,12.0,2.0,HARD,5.0,True,4,False,15.0,24.8,41.0,51.0,False,1.3,135.098,False,51,2023,4,Azerbaijan Grand Prix,2023_04
ALB,Williams,13.0,2.0,HARD,6.0,True,41,False,15.0,24.8,41.0,51.0,False,1.2,148.547,False,51,2023,4,Azerbaijan Grand Prix,2023_04
ALB,Williams,14.0,2.0,HARD,7.0,True,1,True,14.0,25.0,41.7,50.0,False,1.0,112.578,False,51,2023,4,Azerbaijan Grand Prix,2023_04
ALB,Williams,15.0,2.0,HARD,8.0,True,1,True,14.0,25.1,42.8,49.0,False,1.8,108.928,False,51,2023,4,Azerbaijan Grand Prix,2023_04
ALB,Williams,16.0,2.0,HARD,9.0,True,1,True,14.0,25.0,43.0,48.0,False,0.5,108.111,False,51,2023,4,Azerbaijan Grand Prix,2023_04
ALB,Williams,17.0,2.0,HARD,10.0,True,12,True,14.0,25.1,42.5,48.0,False,1.2,107.727,False,51,2023,4,Azerbaijan Grand Prix,2023_04
ALB,Williams,18.0,2.0,HARD,11.0,True,1,True,14.0,25.1,42.6,48.0,False,1.0,107.982,False,51,2023,4,Azerbaijan Grand Prix,2023_04
ALB,Williams,19.0,2.0,HARD,12.0,True,1,True,14.0,25.2,41.9,48.0,False,1.3,107.776,False,51,2023,4,Azerbaijan Grand Prix,2023_04
ALB,Williams,20.0,2.0,HARD,13.0,True,1,True,14.0,25.2,41.2,48.0,False,1.0,107.693,False,51,2023,4,Azerbaijan Grand Prix,2023_04
ALB,Williams,21.0,2.0,HARD,14.0,True,1,True,14.0,25.4,41.0,47.0,False,0.6,108.151,False,51,2023,4,Azerbaijan Grand Prix,2023_04
ALB,Williams,22.0,2.0,HARD,15.0,True,1,True,14.0,25.4,40.8,48.0,False,1.0,107.986,False,51,2023,4,Azerbaijan Grand Prix,2023_04
ALB,Williams,23.0,2.0,HARD,16.0,True,1,True,14.0,25.5,40.6,48.0,False,1.2,107.949,False,51,2023,4,Azerbaijan Grand Prix,2023_04
ALB,Williams,24.0,2.0,HARD,17.0,True,1,True,14.0,25.3,40.4,48.0,False,1.2,108.076,False,51,2023,4,Azerbaijan Grand Prix,2023_04
ALB,Williams,25.0,2.0,HARD,18.0,True,1,True,14.0,25.3,40.9,48.0,False,1.3,108.114,False,51,2023,4,Azerbaijan Grand Prix,2023_04
ALB,Williams,26.0,2.0,HARD,19.0,True,1,True,14.0,25.4,40.5,48.0,False,0.6,107.911,False,51,2023,4,Azerbaijan Grand Prix,2023_04
ALB,Williams,27.0,2.0,HARD,20.0,True,1,True,14.0,25.6,40.5,48.0,False,1.2,107.77,False,51,2023,4,Azerbaijan Grand Prix,2023_04
ALB,Williams,28.0,2.0,HARD,21.0,True,1,True,14.0,25.5,40.5,47.0,False,0.5,108.057,False,51,2023,4,Azerbaijan Grand Prix,2023_04
ALB,Williams,29.0,2.0,HARD,22.0,True,1,True,14.0,25.6,41.0,47.0,False,1.3,107.858,False,51,2023,4,Azerbaijan Grand Prix,2023_04
ALB,Williams,30.0,2.0,HARD,23.0,True,1,True,14.0,25.6,40.9,48.0,False,1.2,107.38,False,51,2023,4,Azerbaijan Grand Prix,2023_04
ALB,Williams,31.0,2.0,HARD,24.0,True,1,True,14.0,25.5,40.9,47.0,False,1.2,107.37,False,51,2023,4,Azerbaijan Grand Prix,2023_04
ALB,Williams,32.0,2.0,HARD,25.0,True,1,True,14.0,25.4,40.7,47.0,False,0.6,107.64,False,51,2023,4,Azerbaijan Grand Prix,2023_04
ALB,Williams,33.0,2.0,HARD,26.0,True,1,True,14.0,25.5,40.1,47.0,False,0.6,107.284,False,51,2023,4,Azerbaijan Grand Prix,2023_04
ALB,Williams,34.0,2.0,HARD,27.0,True,1,True,14.0,25.5,40.1,47.0,False,1.0,107.486,False,51,2023,4,Azerbaijan Grand Prix,2023_04
ALB,Williams,35.0,2.0,HARD,28.0,True,1,True,14.0,25.4,39.4,48.0,False,1.0,107.277,False,51,2023,4,Azerbaijan Grand Prix,2023_04
ALB,Williams,36.0,2.0,HARD,29.0,True,1,True,14.0,25.5,39.4,48.0,False,0.8,107.763,False,51,2023,4,Azerbaijan Grand Prix,2023_04
ALB,Williams,37.0,2.0,HARD,30.0,True,1,True,14.0,25.4,39.1,48.0,False,0.8,107.27,False,51,2023,4,Azerbaijan Grand Prix,2023_04
ALB,Williams,38.0,2.0,HARD,31.0,True,1,True,14.0,25.3,38.8,48.0,False,1.3,107.155,False,51,2023,4,Azerbaijan Grand Prix,2023_04
ALB,Williams,39.0,2.0,HARD,32.0,True,1,True,14.0,25.3,38.8,48.0,False,1.0,106.972,False,51,2023,4,Azerbaijan Grand Prix,2023_04
ALB,Williams,40.0,2.0,HARD,33.0,True,1,True,14.0,25.5,38.9,47.0,False,1.5,107.049,False,51,2023,4,Azerbaijan Grand Prix,2023_04
ALB,Williams,41.0,2.0,HARD,34.0,True,1,True,14.0,25.4,37.6,48.0,False,0.5,106.853,False,51,2023,4,Azerbaijan Grand Prix,2023_04
ALB,Williams,42.0,2.0,HARD,35.0,True,1,True,14.0,25.2,38.0,48.0,False,0.8,106.845,False,51,2023,4,Azerbaijan Grand Prix,2023_04
ALB,Williams,43.0,2.0,HARD,36.0,True,1,True,14.0,25.3,37.5,48.0,False,0.8,106.607,False,51,2023,4,Azerbaijan Grand Prix,2023_04
ALB,Williams,44.0,2.0,HARD,37.0,True,1,True,14.0,25.3,37.5,48.0,False,1.1,106.833,False,51,2023,4,Azerbaijan Grand Prix,2023_04
ALB,Williams,45.0,2.0,HARD,38.0,True,1,True,14.0,25.3,37.1,47.0,False,0.8,106.859,False,51,2023,4,Azerbaijan Grand Prix,2023_04
ALB,Williams,46.0,2.0,HARD,39.0,True,1,True,14.0,25.1,36.5,48.0,False,1.0,106.614,False,51,2023,4,Azerbaijan Grand Prix,2023_04
ALB,Williams,47.0,2.0,HARD,40.0,True,1,True,14.0,25.0,36.2,49.0,False,2.0,106.621,False,51,2023,4,Azerbaijan Grand Prix,2023_04
ALB,Williams,48.0,2.0,HARD,41.0,True,12,True,13.0,24.9,35.8,50.0,False,1.6,108.271,False,51,2023,4,Azerbaijan Grand Prix,2023_04
ALB,Williams,49.0,2.0,HARD,42.0,True,1,True,13.0,24.8,35.6,50.0,False,1.1,106.343,False,51,2023,4,Azerbaijan Grand Prix,2023_04
ALB,Williams,50.0,2.0,HARD,43.0,True,1,True,13.0,24.8,35.1,51.0,False,1.3,106.29,False,51,2023,4,Azerbaijan Grand Prix,2023_04
ALB,Williams,51.0,2.0,HARD,44.0,True,1,True,12.0,24.7,35.1,51.0,False,1.7,105.925,False,51,2023,4,Azerbaijan Grand Prix,2023_04
ZHO,Alfa Romeo,1.0,1.0,MEDIUM,1.0,True,12,False,16.0,24.9,43.4,49.0,False,0.8,120.491,False,51,2023,4,Azerbaijan Grand Prix,2023_04
ZHO,Alfa Romeo,2.0,1.0,MEDIUM,2.0,True,1,True,16.0,25.0,43.3,50.0,False,2.2,110.144,False,51,2023,4,Azerbaijan Grand Prix,2023_04
ZHO,Alfa Romeo,3.0,1.0,MEDIUM,3.0,True,1,True,16.0,25.0,43.1,49.0,False,1.3,109.313,False,51,2023,4,Azerbaijan Grand Prix,2023_04
ZHO,Alfa Romeo,4.0,1.0,MEDIUM,4.0,True,1,True,16.0,24.9,43.1,49.0,False,1.0,109.096,False,51,2023,4,Azerbaijan Grand Prix,2023_04
ZHO,Alfa Romeo,5.0,1.0,MEDIUM,5.0,True,1,True,15.0,25.0,43.2,50.0,False,0.8,109.152,False,51,2023,4,Azerbaijan Grand Prix,2023_04
ZHO,Alfa Romeo,6.0,1.0,MEDIUM,6.0,True,1,True,15.0,24.8,43.3,49.0,False,0.6,109.307,False,51,2023,4,Azerbaijan Grand Prix,2023_04
ZHO,Alfa Romeo,7.0,1.0,MEDIUM,7.0,True,1,True,15.0,24.8,42.3,49.0,False,0.6,109.112,False,51,2023,4,Azerbaijan Grand Prix,2023_04
ZHO,Alfa Romeo,8.0,1.0,MEDIUM,8.0,True,1,True,13.0,24.8,41.7,51.0,False,0.8,109.251,False,51,2023,4,Azerbaijan Grand Prix,2023_04
ZHO,Alfa Romeo,9.0,1.0,MEDIUM,9.0,True,1,True,11.0,25.0,42.0,50.0,False,0.6,109.363,False,51,2023,4,Azerbaijan Grand Prix,2023_04
ZHO,Alfa Romeo,10.0,1.0,MEDIUM,10.0,True,124,False,8.0,25.0,42.4,50.0,False,0.8,109.532,False,51,2023,4,Azerbaijan Grand Prix,2023_04
ZHO,Alfa Romeo,11.0,1.0,MEDIUM,11.0,True,4,False,8.0,25.2,42.6,49.0,False,0.8,,True,51,2023,4,Azerbaijan Grand Prix,2023_04
ZHO,Alfa Romeo,12.0,2.0,HARD,1.0,True,4,False,14.0,25.0,40.9,50.0,False,1.2,,True,51,2023,4,Azerbaijan Grand Prix,2023_04
ZHO,Alfa Romeo,13.0,2.0,HARD,2.0,True,41,False,14.0,24.8,41.0,51.0,False,1.2,149.111,False,51,2023,4,Azerbaijan Grand Prix,2023_04
ZHO,Alfa Romeo,14.0,2.0,HARD,3.0,True,1,True,16.0,25.0,41.7,50.0,False,1.0,114.037,False,51,2023,4,Azerbaijan Grand Prix,2023_04
ZHO,Alfa Romeo,15.0,2.0,HARD,4.0,True,1,True,16.0,25.1,42.8,49.0,False,1.8,109.022,False,51,2023,4,Azerbaijan Grand Prix,2023_04
ZHO,Alfa Romeo,16.0,2.0,HARD,5.0,True,1,True,16.0,25.0,43.0,48.0,False,0.5,108.274,False,51,2023,4,Azerbaijan Grand Prix,2023_04
ZHO,Alfa Romeo,17.0,2.0,HARD,6.0,True,12,True,16.0,25.1,42.5,48.0,False,1.2,108.444,False,51,2023,4,Azerbaijan Grand Prix,2023_04
ZHO,Alfa Romeo,18.0,2.0,HARD,7.0,True,1,True,16.0,25.1,42.6,48.0,False,1.0,107.83,False,51,2023,4,Azerbaijan Grand Prix,2023_04
ZHO,Alfa Romeo,19.0,2.0,HARD,8.0,True,1,True,17.0,25.2,41.9,48.0,False,1.3,109.47,False,51,2023,4,Azerbaijan Grand Prix,2023_04
ZHO,Alfa Romeo,20.0,2.0,HARD,9.0,True,1,True,17.0,25.2,41.2,48.0,False,1.0,108.394,False,51,2023,4,Azerbaijan Grand Prix,2023_04
ZHO,Alfa Romeo,21.0,2.0,HARD,10.0,True,1,True,17.0,25.4,41.0,47.0,False,0.6,108.28,False,51,2023,4,Azerbaijan Grand Prix,2023_04
ZHO,Alfa Romeo,22.0,2.0,HARD,11.0,True,1,True,17.0,25.4,40.8,48.0,False,1.0,108.371,False,51,2023,4,Azerbaijan Grand Prix,2023_04
ZHO,Alfa Romeo,23.0,2.0,HARD,12.0,True,1,True,17.0,25.5,40.6,48.0,False,1.2,108.602,False,51,2023,4,Azerbaijan Grand Prix,2023_04
ZHO,Alfa Romeo,24.0,2.0,HARD,13.0,True,1,True,16.0,25.3,40.4,48.0,False,1.2,108.374,False,51,2023,4,Azerbaijan Grand Prix,2023_04
ZHO,Alfa Romeo,25.0,2.0,HARD,14.0,True,1,True,16.0,25.3,40.9,48.0,False,1.3,108.105,False,51,2023,4,Azerbaijan Grand Prix,2023_04
ZHO,Alfa Romeo,26.0,2.0,HARD,15.0,True,1,True,16.0,25.4,40.5,48.0,False,0.6,107.952,False,51,2023,4,Azerbaijan Grand Prix,2023_04
ZHO,Alfa Romeo,27.0,2.0,HARD,16.0,True,1,True,16.0,25.6,40.5,48.0,False,1.2,108.066,False,51,2023,4,Azerbaijan Grand Prix,2023_04
ZHO,Alfa Romeo,28.0,2.0,HARD,17.0,True,1,True,16.0,25.5,40.5,47.0,False,0.5,108.055,False,51,2023,4,Azerbaijan Grand Prix,2023_04
ZHO,Alfa Romeo,29.0,2.0,HARD,18.0,True,1,True,16.0,25.6,41.0,47.0,False,1.3,107.934,False,51,2023,4,Azerbaijan Grand Prix,2023_04
ZHO,Alfa Romeo,30.0,2.0,HARD,19.0,True,1,True,16.0,25.6,40.9,48.0,False,1.2,108.071,False,51,2023,4,Azerbaijan Grand Prix,2023_04
ZHO,Alfa Romeo,31.0,2.0,HARD,20.0,True,1,True,16.0,25.5,40.9,47.0,False,1.2,107.553,False,51,2023,4,Azerbaijan Grand Prix,2023_04
ZHO,Alfa Romeo,32.0,2.0,HARD,21.0,True,1,True,16.0,25.4,40.7,47.0,False,0.6,107.617,False,51,2023,4,Azerbaijan Grand Prix,2023_04
ZHO,Alfa Romeo,33.0,2.0,HARD,22.0,True,1,True,16.0,25.5,40.1,47.0,False,0.6,107.662,False,51,2023,4,Azerbaijan Grand Prix,2023_04
ZHO,Alfa Romeo,34.0,2.0,HARD,23.0,True,1,True,16.0,25.5,39.8,47.0,False,1.0,107.627,False,51,2023,4,Azerbaijan Grand Prix,2023_04
ZHO,Alfa Romeo,35.0,2.0,HARD,24.0,True,1,True,16.0,25.4,39.4,48.0,False,1.0,107.587,False,51,2023,4,Azerbaijan Grand Prix,2023_04
ZHO,Alfa Romeo,36.0,2.0,HARD,25.0,True,1,False,18.0,25.5,39.4,48.0,False,0.8,113.661,True,51,2023,4,Azerbaijan Grand Prix,2023_04
HUL,Haas F1 Team,1.0,1.0,HARD,1.0,True,12,False,20.0,24.9,43.4,49.0,False,0.8,122.623,True,51,2023,4,Azerbaijan Grand Prix,2023_04
HUL,Haas F1 Team,2.0,1.0,HARD,2.0,True,1,True,20.0,25.0,43.3,50.0,False,2.2,110.227,False,51,2023,4,Azerbaijan Grand Prix,2023_04
HUL,Haas F1 Team,3.0,1.0,HARD,3.0,True,1,True,20.0,25.0,43.1,49.0,False,1.3,110.097,False,51,2023,4,Azerbaijan Grand Prix,2023_04
HUL,Haas F1 Team,4.0,1.0,HARD,4.0,True,1,True,20.0,24.9,43.1,49.0,False,1.0,108.731,False,51,2023,4,Azerbaijan Grand Prix,2023_04
HUL,Haas F1 Team,5.0,1.0,HARD,5.0,True,1,True,20.0,25.0,43.2,50.0,False,0.8,109.331,False,51,2023,4,Azerbaijan Grand Prix,2023_04
HUL,Haas F1 Team,6.0,1.0,HARD,6.0,True,1,True,18.0,24.8,43.3,49.0,False,0.6,109.033,False,51,2023,4,Azerbaijan Grand Prix,2023_04
HUL,Haas F1 Team,7.0,1.0,HARD,7.0,True,1,True,18.0,24.8,41.6,50.0,False,1.5,108.557,False,51,2023,4,Azerbaijan Grand Prix,2023_04
HUL,Haas F1 Team,8.0,1.0,HARD,8.0,True,1,True,16.0,24.8,41.7,51.0,False,0.8,108.667,False,51,2023,4,Azerbaijan Grand Prix,2023_04
HUL,Haas F1 Team,9.0,1.0,HARD,9.0,True,1,True,14.0,25.0,42.0,50.0,False,0.6,109.303,False,51,2023,4,Azerbaijan Grand Prix,2023_04
HUL,Haas F1 Team,10.0,1.0,HARD,10.0,True,124,False,10.0,25.0,42.4,50.0,False,0.8,115.368,False,51,2023,4,Azerbaijan Grand Prix,2023_04
HUL,Haas F1 Team,11.0,1.0,HARD,11.0,True,4,False,10.0,25.2,42.6,49.0,False,0.8,,False,51,2023,4,Azerbaijan Grand Prix,2023_04
HUL,Haas F1 Team,12.0,1.0,HARD,12.0,True,4,False,9.0,25.0,40.9,50.0,False,1.2,144.365,False,51,2023,4,Azerbaijan Grand Prix,2023_04
HUL,Haas F1 Team,13.0,1.0,HARD,13.0,True,41,False,9.0,24.8,41.0,51.0,False,1.2,,False,51,2023,4,Azerbaijan Grand Prix,2023_04
HUL,Haas F1 Team,14.0,1.0,HARD,14.0,True,1,True,10.0,25.0,41.7,50.0,False,1.0,111.284,False,51,2023,4,Azerbaijan Grand Prix,2023_04
HUL,Haas F1 Team,15.0,1.0,HARD,15.0,True,1,True,10.0,25.1,42.8,49.0,False,1.8,108.266,False,51,2023,4,Azerbaijan Grand Prix,2023_04
HUL,Haas F1 Team,16.0,1.0,HARD,16.0,True,1,True,10.0,25.0,43.0,48.0,False,0.5,107.824,False,51,2023,4,Azerbaijan Grand Prix,2023_04
HUL,Haas F1 Team,17.0,1.0,HARD,17.0,True,12,True,10.0,25.1,42.5,48.0,False,1.2,107.529,False,51,2023,4,Azerbaijan Grand Prix,2023_04
HUL,Haas F1 Team,18.0,1.0,HARD,18.0,True,1,True,10.0,25.1,42.6,48.0,False,1.0,107.528,False,51,2023,4,Azerbaijan Grand Prix,2023_04
HUL,Haas F1 Team,19.0,1.0,HARD,19.0,True,1,True,10.0,25.1,42.0,48.0,False,1.3,107.721,False,51,2023,4,Azerbaijan Grand Prix,2023_04
HUL,Haas F1 Team,20.0,1.0,HARD,20.0,True,1,True,10.0,25.2,41.2,48.0,False,1.0,107.967,False,51,2023,4,Azerbaijan Grand Prix,2023_04
HUL,Haas F1 Team,21.0,1.0,HARD,21.0,True,1,True,10.0,25.4,41.0,47.0,False,0.6,107.639,False,51,2023,4,Azerbaijan Grand Prix,2023_04
HUL,Haas F1 Team,22.0,1.0,HARD,22.0,True,1,True,10.0,25.4,40.8,48.0,False,1.0,107.61,False,51,2023,4,Azerbaijan Grand Prix,2023_04
HUL,Haas F1 Team,23.0,1.0,HARD,23.0,True,1,True,10.0,25.5,40.6,48.0,False,1.2,108.825,False,51,2023,4,Azerbaijan Grand Prix,2023_04
HUL,Haas F1 Team,24.0,1.0,HARD,24.0,True,1,True,10.0,25.4,40.3,48.0,False,0.8,108.101,False,51,2023,4,Azerbaijan Grand Prix,2023_04
HUL,Haas F1 Team,25.0,1.0,HARD,25.0,True,1,True,10.0,25.3,40.9,48.0,False,1.3,107.97,False,51,2023,4,Azerbaijan Grand Prix,2023_04
HUL,Haas F1 Team,26.0,1.0,HARD,26.0,True,1,True,10.0,25.4,40.5,48.0,False,0.6,107.677,False,51,2023,4,Azerbaijan Grand Prix,2023_04
HUL,Haas F1 Team,27.0,1.0,HARD,27.0,True,1,True,10.0,25.6,40.5,48.0,False,1.2,108.497,False,51,2023,4,Azerbaijan Grand Prix,2023_04
HUL,Haas F1 Team,28.0,1.0,HARD,28.0,True,1,True,10.0,25.5,40.5,47.0,False,0.5,107.706,False,51,2023,4,Azerbaijan Grand Prix,2023_04
HUL,Haas F1 Team,29.0,1.0,HARD,29.0,True,1,True,10.0,25.6,41.3,46.0,False,1.8,107.147,False,51,2023,4,Azerbaijan Grand Prix,2023_04
HUL,Haas F1 Team,30.0,1.0,HARD,30.0,True,1,True,10.0,25.6,40.9,48.0,False,1.2,107.678,False,51,2023,4,Azerbaijan Grand Prix,2023_04
HUL,Haas F1 Team,31.0,1.0,HARD,31.0,True,1,True,10.0,25.5,40.9,47.0,False,1.2,107.428,False,51,2023,4,Azerbaijan Grand Prix,2023_04
HUL,Haas F1 Team,32.0,1.0,HARD,32.0,True,1,True,10.0,25.4,40.7,47.0,False,0.6,107.208,False,51,2023,4,Azerbaijan Grand Prix,2023_04
HUL,Haas F1 Team,33.0,1.0,HARD,33.0,True,1,True,10.0,25.5,40.1,47.0,False,0.6,107.341,False,51,2023,4,Azerbaijan Grand Prix,2023_04
HUL,Haas F1 Team,34.0,1.0,HARD,34.0,True,1,True,10.0,25.5,40.1,47.0,False,1.0,106.731,False,51,2023,4,Azerbaijan Grand Prix,2023_04
HUL,Haas F1 Team,35.0,1.0,HARD,35.0,True,1,True,10.0,25.4,39.4,48.0,False,1.0,107.138,False,51,2023,4,Azerbaijan Grand Prix,2023_04
HUL,Haas F1 Team,36.0,1.0,HARD,36.0,True,1,True,10.0,25.5,39.4,48.0,False,0.8,107.163,False,51,2023,4,Azerbaijan Grand Prix,2023_04
HUL,Haas F1 Team,37.0,1.0,HARD,37.0,True,1,True,10.0,25.4,39.1,48.0,False,0.8,106.866,False,51,2023,4,Azerbaijan Grand Prix,2023_04
HUL,Haas F1 Team,38.0,1.0,HARD,38.0,True,1,True,10.0,25.3,38.8,48.0,False,1.3,106.848,False,51,2023,4,Azerbaijan Grand Prix,2023_04
HUL,Haas F1 Team,39.0,1.0,HARD,39.0,True,1,True,10.0,25.3,38.8,48.0,False,1.0,106.742,False,51,2023,4,Azerbaijan Grand Prix,2023_04
HUL,Haas F1 Team,40.0,1.0,HARD,40.0,True,1,True,10.0,25.5,38.9,47.0,False,1.5,106.926,False,51,2023,4,Azerbaijan Grand Prix,2023_04
HUL,Haas F1 Team,41.0,1.0,HARD,41.0,True,1,True,10.0,25.4,37.6,48.0,False,0.5,106.945,False,51,2023,4,Azerbaijan Grand Prix,2023_04
HUL,Haas F1 Team,42.0,1.0,HARD,42.0,True,1,True,10.0,25.2,38.0,48.0,False,0.8,106.861,False,51,2023,4,Azerbaijan Grand Prix,2023_04
HUL,Haas F1 Team,43.0,1.0,HARD,43.0,True,1,True,10.0,25.2,37.7,48.0,False,1.0,107.155,False,51,2023,4,Azerbaijan Grand Prix,2023_04
HUL,Haas F1 Team,44.0,1.0,HARD,44.0,True,1,True,10.0,25.3,37.5,48.0,False,1.1,107.123,False,51,2023,4,Azerbaijan Grand Prix,2023_04
HUL,Haas F1 Team,45.0,1.0,HARD,45.0,True,1,True,11.0,25.3,37.1,47.0,False,0.8,109.701,False,51,2023,4,Azerbaijan Grand Prix,2023_04
HUL,Haas F1 Team,46.0,1.0,HARD,46.0,True,1,True,12.0,25.1,36.5,48.0,False,1.0,107.65,False,51,2023,4,Azerbaijan Grand Prix,2023_04
HUL,Haas F1 Team,47.0,1.0,HARD,47.0,True,1,True,12.0,25.0,36.2,49.0,False,2.0,108.374,False,51,2023,4,Azerbaijan Grand Prix,2023_04
HUL,Haas F1 Team,48.0,1.0,HARD,48.0,True,12,True,14.0,24.9,35.8,50.0,False,1.6,109.008,False,51,2023,4,Azerbaijan Grand Prix,2023_04
HUL,Haas F1 Team,49.0,1.0,HARD,49.0,True,1,False,16.0,24.8,35.6,50.0,False,1.1,113.182,True,51,2023,4,Azerbaijan Grand Prix,2023_04
HUL,Haas F1 Team,50.0,2.0,SOFT,1.0,True,1,False,17.0,24.8,35.1,51.0,False,1.3,126.546,True,51,2023,4,Azerbaijan Grand Prix,2023_04
OCO,Alpine,1.0,1.0,HARD,1.0,True,12,False,19.0,24.9,43.4,49.0,False,0.8,122.501,True,51,2023,4,Azerbaijan Grand Prix,2023_04
OCO,Alpine,2.0,1.0,HARD,2.0,True,1,True,19.0,25.0,43.3,50.0,False,2.2,110.023,False,51,2023,4,Azerbaijan Grand Prix,2023_04
OCO,Alpine,3.0,1.0,HARD,3.0,True,1,True,19.0,25.0,43.1,49.0,False,1.3,109.485,False,51,2023,4,Azerbaijan Grand Prix,2023_04
OCO,Alpine,4.0,1.0,HARD,4.0,True,1,True,19.0,24.9,43.1,49.0,False,1.0,109.023,False,51,2023,4,Azerbaijan Grand Prix,2023_04
OCO,Alpine,5.0,1.0,HARD,5.0,True,1,True,18.0,25.0,43.2,50.0,False,0.8,109.005,False,51,2023,4,Azerbaijan Grand Prix,2023_04
OCO,Alpine,6.0,1.0,HARD,6.0,True,1,True,17.0,24.8,43.3,49.0,False,0.6,109.117,False,51,2023,4,Azerbaijan Grand Prix,2023_04
OCO,Alpine,7.0,1.0,HARD,7.0,True,1,True,17.0,24.8,41.6,50.0,False,1.5,108.571,False,51,2023,4,Azerbaijan Grand Prix,2023_04
OCO,Alpine,8.0,1.0,HARD,8.0,True,1,True,15.0,24.8,41.7,51.0,False,0.8,109.196,False,51,2023,4,Azerbaijan Grand Prix,2023_04
OCO,Alpine,9.0,1.0,HARD,9.0,True,1,True,13.0,25.0,42.0,50.0,False,0.6,109.081,False,51,2023,4,Azerbaijan Grand Prix,2023_04
OCO,Alpine,10.0,1.0,HARD,10.0,True,124,False,9.0,25.0,42.4,50.0,False,0.8,115.103,False,51,2023,4,Azerbaijan Grand Prix,2023_04
OCO,Alpine,11.0,1.0,HARD,11.0,True,4,False,9.0,25.2,42.6,49.0,False,0.8,,False,51,2023,4,Azerbaijan Grand Prix,2023_04
OCO,Alpine,12.0,1.0,HARD,12.0,True,4,False,8.0,25.0,40.9,50.0,False,1.2,144.487,False,51,2023,4,Azerbaijan Grand Prix,2023_04
OCO,Alpine,13.0,1.0,HARD,13.0,True,41,False,8.0,24.8,41.0,51.0,False,1.2,,False,51,2023,4,Azerbaijan Grand Prix,2023_04
OCO,Alpine,14.0,1.0,HARD,14.0,True,1,True,9.0,25.0,41.7,50.0,False,1.0,111.269,False,51,2023,4,Azerbaijan Grand Prix,2023_04
OCO,Alpine,15.0,1.0,HARD,15.0,True,1,True,9.0,25.1,42.8,49.0,False,1.8,108.156,False,51,2023,4,Azerbaijan Grand Prix,2023_04
OCO,Alpine,16.0,1.0,HARD,16.0,True,1,True,9.0,25.0,43.0,48.0,False,0.5,107.633,False,51,2023,4,Azerbaijan Grand Prix,2023_04
OCO,Alpine,17.0,1.0,HARD,17.0,True,12,True,9.0,25.1,42.5,48.0,False,1.2,107.681,False,51,2023,4,Azerbaijan Grand Prix,2023_04
OCO,Alpine,18.0,1.0,HARD,18.0,True,1,True,9.0,25.1,42.6,48.0,False,1.0,107.454,False,51,2023,4,Azerbaijan Grand Prix,2023_04
OCO,Alpine,19.0,1.0,HARD,19.0,True,1,True,9.0,25.1,42.0,48.0,False,1.3,107.656,False,51,2023,4,Azerbaijan Grand Prix,2023_04
OCO,Alpine,20.0,1.0,HARD,20.0,True,1,True,9.0,25.2,41.2,48.0,False,1.0,107.586,False,51,2023,4,Azerbaijan Grand Prix,2023_04
OCO,Alpine,21.0,1.0,HARD,21.0,True,1,True,9.0,25.4,41.0,47.0,False,0.6,107.553,False,51,2023,4,Azerbaijan Grand Prix,2023_04
OCO,Alpine,22.0,1.0,HARD,22.0,True,1,True,9.0,25.4,40.8,48.0,False,1.0,108.172,False,51,2023,4,Azerbaijan Grand Prix,2023_04
OCO,Alpine,23.0,1.0,HARD,23.0,True,1,True,9.0,25.5,40.6,48.0,False,1.2,108.978,False,51,2023,4,Azerbaijan Grand Prix,2023_04
OCO,Alpine,24.0,1.0,HARD,24.0,True,1,True,9.0,25.4,40.3,48.0,False,0.8,107.88,False,51,2023,4,Azerbaijan Grand Prix,2023_04
OCO,Alpine,25.0,1.0,HARD,25.0,True,1,True,9.0,25.3,40.9,48.0,False,1.3,108.055,False,51,2023,4,Azerbaijan Grand Prix,2023_04
OCO,Alpine,26.0,1.0,HARD,26.0,True,1,True,9.0,25.4,40.5,48.0,False,0.6,107.604,False,51,2023,4,Azerbaijan Grand Prix,2023_04
OCO,Alpine,27.0,1.0,HARD,27.0,True,1,True,9.0,25.6,40.5,48.0,False,1.2,107.782,False,51,2023,4,Azerbaijan Grand Prix,2023_04
OCO,Alpine,28.0,1.0,HARD,28.0,True,1,True,9.0,25.5,40.5,47.0,False,0.5,107.665,False,51,2023,4,Azerbaijan Grand Prix,2023_04
OCO,Alpine,29.0,1.0,HARD,29.0,True,1,True,9.0,25.6,41.3,46.0,False,1.8,107.834,False,51,2023,4,Azerbaijan Grand Prix,2023_04
OCO,Alpine,30.0,1.0,HARD,30.0,True,1,True,9.0,25.6,40.9,48.0,False,1.2,107.451,False,51,2023,4,Azerbaijan Grand Prix,2023_04
OCO,Alpine,31.0,1.0,HARD,31.0,True,1,True,9.0,25.5,40.9,47.0,False,1.2,107.324,False,51,2023,4,Azerbaijan Grand Prix,2023_04
OCO,Alpine,32.0,1.0,HARD,32.0,True,1,True,9.0,25.4,40.7,47.0,False,0.6,107.232,False,51,2023,4,Azerbaijan Grand Prix,2023_04
OCO,Alpine,33.0,1.0,HARD,33.0,True,1,True,9.0,25.5,40.1,47.0,False,0.6,107.09,False,51,2023,4,Azerbaijan Grand Prix,2023_04
OCO,Alpine,34.0,1.0,HARD,34.0,True,1,True,9.0,25.5,40.1,47.0,False,1.0,107.074,False,51,2023,4,Azerbaijan Grand Prix,2023_04
OCO,Alpine,35.0,1.0,HARD,35.0,True,1,True,9.0,25.4,39.4,48.0,False,1.0,107.028,False,51,2023,4,Azerbaijan Grand Prix,2023_04
OCO,Alpine,36.0,1.0,HARD,36.0,True,1,True,9.0,25.5,39.4,48.0,False,0.8,107.293,False,51,2023,4,Azerbaijan Grand Prix,2023_04
OCO,Alpine,37.0,1.0,HARD,37.0,True,1,True,9.0,25.4,39.1,48.0,False,0.8,106.719,False,51,2023,4,Azerbaijan Grand Prix,2023_04
OCO,Alpine,38.0,1.0,HARD,38.0,True,1,True,9.0,25.4,38.8,48.0,False,1.0,106.607,False,51,2023,4,Azerbaijan Grand Prix,2023_04
OCO,Alpine,39.0,1.0,HARD,39.0,True,1,True,9.0,25.3,38.8,48.0,False,1.0,106.897,False,51,2023,4,Azerbaijan Grand Prix,2023_04
OCO,Alpine,40.0,1.0,HARD,40.0,True,1,True,9.0,25.5,38.9,47.0,False,1.5,106.893,False,51,2023,4,Azerbaijan Grand Prix,2023_04
OCO,Alpine,41.0,1.0,HARD,41.0,True,1,True,9.0,25.4,37.6,48.0,False,0.5,106.826,False,51,2023,4,Azerbaijan Grand Prix,2023_04
OCO,Alpine,42.0,1.0,HARD,42.0,True,1,True,9.0,25.2,38.0,48.0,False,0.8,106.7,False,51,2023,4,Azerbaijan Grand Prix,2023_04
OCO,Alpine,43.0,1.0,HARD,43.0,True,1,True,9.0,25.2,37.7,48.0,False,1.0,106.784,False,51,2023,4,Azerbaijan Grand Prix,2023_04
OCO,Alpine,44.0,1.0,HARD,44.0,True,1,True,9.0,25.3,37.5,48.0,False,1.1,106.669,False,51,2023,4,Azerbaijan Grand Prix,2023_04
OCO,Alpine,45.0,1.0,HARD,45.0,True,1,True,9.0,25.3,37.1,47.0,False,0.8,106.871,False,51,2023,4,Azerbaijan Grand Prix,2023_04
OCO,Alpine,46.0,1.0,HARD,46.0,True,1,True,9.0,25.1,36.5,48.0,False,1.0,106.606,False,51,2023,4,Azerbaijan Grand Prix,2023_04
OCO,Alpine,47.0,1.0,HARD,47.0,True,1,True,9.0,25.0,36.2,49.0,False,2.0,106.527,False,51,2023,4,Azerbaijan Grand Prix,2023_04
OCO,Alpine,48.0,1.0,HARD,48.0,True,12,True,9.0,24.9,35.8,50.0,False,1.6,106.414,False,51,2023,4,Azerbaijan Grand Prix,2023_04
OCO,Alpine,49.0,1.0,HARD,49.0,True,1,True,9.0,24.8,35.6,50.0,False,1.1,105.908,False,51,2023,4,Azerbaijan Grand Prix,2023_04
OCO,Alpine,50.0,1.0,HARD,50.0,True,1,False,10.0,24.8,35.1,51.0,False,1.3,110.932,True,51,2023,4,Azerbaijan Grand Prix,2023_04
OCO,Alpine,51.0,2.0,SOFT,1.0,True,1,False,15.0,24.7,35.1,51.0,False,1.7,121.249,True,51,2023,4,Azerbaijan Grand Prix,2023_04
NOR,McLaren,1.0,1.0,MEDIUM,1.0,True,12,False,8.0,24.9,43.4,49.0,False,0.8,115.413,False,51,2023,4,Azerbaijan Grand Prix,2023_04
NOR,McLaren,2.0,1.0,MEDIUM,2.0,True,1,True,8.0,25.0,43.3,50.0,False,2.2,108.739,False,51,2023,4,Azerbaijan Grand Prix,2023_04
NOR,McLaren,3.0,1.0,MEDIUM,3.0,True,1,True,8.0,25.0,43.1,49.0,False,1.3,108.094,False,51,2023,4,Azerbaijan Grand Prix,2023_04
NOR,McLaren,4.0,1.0,MEDIUM,4.0,True,1,True,8.0,24.9,43.1,49.0,False,1.0,108.096,False,51,2023,4,Azerbaijan Grand Prix,2023_04
NOR,McLaren,5.0,1.0,MEDIUM,5.0,True,1,True,8.0,25.0,43.2,50.0,False,0.8,108.08,False,51,2023,4,Azerbaijan Grand Prix,2023_04
NOR,McLaren,6.0,1.0,MEDIUM,6.0,True,1,True,8.0,24.8,43.3,49.0,False,0.6,108.216,False,51,2023,4,Azerbaijan Grand Prix,2023_04
NOR,McLaren,7.0,1.0,MEDIUM,7.0,True,1,True,8.0,24.8,42.3,49.0,False,0.6,108.248,False,51,2023,4,Azerbaijan Grand Prix,2023_04
NOR,McLaren,8.0,1.0,MEDIUM,8.0,True,1,True,8.0,24.8,41.7,51.0,False,0.8,108.336,False,51,2023,4,Azerbaijan Grand Prix,2023_04
NOR,McLaren,9.0,1.0,MEDIUM,9.0,True,1,False,9.0,25.0,42.0,50.0,False,0.6,112.343,True,51,2023,4,Azerbaijan Grand Prix,2023_04
NOR,McLaren,10.0,2.0,HARD,1.0,True,124,False,13.0,25.0,42.4,50.0,False,0.8,135.72,True,51,2023,4,Azerbaijan Grand Prix,2023_04
NOR,McLaren,11.0,2.0,HARD,2.0,True,4,False,12.0,25.2,42.6,49.0,False,0.8,147.163,False,51,2023,4,Azerbaijan Grand Prix,2023_04
NOR,McLaren,12.0,2.0,HARD,3.0,True,4,False,11.0,24.8,41.0,51.0,False,1.3,140.862,False,51,2023,4,Azerbaijan Grand Prix,2023_04
NOR,McLaren,13.0,2.0,HARD,4.0,True,41,False,11.0,24.8,41.0,51.0,False,1.2,,False,51,2023,4,Azerbaijan Grand Prix,2023_04
NOR,McLaren,14.0,2.0,HARD,5.0,True,1,True,11.0,25.0,41.7,50.0,False,1.0,111.811,False,51,2023,4,Azerbaijan Grand Prix,2023_04
NOR,McLaren,15.0,2.0,HARD,6.0,True,1,True,11.0,25.1,42.8,49.0,False,1.8,108.489,False,51,2023,4,Azerbaijan Grand Prix,2023_04
NOR,McLaren,16.0,2.0,HARD,7.0,True,1,True,11.0,25.0,43.0,48.0,False,0.5,107.832,False,51,2023,4,Azerbaijan Grand Prix,2023_04
NOR,McLaren,17.0,2.0,HARD,8.0,True,12,True,11.0,25.1,42.5,48.0,False,1.2,107.967,False,51,2023,4,Azerbaijan Grand Prix,2023_04
NOR,McLaren,18.0,2.0,HARD,9.0,True,1,True,11.0,25.1,42.6,48.0,False,1.0,107.516,False,51,2023,4,Azerbaijan Grand Prix,2023_04
NOR,McLaren,19.0,2.0,HARD,10.0,True,1,True,11.0,25.1,42.0,48.0,False,1.3,107.354,False,51,2023,4,Azerbaijan Grand Prix,2023_04
NOR,McLaren,20.0,2.0,HARD,11.0,True,1,True,11.0,25.2,41.2,48.0,False,1.0,107.343,False,51,2023,4,Azerbaijan Grand Prix,2023_04
NOR,McLaren,21.0,2.0,HARD,12.0,True,1,True,11.0,25.4,41.0,47.0,False,0.6,108.366,False,51,2023,4,Azerbaijan Grand Prix,2023_04
NOR,McLaren,22.0,2.0,HARD,13.0,True,1,True,11.0,25.4,40.8,48.0,False,1.0,107.676,False,51,2023,4,Azerbaijan Grand Prix,2023_04
NOR,McLaren,23.0,2.0,HARD,14.0,True,1,True,11.0,25.5,40.6,48.0,False,1.2,108.343,False,51,2023,4,Azerbaijan Grand Prix,2023_04
NOR,McLaren,24.0,2.0,HARD,15.0,True,1,True,11.0,25.4,40.3,48.0,False,0.8,108.318,False,51,2023,4,Azerbaijan Grand Prix,2023_04
NOR,McLaren,25.0,2.0,HARD,16.0,True,1,True,11.0,25.3,40.9,48.0,False,1.3,107.782,False,51,2023,4,Azerbaijan Grand Prix,2023_04
NOR,McLaren,26.0,2.0,HARD,17.0,True,1,True,11.0,25.4,40.5,48.0,False,0.6,107.882,False,51,2023,4,Azerbaijan Grand Prix,2023_04
NOR,McLaren,27.0,2.0,HARD,18.0,True,1,True,11.0,25.6,40.5,48.0,False,1.2,108.021,False,51,2023,4,Azerbaijan Grand Prix,2023_04
NOR,McLaren,28.0,2.0,HARD,19.0,True,1,True,11.0,25.5,40.5,47.0,False,0.5,107.994,False,51,2023,4,Azerbaijan Grand Prix,2023_04
NOR,McLaren,29.0,2.0,HARD,20.0,True,1,True,11.0,25.6,41.3,46.0,False,1.8,107.445,False,51,2023,4,Azerbaijan Grand Prix,2023_04
NOR,McLaren,30.0,2.0,HARD,21.0,True,1,True,11.0,25.6,40.9,48.0,False,1.2,107.449,False,51,2023,4,Azerbaijan Grand Prix,2023_04
NOR,McLaren,31.0,2.0,HARD,22.0,True,1,True,11.0,25.5,40.9,47.0,False,1.2,107.388,False,51,2023,4,Azerbaijan Grand Prix,2023_04
NOR,McLaren,32.0,2.0,HARD,23.0,True,1,True,11.0,25.4,40.7,47.0,False,0.6,107.17,False,51,2023,4,Azerbaijan Grand Prix,2023_04
NOR,McLaren,33.0,2.0,HARD,24.0,True,1,True,11.0,25.5,40.1,47.0,False,0.6,107.241,False,51,2023,4,Azerbaijan Grand Prix,2023_04
NOR,McLaren,34.0,2.0,HARD,25.0,True,1,True,11.0,25.5,40.1,47.0,False,1.0,107.1,False,51,2023,4,Azerbaijan Grand Prix,2023_04
NOR,McLaren,35.0,2.0,HARD,26.0,True,1,True,11.0,25.4,39.4,48.0,False,1.0,106.741,False,51,2023,4,Azerbaijan Grand Prix,2023_04
NOR,McLaren,36.0,2.0,HARD,27.0,True,1,True,11.0,25.5,39.4,48.0,False,0.8,107.354,False,51,2023,4,Azerbaijan Grand Prix,2023_04
NOR,McLaren,37.0,2.0,HARD,28.0,True,1,True,11.0,25.4,39.1,48.0,False,0.8,106.896,False,51,2023,4,Azerbaijan Grand Prix,2023_04
NOR,McLaren,38.0,2.0,HARD,29.0,True,1,True,11.0,25.3,38.8,48.0,False,1.3,106.685,False,51,2023,4,Azerbaijan Grand Prix,2023_04
NOR,McLaren,39.0,2.0,HARD,30.0,True,1,True,11.0,25.3,38.8,48.0,False,1.0,106.898,False,51,2023,4,Azerbaijan Grand Prix,2023_04
NOR,McLaren,40.0,2.0,HARD,31.0,True,1,True,11.0,25.5,38.9,47.0,False,1.5,106.937,False,51,2023,4,Azerbaijan Grand Prix,2023_04
NOR,McLaren,41.0,2.0,HARD,32.0,True,1,True,11.0,25.4,37.6,48.0,False,0.5,106.863,False,51,2023,4,Azerbaijan Grand Prix,2023_04
NOR,McLaren,42.0,2.0,HARD,33.0,True,1,True,11.0,25.2,38.0,48.0,False,0.8,106.641,False,51,2023,4,Azerbaijan Grand Prix,2023_04
NOR,McLaren,43.0,2.0,HARD,34.0,True,1,True,11.0,25.2,37.7,48.0,False,1.0,106.932,False,51,2023,4,Azerbaijan Grand Prix,2023_04
NOR,McLaren,44.0,2.0,HARD,35.0,True,1,True,11.0,25.3,37.5,48.0,False,1.1,107.27,False,51,2023,4,Azerbaijan Grand Prix,2023_04
NOR,McLaren,45.0,2.0,HARD,36.0,True,1,True,10.0,25.3,37.1,47.0,False,0.8,107.741,False,51,2023,4,Azerbaijan Grand Prix,2023_04
NOR,McLaren,46.0,2.0,HARD,37.0,True,1,True,10.0,25.1,36.5,48.0,False,1.0,106.134,False,51,2023,4,Azerbaijan Grand Prix,2023_04
NOR,McLaren,47.0,2.0,HARD,38.0,True,1,True,10.0,25.0,36.2,49.0,False,2.0,106.188,False,51,2023,4,Azerbaijan Grand Prix,2023_04
NOR,McLaren,48.0,2.0,HARD,39.0,True,12,True,10.0,24.9,35.8,50.0,False,1.6,106.197,False,51,2023,4,Azerbaijan Grand Prix,2023_04
NOR,McLaren,49.0,2.0,HARD,40.0,True,1,True,10.0,24.8,35.6,50.0,False,1.1,105.738,False,51,2023,4,Azerbaijan Grand Prix,2023_04
NOR,McLaren,50.0,2.0,HARD,41.0,True,1,True,9.0,24.8,35.1,51.0,False,1.3,106.056,False,51,2023,4,Azerbaijan Grand Prix,2023_04
NOR,McLaren,51.0,2.0,HARD,42.0,True,1,True,9.0,24.7,35.1,51.0,False,1.7,106.397,False,51,2023,4,Azerbaijan Grand Prix,2023_04
HAM,Mercedes,1.0,1.0,MEDIUM,1.0,True,12,False,5.0,24.9,43.4,49.0,False,0.8,113.406,False,51,2023,4,Azerbaijan Grand Prix,2023_04
HAM,Mercedes,2.0,1.0,MEDIUM,2.0,True,1,True,5.0,25.0,43.3,50.0,False,2.2,108.165,False,51,2023,4,Azerbaijan Grand Prix,2023_04
HAM,Mercedes,3.0,1.0,MEDIUM,3.0,True,1,True,5.0,25.0,43.1,49.0,False,1.3,107.602,False,51,2023,4,Azerbaijan Grand Prix,2023_04
HAM,Mercedes,4.0,1.0,MEDIUM,4.0,True,1,True,5.0,24.9,43.1,49.0,False,1.0,107.76,False,51,2023,4,Azerbaijan Grand Prix,2023_04
HAM,Mercedes,5.0,1.0,MEDIUM,5.0,True,1,True,5.0,25.0,43.2,50.0,False,0.8,107.791,False,51,2023,4,Azerbaijan Grand Prix,2023_04
HAM,Mercedes,6.0,1.0,MEDIUM,6.0,True,1,True,5.0,25.0,43.3,49.0,False,1.0,107.916,False,51,2023,4,Azerbaijan Grand Prix,2023_04
HAM,Mercedes,7.0,1.0,MEDIUM,7.0,True,1,True,5.0,24.8,42.3,49.0,False,0.6,107.816,False,51,2023,4,Azerbaijan Grand Prix,2023_04
HAM,Mercedes,8.0,1.0,MEDIUM,8.0,True,1,True,5.0,24.8,41.7,51.0,False,0.8,107.929,False,51,2023,4,Azerbaijan Grand Prix,2023_04
HAM,Mercedes,9.0,1.0,MEDIUM,9.0,True,1,False,7.0,25.0,42.0,50.0,False,0.6,113.178,True,51,2023,4,Azerbaijan Grand Prix,2023_04
HAM,Mercedes,10.0,2.0,HARD,1.0,True,124,False,11.0,25.0,42.4,50.0,False,0.8,131.469,True,51,2023,4,Azerbaijan Grand Prix,2023_04
HAM,Mercedes,11.0,2.0,HARD,2.0,True,4,False,11.0,25.2,42.6,49.0,False,0.8,149.985,False,51,2023,4,Azerbaijan Grand Prix,2023_04
HAM,Mercedes,12.0,2.0,HARD,3.0,True,4,False,10.0,25.0,40.9,50.0,False,1.2,145.161,False,51,2023,4,Azerbaijan Grand Prix,2023_04
HAM,Mercedes,13.0,2.0,HARD,4.0,True,41,False,10.0,24.8,41.0,51.0,False,1.2,,False,51,2023,4,Azerbaijan Grand Prix,2023_04
HAM,Mercedes,14.0,2.0,HARD,5.0,True,1,True,8.0,25.0,41.7,50.0,False,1.0,109.877,False,51,2023,4,Azerbaijan Grand Prix,2023_04
HAM,Mercedes,15.0,2.0,HARD,6.0,True,1,True,7.0,25.1,42.8,49.0,False,1.8,107.259,False,51,2023,4,Azerbaijan Grand Prix,2023_04
HAM,Mercedes,16.0,2.0,HARD,7.0,True,1,True,7.0,25.0,43.0,48.0,False,0.5,106.709,False,51,2023,4,Azerbaijan Grand Prix,2023_04
HAM,Mercedes,17.0,2.0,HARD,8.0,True,12,True,7.0,25.1,42.5,48.0,False,1.2,107.383,False,51,2023,4,Azerbaijan Grand Prix,2023_04
HAM,Mercedes,18.0,2.0,HARD,9.0,True,1,True,7.0,25.1,42.6,48.0,False,1.0,107.204,False,51,2023,4,Azerbaijan Grand Prix,2023_04
HAM,Mercedes,19.0,2.0,HARD,10.0,True,1,True,6.0,25.1,42.0,48.0,False,1.3,106.747,False,51,2023,4,Azerbaijan Grand Prix,2023_04
HAM,Mercedes,20.0,2.0,HARD,11.0,True,1,True,6.0,25.2,41.2,48.0,False,1.0,106.734,False,51,2023,4,Azerbaijan Grand Prix,2023_04
HAM,Mercedes,21.0,2.0,HARD,12.0,True,1,True,6.0,25.4,41.0,47.0,False,0.6,106.809,False,51,2023,4,Azerbaijan Grand Prix,2023_04
HAM,Mercedes,22.0,2.0,HARD,13.0,True,1,True,6.0,25.4,40.8,48.0,False,1.0,106.8,False,51,2023,4,Azerbaijan Grand Prix,2023_04
HAM,Mercedes,23.0,2.0,HARD,14.0,True,1,True,6.0,25.4,41.4,47.0,False,0.0,106.678,False,51,2023,4,Azerbaijan Grand Prix,2023_04
HAM,Mercedes,24.0,2.0,HARD,15.0,True,1,True,6.0,25.4,40.3,48.0,False,0.8,106.628,False,51,2023,4,Azerbaijan Grand Prix,2023_04
HAM,Mercedes,25.0,2.0,HARD,16.0,True,1,True,6.0,25.3,40.9,48.0,False,1.3,107.177,False,51,2023,4,Azerbaijan Grand Prix,2023_04
HAM,Mercedes,26.0,2.0,HARD,17.0,True,1,True,6.0,25.4,40.5,48.0,False,0.6,108.001,False,51,2023,4,Azerbaijan Grand Prix,2023_04
HAM,Mercedes,27.0,2.0,HARD,18.0,True,1,True,6.0,25.6,40.5,48.0,False,1.2,106.728,False,51,2023,4,Azerbaijan Grand Prix,2023_04
HAM,Mercedes,28.0,2.0,HARD,19.0,True,1,True,6.0,25.5,40.5,48.0,False,0.8,106.904,False,51,2023,4,Azerbaijan Grand Prix,2023_04
HAM,Mercedes,29.0,2.0,HARD,20.0,True,1,True,6.0,25.6,41.3,46.0,False,1.8,106.611,False,51,2023,4,Azerbaijan Grand Prix,2023_04
HAM,Mercedes,30.0,2.0,HARD,21.0,True,1,True,6.0,25.6,40.9,48.0,False,1.2,106.689,False,51,2023,4,Azerbaijan Grand Prix,2023_04
HAM,Mercedes,31.0,2.0,HARD,22.0,True,1,True,6.0,25.5,40.9,47.0,False,1.2,106.558,False,51,2023,4,Azerbaijan Grand Prix,2023_04
HAM,Mercedes,32.0,2.0,HARD,23.0,True,1,True,6.0,25.4,40.7,47.0,False,0.6,106.583,False,51,2023,4,Azerbaijan Grand Prix,2023_04
HAM,Mercedes,33.0,2.0,HARD,24.0,True,1,True,6.0,25.4,40.3,47.0,False,1.1,106.218,False,51,2023,4,Azerbaijan Grand Prix,2023_04
HAM,Mercedes,34.0,2.0,HARD,25.0,True,1,True,6.0,25.5,40.1,47.0,False,1.0,106.27,False,51,2023,4,Azerbaijan Grand Prix,2023_04
HAM,Mercedes,35.0,2.0,HARD,26.0,True,1,True,6.0,25.4,39.4,48.0,False,1.0,105.834,False,51,2023,4,Azerbaijan Grand Prix,2023_04
HAM,Mercedes,36.0,2.0,HARD,27.0,True,1,True,6.0,25.5,39.4,48.0,False,0.8,106.206,False,51,2023,4,Azerbaijan Grand Prix,2023_04
HAM,Mercedes,37.0,2.0,HARD,28.0,True,1,True,6.0,25.4,38.9,48.0,False,1.2,106.29,False,51,2023,4,Azerbaijan Grand Prix,2023_04
HAM,Mercedes,38.0,2.0,HARD,29.0,True,1,True,6.0,25.4,38.8,48.0,False,1.0,106.106,False,51,2023,4,Azerbaijan Grand Prix,2023_04
HAM,Mercedes,39.0,2.0,HARD,30.0,True,1,True,6.0,25.3,38.8,48.0,False,1.0,105.833,False,51,2023,4,Azerbaijan Grand Prix,2023_04
HAM,Mercedes,40.0,2.0,HARD,31.0,True,1,True,6.0,25.5,38.9,47.0,False,1.5,106.284,False,51,2023,4,Azerbaijan Grand Prix,2023_04
HAM,Mercedes,41.0,2.0,HARD,32.0,True,1,True,6.0,25.5,38.0,48.0,False,0.8,106.731,False,51,2023,4,Azerbaijan Grand Prix,2023_04
HAM,Mercedes,42.0,2.0,HARD,33.0,True,1,True,6.0,25.4,38.0,48.0,False,0.8,106.206,False,51,2023,4,Azerbaijan Grand Prix,2023_04
HAM,Mercedes,43.0,2.0,HARD,34.0,True,1,True,6.0,25.2,37.7,48.0,False,1.0,105.714,False,51,2023,4,Azerbaijan Grand Prix,2023_04
HAM,Mercedes,44.0,2.0,HARD,35.0,True,1,True,6.0,25.3,37.5,48.0,False,1.1,105.54,False,51,2023,4,Azerbaijan Grand Prix,2023_04
HAM,Mercedes,45.0,2.0,HARD,36.0,True,1,True,6.0,25.3,37.1,47.0,False,0.8,105.571,False,51,2023,4,Azerbaijan Grand Prix,2023_04
HAM,Mercedes,46.0,2.0,HARD,37.0,True,1,True,6.0,25.2,37.0,48.0,False,1.1,105.951,False,51,2023,4,Azerbaijan Grand Prix,2023_04
HAM,Mercedes,47.0,2.0,HARD,38.0,True,1,True,6.0,25.0,36.5,49.0,False,1.2,105.583,False,51,2023,4,Azerbaijan Grand Prix,2023_04
HAM,Mercedes,48.0,2.0,HARD,39.0,True,1,True,6.0,24.9,35.8,50.0,False,1.6,105.346,False,51,2023,4,Azerbaijan Grand Prix,2023_04
HAM,Mercedes,49.0,2.0,HARD,40.0,True,12,True,6.0,24.8,35.6,50.0,False,1.1,105.439,False,51,2023,4,Azerbaijan Grand Prix,2023_04
HAM,Mercedes,50.0,2.0,HARD,41.0,True,1,True,6.0,24.8,35.6,50.0,False,1.2,105.385,False,51,2023,4,Azerbaijan Grand Prix,2023_04
HAM,Mercedes,51.0,2.0,HARD,42.0,True,1,True,6.0,24.7,35.1,51.0,False,1.7,105.42,False,51,2023,4,Azerbaijan Grand Prix,2023_04
SAI,Ferrari,1.0,1.0,MEDIUM,1.0,True,12,False,4.0,24.9,43.4,49.0,False,0.8,112.645,False,51,2023,4,Azerbaijan Grand Prix,2023_04
SAI,Ferrari,2.0,1.0,MEDIUM,2.0,True,1,True,4.0,25.0,43.3,50.0,False,2.2,107.774,False,51,2023,4,Azerbaijan Grand Prix,2023_04
SAI,Ferrari,3.0,1.0,MEDIUM,3.0,True,1,True,4.0,25.0,43.1,49.0,False,1.3,107.928,False,51,2023,4,Azerbaijan Grand Prix,2023_04
SAI,Ferrari,4.0,1.0,MEDIUM,4.0,True,1,True,4.0,24.9,43.1,49.0,False,1.0,107.898,False,51,2023,4,Azerbaijan Grand Prix,2023_04
SAI,Ferrari,5.0,1.0,MEDIUM,5.0,True,1,True,4.0,25.0,43.2,50.0,False,0.8,107.877,False,51,2023,4,Azerbaijan Grand Prix,2023_04
SAI,Ferrari,6.0,1.0,MEDIUM,6.0,True,1,True,4.0,25.0,43.3,49.0,False,1.0,107.649,False,51,2023,4,Azerbaijan Grand Prix,2023_04
SAI,Ferrari,7.0,1.0,MEDIUM,7.0,True,1,True,4.0,24.8,42.3,49.0,False,0.6,107.262,False,51,2023,4,Azerbaijan Grand Prix,2023_04
SAI,Ferrari,8.0,1.0,MEDIUM,8.0,True,1,True,4.0,24.8,41.7,51.0,False,0.8,107.591,False,51,2023,4,Azerbaijan Grand Prix,2023_04
SAI,Ferrari,9.0,1.0,MEDIUM,9.0,True,1,True,4.0,25.0,42.0,50.0,False,0.6,107.803,False,51,2023,4,Azerbaijan Grand Prix,2023_04
SAI,Ferrari,10.0,1.0,MEDIUM,10.0,True,12,True,4.0,25.0,42.4,50.0,False,0.8,107.412,False,51,2023,4,Azerbaijan Grand Prix,2023_04
SAI,Ferrari,11.0,1.0,MEDIUM,11.0,True,24,False,3.0,25.2,42.7,48.0,False,0.8,,True,51,2023,4,Azerbaijan Grand Prix,2023_04
SAI,Ferrari,12.0,2.0,HARD,1.0,True,4,False,4.0,25.0,40.9,50.0,False,1.2,,True,51,2023,4,Azerbaijan Grand Prix,2023_04
SAI,Ferrari,13.0,2.0,HARD,2.0,True,41,False,4.0,24.8,41.0,51.0,False,1.2,,False,51,2023,4,Azerbaijan Grand Prix,2023_04
SAI,Ferrari,14.0,2.0,HARD,3.0,True,1,True,5.0,25.0,41.7,50.0,False,1.0,109.508,False,51,2023,4,Azerbaijan Grand Prix,2023_04
SAI,Ferrari,15.0,2.0,HARD,4.0,True,1,True,5.0,25.1,42.8,49.0,False,1.8,107.279,False,51,2023,4,Azerbaijan Grand Prix,2023_04
SAI,Ferrari,16.0,2.0,HARD,5.0,True,1,True,5.0,25.0,43.0,48.0,False,0.5,106.75,False,51,2023,4,Azerbaijan Grand Prix,2023_04
SAI,Ferrari,17.0,2.0,HARD,6.0,True,12,True,5.0,25.1,42.5,48.0,False,1.2,107.353,False,51,2023,4,Azerbaijan Grand Prix,2023_04
SAI,Ferrari,18.0,2.0,HARD,7.0,True,1,True,5.0,25.1,42.6,48.0,False,1.0,106.971,False,51,2023,4,Azerbaijan Grand Prix,2023_04
SAI,Ferrari,19.0,2.0,HARD,8.0,True,1,True,5.0,25.1,42.0,48.0,False,1.3,106.956,False,51,2023,4,Azerbaijan Grand Prix,2023_04
SAI,Ferrari,20.0,2.0,HARD,9.0,True,1,True,5.0,25.2,41.2,48.0,False,1.0,107.237,False,51,2023,4,Azerbaijan Grand Prix,2023_04
SAI,Ferrari,21.0,2.0,HARD,10.0,True,1,True,5.0,25.4,41.0,47.0,False,0.6,106.901,False,51,2023,4,Azerbaijan Grand Prix,2023_04
SAI,Ferrari,22.0,2.0,HARD,11.0,True,1,True,5.0,25.4,40.8,48.0,False,1.0,106.918,False,51,2023,4,Azerbaijan Grand Prix,2023_04
SAI,Ferrari,23.0,2.0,HARD,12.0,True,1,True,5.0,25.4,41.4,47.0,False,0.0,107.088,False,51,2023,4,Azerbaijan Grand Prix,2023_04
SAI,Ferrari,24.0,2.0,HARD,13.0,True,1,True,5.0,25.4,40.3,48.0,False,0.8,106.56,False,51,2023,4,Azerbaijan Grand Prix,2023_04
SAI,Ferrari,25.0,2.0,HARD,14.0,True,1,True,5.0,25.3,40.9,48.0,False,1.3,106.963,False,51,2023,4,Azerbaijan Grand Prix,2023_04
SAI,Ferrari,26.0,2.0,HARD,15.0,True,1,True,5.0,25.4,40.5,48.0,False,0.6,107.292,False,51,2023,4,Azerbaijan Grand Prix,2023_04
SAI,Ferrari,27.0,2.0,HARD,16.0,True,1,True,5.0,25.6,40.5,48.0,False,1.2,106.915,False,51,2023,4,Azerbaijan Grand Prix,2023_04
SAI,Ferrari,28.0,2.0,HARD,17.0,True,1,True,5.0,25.5,40.5,48.0,False,0.8,106.689,False,51,2023,4,Azerbaijan Grand Prix,2023_04
SAI,Ferrari,29.0,2.0,HARD,18.0,True,1,True,5.0,25.6,41.3,46.0,False,1.8,106.743,False,51,2023,4,Azerbaijan Grand Prix,2023_04
SAI,Ferrari,30.0,2.0,HARD,19.0,True,1,True,5.0,25.6,40.9,48.0,False,1.2,106.619,False,51,2023,4,Azerbaijan Grand Prix,2023_04
SAI,Ferrari,31.0,2.0,HARD,20.0,True,1,True,5.0,25.5,40.9,47.0,False,1.2,106.801,False,51,2023,4,Azerbaijan Grand Prix,2023_04
SAI,Ferrari,32.0,2.0,HARD,21.0,True,1,True,5.0,25.4,40.7,47.0,False,0.6,106.545,False,51,2023,4,Azerbaijan Grand Prix,2023_04
SAI,Ferrari,33.0,2.0,HARD,22.0,True,1,True,5.0,25.4,40.3,47.0,False,1.1,106.39,False,51,2023,4,Azerbaijan Grand Prix,2023_04
SAI,Ferrari,34.0,2.0,HARD,23.0,True,1,True,5.0,25.5,40.1,47.0,False,1.0,106.289,False,51,2023,4,Azerbaijan Grand Prix,2023_04
SAI,Ferrari,35.0,2.0,HARD,24.0,True,1,True,5.0,25.4,39.4,48.0,False,1.0,106.37,False,51,2023,4,Azerbaijan Grand Prix,2023_04
SAI,Ferrari,36.0,2.0,HARD,25.0,True,1,True,5.0,25.5,39.4,48.0,False,0.8,106.318,False,51,2023,4,Azerbaijan Grand Prix,2023_04
SAI,Ferrari,37.0,2.0,HARD,26.0,True,1,True,5.0,25.4,38.9,48.0,False,1.2,106.189,False,51,2023,4,Azerbaijan Grand Prix,2023_04
SAI,Ferrari,38.0,2.0,HARD,27.0,True,1,True,5.0,25.4,38.8,48.0,False,1.0,105.804,False,51,2023,4,Azerbaijan Grand Prix,2023_04
SAI,Ferrari,39.0,2.0,HARD,28.0,True,1,True,5.0,25.3,38.8,48.0,False,1.0,106.195,False,51,2023,4,Azerbaijan Grand Prix,2023_04
SAI,Ferrari,40.0,2.0,HARD,29.0,True,1,True,5.0,25.5,38.9,47.0,False,1.5,106.527,False,51,2023,4,Azerbaijan Grand Prix,2023_04
SAI,Ferrari,41.0,2.0,HARD,30.0,True,1,True,5.0,25.5,38.0,48.0,False,0.8,106.594,False,51,2023,4,Azerbaijan Grand Prix,2023_04
SAI,Ferrari,42.0,2.0,HARD,31.0,True,1,True,5.0,25.4,38.0,48.0,False,0.8,106.002,False,51,2023,4,Azerbaijan Grand Prix,2023_04
SAI,Ferrari,43.0,2.0,HARD,32.0,True,1,True,5.0,25.2,37.7,48.0,False,1.0,105.783,False,51,2023,4,Azerbaijan Grand Prix,2023_04
SAI,Ferrari,44.0,2.0,HARD,33.0,True,1,True,5.0,25.3,37.5,48.0,False,1.1,105.498,False,51,2023,4,Azerbaijan Grand Prix,2023_04
SAI,Ferrari,45.0,2.0,HARD,34.0,True,1,True,5.0,25.3,37.1,47.0,False,0.8,105.663,False,51,2023,4,Azerbaijan Grand Prix,2023_04
SAI,Ferrari,46.0,2.0,HARD,35.0,True,1,True,5.0,25.2,37.0,48.0,False,1.1,105.507,False,51,2023,4,Azerbaijan Grand Prix,2023_04
SAI,Ferrari,47.0,2.0,HARD,36.0,True,1,True,5.0,25.0,36.5,49.0,False,1.2,105.608,False,51,2023,4,Azerbaijan Grand Prix,2023_04
SAI,Ferrari,48.0,2.0,HARD,37.0,True,1,True,5.0,24.9,35.8,50.0,False,1.6,105.175,False,51,2023,4,Azerbaijan Grand Prix,2023_04
SAI,Ferrari,49.0,2.0,HARD,38.0,True,12,True,5.0,24.8,35.6,50.0,False,1.1,105.471,False,51,2023,4,Azerbaijan Grand Prix,2023_04
SAI,Ferrari,50.0,2.0,HARD,39.0,True,1,True,5.0,24.8,35.6,50.0,False,1.2,105.533,False,51,2023,4,Azerbaijan Grand Prix,2023_04
SAI,Ferrari,51.0,2.0,HARD,40.0,True,1,True,5.0,24.7,35.1,51.0,False,1.7,105.753,False,51,2023,4,Azerbaijan Grand Prix,2023_04
RUS,Mercedes,1.0,1.0,MEDIUM,1.0,True,12,False,9.0,24.9,43.4,49.0,False,0.8,116.394,False,51,2023,4,Azerbaijan Grand Prix,2023_04
RUS,Mercedes,2.0,1.0,MEDIUM,2.0,True,1,True,9.0,25.0,43.3,50.0,False,2.2,108.818,False,51,2023,4,Azerbaijan Grand Prix,2023_04
RUS,Mercedes,3.0,1.0,MEDIUM,3.0,True,1,True,9.0,25.0,43.1,49.0,False,1.3,107.908,False,51,2023,4,Azerbaijan Grand Prix,2023_04
RUS,Mercedes,4.0,1.0,MEDIUM,4.0,True,1,True,9.0,24.9,43.1,49.0,False,1.0,108.252,False,51,2023,4,Azerbaijan Grand Prix,2023_04
RUS,Mercedes,5.0,1.0,MEDIUM,5.0,True,1,True,9.0,25.0,43.2,50.0,False,0.8,108.443,False,51,2023,4,Azerbaijan Grand Prix,2023_04
RUS,Mercedes,6.0,1.0,MEDIUM,6.0,True,1,True,9.0,24.8,43.3,49.0,False,0.6,108.174,False,51,2023,4,Azerbaijan Grand Prix,2023_04
RUS,Mercedes,7.0,1.0,MEDIUM,7.0,True,1,True,9.0,24.8,42.3,49.0,False,0.6,108.314,False,51,2023,4,Azerbaijan Grand Prix,2023_04
RUS,Mercedes,8.0,1.0,MEDIUM,8.0,True,1,True,9.0,24.8,41.7,51.0,False,0.8,108.088,False,51,2023,4,Azerbaijan Grand Prix,2023_04
RUS,Mercedes,9.0,1.0,MEDIUM,9.0,True,1,True,8.0,25.0,42.0,50.0,False,0.6,107.757,False,51,2023,4,Azerbaijan Grand Prix,2023_04
RUS,Mercedes,10.0,1.0,MEDIUM,10.0,True,12,True,7.0,25.0,42.4,50.0,False,0.8,107.662,False,51,2023,4,Azerbaijan Grand Prix,2023_04
RUS,Mercedes,11.0,1.0,MEDIUM,11.0,True,24,False,5.0,25.2,42.6,49.0,False,0.8,,True,51,2023,4,Azerbaijan Grand Prix,2023_04
RUS,Mercedes,12.0,2.0,HARD,1.0,True,4,False,6.0,25.0,40.9,50.0,False,1.2,,True,51,2023,4,Azerbaijan Grand Prix,2023_04
RUS,Mercedes,13.0,2.0,HARD,2.0,True,41,False,6.0,24.8,41.0,51.0,False,1.2,,False,51,2023,4,Azerbaijan Grand Prix,2023_04
RUS,Mercedes,14.0,2.0,HARD,3.0,True,1,True,7.0,25.0,41.7,50.0,False,1.0,110.486,False,51,2023,4,Azerbaijan Grand Prix,2023_04
RUS,Mercedes,15.0,2.0,HARD,4.0,True,1,True,8.0,25.1,42.8,49.0,False,1.8,108.356,False,51,2023,4,Azerbaijan Grand Prix,2023_04
RUS,Mercedes,16.0,2.0,HARD,5.0,True,1,True,8.0,25.0,43.0,48.0,False,0.5,107.401,False,51,2023,4,Azerbaijan Grand Prix,2023_04
RUS,Mercedes,17.0,2.0,HARD,6.0,True,12,True,8.0,25.1,42.5,48.0,False,1.2,107.396,False,51,2023,4,Azerbaijan Grand Prix,2023_04
RUS,Mercedes,18.0,2.0,HARD,7.0,True,1,True,8.0,25.1,42.6,48.0,False,1.0,107.177,False,51,2023,4,Azerbaijan Grand Prix,2023_04
RUS,Mercedes,19.0,2.0,HARD,8.0,True,1,True,8.0,25.1,42.0,48.0,False,1.3,106.563,False,51,2023,4,Azerbaijan Grand Prix,2023_04
RUS,Mercedes,20.0,2.0,HARD,9.0,True,1,True,8.0,25.2,41.2,48.0,False,1.0,106.887,False,51,2023,4,Azerbaijan Grand Prix,2023_04
RUS,Mercedes,21.0,2.0,HARD,10.0,True,1,True,8.0,25.4,41.0,47.0,False,0.6,107.577,False,51,2023,4,Azerbaijan Grand Prix,2023_04
RUS,Mercedes,22.0,2.0,HARD,11.0,True,1,True,8.0,25.4,40.8,48.0,False,1.0,107.04,False,51,2023,4,Azerbaijan Grand Prix,2023_04
RUS,Mercedes,23.0,2.0,HARD,12.0,True,1,True,8.0,25.5,40.6,48.0,False,1.2,106.615,False,51,2023,4,Azerbaijan Grand Prix,2023_04
RUS,Mercedes,24.0,2.0,HARD,13.0,True,1,True,8.0,25.4,40.3,48.0,False,0.8,107.402,False,51,2023,4,Azerbaijan Grand Prix,2023_04
RUS,Mercedes,25.0,2.0,HARD,14.0,True,1,True,8.0,25.3,40.9,48.0,False,1.3,107.082,False,51,2023,4,Azerbaijan Grand Prix,2023_04
RUS,Mercedes,26.0,2.0,HARD,15.0,True,1,True,8.0,25.4,40.5,48.0,False,0.6,106.953,False,51,2023,4,Azerbaijan Grand Prix,2023_04
RUS,Mercedes,27.0,2.0,HARD,16.0,True,1,True,8.0,25.6,40.5,48.0,False,1.2,107.099,False,51,2023,4,Azerbaijan Grand Prix,2023_04
RUS,Mercedes,28.0,2.0,HARD,17.0,True,1,True,8.0,25.5,40.5,48.0,False,0.8,106.973,False,51,2023,4,Azerbaijan Grand Prix,2023_04
RUS,Mercedes,29.0,2.0,HARD,18.0,True,1,True,8.0,25.6,41.3,46.0,False,1.8,106.829,False,51,2023,4,Azerbaijan Grand Prix,2023_04
RUS,Mercedes,30.0,2.0,HARD,19.0,True,1,True,8.0,25.6,40.9,48.0,False,1.2,106.332,False,51,2023,4,Azerbaijan Grand Prix,2023_04
RUS,Mercedes,31.0,2.0,HARD,20.0,True,1,True,8.0,25.5,40.9,47.0,False,1.2,106.617,False,51,2023,4,Azerbaijan Grand Prix,2023_04
RUS,Mercedes,32.0,2.0,HARD,21.0,True,1,True,8.0,25.4,40.7,47.0,False,0.6,106.956,False,51,2023,4,Azerbaijan Grand Prix,2023_04
RUS,Mercedes,33.0,2.0,HARD,22.0,True,1,True,8.0,25.4,40.3,47.0,False,1.1,106.891,False,51,2023,4,Azerbaijan Grand Prix,2023_04
RUS,Mercedes,34.0,2.0,HARD,23.0,True,1,True,8.0,25.5,40.1,47.0,False,1.0,106.538,False,51,2023,4,Azerbaijan Grand Prix,2023_04
RUS,Mercedes,35.0,2.0,HARD,24.0,True,1,True,8.0,25.4,39.4,48.0,False,1.0,106.545,False,51,2023,4,Azerbaijan Grand Prix,2023_04
RUS,Mercedes,36.0,2.0,HARD,25.0,True,1,True,8.0,25.5,39.4,48.0,False,0.8,106.145,False,51,2023,4,Azerbaijan Grand Prix,2023_04
RUS,Mercedes,37.0,2.0,HARD,26.0,True,1,True,8.0,25.4,38.9,48.0,False,1.2,106.234,False,51,2023,4,Azerbaijan Grand Prix,2023_04
RUS,Mercedes,38.0,2.0,HARD,27.0,True,1,True,8.0,25.4,38.8,48.0,False,1.0,105.935,False,51,2023,4,Azerbaijan Grand Prix,2023_04
RUS,Mercedes,39.0,2.0,HARD,28.0,True,1,True,8.0,25.3,38.8,48.0,False,1.0,105.889,False,51,2023,4,Azerbaijan Grand Prix,2023_04
RUS,Mercedes,40.0,2.0,HARD,29.0,True,1,True,8.0,25.5,38.9,47.0,False,1.5,105.977,False,51,2023,4,Azerbaijan Grand Prix,2023_04
RUS,Mercedes,41.0,2.0,HARD,30.0,True,1,True,8.0,25.4,37.6,48.0,False,0.5,106.023,False,51,2023,4,Azerbaijan Grand Prix,2023_04
RUS,Mercedes,42.0,2.0,HARD,31.0,True,1,True,8.0,25.4,38.0,48.0,False,0.8,105.736,False,51,2023,4,Azerbaijan Grand Prix,2023_04
RUS,Mercedes,43.0,2.0,HARD,32.0,True,1,True,8.0,25.2,37.7,48.0,False,1.0,105.901,False,51,2023,4,Azerbaijan Grand Prix,2023_04
RUS,Mercedes,44.0,2.0,HARD,33.0,True,1,True,8.0,25.3,37.5,48.0,False,1.1,106.089,False,51,2023,4,Azerbaijan Grand Prix,2023_04
RUS,Mercedes,45.0,2.0,HARD,34.0,True,1,True,8.0,25.3,37.1,47.0,False,0.8,105.74,False,51,2023,4,Azerbaijan Grand Prix,2023_04
RUS,Mercedes,46.0,2.0,HARD,35.0,True,1,True,8.0,25.2,37.0,48.0,False,1.1,105.753,False,51,2023,4,Azerbaijan Grand Prix,2023_04
RUS,Mercedes,47.0,2.0,HARD,36.0,True,1,True,8.0,25.0,36.5,49.0,False,1.2,105.662,False,51,2023,4,Azerbaijan Grand Prix,2023_04
RUS,Mercedes,48.0,2.0,HARD,37.0,True,1,True,8.0,24.9,35.8,50.0,False,1.6,105.734,False,51,2023,4,Azerbaijan Grand Prix,2023_04
RUS,Mercedes,49.0,2.0,HARD,38.0,True,12,False,8.0,24.8,35.6,50.0,False,1.1,112.152,True,51,2023,4,Azerbaijan Grand Prix,2023_04
RUS,Mercedes,50.0,3.0,SOFT,1.0,True,1,False,8.0,24.8,35.6,50.0,False,1.2,124.793,True,51,2023,4,Azerbaijan Grand Prix,2023_04
RUS,Mercedes,51.0,3.0,SOFT,2.0,True,1,True,8.0,24.7,35.1,51.0,False,1.7,103.37,False,51,2023,4,Azerbaijan Grand Prix,2023_04
BOT,Alfa Romeo,1.0,1.0,MEDIUM,1.0,True,12,False,18.0,24.9,43.4,49.0,False,0.8,122.059,False,51,2023,4,Azerbaijan Grand Prix,2023_04
BOT,Alfa Romeo,2.0,1.0,MEDIUM,2.0,True,1,True,18.0,25.0,43.3,50.0,False,2.2,110.064,False,51,2023,4,Azerbaijan Grand Prix,2023_04
BOT,Alfa Romeo,3.0,1.0,MEDIUM,3.0,True,1,True,18.0,25.0,43.1,49.0,False,1.3,109.439,False,51,2023,4,Azerbaijan Grand Prix,2023_04
BOT,Alfa Romeo,4.0,1.0,MEDIUM,4.0,True,1,True,18.0,24.9,43.1,49.0,False,1.0,108.992,False,51,2023,4,Azerbaijan Grand Prix,2023_04
BOT,Alfa Romeo,5.0,1.0,MEDIUM,5.0,True,1,True,17.0,25.0,43.2,50.0,False,0.8,109.019,False,51,2023,4,Azerbaijan Grand Prix,2023_04
BOT,Alfa Romeo,6.0,1.0,MEDIUM,6.0,True,1,False,19.0,24.8,43.3,49.0,False,0.6,113.204,True,51,2023,4,Azerbaijan Grand Prix,2023_04
BOT,Alfa Romeo,7.0,2.0,HARD,1.0,True,1,False,20.0,24.8,41.6,50.0,False,1.5,124.955,True,51,2023,4,Azerbaijan Grand Prix,2023_04
BOT,Alfa Romeo,8.0,2.0,HARD,2.0,True,1,True,20.0,25.0,41.7,50.0,False,0.8,108.297,False,51,2023,4,Azerbaijan Grand Prix,2023_04
BOT,Alfa Romeo,9.0,2.0,HARD,3.0,True,1,True,20.0,25.0,42.0,50.0,False,0.6,109.739,False,51,2023,4,Azerbaijan Grand Prix,2023_04
BOT,Alfa Romeo,10.0,2.0,HARD,4.0,True,124,False,19.0,25.0,42.4,50.0,False,0.8,124.641,False,51,2023,4,Azerbaijan Grand Prix,2023_04
BOT,Alfa Romeo,11.0,2.0,HARD,5.0,True,4,False,19.0,25.2,42.6,49.0,False,0.8,,False,51,2023,4,Azerbaijan Grand Prix,2023_04
BOT,Alfa Romeo,12.0,2.0,HARD,6.0,True,4,False,19.0,24.8,41.0,51.0,False,1.3,133.014,True,51,2023,4,Azerbaijan Grand Prix,2023_04
BOT,Alfa Romeo,13.0,3.0,HARD,1.0,True,41,False,19.0,24.8,41.0,51.0,False,1.2,140.098,True,51,2023,4,Azerbaijan Grand Prix,2023_04
BOT,Alfa Romeo,14.0,3.0,HARD,2.0,True,1,True,19.0,25.0,41.7,50.0,False,1.0,113.128,False,51,2023,4,Azerbaijan Grand Prix,2023_04
BOT,Alfa Romeo,15.0,3.0,HARD,3.0,True,1,True,19.0,25.1,42.8,49.0,False,1.8,109.679,False,51,2023,4,Azerbaijan Grand Prix,2023_04
BOT,Alfa Romeo,16.0,3.0,HARD,4.0,True,1,True,19.0,25.0,43.0,48.0,False,0.5,108.513,False,51,2023,4,Azerbaijan Grand Prix,2023_04
BOT,Alfa Romeo,17.0,3.0,HARD,5.0,True,12,True,19.0,25.1,42.5,48.0,False,1.2,108.769,False,51,2023,4,Azerbaijan Grand Prix,2023_04
BOT,Alfa Romeo,18.0,3.0,HARD,6.0,True,1,True,19.0,25.1,42.6,48.0,False,1.0,108.46,False,51,2023,4,Azerbaijan Grand Prix,2023_04
BOT,Alfa Romeo,19.0,3.0,HARD,7.0,True,1,True,19.0,25.2,41.9,48.0,False,1.3,108.853,False,51,2023,4,Azerbaijan Grand Prix,2023_04
BOT,Alfa Romeo,20.0,3.0,HARD,8.0,True,1,True,19.0,25.2,41.2,48.0,False,1.0,108.28,False,51,2023,4,Azerbaijan Grand Prix,2023_04
BOT,Alfa Romeo,21.0,3.0,HARD,9.0,True,1,True,19.0,25.4,41.0,47.0,False,0.6,108.319,False,51,2023,4,Azerbaijan Grand Prix,2023_04
BOT,Alfa Romeo,22.0,3.0,HARD,10.0,True,1,True,19.0,25.4,40.8,48.0,False,1.0,108.316,False,51,2023,4,Azerbaijan Grand Prix,2023_04
BOT,Alfa Romeo,23.0,3.0,HARD,11.0,True,1,True,19.0,25.5,40.6,48.0,False,1.2,108.097,False,51,2023,4,Azerbaijan Grand Prix,2023_04
BOT,Alfa Romeo,24.0,3.0,HARD,12.0,True,1,True,18.0,25.3,40.4,48.0,False,1.2,108.32,False,51,2023,4,Azerbaijan Grand Prix,2023_04
BOT,Alfa Romeo,25.0,3.0,HARD,13.0,True,1,True,18.0,25.3,40.9,48.0,False,1.3,108.039,False,51,2023,4,Azerbaijan Grand Prix,2023_04
BOT,Alfa Romeo,26.0,3.0,HARD,14.0,True,1,True,18.0,25.4,40.5,48.0,False,0.6,108.552,False,51,2023,4,Azerbaijan Grand Prix,2023_04
BOT,Alfa Romeo,27.0,3.0,HARD,15.0,True,1,True,18.0,25.6,40.5,48.0,False,1.2,108.333,False,51,2023,4,Azerbaijan Grand Prix,2023_04
BOT,Alfa Romeo,28.0,3.0,HARD,16.0,True,1,True,18.0,25.5,40.5,47.0,False,0.5,109.576,False,51,2023,4,Azerbaijan Grand Prix,2023_04
BOT,Alfa Romeo,29.0,3.0,HARD,17.0,True,1,True,18.0,25.6,41.0,47.0,False,1.3,108.065,False,51,2023,4,Azerbaijan Grand Prix,2023_04
BOT,Alfa Romeo,30.0,3.0,HARD,18.0,True,1,True,18.0,25.6,40.9,48.0,False,1.2,107.849,False,51,2023,4,Azerbaijan Grand Prix,2023_04
BOT,Alfa Romeo,31.0,3.0,HARD,19.0,True,1,True,18.0,25.5,40.9,47.0,False,1.2,107.971,False,51,2023,4,Azerbaijan Grand Prix,2023_04
BOT,Alfa Romeo,32.0,3.0,HARD,20.0,True,1,True,18.0,25.4,40.7,47.0,False,0.6,108.046,False,51,2023,4,Azerbaijan Grand Prix,2023_04
BOT,Alfa Romeo,33.0,3.0,HARD,21.0,True,1,True,19.0,25.5,40.1,47.0,False,0.6,109.361,False,51,2023,4,Azerbaijan Grand Prix,2023_04
BOT,Alfa Romeo,34.0,3.0,HARD,22.0,True,1,False,19.0,25.5,39.8,47.0,False,1.0,111.998,True,51,2023,4,Azerbaijan Grand Prix,2023_04
BOT,Alfa Romeo,35.0,4.0,MEDIUM,1.0,True,1,False,19.0,25.4,39.4,47.0,False,0.6,124.784,True,51,2023,4,Azerbaijan Grand Prix,2023_04
BOT,Alfa Romeo,36.0,4.0,MEDIUM,2.0,True,1,True,19.0,25.4,38.9,48.0,False,1.2,106.304,False,51,2023,4,Azerbaijan Grand Prix,2023_04
BOT,Alfa Romeo,37.0,4.0,MEDIUM,3.0,True,1,True,18.0,25.4,39.1,48.0,False,0.8,106.722,False,51,2023,4,Azerbaijan Grand Prix,2023_04
BOT,Alfa Romeo,38.0,4.0,MEDIUM,4.0,True,1,True,18.0,25.3,38.8,48.0,False,1.3,106.823,False,51,2023,4,Azerbaijan Grand Prix,2023_04
BOT,Alfa Romeo,39.0,4.0,MEDIUM,5.0,True,1,True,18.0,25.3,39.1,47.0,False,0.8,107.213,False,51,2023,4,Azerbaijan Grand Prix,2023_04
BOT,Alfa Romeo,40.0,4.0,MEDIUM,6.0,True,1,True,18.0,25.5,38.0,48.0,False,0.8,106.841,False,51,2023,4,Azerbaijan Grand Prix,2023_04
BOT,Alfa Romeo,41.0,4.0,MEDIUM,7.0,True,1,True,18.0,25.4,38.0,48.0,False,0.8,107.199,False,51,2023,4,Azerbaijan Grand Prix,2023_04
BOT,Alfa Romeo,42.0,4.0,MEDIUM,8.0,True,1,True,18.0,25.2,38.0,48.0,False,0.8,108.026,False,51,2023,4,Azerbaijan Grand Prix,2023_04
BOT,Alfa Romeo,43.0,4.0,MEDIUM,9.0,True,1,True,18.0,25.3,37.5,48.0,False,0.8,108.059,False,51,2023,4,Azerbaijan Grand Prix,2023_04
BOT,Alfa Romeo,44.0,4.0,MEDIUM,10.0,True,1,True,18.0,25.3,37.3,47.0,False,1.0,106.864,False,51,2023,4,Azerbaijan Grand Prix,2023_04
BOT,Alfa Romeo,45.0,4.0,MEDIUM,11.0,True,1,True,18.0,25.2,37.0,48.0,False,1.1,106.699,False,51,2023,4,Azerbaijan Grand Prix,2023_04
BOT,Alfa Romeo,46.0,4.0,MEDIUM,12.0,True,1,True,18.0,25.1,36.5,48.0,False,1.0,106.599,False,51,2023,4,Azerbaijan Grand Prix,2023_04
BOT,Alfa Romeo,47.0,4.0,MEDIUM,13.0,True,1,True,18.0,25.0,36.2,49.0,False,2.0,106.688,False,51,2023,4,Azerbaijan Grand Prix,2023_04
BOT,Alfa Romeo,48.0,4.0,MEDIUM,14.0,True,12,True,18.0,24.8,35.8,50.0,False,1.6,106.754,False,51,2023,4,Azerbaijan Grand Prix,2023_04
BOT,Alfa Romeo,49.0,4.0,MEDIUM,15.0,True,1,True,18.0,24.8,35.6,50.0,False,1.2,106.649,False,51,2023,4,Azerbaijan Grand Prix,2023_04
BOT,Alfa Romeo,50.0,4.0,MEDIUM,16.0,True,1,True,18.0,24.7,35.1,51.0,False,1.7,106.652,False,51,2023,4,Azerbaijan Grand Prix,2023_04
PIA,McLaren,1.0,1.0,MEDIUM,1.0,True,12,False,11.0,24.9,43.4,49.0,False,0.8,117.516,False,51,2023,4,Azerbaijan Grand Prix,2023_04
PIA,McLaren,2.0,1.0,MEDIUM,2.0,True,1,True,11.0,25.0,43.3,50.0,False,2.2,109.527,False,51,2023,4,Azerbaijan Grand Prix,2023_04
PIA,McLaren,3.0,1.0,MEDIUM,3.0,True,1,True,11.0,25.0,43.1,49.0,False,1.3,108.452,False,51,2023,4,Azerbaijan Grand Prix,2023_04
PIA,McLaren,4.0,1.0,MEDIUM,4.0,True,1,True,11.0,24.9,43.1,49.0,False,1.0,109.002,False,51,2023,4,Azerbaijan Grand Prix,2023_04
PIA,McLaren,5.0,1.0,MEDIUM,5.0,True,1,True,11.0,25.0,43.2,50.0,False,0.8,108.298,False,51,2023,4,Azerbaijan Grand Prix,2023_04
PIA,McLaren,6.0,1.0,MEDIUM,6.0,True,1,True,11.0,24.8,43.3,49.0,False,0.6,108.485,False,51,2023,4,Azerbaijan Grand Prix,2023_04
PIA,McLaren,7.0,1.0,MEDIUM,7.0,True,1,True,11.0,24.8,42.3,49.0,False,0.6,109.102,False,51,2023,4,Azerbaijan Grand Prix,2023_04
PIA,McLaren,8.0,1.0,MEDIUM,8.0,True,1,False,12.0,24.8,41.7,51.0,False,0.8,112.245,True,51,2023,4,Azerbaijan Grand Prix,2023_04
PIA,McLaren,9.0,2.0,HARD,1.0,True,1,False,16.0,25.0,42.0,50.0,False,0.6,125.475,True,51,2023,4,Azerbaijan Grand Prix,2023_04
PIA,McLaren,10.0,2.0,HARD,2.0,True,124,False,15.0,25.0,42.4,50.0,False,0.8,120.729,False,51,2023,4,Azerbaijan Grand Prix,2023_04
PIA,McLaren,11.0,2.0,HARD,3.0,True,4,False,14.0,25.2,42.6,49.0,False,0.8,148.314,False,51,2023,4,Azerbaijan Grand Prix,2023_04
PIA,McLaren,12.0,2.0,HARD,4.0,True,4,False,13.0,24.8,41.0,51.0,False,1.3,135.556,False,51,2023,4,Azerbaijan Grand Prix,2023_04
PIA,McLaren,13.0,2.0,HARD,5.0,True,41,False,13.0,24.8,41.0,51.0,False,1.2,,False,51,2023,4,Azerbaijan Grand Prix,2023_04
PIA,McLaren,14.0,2.0,HARD,6.0,True,1,True,13.0,25.0,41.7,50.0,False,1.0,112.604,False,51,2023,4,Azerbaijan Grand Prix,2023_04
PIA,McLaren,15.0,2.0,HARD,7.0,True,1,True,13.0,25.1,42.8,49.0,False,1.8,108.618,False,51,2023,4,Azerbaijan Grand Prix,2023_04
PIA,McLaren,16.0,2.0,HARD,8.0,True,1,True,13.0,25.0,43.0,48.0,False,0.5,108.175,False,51,2023,4,Azerbaijan Grand Prix,2023_04
PIA,McLaren,17.0,2.0,HARD,9.0,True,12,True,13.0,25.1,42.5,48.0,False,1.2,107.625,False,51,2023,4,Azerbaijan Grand Prix,2023_04
PIA,McLaren,18.0,2.0,HARD,10.0,True,1,True,13.0,25.1,42.6,48.0,False,1.0,107.723,False,51,2023,4,Azerbaijan Grand Prix,2023_04
PIA,McLaren,19.0,2.0,HARD,11.0,True,1,True,13.0,25.1,42.0,48.0,False,1.3,107.736,False,51,2023,4,Azerbaijan Grand Prix,2023_04
PIA,McLaren,20.0,2.0,HARD,12.0,True,1,True,13.0,25.2,41.2,48.0,False,1.0,107.361,False,51,2023,4,Azerbaijan Grand Prix,2023_04
PIA,McLaren,21.0,2.0,HARD,13.0,True,1,True,13.0,25.4,41.0,47.0,False,0.6,108.171,False,51,2023,4,Azerbaijan Grand Prix,2023_04
PIA,McLaren,22.0,2.0,HARD,14.0,True,1,True,13.0,25.4,40.8,48.0,False,1.0,107.876,False,51,2023,4,Azerbaijan Grand Prix,2023_04
PIA,McLaren,23.0,2.0,HARD,15.0,True,1,True,13.0,25.5,40.6,48.0,False,1.2,108.325,False,51,2023,4,Azerbaijan Grand Prix,2023_04
PIA,McLaren,24.0,2.0,HARD,16.0,True,1,True,13.0,25.4,40.3,48.0,False,0.8,107.929,False,51,2023,4,Azerbaijan Grand Prix,2023_04
PIA,McLaren,25.0,2.0,HARD,17.0,True,1,True,13.0,25.3,40.9,48.0,False,1.3,108.252,False,51,2023,4,Azerbaijan Grand Prix,2023_04
PIA,McLaren,26.0,2.0,HARD,18.0,True,1,True,13.0,25.4,40.5,48.0,False,0.6,108.025,False,51,2023,4,Azerbaijan Grand Prix,2023_04
PIA,McLaren,27.0,2.0,HARD,19.0,True,1,True,13.0,25.6,40.5,48.0,False,1.2,107.563,False,51,2023,4,Azerbaijan Grand Prix,2023_04
PIA,McLaren,28.0,2.0,HARD,20.0,True,1,True,13.0,25.5,40.5,47.0,False,0.5,108.227,False,51,2023,4,Azerbaijan Grand Prix,2023_04
PIA,McLaren,29.0,2.0,HARD,21.0,True,1,True,13.0,25.6,41.3,46.0,False,1.8,107.866,False,51,2023,4,Azerbaijan Grand Prix,2023_04
PIA,McLaren,30.0,2.0,HARD,22.0,True,1,True,13.0,25.6,40.9,48.0,False,1.2,107.654,False,51,2023,4,Azerbaijan Grand Prix,2023_04
PIA,McLaren,31.0,2.0,HARD,23.0,True,1,True,13.0,25.5,40.9,47.0,False,1.2,107.038,False,51,2023,4,Azerbaijan Grand Prix,2023_04
PIA,McLaren,32.0,2.0,HARD,24.0,True,1,True,13.0,25.4,40.7,47.0,False,0.6,107.356,False,51,2023,4,Azerbaijan Grand Prix,2023_04
PIA,McLaren,33.0,2.0,HARD,25.0,True,1,True,13.0,25.5,40.1,47.0,False,0.6,107.382,False,51,2023,4,Azerbaijan Grand Prix,2023_04
PIA,McLaren,34.0,2.0,HARD,26.0,True,1,True,13.0,25.5,40.1,47.0,False,1.0,107.545,False,51,2023,4,Azerbaijan Grand Prix,2023_04
PIA,McLaren,35.0,2.0,HARD,27.0,True,1,True,13.0,25.4,39.4,48.0,False,1.0,107.157,False,51,2023,4,Azerbaijan Grand Prix,2023_04
PIA,McLaren,36.0,2.0,HARD,28.0,True,1,True,13.0,25.5,39.4,48.0,False,0.8,106.925,False,51,2023,4,Azerbaijan Grand Prix,2023_04
PIA,McLaren,37.0,2.0,HARD,29.0,True,1,True,13.0,25.4,39.1,48.0,False,0.8,107.014,False,51,2023,4,Azerbaijan Grand Prix,2023_04
PIA,McLaren,38.0,2.0,HARD,30.0,True,1,True,13.0,25.3,38.8,48.0,False,1.3,106.868,False,51,2023,4,Azerbaijan Grand Prix,2023_04
PIA,McLaren,39.0,2.0,HARD,31.0,True,1,True,13.0,25.3,38.8,48.0,False,1.0,106.873,False,51,2023,4,Azerbaijan Grand Prix,2023_04
PIA,McLaren,40.0,2.0,HARD,32.0,True,1,True,13.0,25.5,38.9,47.0,False,1.5,107.239,False,51,2023,4,Azerbaijan Grand Prix,2023_04
PIA,McLaren,41.0,2.0,HARD,33.0,True,1,True,13.0,25.4,37.6,48.0,False,0.5,107.097,False,51,2023,4,Azerbaijan Grand Prix,2023_04
PIA,McLaren,42.0,2.0,HARD,34.0,True,1,True,13.0,25.2,38.0,48.0,False,0.8,106.889,False,51,2023,4,Azerbaijan Grand Prix,2023_04
PIA,McLaren,43.0,2.0,HARD,35.0,True,1,True,13.0,25.2,37.7,48.0,False,1.0,106.929,False,51,2023,4,Azerbaijan Grand Prix,2023_04
PIA,McLaren,44.0,2.0,HARD,36.0,True,1,True,13.0,25.3,37.5,48.0,False,1.1,106.86,False,51,2023,4,Azerbaijan Grand Prix,2023_04
PIA,McLaren,45.0,2.0,HARD,37.0,True,1,True,13.0,25.3,37.1,47.0,False,0.8,107.196,False,51,2023,4,Azerbaijan Grand Prix,2023_04
PIA,McLaren,46.0,2.0,HARD,38.0,True,1,True,13.0,25.1,36.5,48.0,False,1.0,107.193,False,51,2023,4,Azerbaijan Grand Prix,2023_04
PIA,McLaren,47.0,2.0,HARD,39.0,True,1,True,13.0,25.0,36.2,49.0,False,2.0,107.158,False,51,2023,4,Azerbaijan Grand Prix,2023_04
PIA,McLaren,48.0,2.0,HARD,40.0,True,12,True,12.0,24.9,35.8,50.0,False,1.6,107.06,False,51,2023,4,Azerbaijan Grand Prix,2023_04
PIA,McLaren,49.0,2.0,HARD,41.0,True,1,True,12.0,24.8,35.6,50.0,False,1.1,106.43,False,51,2023,4,Azerbaijan Grand Prix,2023_04
PIA,McLaren,50.0,2.0,HARD,42.0,True,1,True,12.0,24.8,35.1,51.0,False,1.3,106.113,False,51,2023,4,Azerbaijan Grand Prix,2023_04
PIA,McLaren,51.0,2.0,HARD,43.0,True,1,True,11.0,24.7,35.1,51.0,False,1.7,105.631,False,51,2023,4,Azerbaijan Grand Prix,2023_04
