Driver,Team,LapNumber,Stint,Compound,TyreLife,FreshTyre,TrackStatus,IsAccurate,Position,AirTemp,TrackTemp,Humidity,Rainfall,WindSpeed,LapTimeSeconds,IsPitLap,TotalLaps,Year,Round,Event,RaceId
VER,Red Bull Racing,1.0,1.0,MEDIUM,1.0,True,1,False,1.0,25.1,44.5,50.0,False,1.5,82.881,False,63,2024,7,Emilia Romagna Grand Prix,2024_07
VER,Red Bull Racing,2.0,1.0,MEDIUM,2.0,True,1,True,1.0,25.0,45.5,50.0,False,2.5,80.596,False,63,2024,7,Emilia Romagna Grand Prix,2024_07
VER,Red Bull Racing,3.0,1.0,MEDIUM,3.0,True,1,True,1.0,25.1,45.3,50.0,False,3.4,80.872,False,63,2024,7,Emilia Romagna Grand Prix,2024_07
VER,Red Bull Racing,4.0,1.0,MEDIUM,4.0,True,1,True,1.0,25.1,45.2,50.0,False,3.4,80.671,False,63,2024,7,Emilia Romagna Grand Prix,2024_07
VER,Red Bull Racing,5.0,1.0,MEDIUM,5.0,True,1,True,1.0,25.3,43.6,51.0,False,4.2,80.734,False,63,2024,7,Emilia Romagna Grand Prix,2024_07
VER,Red Bull Racing,6.0,1.0,MEDIUM,6.0,True,1,True,1.0,25.4,42.7,50.0,False,3.3,80.868,False,63,2024,7,Emilia Romagna Grand Prix,2024_07
VER,Red Bull Racing,7.0,1.0,MEDIUM,7.0,True,1,True,1.0,25.3,41.7,51.0,False,3.4,80.868,False,63,2024,7,Emilia Romagna Grand Prix,2024_07
VER,Red Bull Racing,8.0,1.0,MEDIUM,8.0,True,1,True,1.0,25.0,40.5,51.0,False,1.9,80.762,False,63,2024,7,Emilia Romagna Grand Prix,2024_07
VER,Red Bull Racing,9.0,1.0,MEDIUM,9.0,True,1,True,1.0,25.1,40.4,51.0,False,2.4,80.543,False,63,2024,7,Emilia Romagna Grand Prix,2024_07
VER,Red Bull Racing,10.0,1.0,MEDIUM,10.0,True,1,True,1.0,24.9,40.1,51.0,False,2.5,81.093,False,63,2024,7,Emilia Romagna Grand Prix,2024_07
VER,Red Bull Racing,11.0,1.0,MEDIUM,11.0,True,1,True,1.0,24.8,39.6,50.0,False,3.4,80.885,False,63,2024,7,Emilia Romagna Grand Prix,2024_07
VER,Red Bull Racing,12.0,1.0,MEDIUM,12.0,True,1,True,1.0,24.7,39.4,50.0,False,1.3,81.287,False,63,2024,7,Emilia Romagna Grand Prix,2024_07
VER,Red Bull Racing,13.0,1.0,MEDIUM,13.0,True,1,True,1.0,24.8,39.4,49.0,False,3.4,81.073,False,63,2024,7,Emilia Romagna Grand Prix,2024_07
VER,Red Bull Racing,14.0,1.0,MEDIUM,14.0,True,1,True,1.0,25.0,40.1,50.0,False,1.3,80.982,False,63,2024,7,Emilia Romagna Grand Prix,2024_07
VER,Red Bull Racing,15.0,1.0,MEDIUM,15.0,True,1,True,1.0,25.1,41.0,49.0,False,2.4,81.323,False,63,2024,7,Emilia Romagna Grand Prix,2024_07
VER,Red Bull Racing,16.0,1.0,MEDIUM,16.0,True,1,True,1.0,25.2,41.3,49.0,False,2.6,81.362,False,63,2024,7,Emilia Romagna Grand Prix,2024_07
VER,Red Bull Racing,17.0,1.0,MEDIUM,17.0,True,1,True,1.0,25.1,42.0,49.0,False,2.8,81.328,False,63,2024,7,Emilia Romagna Grand Prix,2024_07
VER,Red Bull Racing,18.0,1.0,MEDIUM,18.0,True,1,True,1.0,25.1,42.0,47.0,False,2.6,81.411,False,63,2024,7,Emilia Romagna Grand Prix,2024_07
VER,Red Bull Racing,19.0,1.0,MEDIUM,19.0,True,1,True,1.0,25.3,41.9,48.0,False,4.1,81.517,False,63,2024,7,Emilia Romagna Grand Prix,2024_07
VER,Red Bull Racing,20.0,1.0,MEDIUM,20.0,True,1,True,1.0,25.4,42.3,48.0,False,4.2,81.55,False,63,2024,7,Emilia Romagna Grand Prix,2024_07
VER,Red Bull Racing,21.0,1.0,MEDIUM,21.0,True,1,True,1.0,25.5,42.2,47.0,False,2.4,81.608,False,63,2024,7,Emilia Romagna Grand Prix,2024_07
VER,Red Bull Racing,22.0,1.0,MEDIUM,22.0,True,1,True,1.0,25.5,41.8,48.0,False,2.5,81.763,False,63,2024,7,Emilia Romagna Grand Prix,2024_07
VER,Red Bull Racing,23.0,1.0,MEDIUM,23.0,True,1,True,1.0,25.5,42.2,48.0,False,3.0,81.988,False,63,2024,7,Emilia Romagna Grand Prix,2024_07
VER,Red Bull Racing,24.0,1.0,MEDIUM,24.0,True,1,False,1.0,25.5,42.4,47.0,False,2.6,86.212,True,63,2024,7,Emilia Romagna Grand Prix,2024_07
VER,Red Bull Racing,25.0,2.0,HARD,1.0,True,1,False,4.0,25.5,42.1,46.0,False,2.8,103.602,True,63,2024,7,Emilia Romagna Grand Prix,2024_07
VER,Red Bull Racing,26.0,2.0,HARD,2.0,True,1,True,3.0,25.4,42.2,47.0,False,2.0,80.482,False,63,2024,7,Emilia Romagna Grand Prix,2024_07
VER,Red Bull Racing,27.0,2.0,HARD,3.0,True,1,True,2.0,25.3,43.0,45.0,False,3.0,80.943,False,63,2024,7,Emilia Romagna Grand Prix,2024_07
VER,Red Bull Racing,28.0,2.0,HARD,4.0,True,1,True,1.0,25.3,42.0,46.0,False,5.0,80.709,False,63,2024,7,Emilia Romagna Grand Prix,2024_07
VER,Red Bull Racing,29.0,2.0,HARD,5.0,True,1,True,1.0,25.4,41.9,46.0,False,2.5,80.615,False,63,2024,7,Emilia Romagna Grand Prix,2024_07
VER,Red Bull Racing,30.0,2.0,HARD,6.0,True,1,True,1.0,25.5,42.5,46.0,False,2.0,80.571,False,63,2024,7,Emilia Romagna Grand Prix,2024_07
VER,Red Bull Racing,31.0,2.0,HARD,7.0,True,1,True,1.0,25.5,42.4,46.0,False,2.1,80.545,False,63,2024,7,Emilia Romagna Grand Prix,2024_07
VER,Red Bull Racing,32.0,2.0,HARD,8.0,True,1,True,1.0,25.6,42.4,47.0,False,2.1,80.713,False,63,2024,7,Emilia Romagna Grand Prix,2024_07
VER,Red Bull Racing,33.0,2.0,HARD,9.0,True,1,True,1.0,25.7,42.5,46.0,False,2.4,81.141,False,63,2024,7,Emilia Romagna Grand Prix,2024_07
VER,Red Bull Racing,34.0,2.0,HARD,10.0,True,1,True,1.0,25.7,42.6,45.0,False,1.0,80.76,False,63,2024,7,Emilia Romagna Grand Prix,2024_07
VER,Red Bull Racing,35.0,2.0,HARD,11.0,True,1,True,1.0,25.6,42.6,44.0,False,4.2,80.8,False,63,2024,7,Emilia Romagna Grand Prix,2024_07
VER,Red Bull Racing,36.0,2.0,HARD,12.0,True,1,True,1.0,25.7,42.6,45.0,False,3.9,80.704,False,63,2024,7,Emilia Romagna Grand Prix,2024_07
VER,Red Bull Racing,37.0,2.0,HARD,13.0,True,1,True,1.0,25.7,42.1,45.0,False,2.5,80.484,False,63,2024,7,Emilia Romagna Grand Prix,2024_07
VER,Red Bull Racing,38.0,2.0,HARD,14.0,True,1,True,1.0,25.7,42.4,46.0,False,2.9,80.366,False,63,2024,7,Emilia Romagna Grand Prix,2024_07
VER,Red Bull Racing,39.0,2.0,HARD,15.0,True,1,True,1.0,25.6,42.6,45.0,False,4.3,80.547,False,63,2024,7,Emilia Romagna Grand Prix,2024_07
VER,Red Bull Racing,40.0,2.0,HARD,16.0,True,1,True,1.0,25.7,42.5,44.0,False,2.5,80.645,False,63,2024,7,Emilia Romagna Grand Prix,2024_07
VER,Red Bull Racing,41.0,2.0,HARD,17.0,True,1,True,1.0,25.8,42.0,45.0,False,2.2,80.675,False,63,2024,7,Emilia Romagna Grand Prix,2024_07
VER,Red Bull Racing,42.0,2.0,HARD,18.0,True,1,True,1.0,25.6,42.0,45.0,False,3.3,80.832,False,63,2024,7,Emilia Romagna Grand Prix,2024_07
VER,Red Bull Racing,43.0,2.0,HARD,19.0,True,1,True,1.0,25.7,41.8,44.0,False,3.7,80.757,False,63,2024,7,Emilia Romagna Grand Prix,2024_07
VER,Red Bull Racing,44.0,2.0,HARD,20.0,True,1,True,1.0,25.7,41.6,44.0,False,2.4,80.834,False,63,2024,7,Emilia Romagna Grand Prix,2024_07
VER,Red Bull Racing,45.0,2.0,HARD,21.0,True,1,True,1.0,25.8,42.1,44.0,False,2.7,81.364,False,63,2024,7,Emilia Romagna Grand Prix,2024_07
VER,Red Bull Racing,46.0,2.0,HARD,22.0,True,1,True,1.0,25.8,42.1,44.0,False,2.2,80.7,False,63,2024,7,Emilia Romagna Grand Prix,2024_07
VER,Red Bull Racing,47.0,2.0,HARD,23.0,True,1,True,1.0,25.8,41.5,44.0,False,2.6,80.909,False,63,2024,7,Emilia Romagna Grand Prix,2024_07
VER,Red Bull Racing,48.0,2.0,HARD,24.0,True,1,True,1.0,25.9,40.5,45.0,False,1.9,80.923,False,63,2024,7,Emilia Romagna Grand Prix,2024_07
VER,Red Bull Racing,49.0,2.0,HARD,25.0,True,1,True,1.0,25.8,40.1,45.0,False,3.3,80.823,False,63,2024,7,Emilia Romagna Grand Prix,2024_07
VER,Red Bull Racing,50.0,2.0,HARD,26.0,True,1,True,1.0,25.6,39.5,45.0,False,1.6,80.817,False,63,2024,7,Emilia Romagna Grand Prix,2024_07
VER,Red Bull Racing,51.0,2.0,HARD,27.0,True,1,True,1.0,25.6,39.3,45.0,False,3.1,80.736,False,63,2024,7,Emilia Romagna Grand Prix,2024_07
VER,Red Bull Racing,52.0,2.0,HARD,28.0,True,1,True,1.0,25.6,39.1,44.0,False,3.2,80.556,False,63,2024,7,Emilia Romagna Grand Prix,2024_07
VER,Red Bull Racing,53.0,2.0,HARD,29.0,True,1,True,1.0,25.5,39.1,44.0,False,1.9,80.638,False,63,2024,7,Emilia Romagna Grand Prix,2024_07
VER,Red Bull Racing,54.0,2.0,HARD,30.0,True,1,True,1.0,25.5,39.0,45.0,False,2.4,80.918,False,63,2024,7,Emilia Romagna Grand Prix,2024_07
VER,Red Bull Racing,55.0,2.0,HARD,31.0,True,1,True,1.0,25.5,39.4,45.0,False,3.1,80.962,False,63,2024,7,Emilia Romagna Grand Prix,2024_07
VER,Red Bull Racing,56.0,2.0,HARD,32.0,True,1,True,1.0,25.4,38.6,45.0,False,1.6,80.49,False,63,2024,7,Emilia Romagna Grand Prix,2024_07
VER,Red Bull Racing,57.0,2.0,HARD,33.0,True,1,True,1.0,25.3,38.9,45.0,False,1.9,80.511,False,63,2024,7,Emilia Romagna Grand Prix,2024_07
VER,Red Bull Racing,58.0,2.0,HARD,34.0,True,1,True,1.0,25.4,38.9,45.0,False,1.7,80.513,False,63,2024,7,Emilia Romagna Grand Prix,2024_07
VER,Red Bull Racing,59.0,2.0,HARD,35.0,True,1,True,1.0,25.5,38.9,44.0,False,2.0,80.367,False,63,2024,7,Emilia Romagna Grand Prix,2024_07
VER,Red Bull Racing,60.0,2.0,HARD,36.0,True,1,True,1.0,25.4,38.8,44.0,False,2.3,80.637,False,63,2024,7,Emilia Romagna Grand Prix,2024_07
VER,Red Bull Racing,61.0,2.0,HARD,37.0,True,1,True,1.0,25.4,38.7,44.0,False,1.5,80.698,False,63,2024,7,Emilia Romagna Grand Prix,2024_07
VER,Red Bull Racing,62.0,2.0,HARD,38.0,True,1,True,1.0,25.6,40.2,44.0,False,2.2,80.753,False,63,2024,7,Emilia Romagna Grand Prix,2024_07
VER,Red Bull Racing,63.0,2.0,HARD,39.0,True,1,True,1.0,25.8,40.6,43.0,False,1.8,81.035,False,63,2024,7,Emilia Romagna Grand Prix,2024_07
NOR,McLaren,1.0,1.0,MEDIUM,1.0,True,1,False,2.0,25.1,44.5,50.0,False,1.5,83.764,False,63,2024,7,Emilia Romagna Grand Prix,2024_07
NOR,McLaren,2.0,1.0,MEDIUM,2.0,True,1,True,2.0,25.0,45.5,50.0,False,2.5,80.673,False,63,2024,7,Emilia Romagna Grand Prix,2024_07
NOR,McLaren,3.0,1.0,MEDIUM,3.0,True,1,True,2.0,25.1,45.3,50.0,False,3.4,80.884,False,63,2024,7,Emilia Romagna Grand Prix,2024_07
NOR,McLaren,4.0,1.0,MEDIUM,4.0,True,1,True,2.0,25.1,45.2,50.0,False,3.4,81.205,False,63,2024,7,Emilia Romagna Grand Prix,2024_07
NOR,McLaren,5.0,1.0,MEDIUM,5.0,True,1,True,2.0,25.3,43.6,51.0,False,4.2,81.046,False,63,2024,7,Emilia Romagna Grand Prix,2024_07
NOR,McLaren,6.0,1.0,MEDIUM,6.0,True,1,True,2.0,25.4,42.7,50.0,False,3.3,80.909,False,63,2024,7,Emilia Romagna Grand Prix,2024_07
NOR,McLaren,7.0,1.0,MEDIUM,7.0,True,1,True,2.0,25.3,41.7,51.0,False,3.4,80.923,False,63,2024,7,Emilia Romagna Grand Prix,2024_07
NOR,McLaren,8.0,1.0,MEDIUM,8.0,True,1,True,2.0,25.0,40.5,51.0,False,1.9,80.997,False,63,2024,7,Emilia Romagna Grand Prix,2024_07
NOR,McLaren,9.0,1.0,MEDIUM,9.0,True,1,True,2.0,25.1,40.4,51.0,False,2.4,81.052,False,63,2024,7,Emilia Romagna Grand Prix,2024_07
NOR,McLaren,10.0,1.0,MEDIUM,10.0,True,1,True,2.0,24.9,40.1,51.0,False,2.5,81.272,False,63,2024,7,Emilia Romagna Grand Prix,2024_07
NOR,McLaren,11.0,1.0,MEDIUM,11.0,True,1,True,2.0,24.8,39.6,50.0,False,3.4,81.201,False,63,2024,7,Emilia Romagna Grand Prix,2024_07
NOR,McLaren,12.0,1.0,MEDIUM,12.0,True,1,True,2.0,24.7,39.4,50.0,False,1.3,81.438,False,63,2024,7,Emilia Romagna Grand Prix,2024_07
NOR,McLaren,13.0,1.0,MEDIUM,13.0,True,1,True,2.0,24.8,39.4,49.0,False,3.4,81.735,False,63,2024,7,Emilia Romagna Grand Prix,2024_07
NOR,McLaren,14.0,1.0,MEDIUM,14.0,True,1,True,2.0,25.0,40.1,50.0,False,1.3,81.716,False,63,2024,7,Emilia Romagna Grand Prix,2024_07
NOR,McLaren,15.0,1.0,MEDIUM,15.0,True,1,True,2.0,25.1,41.0,49.0,False,2.4,81.666,False,63,2024,7,Emilia Romagna Grand Prix,2024_07
NOR,McLaren,16.0,1.0,MEDIUM,16.0,True,1,True,2.0,25.2,41.3,49.0,False,2.6,81.523,False,63,2024,7,Emilia Romagna Grand Prix,2024_07
NOR,McLaren,17.0,1.0,MEDIUM,17.0,True,1,True,2.0,25.1,42.0,49.0,False,2.8,81.565,False,63,2024,7,Emilia Romagna Grand Prix,2024_07
NOR,McLaren,18.0,1.0,MEDIUM,18.0,True,1,True,2.0,25.1,42.0,47.0,False,2.6,81.617,False,63,2024,7,Emilia Romagna Grand Prix,2024_07
NOR,McLaren,19.0,1.0,MEDIUM,19.0,True,1,True,2.0,25.3,42.2,48.0,False,3.7,81.793,False,63,2024,7,Emilia Romagna Grand Prix,2024_07
NOR,McLaren,20.0,1.0,MEDIUM,20.0,True,1,True,2.0,25.4,42.3,48.0,False,4.2,81.883,False,63,2024,7,Emilia Romagna Grand Prix,2024_07
NOR,McLaren,21.0,1.0,MEDIUM,21.0,True,1,True,2.0,25.5,42.2,47.0,False,2.4,81.855,False,63,2024,7,Emilia Romagna Grand Prix,2024_07
NOR,McLaren,22.0,1.0,MEDIUM,22.0,True,1,False,3.0,25.5,41.8,48.0,False,2.5,86.107,True,63,2024,7,Emilia Romagna Grand Prix,2024_07
NOR,McLaren,23.0,2.0,HARD,2.0,False,1,False,7.0,25.5,42.2,48.0,False,3.0,104.693,True,63,2024,7,Emilia Romagna Grand Prix,2024_07
NOR,McLaren,24.0,2.0,HARD,3.0,False,1,True,5.0,25.5,42.3,46.0,False,2.7,80.468,False,63,2024,7,Emilia Romagna Grand Prix,2024_07
NOR,McLaren,25.0,2.0,HARD,4.0,False,1,True,5.0,25.5,42.1,46.0,False,2.8,80.977,False,63,2024,7,Emilia Romagna Grand Prix,2024_07
NOR,McLaren,26.0,2.0,HARD,5.0,False,1,True,4.0,25.3,42.6,45.0,False,2.7,80.899,False,63,2024,7,Emilia Romagna Grand Prix,2024_07
NOR,McLaren,27.0,2.0,HARD,6.0,False,1,True,4.0,25.3,43.0,45.0,False,3.0,81.029,False,63,2024,7,Emilia Romagna Grand Prix,2024_07
NOR,McLaren,28.0,2.0,HARD,7.0,False,1,True,2.0,25.3,42.0,46.0,False,5.0,81.077,False,63,2024,7,Emilia Romagna Grand Prix,2024_07
NOR,McLaren,29.0,2.0,HARD,8.0,False,1,True,2.0,25.4,42.6,46.0,False,2.4,80.933,False,63,2024,7,Emilia Romagna Grand Prix,2024_07
NOR,McLaren,30.0,2.0,HARD,9.0,False,1,True,2.0,25.5,42.5,46.0,False,2.0,80.72,False,63,2024,7,Emilia Romagna Grand Prix,2024_07
NOR,McLaren,31.0,2.0,HARD,10.0,False,1,True,2.0,25.5,42.4,46.0,False,2.1,80.628,False,63,2024,7,Emilia Romagna Grand Prix,2024_07
NOR,McLaren,32.0,2.0,HARD,11.0,False,1,True,2.0,25.6,42.3,46.0,False,2.5,80.923,False,63,2024,7,Emilia Romagna Grand Prix,2024_07
NOR,McLaren,33.0,2.0,HARD,12.0,False,1,True,2.0,25.7,42.5,46.0,False,2.4,80.764,False,63,2024,7,Emilia Romagna Grand Prix,2024_07
NOR,McLaren,34.0,2.0,HARD,13.0,False,1,True,2.0,25.7,42.6,45.0,False,1.0,80.776,False,63,2024,7,Emilia Romagna Grand Prix,2024_07
NOR,McLaren,35.0,2.0,HARD,14.0,False,1,True,2.0,25.6,42.6,44.0,False,4.2,80.687,False,63,2024,7,Emilia Romagna Grand Prix,2024_07
NOR,McLaren,36.0,2.0,HARD,15.0,False,1,True,2.0,25.7,42.6,45.0,False,3.9,80.656,False,63,2024,7,Emilia Romagna Grand Prix,2024_07
NOR,McLaren,37.0,2.0,HARD,16.0,False,1,True,2.0,25.7,42.1,45.0,False,2.5,80.714,False,63,2024,7,Emilia Romagna Grand Prix,2024_07
NOR,McLaren,38.0,2.0,HARD,17.0,False,1,True,2.0,25.7,42.4,46.0,False,2.9,80.458,False,63,2024,7,Emilia Romagna Grand Prix,2024_07
NOR,McLaren,39.0,2.0,HARD,18.0,False,1,True,2.0,25.6,42.6,45.0,False,4.3,80.591,False,63,2024,7,Emilia Romagna Grand Prix,2024_07
NOR,McLaren,40.0,2.0,HARD,19.0,False,1,True,2.0,25.7,42.5,44.0,False,2.5,81.025,False,63,2024,7,Emilia Romagna Grand Prix,2024_07
NOR,McLaren,41.0,2.0,HARD,20.0,False,1,True,2.0,25.8,42.0,45.0,False,2.2,81.102,False,63,2024,7,Emilia Romagna Grand Prix,2024_07
NOR,McLaren,42.0,2.0,HARD,21.0,False,1,True,2.0,25.6,42.0,45.0,False,3.3,80.828,False,63,2024,7,Emilia Romagna Grand Prix,2024_07
NOR,McLaren,43.0,2.0,HARD,22.0,False,1,True,2.0,25.7,41.8,44.0,False,3.7,80.838,False,63,2024,7,Emilia Romagna Grand Prix,2024_07
NOR,McLaren,44.0,2.0,HARD,23.0,False,1,True,2.0,25.7,41.6,44.0,False,2.4,80.708,False,63,2024,7,Emilia Romagna Grand Prix,2024_07
NOR,McLaren,45.0,2.0,HARD,24.0,False,1,True,2.0,25.8,42.1,44.0,False,2.7,80.339,False,63,2024,7,Emilia Romagna Grand Prix,2024_07
NOR,McLaren,46.0,2.0,HARD,25.0,False,1,True,2.0,25.8,42.1,44.0,False,2.2,80.546,False,63,2024,7,Emilia Romagna Grand Prix,2024_07
NOR,McLaren,47.0,2.0,HARD,26.0,False,1,True,2.0,25.8,41.5,44.0,False,2.6,80.816,False,63,2024,7,Emilia Romagna Grand Prix,2024_07
NOR,McLaren,48.0,2.0,HARD,27.0,False,1,True,2.0,25.9,40.5,45.0,False,1.9,80.803,False,63,2024,7,Emilia Romagna Grand Prix,2024_07
NOR,McLaren,49.0,2.0,HARD,28.0,False,1,True,2.0,25.8,40.1,45.0,False,3.3,80.485,False,63,2024,7,Emilia Romagna Grand Prix,2024_07
NOR,McLaren,50.0,2.0,HARD,29.0,False,1,True,2.0,25.6,39.5,45.0,False,1.6,80.039,False,63,2024,7,Emilia Romagna Grand Prix,2024_07
NOR,McLaren,51.0,2.0,HARD,30.0,False,1,True,2.0,25.6,39.3,45.0,False,3.1,80.367,False,63,2024,7,Emilia Romagna Grand Prix,2024_07
NOR,McLaren,52.0,2.0,HARD,31.0,False,1,True,2.0,25.6,39.1,44.0,False,3.2,80.582,False,63,2024,7,Emilia Romagna Grand Prix,2024_07
NOR,McLaren,53.0,2.0,HARD,32.0,False,1,True,2.0,25.5,39.1,44.0,False,1.9,80.141,False,63,2024,7,Emilia Romagna Grand Prix,2024_07
NOR,McLaren,54.0,2.0,HARD,33.0,False,1,True,2.0,25.5,39.0,45.0,False,2.4,79.994,False,63,2024,7,Emilia Romagna Grand Prix,2024_07
NOR,McLaren,55.0,2.0,HARD,34.0,False,1,True,2.0,25.5,39.4,45.0,False,3.1,80.182,False,63,2024,7,Emilia Romagna Grand Prix,2024_07
NOR,McLaren,56.0,2.0,HARD,35.0,False,1,True,2.0,25.4,38.6,45.0,False,1.6,80.168,False,63,2024,7,Emilia Romagna Grand Prix,2024_07
NOR,McLaren,57.0,2.0,HARD,36.0,False,1,True,2.0,25.3,38.9,45.0,False,1.9,80.105,False,63,2024,7,Emilia Romagna Grand Prix,2024_07
NOR,McLaren,58.0,2.0,HARD,37.0,False,1,True,2.0,25.4,38.9,45.0,False,1.7,80.555,False,63,2024,7,Emilia Romagna Grand Prix,2024_07
NOR,McLaren,59.0,2.0,HARD,38.0,False,1,True,2.0,25.5,38.9,44.0,False,2.0,80.489,False,63,2024,7,Emilia Romagna Grand Prix,2024_07
NOR,McLaren,60.0,2.0,HARD,39.0,False,1,True,2.0,25.4,38.8,44.0,False,2.3,80.239,False,63,2024,7,Emilia Romagna Grand Prix,2024_07
NOR,McLaren,61.0,2.0,HARD,40.0,False,1,True,2.0,25.5,39.1,45.0,False,1.2,80.502,False,63,2024,7,Emilia Romagna Grand Prix,2024_07
NOR,McLaren,62.0,2.0,HARD,41.0,False,1,True,2.0,25.6,40.2,44.0,False,2.2,80.564,False,63,2024,7,Emilia Romagna Grand Prix,2024_07
NOR,McLaren,63.0,2.0,HARD,42.0,False,1,True,2.0,25.8,40.6,43.0,False,1.8,80.743,False,63,2024,7,Emilia Romagna Grand Prix,2024_07
LEC,Ferrari,1.0,1.0,MEDIUM,1.0,True,1,False,3.0,25.1,44.5,50.0,False,1.5,84.58,False,63,2024,7,Emilia Romagna Grand Prix,2024_07
LEC,Ferrari,2.0,1.0,MEDIUM,2.0,True,1,True,3.0,25.0,45.5,50.0,False,2.5,80.926,False,63,2024,7,Emilia Romagna Grand Prix,2024_07
LEC,Ferrari,3.0,1.0,MEDIUM,3.0,True,1,True,3.0,25.1,45.3,50.0,False,3.4,80.931,False,63,2024,7,Emilia Romagna Grand Prix,2024_07
LEC,Ferrari,4.0,1.0,MEDIUM,4.0,True,1,True,3.0,25.1,45.2,50.0,False,3.4,81.279,False,63,2024,7,Emilia Romagna Grand Prix,2024_07
LEC,Ferrari,5.0,1.0,MEDIUM,5.0,True,1,True,3.0,25.3,43.6,51.0,False,4.2,81.122,False,63,2024,7,Emilia Romagna Grand Prix,2024_07
LEC,Ferrari,6.0,1.0,MEDIUM,6.0,True,1,True,3.0,25.4,42.7,50.0,False,3.3,81.043,False,63,2024,7,Emilia Romagna Grand Prix,2024_07
LEC,Ferrari,7.0,1.0,MEDIUM,7.0,True,1,True,3.0,25.3,41.7,51.0,False,3.4,81.025,False,63,2024,7,Emilia Romagna Grand Prix,2024_07
LEC,Ferrari,8.0,1.0,MEDIUM,8.0,True,1,True,3.0,25.0,40.5,51.0,False,1.9,81.116,False,63,2024,7,Emilia Romagna Grand Prix,2024_07
LEC,Ferrari,9.0,1.0,MEDIUM,9.0,True,1,True,3.0,25.1,40.4,51.0,False,2.4,81.215,False,63,2024,7,Emilia Romagna Grand Prix,2024_07
LEC,Ferrari,10.0,1.0,MEDIUM,10.0,True,1,True,3.0,24.9,40.1,51.0,False,2.5,81.387,False,63,2024,7,Emilia Romagna Grand Prix,2024_07
LEC,Ferrari,11.0,1.0,MEDIUM,11.0,True,1,True,3.0,24.8,39.6,50.0,False,3.4,81.147,False,63,2024,7,Emilia Romagna Grand Prix,2024_07
LEC,Ferrari,12.0,1.0,MEDIUM,12.0,True,1,True,3.0,24.7,39.4,50.0,False,1.3,81.349,False,63,2024,7,Emilia Romagna Grand Prix,2024_07
LEC,Ferrari,13.0,1.0,MEDIUM,13.0,True,1,True,3.0,24.8,39.4,49.0,False,3.4,81.442,False,63,2024,7,Emilia Romagna Grand Prix,2024_07
LEC,Ferrari,14.0,1.0,MEDIUM,14.0,True,1,True,3.0,25.0,40.1,50.0,False,1.3,81.661,False,63,2024,7,Emilia Romagna Grand Prix,2024_07
LEC,Ferrari,15.0,1.0,MEDIUM,15.0,True,1,True,3.0,25.1,41.0,49.0,False,2.4,81.464,False,63,2024,7,Emilia Romagna Grand Prix,2024_07
LEC,Ferrari,16.0,1.0,MEDIUM,16.0,True,1,True,3.0,25.2,41.3,49.0,False,2.6,81.964,False,63,2024,7,Emilia Romagna Grand Prix,2024_07
LEC,Ferrari,17.0,1.0,MEDIUM,17.0,True,1,True,3.0,25.1,42.0,49.0,False,2.8,81.714,False,63,2024,7,Emilia Romagna Grand Prix,2024_07
LEC,Ferrari,18.0,1.0,MEDIUM,18.0,True,1,True,3.0,25.1,42.0,47.0,False,2.6,81.719,False,63,2024,7,Emilia Romagna Grand Prix,2024_07
LEC,Ferrari,19.0,1.0,MEDIUM,19.0,True,1,True,3.0,25.3,42.2,48.0,False,3.7,81.672,False,63,2024,7,Emilia Romagna Grand Prix,2024_07
LEC,Ferrari,20.0,1.0,MEDIUM,20.0,True,1,True,3.0,25.4,42.3,48.0,False,4.2,81.757,False,63,2024,7,Emilia Romagna Grand Prix,2024_07
LEC,Ferrari,21.0,1.0,MEDIUM,21.0,True,1,True,3.0,25.5,42.2,47.0,False,2.4,81.669,False,63,2024,7,Emilia Romagna Grand Prix,2024_07
LEC,Ferrari,22.0,1.0,MEDIUM,22.0,True,1,True,2.0,25.5,41.8,48.0,False,2.5,82.018,False,63,2024,7,Emilia Romagna Grand Prix,2024_07
LEC,Ferrari,23.0,1.0,MEDIUM,23.0,True,1,True,2.0,25.5,42.2,48.0,False,3.0,81.943,False,63,2024,7,Emilia Romagna Grand Prix,2024_07
LEC,Ferrari,24.0,1.0,MEDIUM,24.0,True,1,True,2.0,25.5,42.4,47.0,False,2.6,81.6,False,63,2024,7,Emilia Romagna Grand Prix,2024_07
LEC,Ferrari,25.0,1.0,MEDIUM,25.0,True,1,False,2.0,25.5,42.1,46.0,False,2.8,86.023,True,63,2024,7,Emilia Romagna Grand Prix,2024_07
LEC,Ferrari,26.0,2.0,HARD,1.0,True,1,False,6.0,25.4,42.2,47.0,False,2.0,105.006,True,63,2024,7,Emilia Romagna Grand Prix,2024_07
LEC,Ferrari,27.0,2.0,HARD,2.0,True,1,True,5.0,25.3,43.0,45.0,False,3.0,79.935,False,63,2024,7,Emilia Romagna Grand Prix,2024_07
LEC,Ferrari,28.0,2.0,HARD,3.0,True,1,True,3.0,25.3,42.0,46.0,False,5.0,80.928,False,63,2024,7,Emilia Romagna Grand Prix,2024_07
LEC,Ferrari,29.0,2.0,HARD,4.0,True,1,True,3.0,25.4,42.6,46.0,False,2.4,80.502,False,63,2024,7,Emilia Romagna Grand Prix,2024_07
LEC,Ferrari,30.0,2.0,HARD,5.0,True,1,True,3.0,25.5,42.5,46.0,False,2.0,80.426,False,63,2024,7,Emilia Romagna Grand Prix,2024_07
LEC,Ferrari,31.0,2.0,HARD,6.0,True,1,True,3.0,25.5,42.4,46.0,False,2.1,80.944,False,63,2024,7,Emilia Romagna Grand Prix,2024_07
LEC,Ferrari,32.0,2.0,HARD,7.0,True,1,True,3.0,25.6,42.3,46.0,False,2.5,80.645,False,63,2024,7,Emilia Romagna Grand Prix,2024_07
LEC,Ferrari,33.0,2.0,HARD,8.0,True,1,True,3.0,25.7,42.5,46.0,False,2.4,80.589,False,63,2024,7,Emilia Romagna Grand Prix,2024_07
LEC,Ferrari,34.0,2.0,HARD,9.0,True,1,True,3.0,25.7,42.6,45.0,False,1.0,80.726,False,63,2024,7,Emilia Romagna Grand Prix,2024_07
LEC,Ferrari,35.0,2.0,HARD,10.0,True,1,True,3.0,25.6,42.6,44.0,False,4.2,80.812,False,63,2024,7,Emilia Romagna Grand Prix,2024_07
LEC,Ferrari,36.0,2.0,HARD,11.0,True,1,True,3.0,25.7,42.6,45.0,False,3.9,80.562,False,63,2024,7,Emilia Romagna Grand Prix,2024_07
LEC,Ferrari,37.0,2.0,HARD,12.0,True,1,True,3.0,25.7,42.1,45.0,False,2.5,80.36,False,63,2024,7,Emilia Romagna Grand Prix,2024_07
LEC,Ferrari,38.0,2.0,HARD,13.0,True,1,True,3.0,25.7,42.4,46.0,False,2.9,80.194,False,63,2024,7,Emilia Romagna Grand Prix,2024_07
LEC,Ferrari,39.0,2.0,HARD,14.0,True,1,True,3.0,25.6,42.6,45.0,False,4.3,80.507,False,63,2024,7,Emilia Romagna Grand Prix,2024_07
LEC,Ferrari,40.0,2.0,HARD,15.0,True,1,True,3.0,25.7,42.5,44.0,False,2.5,80.582,False,63,2024,7,Emilia Romagna Grand Prix,2024_07
LEC,Ferrari,41.0,2.0,HARD,16.0,True,1,True,3.0,25.8,42.0,45.0,False,2.2,80.928,False,63,2024,7,Emilia Romagna Grand Prix,2024_07
LEC,Ferrari,42.0,2.0,HARD,17.0,True,1,True,3.0,25.6,42.0,45.0,False,3.3,80.24,False,63,2024,7,Emilia Romagna Grand Prix,2024_07
LEC,Ferrari,43.0,2.0,HARD,18.0,True,1,True,3.0,25.7,41.8,44.0,False,3.7,80.942,False,63,2024,7,Emilia Romagna Grand Prix,2024_07
LEC,Ferrari,44.0,2.0,HARD,19.0,True,1,True,3.0,25.7,41.6,44.0,False,2.4,80.702,False,63,2024,7,Emilia Romagna Grand Prix,2024_07
LEC,Ferrari,45.0,2.0,HARD,20.0,True,1,True,3.0,25.8,42.1,44.0,False,2.7,80.431,False,63,2024,7,Emilia Romagna Grand Prix,2024_07
LEC,Ferrari,46.0,2.0,HARD,21.0,True,1,True,3.0,25.8,42.1,44.0,False,2.2,80.596,False,63,2024,7,Emilia Romagna Grand Prix,2024_07
LEC,Ferrari,47.0,2.0,HARD,22.0,True,1,True,3.0,25.8,41.5,44.0,False,2.6,81.313,False,63,2024,7,Emilia Romagna Grand Prix,2024_07
LEC,Ferrari,48.0,2.0,HARD,23.0,True,1,True,3.0,25.9,40.5,45.0,False,1.9,81.513,False,63,2024,7,Emilia Romagna Grand Prix,2024_07
LEC,Ferrari,49.0,2.0,HARD,24.0,True,1,True,3.0,25.6,39.7,45.0,False,2.4,80.798,False,63,2024,7,Emilia Romagna Grand Prix,2024_07
LEC,Ferrari,50.0,2.0,HARD,25.0,True,1,True,3.0,25.6,39.5,45.0,False,1.6,80.414,False,63,2024,7,Emilia Romagna Grand Prix,2024_07
LEC,Ferrari,51.0,2.0,HARD,26.0,True,1,True,3.0,25.6,39.3,45.0,False,3.1,80.364,False,63,2024,7,Emilia Romagna Grand Prix,2024_07
LEC,Ferrari,52.0,2.0,HARD,27.0,True,1,True,3.0,25.6,39.1,44.0,False,3.2,80.358,False,63,2024,7,Emilia Romagna Grand Prix,2024_07
LEC,Ferrari,53.0,2.0,HARD,28.0,True,1,True,3.0,25.5,39.1,44.0,False,1.9,80.889,False,63,2024,7,Emilia Romagna Grand Prix,2024_07
LEC,Ferrari,54.0,2.0,HARD,29.0,True,1,True,3.0,25.5,39.0,45.0,False,2.4,80.398,False,63,2024,7,Emilia Romagna Grand Prix,2024_07
LEC,Ferrari,55.0,2.0,HARD,30.0,True,1,True,3.0,25.5,39.1,45.0,False,1.9,80.636,False,63,2024,7,Emilia Romagna Grand Prix,2024_07
LEC,Ferrari,56.0,2.0,HARD,31.0,True,1,True,3.0,25.4,38.6,45.0,False,1.6,80.415,False,63,2024,7,Emilia Romagna Grand Prix,2024_07
LEC,Ferrari,57.0,2.0,HARD,32.0,True,1,True,3.0,25.3,38.9,45.0,False,1.9,80.752,False,63,2024,7,Emilia Romagna Grand Prix,2024_07
LEC,Ferrari,58.0,2.0,HARD,33.0,True,1,True,3.0,25.4,38.9,44.0,False,2.2,80.553,False,63,2024,7,Emilia Romagna Grand Prix,2024_07
LEC,Ferrari,59.0,2.0,HARD,34.0,True,1,True,3.0,25.5,38.9,44.0,False,2.0,80.506,False,63,2024,7,Emilia Romagna Grand Prix,2024_07
LEC,Ferrari,60.0,2.0,HARD,35.0,True,1,True,3.0,25.4,38.8,44.0,False,2.3,80.693,False,63,2024,7,Emilia Romagna Grand Prix,2024_07
LEC,Ferrari,61.0,2.0,HARD,36.0,True,1,True,3.0,25.5,39.1,45.0,False,1.2,80.783,False,63,2024,7,Emilia Romagna Grand Prix,2024_07
LEC,Ferrari,62.0,2.0,HARD,37.0,True,1,True,3.0,25.6,40.2,44.0,False,2.2,81.307,False,63,2024,7,Emilia Romagna Grand Prix,2024_07
LEC,Ferrari,63.0,2.0,HARD,38.0,True,1,True,3.0,25.8,40.6,43.0,False,1.8,81.153,False,63,2024,7,Emilia Romagna Grand Prix,2024_07
PIA,McLaren,1.0,1.0,MEDIUM,1.0,True,1,False,5.0,25.1,44.5,50.0,False,1.5,85.726,False,63,2024,7,Emilia Romagna Grand Prix,2024_07
PIA,McLaren,2.0,1.0,MEDIUM,2.0,True,1,True,5.0,25.0,45.5,50.0,False,2.5,81.311,False,63,2024,7,Emilia Romagna Grand Prix,2024_07
PIA,McLaren,3.0,1.0,MEDIUM,3.0,True,1,True,5.0,25.1,45.3,50.0,False,3.4,80.808,False,63,2024,7,Emilia Romagna Grand Prix,2024_07
PIA,McLaren,4.0,1.0,MEDIUM,4.0,True,1,True,5.0,25.1,45.2,50.0,False,3.4,81.377,False,63,2024,7,Emilia Romagna Grand Prix,2024_07
PIA,McLaren,5.0,1.0,MEDIUM,5.0,True,1,True,5.0,25.3,43.6,51.0,False,4.2,81.269,False,63,2024,7,Emilia Romagna Grand Prix,2024_07
PIA,McLaren,6.0,1.0,MEDIUM,6.0,True,1,True,5.0,25.4,42.7,50.0,False,3.3,81.307,False,63,2024,7,Emilia Romagna Grand Prix,2024_07
PIA,McLaren,7.0,1.0,MEDIUM,7.0,True,1,True,5.0,25.3,41.7,51.0,False,3.4,81.08,False,63,2024,7,Emilia Romagna Grand Prix,2024_07
PIA,McLaren,8.0,1.0,MEDIUM,8.0,True,1,True,5.0,25.0,40.5,51.0,False,1.9,81.523,False,63,2024,7,Emilia Romagna Grand Prix,2024_07
PIA,McLaren,9.0,1.0,MEDIUM,9.0,True,1,True,5.0,25.1,40.4,51.0,False,2.4,81.508,False,63,2024,7,Emilia Romagna Grand Prix,2024_07
PIA,McLaren,10.0,1.0,MEDIUM,10.0,True,1,True,5.0,24.9,40.1,51.0,False,2.5,81.586,False,63,2024,7,Emilia Romagna Grand Prix,2024_07
PIA,McLaren,11.0,1.0,MEDIUM,11.0,True,1,True,5.0,24.8,39.6,50.0,False,3.4,81.191,False,63,2024,7,Emilia Romagna Grand Prix,2024_07
PIA,McLaren,12.0,1.0,MEDIUM,12.0,True,1,True,5.0,24.7,39.4,50.0,False,1.3,82.11,False,63,2024,7,Emilia Romagna Grand Prix,2024_07
PIA,McLaren,13.0,1.0,MEDIUM,13.0,True,1,True,5.0,24.8,39.4,49.0,False,3.4,81.888,False,63,2024,7,Emilia Romagna Grand Prix,2024_07
PIA,McLaren,14.0,1.0,MEDIUM,14.0,True,1,True,5.0,25.0,40.1,50.0,False,1.3,81.653,False,63,2024,7,Emilia Romagna Grand Prix,2024_07
PIA,McLaren,15.0,1.0,MEDIUM,15.0,True,1,True,5.0,25.1,41.0,49.0,False,2.4,81.679,False,63,2024,7,Emilia Romagna Grand Prix,2024_07
PIA,McLaren,16.0,1.0,MEDIUM,16.0,True,1,True,5.0,25.1,41.3,49.0,False,1.8,81.734,False,63,2024,7,Emilia Romagna Grand Prix,2024_07
PIA,McLaren,17.0,1.0,MEDIUM,17.0,True,1,True,5.0,25.1,42.0,49.0,False,2.8,81.912,False,63,2024,7,Emilia Romagna Grand Prix,2024_07
PIA,McLaren,18.0,1.0,MEDIUM,18.0,True,1,True,5.0,25.1,42.0,47.0,False,2.6,81.867,False,63,2024,7,Emilia Romagna Grand Prix,2024_07
PIA,McLaren,19.0,1.0,MEDIUM,19.0,True,1,True,5.0,25.3,42.2,48.0,False,3.7,82.042,False,63,2024,7,Emilia Romagna Grand Prix,2024_07
PIA,McLaren,20.0,1.0,MEDIUM,20.0,True,1,True,5.0,25.4,42.3,48.0,False,4.2,81.853,False,63,2024,7,Emilia Romagna Grand Prix,2024_07
PIA,McLaren,21.0,1.0,MEDIUM,21.0,True,1,True,5.0,25.5,42.2,47.0,False,2.4,82.212,False,63,2024,7,Emilia Romagna Grand Prix,2024_07
PIA,McLaren,22.0,1.0,MEDIUM,22.0,True,1,True,5.0,25.5,41.8,48.0,False,2.5,81.869,False,63,2024,7,Emilia Romagna Grand Prix,2024_07
PIA,McLaren,23.0,1.0,MEDIUM,23.0,True,1,False,4.0,25.5,42.2,48.0,False,3.0,86.22,True,63,2024,7,Emilia Romagna Grand Prix,2024_07
PIA,McLaren,24.0,2.0,HARD,2.0,False,1,False,8.0,25.5,42.3,46.0,False,2.7,103.264,True,63,2024,7,Emilia Romagna Grand Prix,2024_07
PIA,McLaren,25.0,2.0,HARD,3.0,False,1,True,7.0,25.5,42.1,46.0,False,2.8,79.907,False,63,2024,7,Emilia Romagna Grand Prix,2024_07
PIA,McLaren,26.0,2.0,HARD,4.0,False,1,True,7.0,25.3,42.6,45.0,False,2.7,80.577,False,63,2024,7,Emilia Romagna Grand Prix,2024_07
PIA,McLaren,27.0,2.0,HARD,5.0,False,1,True,6.0,25.3,43.0,45.0,False,3.0,80.785,False,63,2024,7,Emilia Romagna Grand Prix,2024_07
PIA,McLaren,28.0,2.0,HARD,6.0,False,1,True,4.0,25.3,42.0,46.0,False,5.0,80.599,False,63,2024,7,Emilia Romagna Grand Prix,2024_07
PIA,McLaren,29.0,2.0,HARD,7.0,False,1,True,4.0,25.4,42.6,46.0,False,2.4,80.313,False,63,2024,7,Emilia Romagna Grand Prix,2024_07
PIA,McLaren,30.0,2.0,HARD,8.0,False,1,True,4.0,25.5,42.5,46.0,False,2.0,80.578,False,63,2024,7,Emilia Romagna Grand Prix,2024_07
PIA,McLaren,31.0,2.0,HARD,9.0,False,1,True,4.0,25.5,42.4,46.0,False,2.1,80.728,False,63,2024,7,Emilia Romagna Grand Prix,2024_07
PIA,McLaren,32.0,2.0,HARD,10.0,False,1,True,4.0,25.6,42.3,46.0,False,2.5,80.839,False,63,2024,7,Emilia Romagna Grand Prix,2024_07
PIA,McLaren,33.0,2.0,HARD,11.0,False,1,True,4.0,25.7,42.5,46.0,False,2.4,80.701,False,63,2024,7,Emilia Romagna Grand Prix,2024_07
PIA,McLaren,34.0,2.0,HARD,12.0,False,1,True,4.0,25.7,42.6,45.0,False,1.0,80.96,False,63,2024,7,Emilia Romagna Grand Prix,2024_07
PIA,McLaren,35.0,2.0,HARD,13.0,False,1,True,4.0,25.6,42.6,44.0,False,4.2,80.913,False,63,2024,7,Emilia Romagna Grand Prix,2024_07
PIA,McLaren,36.0,2.0,HARD,14.0,False,1,True,4.0,25.7,42.6,45.0,False,3.9,80.684,False,63,2024,7,Emilia Romagna Grand Prix,2024_07
PIA,McLaren,37.0,2.0,HARD,15.0,False,1,True,4.0,25.7,42.1,45.0,False,2.5,80.587,False,63,2024,7,Emilia Romagna Grand Prix,2024_07
PIA,McLaren,38.0,2.0,HARD,16.0,False,1,True,4.0,25.7,42.4,46.0,False,2.9,80.499,False,63,2024,7,Emilia Romagna Grand Prix,2024_07
PIA,McLaren,39.0,2.0,HARD,17.0,False,1,True,4.0,25.6,42.6,45.0,False,4.3,80.801,False,63,2024,7,Emilia Romagna Grand Prix,2024_07
PIA,McLaren,40.0,2.0,HARD,18.0,False,1,True,4.0,25.7,42.5,44.0,False,2.5,81.001,False,63,2024,7,Emilia Romagna Grand Prix,2024_07
PIA,McLaren,41.0,2.0,HARD,19.0,False,1,True,4.0,25.8,42.0,45.0,False,2.2,80.966,False,63,2024,7,Emilia Romagna Grand Prix,2024_07
PIA,McLaren,42.0,2.0,HARD,20.0,False,1,True,4.0,25.6,42.0,45.0,False,3.3,81.122,False,63,2024,7,Emilia Romagna Grand Prix,2024_07
PIA,McLaren,43.0,2.0,HARD,21.0,False,1,True,4.0,25.7,41.8,44.0,False,3.7,81.333,False,63,2024,7,Emilia Romagna Grand Prix,2024_07
PIA,McLaren,44.0,2.0,HARD,22.0,False,1,True,4.0,25.7,41.6,44.0,False,2.4,80.843,False,63,2024,7,Emilia Romagna Grand Prix,2024_07
PIA,McLaren,45.0,2.0,HARD,23.0,False,1,True,4.0,25.8,42.1,44.0,False,2.7,80.888,False,63,2024,7,Emilia Romagna Grand Prix,2024_07
PIA,McLaren,46.0,2.0,HARD,24.0,False,1,True,4.0,25.8,42.0,44.0,False,1.5,81.038,False,63,2024,7,Emilia Romagna Grand Prix,2024_07
PIA,McLaren,47.0,2.0,HARD,25.0,False,1,True,4.0,25.8,41.5,44.0,False,2.6,81.485,False,63,2024,7,Emilia Romagna Grand Prix,2024_07
PIA,McLaren,48.0,2.0,HARD,26.0,False,1,True,4.0,25.9,40.5,45.0,False,1.9,81.416,False,63,2024,7,Emilia Romagna Grand Prix,2024_07
PIA,McLaren,49.0,2.0,HARD,27.0,False,1,True,4.0,25.6,39.7,45.0,False,2.4,81.309,False,63,2024,7,Emilia Romagna Grand Prix,2024_07
PIA,McLaren,50.0,2.0,HARD,28.0,False,1,True,4.0,25.6,39.5,45.0,False,1.6,80.979,False,63,2024,7,Emilia Romagna Grand Prix,2024_07
PIA,McLaren,51.0,2.0,HARD,29.0,False,1,True,4.0,25.6,39.3,45.0,False,3.1,81.203,False,63,2024,7,Emilia Romagna Grand Prix,2024_07
PIA,McLaren,52.0,2.0,HARD,30.0,False,1,True,4.0,25.6,39.1,44.0,False,3.2,80.777,False,63,2024,7,Emilia Romagna Grand Prix,2024_07
PIA,McLaren,53.0,2.0,HARD,31.0,False,1,True,4.0,25.5,39.1,44.0,False,1.9,80.699,False,63,2024,7,Emilia Romagna Grand Prix,2024_07
PIA,McLaren,54.0,2.0,HARD,32.0,False,1,True,4.0,25.5,39.0,45.0,False,2.4,80.413,False,63,2024,7,Emilia Romagna Grand Prix,2024_07
PIA,McLaren,55.0,2.0,HARD,33.0,False,1,True,4.0,25.5,39.1,45.0,False,1.9,80.394,False,63,2024,7,Emilia Romagna Grand Prix,2024_07
PIA,McLaren,56.0,2.0,HARD,34.0,False,1,True,4.0,25.4,38.6,45.0,False,1.6,80.44,False,63,2024,7,Emilia Romagna Grand Prix,2024_07
PIA,McLaren,57.0,2.0,HARD,35.0,False,1,True,4.0,25.3,38.9,45.0,False,1.9,80.602,False,63,2024,7,Emilia Romagna Grand Prix,2024_07
PIA,McLaren,58.0,2.0,HARD,36.0,False,1,True,4.0,25.4,38.9,44.0,False,2.2,80.698,False,63,2024,7,Emilia Romagna Grand Prix,2024_07
PIA,McLaren,59.0,2.0,HARD,37.0,False,1,True,4.0,25.5,38.9,44.0,False,2.0,80.288,False,63,2024,7,Emilia Romagna Grand Prix,2024_07
PIA,McLaren,60.0,2.0,HARD,38.0,False,1,True,4.0,25.4,38.8,44.0,False,2.3,80.649,False,63,2024,7,Emilia Romagna Grand Prix,2024_07
PIA,McLaren,61.0,2.0,HARD,39.0,False,1,True,4.0,25.5,39.1,45.0,False,1.2,80.982,False,63,2024,7,Emilia Romagna Grand Prix,2024_07
PIA,McLaren,62.0,2.0,HARD,40.0,False,1,True,4.0,25.6,40.2,44.0,False,2.2,80.599,False,63,2024,7,Emilia Romagna Grand Prix,2024_07
PIA,McLaren,63.0,2.0,HARD,41.0,False,1,True,4.0,25.8,40.6,43.0,False,1.8,80.8,False,63,2024,7,Emilia Romagna Grand Prix,2024_07
SAI,Ferrari,1.0,1.0,MEDIUM,1.0,True,1,False,4.0,25.1,44.5,50.0,False,1.5,85.149,False,63,2024,7,Emilia Romagna Grand Prix,2024_07
SAI,Ferrari,2.0,1.0,MEDIUM,2.0,True,1,True,4.0,25.0,45.5,50.0,False,2.5,81.102,False,63,2024,7,Emilia Romagna Grand Prix,2024_07
SAI,Ferrari,3.0,1.0,MEDIUM,3.0,True,1,True,4.0,25.1,45.3,50.0,False,3.4,80.966,False,63,2024,7,Emilia Romagna Grand Prix,2024_07
SAI,Ferrari,4.0,1.0,MEDIUM,4.0,True,1,True,4.0,25.1,45.2,50.0,False,3.4,81.341,False,63,2024,7,Emilia Romagna Grand Prix,2024_07
SAI,Ferrari,5.0,1.0,MEDIUM,5.0,True,1,True,4.0,25.3,43.6,51.0,False,4.2,81.276,False,63,2024,7,Emilia Romagna Grand Prix,2024_07
SAI,Ferrari,6.0,1.0,MEDIUM,6.0,True,1,True,4.0,25.4,42.7,50.0,False,3.3,81.16,False,63,2024,7,Emilia Romagna Grand Prix,2024_07
SAI,Ferrari,7.0,1.0,MEDIUM,7.0,True,1,True,4.0,25.3,41.7,51.0,False,3.4,81.236,False,63,2024,7,Emilia Romagna Grand Prix,2024_07
SAI,Ferrari,8.0,1.0,MEDIUM,8.0,True,1,True,4.0,25.0,40.5,51.0,False,1.9,81.431,False,63,2024,7,Emilia Romagna Grand Prix,2024_07
SAI,Ferrari,9.0,1.0,MEDIUM,9.0,True,1,True,4.0,25.1,40.4,51.0,False,2.4,81.493,False,63,2024,7,Emilia Romagna Grand Prix,2024_07
SAI,Ferrari,10.0,1.0,MEDIUM,10.0,True,1,True,4.0,24.9,40.1,51.0,False,2.5,81.586,False,63,2024,7,Emilia Romagna Grand Prix,2024_07
SAI,Ferrari,11.0,1.0,MEDIUM,11.0,True,1,True,4.0,24.8,39.6,50.0,False,3.4,81.316,False,63,2024,7,Emilia Romagna Grand Prix,2024_07
SAI,Ferrari,12.0,1.0,MEDIUM,12.0,True,1,True,4.0,24.7,39.4,50.0,False,1.3,81.9,False,63,2024,7,Emilia Romagna Grand Prix,2024_07
SAI,Ferrari,13.0,1.0,MEDIUM,13.0,True,1,True,4.0,24.8,39.4,49.0,False,3.4,81.747,False,63,2024,7,Emilia Romagna Grand Prix,2024_07
SAI,Ferrari,14.0,1.0,MEDIUM,14.0,True,1,True,4.0,25.0,40.1,50.0,False,1.3,81.638,False,63,2024,7,Emilia Romagna Grand Prix,2024_07
SAI,Ferrari,15.0,1.0,MEDIUM,15.0,True,1,True,4.0,25.1,41.0,49.0,False,2.4,81.61,False,63,2024,7,Emilia Romagna Grand Prix,2024_07
SAI,Ferrari,16.0,1.0,MEDIUM,16.0,True,1,True,4.0,25.1,41.3,49.0,False,1.8,81.671,False,63,2024,7,Emilia Romagna Grand Prix,2024_07
SAI,Ferrari,17.0,1.0,MEDIUM,17.0,True,1,True,4.0,25.1,42.0,49.0,False,2.8,82.173,False,63,2024,7,Emilia Romagna Grand Prix,2024_07
SAI,Ferrari,18.0,1.0,MEDIUM,18.0,True,1,True,4.0,25.1,42.0,47.0,False,2.6,81.738,False,63,2024,7,Emilia Romagna Grand Prix,2024_07
SAI,Ferrari,19.0,1.0,MEDIUM,19.0,True,1,True,4.0,25.3,42.2,48.0,False,3.7,82.113,False,63,2024,7,Emilia Romagna Grand Prix,2024_07
SAI,Ferrari,20.0,1.0,MEDIUM,20.0,True,1,True,4.0,25.4,42.3,48.0,False,4.2,82.025,False,63,2024,7,Emilia Romagna Grand Prix,2024_07
SAI,Ferrari,21.0,1.0,MEDIUM,21.0,True,1,True,4.0,25.5,42.2,47.0,False,2.4,82.006,False,63,2024,7,Emilia Romagna Grand Prix,2024_07
SAI,Ferrari,22.0,1.0,MEDIUM,22.0,True,1,True,4.0,25.5,41.8,48.0,False,2.5,81.926,False,63,2024,7,Emilia Romagna Grand Prix,2024_07
SAI,Ferrari,23.0,1.0,MEDIUM,23.0,True,1,True,3.0,25.5,42.2,48.0,False,3.0,81.812,False,63,2024,7,Emilia Romagna Grand Prix,2024_07
SAI,Ferrari,24.0,1.0,MEDIUM,24.0,True,1,True,3.0,25.5,42.4,47.0,False,2.6,81.773,False,63,2024,7,Emilia Romagna Grand Prix,2024_07
SAI,Ferrari,25.0,1.0,MEDIUM,25.0,True,1,True,1.0,25.5,42.1,46.0,False,2.8,81.468,False,63,2024,7,Emilia Romagna Grand Prix,2024_07
SAI,Ferrari,26.0,1.0,MEDIUM,26.0,True,1,True,1.0,25.4,42.2,47.0,False,2.0,81.588,False,63,2024,7,Emilia Romagna Grand Prix,2024_07
SAI,Ferrari,27.0,1.0,MEDIUM,27.0,True,1,False,1.0,25.3,43.0,45.0,False,3.0,86.35,True,63,2024,7,Emilia Romagna Grand Prix,2024_07
SAI,Ferrari,28.0,2.0,HARD,1.0,True,1,False,6.0,25.3,42.0,46.0,False,5.0,104.128,True,63,2024,7,Emilia Romagna Grand Prix,2024_07
SAI,Ferrari,29.0,2.0,HARD,2.0,True,1,True,6.0,25.4,42.6,46.0,False,2.4,81.597,False,63,2024,7,Emilia Romagna Grand Prix,2024_07
SAI,Ferrari,30.0,2.0,HARD,3.0,True,1,True,5.0,25.5,42.5,46.0,False,2.0,80.648,False,63,2024,7,Emilia Romagna Grand Prix,2024_07
SAI,Ferrari,31.0,2.0,HARD,4.0,True,1,True,5.0,25.5,42.4,46.0,False,2.1,80.652,False,63,2024,7,Emilia Romagna Grand Prix,2024_07
SAI,Ferrari,32.0,2.0,HARD,5.0,True,1,True,5.0,25.6,42.3,46.0,False,2.5,80.636,False,63,2024,7,Emilia Romagna Grand Prix,2024_07
SAI,Ferrari,33.0,2.0,HARD,6.0,True,1,True,5.0,25.7,42.5,46.0,False,2.4,80.724,False,63,2024,7,Emilia Romagna Grand Prix,2024_07
SAI,Ferrari,34.0,2.0,HARD,7.0,True,1,True,5.0,25.7,42.6,45.0,False,1.0,80.848,False,63,2024,7,Emilia Romagna Grand Prix,2024_07
SAI,Ferrari,35.0,2.0,HARD,8.0,True,1,True,5.0,25.6,42.6,44.0,False,4.2,80.705,False,63,2024,7,Emilia Romagna Grand Prix,2024_07
SAI,Ferrari,36.0,2.0,HARD,9.0,True,1,True,5.0,25.7,42.6,45.0,False,3.9,80.849,False,63,2024,7,Emilia Romagna Grand Prix,2024_07
SAI,Ferrari,37.0,2.0,HARD,10.0,True,1,True,5.0,25.7,42.1,45.0,False,2.5,80.466,False,63,2024,7,Emilia Romagna Grand Prix,2024_07
SAI,Ferrari,38.0,2.0,HARD,11.0,True,1,True,5.0,25.7,42.4,46.0,False,2.9,80.496,False,63,2024,7,Emilia Romagna Grand Prix,2024_07
SAI,Ferrari,39.0,2.0,HARD,12.0,True,1,True,5.0,25.6,42.6,45.0,False,4.3,80.531,False,63,2024,7,Emilia Romagna Grand Prix,2024_07
SAI,Ferrari,40.0,2.0,HARD,13.0,True,1,True,5.0,25.8,42.0,44.0,False,2.1,80.519,False,63,2024,7,Emilia Romagna Grand Prix,2024_07
SAI,Ferrari,41.0,2.0,HARD,14.0,True,1,True,5.0,25.8,42.0,45.0,False,2.2,80.615,False,63,2024,7,Emilia Romagna Grand Prix,2024_07
SAI,Ferrari,42.0,2.0,HARD,15.0,True,1,True,5.0,25.6,42.0,45.0,False,3.3,80.667,False,63,2024,7,Emilia Romagna Grand Prix,2024_07
SAI,Ferrari,43.0,2.0,HARD,16.0,True,1,True,5.0,25.7,41.6,44.0,False,3.0,80.701,False,63,2024,7,Emilia Romagna Grand Prix,2024_07
SAI,Ferrari,44.0,2.0,HARD,17.0,True,1,True,5.0,25.7,41.6,44.0,False,2.4,81.066,False,63,2024,7,Emilia Romagna Grand Prix,2024_07
SAI,Ferrari,45.0,2.0,HARD,18.0,True,1,True,5.0,25.8,42.1,44.0,False,2.7,81.256,False,63,2024,7,Emilia Romagna Grand Prix,2024_07
SAI,Ferrari,46.0,2.0,HARD,19.0,True,1,True,5.0,25.8,42.0,44.0,False,1.5,81.064,False,63,2024,7,Emilia Romagna Grand Prix,2024_07
SAI,Ferrari,47.0,2.0,HARD,20.0,True,1,True,5.0,25.8,41.5,44.0,False,2.6,82.064,False,63,2024,7,Emilia Romagna Grand Prix,2024_07
SAI,Ferrari,48.0,2.0,HARD,21.0,True,1,True,5.0,25.9,40.5,45.0,False,1.9,80.999,False,63,2024,7,Emilia Romagna Grand Prix,2024_07
SAI,Ferrari,49.0,2.0,HARD,22.0,True,1,True,5.0,25.6,39.7,45.0,False,2.4,80.737,False,63,2024,7,Emilia Romagna Grand Prix,2024_07
SAI,Ferrari,50.0,2.0,HARD,23.0,True,1,True,5.0,25.6,39.5,45.0,False,1.6,80.988,False,63,2024,7,Emilia Romagna Grand Prix,2024_07
SAI,Ferrari,51.0,2.0,HARD,24.0,True,1,True,5.0,25.6,39.3,45.0,False,3.1,81.748,False,63,2024,7,Emilia Romagna Grand Prix,2024_07
SAI,Ferrari,52.0,2.0,HARD,25.0,True,1,True,5.0,25.6,39.1,44.0,False,3.2,81.601,False,63,2024,7,Emilia Romagna Grand Prix,2024_07
SAI,Ferrari,53.0,2.0,HARD,26.0,True,1,True,5.0,25.5,39.1,44.0,False,1.9,81.238,False,63,2024,7,Emilia Romagna Grand Prix,2024_07
SAI,Ferrari,54.0,2.0,HARD,27.0,True,1,True,5.0,25.5,39.0,45.0,False,2.4,80.827,False,63,2024,7,Emilia Romagna Grand Prix,2024_07
SAI,Ferrari,55.0,2.0,HARD,28.0,True,1,True,5.0,25.5,39.1,45.0,False,1.9,80.803,False,63,2024,7,Emilia Romagna Grand Prix,2024_07
SAI,Ferrari,56.0,2.0,HARD,29.0,True,1,True,5.0,25.4,38.6,45.0,False,1.6,80.959,False,63,2024,7,Emilia Romagna Grand Prix,2024_07
SAI,Ferrari,57.0,2.0,HARD,30.0,True,1,True,5.0,25.3,38.9,45.0,False,1.9,80.759,False,63,2024,7,Emilia Romagna Grand Prix,2024_07
SAI,Ferrari,58.0,2.0,HARD,31.0,True,1,True,5.0,25.4,38.9,44.0,False,2.2,80.792,False,63,2024,7,Emilia Romagna Grand Prix,2024_07
SAI,Ferrari,59.0,2.0,HARD,32.0,True,1,True,5.0,25.5,38.9,44.0,False,2.0,80.74,False,63,2024,7,Emilia Romagna Grand Prix,2024_07
SAI,Ferrari,60.0,2.0,HARD,33.0,True,1,True,5.0,25.4,38.7,44.0,False,1.5,80.992,False,63,2024,7,Emilia Romagna Grand Prix,2024_07
SAI,Ferrari,61.0,2.0,HARD,34.0,True,1,True,5.0,25.5,39.1,45.0,False,1.2,81.378,False,63,2024,7,Emilia Romagna Grand Prix,2024_07
SAI,Ferrari,62.0,2.0,HARD,35.0,True,1,True,5.0,25.6,40.2,44.0,False,2.2,80.97,False,63,2024,7,Emilia Romagna Grand Prix,2024_07
SAI,Ferrari,63.0,2.0,HARD,36.0,True,1,True,5.0,25.9,40.6,43.0,False,1.3,80.22,False,63,2024,7,Emilia Romagna Grand Prix,2024_07
HAM,Mercedes,1.0,1.0,MEDIUM,1.0,True,1,False,7.0,25.1,44.5,50.0,False,1.5,87.111,False,63,2024,7,Emilia Romagna Grand Prix,2024_07
HAM,Mercedes,2.0,1.0,MEDIUM,2.0,True,1,True,7.0,25.0,45.5,50.0,False,2.5,81.841,False,63,2024,7,Emilia Romagna Grand Prix,2024_07
HAM,Mercedes,3.0,1.0,MEDIUM,3.0,True,1,True,7.0,25.1,45.3,50.0,False,3.4,81.222,False,63,2024,7,Emilia Romagna Grand Prix,2024_07
HAM,Mercedes,4.0,1.0,MEDIUM,4.0,True,1,True,7.0,25.1,45.2,50.0,False,3.4,81.715,False,63,2024,7,Emilia Romagna Grand Prix,2024_07
HAM,Mercedes,5.0,1.0,MEDIUM,5.0,True,1,True,7.0,25.3,43.6,51.0,False,4.2,81.544,False,63,2024,7,Emilia Romagna Grand Prix,2024_07
HAM,Mercedes,6.0,1.0,MEDIUM,6.0,True,1,True,7.0,25.4,42.7,50.0,False,3.3,81.569,False,63,2024,7,Emilia Romagna Grand Prix,2024_07
HAM,Mercedes,7.0,1.0,MEDIUM,7.0,True,1,True,7.0,25.3,41.7,51.0,False,3.4,81.446,False,63,2024,7,Emilia Romagna Grand Prix,2024_07
HAM,Mercedes,8.0,1.0,MEDIUM,8.0,True,1,True,7.0,25.0,40.5,51.0,False,1.9,81.593,False,63,2024,7,Emilia Romagna Grand Prix,2024_07
HAM,Mercedes,9.0,1.0,MEDIUM,9.0,True,1,True,7.0,25.1,40.4,51.0,False,2.4,81.51,False,63,2024,7,Emilia Romagna Grand Prix,2024_07
HAM,Mercedes,10.0,1.0,MEDIUM,10.0,True,1,True,7.0,24.9,40.1,51.0,False,2.5,81.544,False,63,2024,7,Emilia Romagna Grand Prix,2024_07
HAM,Mercedes,11.0,1.0,MEDIUM,11.0,True,1,True,7.0,24.8,39.6,50.0,False,3.4,81.472,False,63,2024,7,Emilia Romagna Grand Prix,2024_07
HAM,Mercedes,12.0,1.0,MEDIUM,12.0,True,1,True,7.0,24.7,39.4,50.0,False,1.3,81.756,False,63,2024,7,Emilia Romagna Grand Prix,2024_07
HAM,Mercedes,13.0,1.0,MEDIUM,13.0,True,1,True,7.0,25.0,39.8,49.0,False,2.3,81.767,False,63,2024,7,Emilia Romagna Grand Prix,2024_07
HAM,Mercedes,14.0,1.0,MEDIUM,14.0,True,1,True,7.0,25.0,40.1,50.0,False,1.3,82.08,False,63,2024,7,Emilia Romagna Grand Prix,2024_07
HAM,Mercedes,15.0,1.0,MEDIUM,15.0,True,1,True,7.0,25.1,41.0,49.0,False,2.4,81.729,False,63,2024,7,Emilia Romagna Grand Prix,2024_07
HAM,Mercedes,16.0,1.0,MEDIUM,16.0,True,1,True,7.0,25.1,41.3,49.0,False,1.8,82.199,False,63,2024,7,Emilia Romagna Grand Prix,2024_07
HAM,Mercedes,17.0,1.0,MEDIUM,17.0,True,1,True,7.0,25.1,42.0,49.0,False,2.8,81.846,False,63,2024,7,Emilia Romagna Grand Prix,2024_07
HAM,Mercedes,18.0,1.0,MEDIUM,18.0,True,1,True,7.0,25.1,42.0,47.0,False,2.6,82.02,False,63,2024,7,Emilia Romagna Grand Prix,2024_07
HAM,Mercedes,19.0,1.0,MEDIUM,19.0,True,1,True,7.0,25.3,42.2,48.0,False,3.7,81.974,False,63,2024,7,Emilia Romagna Grand Prix,2024_07
HAM,Mercedes,20.0,1.0,MEDIUM,20.0,True,1,True,7.0,25.4,42.3,48.0,False,4.2,82.222,False,63,2024,7,Emilia Romagna Grand Prix,2024_07
HAM,Mercedes,21.0,1.0,MEDIUM,21.0,True,1,True,6.0,25.5,42.2,47.0,False,2.4,82.275,False,63,2024,7,Emilia Romagna Grand Prix,2024_07
HAM,Mercedes,22.0,1.0,MEDIUM,22.0,True,1,True,6.0,25.5,41.8,48.0,False,2.5,81.846,False,63,2024,7,Emilia Romagna Grand Prix,2024_07
HAM,Mercedes,23.0,1.0,MEDIUM,23.0,True,1,True,5.0,25.5,42.2,48.0,False,3.0,81.561,False,63,2024,7,Emilia Romagna Grand Prix,2024_07
HAM,Mercedes,24.0,1.0,MEDIUM,24.0,True,1,True,4.0,25.5,42.3,46.0,False,2.7,82.345,False,63,2024,7,Emilia Romagna Grand Prix,2024_07
HAM,Mercedes,25.0,1.0,MEDIUM,25.0,True,1,True,3.0,25.5,42.1,46.0,False,2.8,81.492,False,63,2024,7,Emilia Romagna Grand Prix,2024_07
HAM,Mercedes,26.0,1.0,MEDIUM,26.0,True,1,True,2.0,25.4,42.2,47.0,False,2.0,86.346,False,63,2024,7,Emilia Romagna Grand Prix,2024_07
HAM,Mercedes,27.0,1.0,MEDIUM,27.0,True,1,False,3.0,25.3,43.0,45.0,False,3.0,86.215,True,63,2024,7,Emilia Romagna Grand Prix,2024_07
HAM,Mercedes,28.0,2.0,HARD,1.0,True,1,False,9.0,25.3,42.0,46.0,False,5.0,103.406,True,63,2024,7,Emilia Romagna Grand Prix,2024_07
HAM,Mercedes,29.0,2.0,HARD,2.0,True,1,True,9.0,25.4,42.6,46.0,False,2.4,80.593,False,63,2024,7,Emilia Romagna Grand Prix,2024_07
HAM,Mercedes,30.0,2.0,HARD,3.0,True,1,True,9.0,25.5,42.5,46.0,False,2.0,80.586,False,63,2024,7,Emilia Romagna Grand Prix,2024_07
HAM,Mercedes,31.0,2.0,HARD,4.0,True,1,True,8.0,25.6,42.4,47.0,False,2.1,81.737,False,63,2024,7,Emilia Romagna Grand Prix,2024_07
HAM,Mercedes,32.0,2.0,HARD,5.0,True,1,True,8.0,25.6,42.3,46.0,False,2.5,81.16,False,63,2024,7,Emilia Romagna Grand Prix,2024_07
HAM,Mercedes,33.0,2.0,HARD,6.0,True,1,True,8.0,25.7,42.5,46.0,False,2.4,80.942,False,63,2024,7,Emilia Romagna Grand Prix,2024_07
HAM,Mercedes,34.0,2.0,HARD,7.0,True,1,True,8.0,25.6,42.9,45.0,False,1.8,80.964,False,63,2024,7,Emilia Romagna Grand Prix,2024_07
HAM,Mercedes,35.0,2.0,HARD,8.0,True,1,True,8.0,25.6,42.6,44.0,False,4.2,82.165,False,63,2024,7,Emilia Romagna Grand Prix,2024_07
HAM,Mercedes,36.0,2.0,HARD,9.0,True,1,True,8.0,25.7,42.6,45.0,False,3.9,83.058,False,63,2024,7,Emilia Romagna Grand Prix,2024_07
HAM,Mercedes,37.0,2.0,HARD,10.0,True,1,True,7.0,25.8,42.3,45.0,False,2.1,80.748,False,63,2024,7,Emilia Romagna Grand Prix,2024_07
HAM,Mercedes,38.0,2.0,HARD,11.0,True,1,True,7.0,25.7,42.4,46.0,False,2.9,80.546,False,63,2024,7,Emilia Romagna Grand Prix,2024_07
HAM,Mercedes,39.0,2.0,HARD,12.0,True,1,True,7.0,25.6,42.6,45.0,False,4.3,80.677,False,63,2024,7,Emilia Romagna Grand Prix,2024_07
HAM,Mercedes,40.0,2.0,HARD,13.0,True,1,True,7.0,25.8,42.0,44.0,False,2.1,80.837,False,63,2024,7,Emilia Romagna Grand Prix,2024_07
HAM,Mercedes,41.0,2.0,HARD,14.0,True,1,True,7.0,25.8,42.0,45.0,False,2.2,80.639,False,63,2024,7,Emilia Romagna Grand Prix,2024_07
HAM,Mercedes,42.0,2.0,HARD,15.0,True,1,True,7.0,25.6,42.0,45.0,False,3.3,80.434,False,63,2024,7,Emilia Romagna Grand Prix,2024_07
HAM,Mercedes,43.0,2.0,HARD,16.0,True,1,True,7.0,25.7,41.6,44.0,False,3.0,80.331,False,63,2024,7,Emilia Romagna Grand Prix,2024_07
HAM,Mercedes,44.0,2.0,HARD,17.0,True,1,True,7.0,25.7,41.6,44.0,False,2.4,80.843,False,63,2024,7,Emilia Romagna Grand Prix,2024_07
HAM,Mercedes,45.0,2.0,HARD,18.0,True,1,True,7.0,25.8,42.1,44.0,False,2.7,80.581,False,63,2024,7,Emilia Romagna Grand Prix,2024_07
HAM,Mercedes,46.0,2.0,HARD,19.0,True,1,True,7.0,25.8,42.0,44.0,False,1.5,80.944,False,63,2024,7,Emilia Romagna Grand Prix,2024_07
HAM,Mercedes,47.0,2.0,HARD,20.0,True,1,True,7.0,25.8,41.5,44.0,False,2.6,81.069,False,63,2024,7,Emilia Romagna Grand Prix,2024_07
HAM,Mercedes,48.0,2.0,HARD,21.0,True,1,True,7.0,25.8,40.1,45.0,False,3.3,80.921,False,63,2024,7,Emilia Romagna Grand Prix,2024_07
HAM,Mercedes,49.0,2.0,HARD,22.0,True,1,True,7.0,25.6,39.7,45.0,False,2.4,81.182,False,63,2024,7,Emilia Romagna Grand Prix,2024_07
HAM,Mercedes,50.0,2.0,HARD,23.0,True,1,True,7.0,25.6,39.5,45.0,False,1.6,80.698,False,63,2024,7,Emilia Romagna Grand Prix,2024_07
HAM,Mercedes,51.0,2.0,HARD,24.0,True,1,True,7.0,25.6,39.1,44.0,False,3.2,80.776,False,63,2024,7,Emilia Romagna Grand Prix,2024_07
HAM,Mercedes,52.0,2.0,HARD,25.0,True,1,True,6.0,25.6,39.1,44.0,False,3.2,81.176,False,63,2024,7,Emilia Romagna Grand Prix,2024_07
HAM,Mercedes,53.0,2.0,HARD,26.0,True,1,True,6.0,25.5,39.1,44.0,False,1.9,81.415,False,63,2024,7,Emilia Romagna Grand Prix,2024_07
HAM,Mercedes,54.0,2.0,HARD,27.0,True,1,True,6.0,25.5,39.4,45.0,False,3.1,80.841,False,63,2024,7,Emilia Romagna Grand Prix,2024_07
HAM,Mercedes,55.0,2.0,HARD,28.0,True,1,True,6.0,25.5,39.1,45.0,False,1.9,81.027,False,63,2024,7,Emilia Romagna Grand Prix,2024_07
HAM,Mercedes,56.0,2.0,HARD,29.0,True,1,True,6.0,25.4,38.6,45.0,False,1.6,81.297,False,63,2024,7,Emilia Romagna Grand Prix,2024_07
HAM,Mercedes,57.0,2.0,HARD,30.0,True,1,True,6.0,25.4,38.9,45.0,False,1.7,81.664,False,63,2024,7,Emilia Romagna Grand Prix,2024_07
HAM,Mercedes,58.0,2.0,HARD,31.0,True,1,True,6.0,25.4,38.9,44.0,False,2.2,81.561,False,63,2024,7,Emilia Romagna Grand Prix,2024_07
HAM,Mercedes,59.0,2.0,HARD,32.0,True,1,True,6.0,25.5,38.9,44.0,False,2.0,80.649,False,63,2024,7,Emilia Romagna Grand Prix,2024_07
HAM,Mercedes,60.0,2.0,HARD,33.0,True,1,True,6.0,25.4,38.7,44.0,False,1.5,80.629,False,63,2024,7,Emilia Romagna Grand Prix,2024_07
HAM,Mercedes,61.0,2.0,HARD,34.0,True,1,True,6.0,25.5,39.1,45.0,False,1.2,80.726,False,63,2024,7,Emilia Romagna Grand Prix,2024_07
HAM,Mercedes,62.0,2.0,HARD,35.0,True,1,True,6.0,25.6,40.2,44.0,False,2.2,80.645,False,63,2024,7,Emilia Romagna Grand Prix,2024_07
HAM,Mercedes,63.0,2.0,HARD,36.0,True,1,True,6.0,25.9,40.6,43.0,False,1.3,80.649,False,63,2024,7,Emilia Romagna Grand Prix,2024_07
RUS,Mercedes,1.0,1.0,MEDIUM,1.0,True,1,False,6.0,25.1,44.5,50.0,False,1.5,86.498,False,63,2024,7,Emilia Romagna Grand Prix,2024_07
RUS,Mercedes,2.0,1.0,MEDIUM,2.0,True,1,True,6.0,25.0,45.5,50.0,False,2.5,81.562,False,63,2024,7,Emilia Romagna Grand Prix,2024_07
RUS,Mercedes,3.0,1.0,MEDIUM,3.0,True,1,True,6.0,25.1,45.3,50.0,False,3.4,81.135,False,63,2024,7,Emilia Romagna Grand Prix,2024_07
RUS,Mercedes,4.0,1.0,MEDIUM,4.0,True,1,True,6.0,25.1,45.2,50.0,False,3.4,81.628,False,63,2024,7,Emilia Romagna Grand Prix,2024_07
RUS,Mercedes,5.0,1.0,MEDIUM,5.0,True,1,True,6.0,25.3,43.6,51.0,False,4.2,81.475,False,63,2024,7,Emilia Romagna Grand Prix,2024_07
RUS,Mercedes,6.0,1.0,MEDIUM,6.0,True,1,True,6.0,25.4,42.7,50.0,False,3.3,81.492,False,63,2024,7,Emilia Romagna Grand Prix,2024_07
RUS,Mercedes,7.0,1.0,MEDIUM,7.0,True,1,True,6.0,25.3,41.7,51.0,False,3.4,81.267,False,63,2024,7,Emilia Romagna Grand Prix,2024_07
RUS,Mercedes,8.0,1.0,MEDIUM,8.0,True,1,True,6.0,25.0,40.5,51.0,False,1.9,81.375,False,63,2024,7,Emilia Romagna Grand Prix,2024_07
RUS,Mercedes,9.0,1.0,MEDIUM,9.0,True,1,True,6.0,25.1,40.4,51.0,False,2.4,81.591,False,63,2024,7,Emilia Romagna Grand Prix,2024_07
RUS,Mercedes,10.0,1.0,MEDIUM,10.0,True,1,True,6.0,24.9,40.1,51.0,False,2.5,81.596,False,63,2024,7,Emilia Romagna Grand Prix,2024_07
RUS,Mercedes,11.0,1.0,MEDIUM,11.0,True,1,True,6.0,24.8,39.6,50.0,False,3.4,81.466,False,63,2024,7,Emilia Romagna Grand Prix,2024_07
RUS,Mercedes,12.0,1.0,MEDIUM,12.0,True,1,True,6.0,24.7,39.4,50.0,False,1.3,81.82,False,63,2024,7,Emilia Romagna Grand Prix,2024_07
RUS,Mercedes,13.0,1.0,MEDIUM,13.0,True,1,True,6.0,25.0,39.8,49.0,False,2.3,81.867,False,63,2024,7,Emilia Romagna Grand Prix,2024_07
RUS,Mercedes,14.0,1.0,MEDIUM,14.0,True,1,True,6.0,25.0,40.1,50.0,False,1.3,81.818,False,63,2024,7,Emilia Romagna Grand Prix,2024_07
RUS,Mercedes,15.0,1.0,MEDIUM,15.0,True,1,True,6.0,25.1,41.0,49.0,False,2.4,81.844,False,63,2024,7,Emilia Romagna Grand Prix,2024_07
RUS,Mercedes,16.0,1.0,MEDIUM,16.0,True,1,True,6.0,25.1,41.3,49.0,False,1.8,81.767,False,63,2024,7,Emilia Romagna Grand Prix,2024_07
RUS,Mercedes,17.0,1.0,MEDIUM,17.0,True,1,True,6.0,25.1,42.0,49.0,False,2.8,81.991,False,63,2024,7,Emilia Romagna Grand Prix,2024_07
RUS,Mercedes,18.0,1.0,MEDIUM,18.0,True,1,True,6.0,25.1,42.0,47.0,False,2.6,82.208,False,63,2024,7,Emilia Romagna Grand Prix,2024_07
RUS,Mercedes,19.0,1.0,MEDIUM,19.0,True,1,True,6.0,25.3,42.2,48.0,False,3.7,82.03,False,63,2024,7,Emilia Romagna Grand Prix,2024_07
RUS,Mercedes,20.0,1.0,MEDIUM,20.0,True,1,True,6.0,25.4,42.3,48.0,False,4.2,82.215,False,63,2024,7,Emilia Romagna Grand Prix,2024_07
RUS,Mercedes,21.0,1.0,MEDIUM,21.0,True,1,False,7.0,25.5,42.2,47.0,False,2.4,86.88,True,63,2024,7,Emilia Romagna Grand Prix,2024_07
RUS,Mercedes,22.0,2.0,HARD,1.0,True,1,False,10.0,25.5,41.8,48.0,False,2.5,104.938,True,63,2024,7,Emilia Romagna Grand Prix,2024_07
RUS,Mercedes,23.0,2.0,HARD,2.0,True,1,True,9.0,25.5,42.4,47.0,False,2.6,80.669,False,63,2024,7,Emilia Romagna Grand Prix,2024_07
RUS,Mercedes,24.0,2.0,HARD,3.0,True,1,True,9.0,25.5,42.3,46.0,False,2.7,80.975,False,63,2024,7,Emilia Romagna Grand Prix,2024_07
RUS,Mercedes,25.0,2.0,HARD,4.0,True,1,True,9.0,25.5,42.1,46.0,False,2.8,80.951,False,63,2024,7,Emilia Romagna Grand Prix,2024_07
RUS,Mercedes,26.0,2.0,HARD,5.0,True,1,True,9.0,25.3,42.6,45.0,False,2.7,81.655,False,63,2024,7,Emilia Romagna Grand Prix,2024_07
RUS,Mercedes,27.0,2.0,HARD,6.0,True,1,True,8.0,25.3,43.0,45.0,False,3.0,80.736,False,63,2024,7,Emilia Romagna Grand Prix,2024_07
RUS,Mercedes,28.0,2.0,HARD,7.0,True,1,True,7.0,25.3,42.0,46.0,False,5.0,81.628,False,63,2024,7,Emilia Romagna Grand Prix,2024_07
RUS,Mercedes,29.0,2.0,HARD,8.0,True,1,True,7.0,25.4,42.6,46.0,False,2.4,81.444,False,63,2024,7,Emilia Romagna Grand Prix,2024_07
RUS,Mercedes,30.0,2.0,HARD,9.0,True,1,True,7.0,25.5,42.5,46.0,False,2.0,82.098,False,63,2024,7,Emilia Romagna Grand Prix,2024_07
RUS,Mercedes,31.0,2.0,HARD,10.0,True,1,True,6.0,25.5,42.4,46.0,False,2.1,81.517,False,63,2024,7,Emilia Romagna Grand Prix,2024_07
RUS,Mercedes,32.0,2.0,HARD,11.0,True,1,True,6.0,25.6,42.3,46.0,False,2.5,81.116,False,63,2024,7,Emilia Romagna Grand Prix,2024_07
RUS,Mercedes,33.0,2.0,HARD,12.0,True,1,True,6.0,25.7,42.5,46.0,False,2.4,80.934,False,63,2024,7,Emilia Romagna Grand Prix,2024_07
RUS,Mercedes,34.0,2.0,HARD,13.0,True,1,True,6.0,25.6,42.9,45.0,False,1.8,81.139,False,63,2024,7,Emilia Romagna Grand Prix,2024_07
RUS,Mercedes,35.0,2.0,HARD,14.0,True,1,True,6.0,25.6,42.6,44.0,False,4.2,81.209,False,63,2024,7,Emilia Romagna Grand Prix,2024_07
RUS,Mercedes,36.0,2.0,HARD,15.0,True,1,True,6.0,25.7,42.6,45.0,False,3.9,80.902,False,63,2024,7,Emilia Romagna Grand Prix,2024_07
RUS,Mercedes,37.0,2.0,HARD,16.0,True,1,True,6.0,25.8,42.3,45.0,False,2.1,80.856,False,63,2024,7,Emilia Romagna Grand Prix,2024_07
RUS,Mercedes,38.0,2.0,HARD,17.0,True,1,True,6.0,25.7,42.4,46.0,False,2.9,80.69,False,63,2024,7,Emilia Romagna Grand Prix,2024_07
RUS,Mercedes,39.0,2.0,HARD,18.0,True,1,True,6.0,25.6,42.6,45.0,False,4.3,80.924,False,63,2024,7,Emilia Romagna Grand Prix,2024_07
RUS,Mercedes,40.0,2.0,HARD,19.0,True,1,True,6.0,25.8,42.0,44.0,False,2.1,81.156,False,63,2024,7,Emilia Romagna Grand Prix,2024_07
RUS,Mercedes,41.0,2.0,HARD,20.0,True,1,True,6.0,25.8,42.0,45.0,False,2.2,81.109,False,63,2024,7,Emilia Romagna Grand Prix,2024_07
RUS,Mercedes,42.0,2.0,HARD,21.0,True,1,True,6.0,25.6,42.0,45.0,False,3.3,81.077,False,63,2024,7,Emilia Romagna Grand Prix,2024_07
RUS,Mercedes,43.0,2.0,HARD,22.0,True,1,True,6.0,25.7,41.6,44.0,False,3.0,80.801,False,63,2024,7,Emilia Romagna Grand Prix,2024_07
RUS,Mercedes,44.0,2.0,HARD,23.0,True,1,True,6.0,25.7,41.6,44.0,False,2.4,81.164,False,63,2024,7,Emilia Romagna Grand Prix,2024_07
RUS,Mercedes,45.0,2.0,HARD,24.0,True,1,True,6.0,25.8,42.1,44.0,False,2.7,80.928,False,63,2024,7,Emilia Romagna Grand Prix,2024_07
RUS,Mercedes,46.0,2.0,HARD,25.0,True,1,True,6.0,25.8,42.0,44.0,False,1.5,81.227,False,63,2024,7,Emilia Romagna Grand Prix,2024_07
RUS,Mercedes,47.0,2.0,HARD,26.0,True,1,True,6.0,25.8,41.5,44.0,False,2.6,81.423,False,63,2024,7,Emilia Romagna Grand Prix,2024_07
RUS,Mercedes,48.0,2.0,HARD,27.0,True,1,True,6.0,25.9,40.5,45.0,False,1.9,81.391,False,63,2024,7,Emilia Romagna Grand Prix,2024_07
RUS,Mercedes,49.0,2.0,HARD,28.0,True,1,True,6.0,25.6,39.7,45.0,False,2.4,81.158,False,63,2024,7,Emilia Romagna Grand Prix,2024_07
RUS,Mercedes,50.0,2.0,HARD,29.0,True,1,True,6.0,25.6,39.5,45.0,False,1.6,81.491,False,63,2024,7,Emilia Romagna Grand Prix,2024_07
RUS,Mercedes,51.0,2.0,HARD,30.0,True,1,True,6.0,25.6,39.3,45.0,False,3.1,81.145,False,63,2024,7,Emilia Romagna Grand Prix,2024_07
RUS,Mercedes,52.0,2.0,HARD,31.0,True,1,False,7.0,25.6,39.1,44.0,False,3.2,86.242,True,63,2024,7,Emilia Romagna Grand Prix,2024_07
RUS,Mercedes,53.0,3.0,MEDIUM,3.0,False,1,False,7.0,25.5,39.1,44.0,False,1.9,102.845,True,63,2024,7,Emilia Romagna Grand Prix,2024_07
RUS,Mercedes,54.0,3.0,MEDIUM,4.0,False,1,True,7.0,25.5,39.4,45.0,False,3.1,78.589,False,63,2024,7,Emilia Romagna Grand Prix,2024_07
RUS,Mercedes,55.0,3.0,MEDIUM,5.0,False,1,True,7.0,25.5,39.1,45.0,False,1.9,79.778,False,63,2024,7,Emilia Romagna Grand Prix,2024_07
RUS,Mercedes,56.0,3.0,MEDIUM,6.0,False,1,True,7.0,25.3,38.9,45.0,False,1.9,79.571,False,63,2024,7,Emilia Romagna Grand Prix,2024_07
RUS,Mercedes,57.0,3.0,MEDIUM,7.0,False,1,True,7.0,25.4,38.9,45.0,False,1.7,79.457,False,63,2024,7,Emilia Romagna Grand Prix,2024_07
RUS,Mercedes,58.0,3.0,MEDIUM,8.0,False,1,True,7.0,25.4,38.9,44.0,False,2.2,79.616,False,63,2024,7,Emilia Romagna Grand Prix,2024_07
RUS,Mercedes,59.0,3.0,MEDIUM,9.0,False,1,True,7.0,25.4,38.8,44.0,False,2.3,79.881,False,63,2024,7,Emilia Romagna Grand Prix,2024_07
RUS,Mercedes,60.0,3.0,MEDIUM,10.0,False,1,True,7.0,25.4,38.7,44.0,False,1.5,80.093,False,63,2024,7,Emilia Romagna Grand Prix,2024_07
RUS,Mercedes,61.0,3.0,MEDIUM,11.0,False,1,True,7.0,25.5,39.1,45.0,False,1.2,80.703,False,63,2024,7,Emilia Romagna Grand Prix,2024_07
RUS,Mercedes,62.0,3.0,MEDIUM,12.0,False,1,True,7.0,25.8,40.6,43.0,False,1.8,81.563,False,63,2024,7,Emilia Romagna Grand Prix,2024_07
RUS,Mercedes,63.0,3.0,MEDIUM,13.0,False,1,True,7.0,25.9,40.6,43.0,False,1.3,80.092,False,63,2024,7,Emilia Romagna Grand Prix,2024_07
PER,Red Bull Racing,1.0,1.0,HARD,1.0,True,1,False,10.0,25.1,44.5,50.0,False,1.5,88.775,False,63,2024,7,Emilia Romagna Grand Prix,2024_07
PER,Red Bull Racing,2.0,1.0,HARD,2.0,True,1,True,10.0,25.0,45.5,50.0,False,2.5,82.599,False,63,2024,7,Emilia Romagna Grand Prix,2024_07
PER,Red Bull Racing,3.0,1.0,HARD,3.0,True,1,True,10.0,25.1,45.3,50.0,False,3.4,81.913,False,63,2024,7,Emilia Romagna Grand Prix,2024_07
PER,Red Bull Racing,4.0,1.0,HARD,4.0,True,1,True,10.0,25.1,45.2,50.0,False,3.4,82.182,False,63,2024,7,Emilia Romagna Grand Prix,2024_07
PER,Red Bull Racing,5.0,1.0,HARD,5.0,True,1,True,10.0,25.3,43.6,51.0,False,4.2,82.153,False,63,2024,7,Emilia Romagna Grand Prix,2024_07
PER,Red Bull Racing,6.0,1.0,HARD,6.0,True,1,True,10.0,25.4,42.7,50.0,False,3.3,82.2,False,63,2024,7,Emilia Romagna Grand Prix,2024_07
PER,Red Bull Racing,7.0,1.0,HARD,7.0,True,1,True,10.0,25.3,41.7,51.0,False,3.4,82.641,False,63,2024,7,Emilia Romagna Grand Prix,2024_07
PER,Red Bull Racing,8.0,1.0,HARD,8.0,True,1,True,10.0,25.0,40.5,51.0,False,1.9,82.338,False,63,2024,7,Emilia Romagna Grand Prix,2024_07
PER,Red Bull Racing,9.0,1.0,HARD,9.0,True,1,True,10.0,25.1,40.4,51.0,False,2.4,82.591,False,63,2024,7,Emilia Romagna Grand Prix,2024_07
PER,Red Bull Racing,10.0,1.0,HARD,10.0,True,1,True,10.0,24.9,40.1,51.0,False,1.5,82.545,False,63,2024,7,Emilia Romagna Grand Prix,2024_07
PER,Red Bull Racing,11.0,1.0,HARD,11.0,True,1,True,10.0,24.8,39.6,50.0,False,3.4,82.128,False,63,2024,7,Emilia Romagna Grand Prix,2024_07
PER,Red Bull Racing,12.0,1.0,HARD,12.0,True,1,True,9.0,24.7,39.4,50.0,False,1.3,82.447,False,63,2024,7,Emilia Romagna Grand Prix,2024_07
PER,Red Bull Racing,13.0,1.0,HARD,13.0,True,1,True,8.0,25.0,39.8,49.0,False,2.3,82.359,False,63,2024,7,Emilia Romagna Grand Prix,2024_07
PER,Red Bull Racing,14.0,1.0,HARD,14.0,True,1,True,8.0,25.0,40.1,50.0,False,1.3,81.828,False,63,2024,7,Emilia Romagna Grand Prix,2024_07
PER,Red Bull Racing,15.0,1.0,HARD,15.0,True,1,True,8.0,25.1,41.0,49.0,False,2.4,81.682,False,63,2024,7,Emilia Romagna Grand Prix,2024_07
PER,Red Bull Racing,16.0,1.0,HARD,16.0,True,1,True,8.0,25.1,41.3,49.0,False,1.8,81.837,False,63,2024,7,Emilia Romagna Grand Prix,2024_07
PER,Red Bull Racing,17.0,1.0,HARD,17.0,True,1,True,8.0,25.1,42.0,49.0,False,2.8,86.8,False,63,2024,7,Emilia Romagna Grand Prix,2024_07
PER,Red Bull Racing,18.0,1.0,HARD,18.0,True,1,True,8.0,25.3,41.9,48.0,False,4.1,82.435,False,63,2024,7,Emilia Romagna Grand Prix,2024_07
PER,Red Bull Racing,19.0,1.0,HARD,19.0,True,1,True,8.0,25.3,42.2,48.0,False,3.7,81.854,False,63,2024,7,Emilia Romagna Grand Prix,2024_07
PER,Red Bull Racing,20.0,1.0,HARD,20.0,True,1,True,8.0,25.4,42.3,48.0,False,4.2,82.268,False,63,2024,7,Emilia Romagna Grand Prix,2024_07
PER,Red Bull Racing,21.0,1.0,HARD,21.0,True,1,True,8.0,25.5,42.0,47.0,False,1.7,81.94,False,63,2024,7,Emilia Romagna Grand Prix,2024_07
PER,Red Bull Racing,22.0,1.0,HARD,22.0,True,1,True,7.0,25.5,41.8,48.0,False,2.5,81.871,False,63,2024,7,Emilia Romagna Grand Prix,2024_07
PER,Red Bull Racing,23.0,1.0,HARD,23.0,True,1,True,6.0,25.5,42.2,48.0,False,3.0,81.97,False,63,2024,7,Emilia Romagna Grand Prix,2024_07
PER,Red Bull Racing,24.0,1.0,HARD,24.0,True,1,True,6.0,25.5,42.3,46.0,False,2.7,82.684,False,63,2024,7,Emilia Romagna Grand Prix,2024_07
PER,Red Bull Racing,25.0,1.0,HARD,25.0,True,1,True,6.0,25.5,42.1,46.0,False,2.8,82.228,False,63,2024,7,Emilia Romagna Grand Prix,2024_07
PER,Red Bull Racing,26.0,1.0,HARD,26.0,True,1,True,5.0,25.3,42.6,45.0,False,2.7,82.376,False,63,2024,7,Emilia Romagna Grand Prix,2024_07
PER,Red Bull Racing,27.0,1.0,HARD,27.0,True,1,True,7.0,25.3,43.0,45.0,False,3.0,83.773,False,63,2024,7,Emilia Romagna Grand Prix,2024_07
PER,Red Bull Racing,28.0,1.0,HARD,28.0,True,1,True,5.0,25.3,42.0,46.0,False,5.0,82.231,False,63,2024,7,Emilia Romagna Grand Prix,2024_07
PER,Red Bull Racing,29.0,1.0,HARD,29.0,True,1,True,5.0,25.4,42.6,46.0,False,2.4,82.347,False,63,2024,7,Emilia Romagna Grand Prix,2024_07
PER,Red Bull Racing,30.0,1.0,HARD,30.0,True,1,True,6.0,25.5,42.5,46.0,False,2.0,83.263,False,63,2024,7,Emilia Romagna Grand Prix,2024_07
PER,Red Bull Racing,31.0,1.0,HARD,31.0,True,1,True,7.0,25.5,42.4,46.0,False,2.1,83.694,False,63,2024,7,Emilia Romagna Grand Prix,2024_07
PER,Red Bull Racing,32.0,1.0,HARD,32.0,True,1,True,7.0,25.6,42.3,46.0,False,2.5,82.259,False,63,2024,7,Emilia Romagna Grand Prix,2024_07
PER,Red Bull Racing,33.0,1.0,HARD,33.0,True,1,True,7.0,25.7,42.5,46.0,False,2.4,82.212,False,63,2024,7,Emilia Romagna Grand Prix,2024_07
PER,Red Bull Racing,34.0,1.0,HARD,34.0,True,1,True,7.0,25.6,42.9,45.0,False,1.8,82.465,False,63,2024,7,Emilia Romagna Grand Prix,2024_07
PER,Red Bull Racing,35.0,1.0,HARD,35.0,True,1,True,7.0,25.6,42.6,44.0,False,4.2,82.415,False,63,2024,7,Emilia Romagna Grand Prix,2024_07
PER,Red Bull Racing,36.0,1.0,HARD,36.0,True,1,True,7.0,25.7,42.6,45.0,False,3.9,83.111,False,63,2024,7,Emilia Romagna Grand Prix,2024_07
PER,Red Bull Racing,37.0,1.0,HARD,37.0,True,1,False,8.0,25.8,42.3,45.0,False,2.1,88.056,True,63,2024,7,Emilia Romagna Grand Prix,2024_07
PER,Red Bull Racing,38.0,2.0,MEDIUM,1.0,True,1,False,11.0,25.7,42.4,46.0,False,2.9,103.314,True,63,2024,7,Emilia Romagna Grand Prix,2024_07
PER,Red Bull Racing,39.0,2.0,MEDIUM,2.0,True,1,True,10.0,25.7,42.5,44.0,False,2.5,80.731,False,63,2024,7,Emilia Romagna Grand Prix,2024_07
PER,Red Bull Racing,40.0,2.0,MEDIUM,3.0,True,1,True,9.0,25.8,42.0,44.0,False,2.1,80.314,False,63,2024,7,Emilia Romagna Grand Prix,2024_07
PER,Red Bull Racing,41.0,2.0,MEDIUM,4.0,True,1,True,9.0,25.6,42.0,45.0,False,3.3,81.975,False,63,2024,7,Emilia Romagna Grand Prix,2024_07
PER,Red Bull Racing,42.0,2.0,MEDIUM,5.0,True,1,True,8.0,25.7,41.8,44.0,False,3.7,79.919,False,63,2024,7,Emilia Romagna Grand Prix,2024_07
PER,Red Bull Racing,43.0,2.0,MEDIUM,6.0,True,1,True,8.0,25.7,41.6,44.0,False,3.0,80.22,False,63,2024,7,Emilia Romagna Grand Prix,2024_07
PER,Red Bull Racing,44.0,2.0,MEDIUM,7.0,True,1,True,8.0,25.8,42.1,44.0,False,2.7,80.504,False,63,2024,7,Emilia Romagna Grand Prix,2024_07
PER,Red Bull Racing,45.0,2.0,MEDIUM,8.0,True,1,True,8.0,25.8,42.1,44.0,False,2.2,80.495,False,63,2024,7,Emilia Romagna Grand Prix,2024_07
PER,Red Bull Racing,46.0,2.0,MEDIUM,9.0,True,1,True,8.0,25.8,42.0,44.0,False,1.5,80.872,False,63,2024,7,Emilia Romagna Grand Prix,2024_07
PER,Red Bull Racing,47.0,2.0,MEDIUM,10.0,True,1,True,8.0,25.9,40.5,45.0,False,1.9,80.514,False,63,2024,7,Emilia Romagna Grand Prix,2024_07
PER,Red Bull Racing,48.0,2.0,MEDIUM,11.0,True,1,True,8.0,25.8,40.1,45.0,False,3.3,80.205,False,63,2024,7,Emilia Romagna Grand Prix,2024_07
PER,Red Bull Racing,49.0,2.0,MEDIUM,12.0,True,1,True,8.0,25.6,39.7,45.0,False,2.4,79.946,False,63,2024,7,Emilia Romagna Grand Prix,2024_07
PER,Red Bull Racing,50.0,2.0,MEDIUM,13.0,True,1,True,8.0,25.6,39.3,45.0,False,3.1,79.985,False,63,2024,7,Emilia Romagna Grand Prix,2024_07
PER,Red Bull Racing,51.0,2.0,MEDIUM,14.0,True,1,True,8.0,25.6,39.1,44.0,False,3.2,81.032,False,63,2024,7,Emilia Romagna Grand Prix,2024_07
PER,Red Bull Racing,52.0,2.0,MEDIUM,15.0,True,1,True,8.0,25.6,39.1,44.0,False,3.2,79.686,False,63,2024,7,Emilia Romagna Grand Prix,2024_07
PER,Red Bull Racing,53.0,2.0,MEDIUM,16.0,True,1,True,8.0,25.5,39.0,45.0,False,2.4,81.144,False,63,2024,7,Emilia Romagna Grand Prix,2024_07
PER,Red Bull Racing,54.0,2.0,MEDIUM,17.0,True,1,True,8.0,25.5,39.4,45.0,False,3.1,80.334,False,63,2024,7,Emilia Romagna Grand Prix,2024_07
PER,Red Bull Racing,55.0,2.0,MEDIUM,18.0,True,1,True,8.0,25.5,39.1,45.0,False,1.9,80.52,False,63,2024,7,Emilia Romagna Grand Prix,2024_07
PER,Red Bull Racing,56.0,2.0,MEDIUM,19.0,True,1,True,8.0,25.3,38.9,45.0,False,1.9,80.29,False,63,2024,7,Emilia Romagna Grand Prix,2024_07
PER,Red Bull Racing,57.0,2.0,MEDIUM,20.0,True,1,True,8.0,25.4,38.9,45.0,False,1.7,80.228,False,63,2024,7,Emilia Romagna Grand Prix,2024_07
PER,Red Bull Racing,58.0,2.0,MEDIUM,21.0,True,1,True,8.0,25.4,38.9,44.0,False,2.2,80.285,False,63,2024,7,Emilia Romagna Grand Prix,2024_07
PER,Red Bull Racing,59.0,2.0,MEDIUM,22.0,True,1,True,8.0,25.4,38.8,44.0,False,2.3,80.093,False,63,2024,7,Emilia Romagna Grand Prix,2024_07
PER,Red Bull Racing,60.0,2.0,MEDIUM,23.0,True,1,True,8.0,25.4,38.7,44.0,False,1.5,80.408,False,63,2024,7,Emilia Romagna Grand Prix,2024_07
PER,Red Bull Racing,61.0,2.0,MEDIUM,24.0,True,1,True,8.0,25.5,39.1,45.0,False,1.2,80.833,False,63,2024,7,Emilia Romagna Grand Prix,2024_07
PER,Red Bull Racing,62.0,2.0,MEDIUM,25.0,True,1,True,8.0,25.8,40.6,43.0,False,1.8,80.767,False,63,2024,7,Emilia Romagna Grand Prix,2024_07
PER,Red Bull Racing,63.0,2.0,MEDIUM,26.0,True,1,True,8.0,25.9,40.6,43.0,False,1.3,80.944,False,63,2024,7,Emilia Romagna Grand Prix,2024_07
STR,Aston Martin,1.0,1.0,MEDIUM,2.0,False,1,False,13.0,25.1,44.5,50.0,False,1.5,90.475,False,63,2024,7,Emilia Romagna Grand Prix,2024_07
STR,Aston Martin,2.0,1.0,MEDIUM,3.0,False,1,True,13.0,25.0,45.5,50.0,False,2.5,83.115,False,63,2024,7,Emilia Romagna Grand Prix,2024_07
STR,Aston Martin,3.0,1.0,MEDIUM,4.0,False,1,True,13.0,25.1,45.3,50.0,False,3.4,82.356,False,63,2024,7,Emilia Romagna Grand Prix,2024_07
STR,Aston Martin,4.0,1.0,MEDIUM,5.0,False,1,True,13.0,25.1,45.2,50.0,False,3.4,82.349,False,63,2024,7,Emilia Romagna Grand Prix,2024_07
STR,Aston Martin,5.0,1.0,MEDIUM,6.0,False,1,True,13.0,25.3,43.6,51.0,False,4.2,82.252,False,63,2024,7,Emilia Romagna Grand Prix,2024_07
STR,Aston Martin,6.0,1.0,MEDIUM,7.0,False,1,True,13.0,25.4,42.7,50.0,False,3.3,82.339,False,63,2024,7,Emilia Romagna Grand Prix,2024_07
STR,Aston Martin,7.0,1.0,MEDIUM,8.0,False,1,True,13.0,25.1,40.7,52.0,False,2.9,82.535,False,63,2024,7,Emilia Romagna Grand Prix,2024_07
STR,Aston Martin,8.0,1.0,MEDIUM,9.0,False,1,True,13.0,25.0,40.5,51.0,False,1.9,82.392,False,63,2024,7,Emilia Romagna Grand Prix,2024_07
STR,Aston Martin,9.0,1.0,MEDIUM,10.0,False,1,True,13.0,25.1,40.4,51.0,False,2.4,82.569,False,63,2024,7,Emilia Romagna Grand Prix,2024_07
STR,Aston Martin,10.0,1.0,MEDIUM,11.0,False,1,True,12.0,24.9,40.1,51.0,False,1.5,82.233,False,63,2024,7,Emilia Romagna Grand Prix,2024_07
STR,Aston Martin,11.0,1.0,MEDIUM,12.0,False,1,True,11.0,24.8,39.6,50.0,False,3.4,82.367,False,63,2024,7,Emilia Romagna Grand Prix,2024_07
STR,Aston Martin,12.0,1.0,MEDIUM,13.0,False,1,True,10.0,24.7,39.4,50.0,False,1.3,82.415,False,63,2024,7,Emilia Romagna Grand Prix,2024_07
STR,Aston Martin,13.0,1.0,MEDIUM,14.0,False,1,True,10.0,25.0,39.8,49.0,False,2.3,82.577,False,63,2024,7,Emilia Romagna Grand Prix,2024_07
STR,Aston Martin,14.0,1.0,MEDIUM,15.0,False,1,True,9.0,25.0,40.1,50.0,False,1.3,82.459,False,63,2024,7,Emilia Romagna Grand Prix,2024_07
STR,Aston Martin,15.0,1.0,MEDIUM,16.0,False,1,True,9.0,25.1,41.0,49.0,False,2.4,82.342,False,63,2024,7,Emilia Romagna Grand Prix,2024_07
STR,Aston Martin,16.0,1.0,MEDIUM,17.0,False,1,True,9.0,25.1,41.3,49.0,False,1.8,82.371,False,63,2024,7,Emilia Romagna Grand Prix,2024_07
STR,Aston Martin,17.0,1.0,MEDIUM,18.0,False,1,True,9.0,25.1,42.0,49.0,False,2.8,82.794,False,63,2024,7,Emilia Romagna Grand Prix,2024_07
STR,Aston Martin,18.0,1.0,MEDIUM,19.0,False,1,True,9.0,25.3,41.9,48.0,False,4.1,83.047,False,63,2024,7,Emilia Romagna Grand Prix,2024_07
STR,Aston Martin,19.0,1.0,MEDIUM,20.0,False,1,True,9.0,25.3,42.2,48.0,False,3.7,82.771,False,63,2024,7,Emilia Romagna Grand Prix,2024_07
STR,Aston Martin,20.0,1.0,MEDIUM,21.0,False,1,True,9.0,25.4,42.3,48.0,False,4.2,82.616,False,63,2024,7,Emilia Romagna Grand Prix,2024_07
STR,Aston Martin,21.0,1.0,MEDIUM,22.0,False,1,True,9.0,25.5,42.0,47.0,False,1.7,82.582,False,63,2024,7,Emilia Romagna Grand Prix,2024_07
STR,Aston Martin,22.0,1.0,MEDIUM,23.0,False,1,True,8.0,25.5,41.8,48.0,False,2.5,82.697,False,63,2024,7,Emilia Romagna Grand Prix,2024_07
STR,Aston Martin,23.0,1.0,MEDIUM,24.0,False,1,True,8.0,25.5,42.4,47.0,False,2.6,82.544,False,63,2024,7,Emilia Romagna Grand Prix,2024_07
STR,Aston Martin,24.0,1.0,MEDIUM,25.0,False,1,True,7.0,25.5,42.3,46.0,False,2.7,82.592,False,63,2024,7,Emilia Romagna Grand Prix,2024_07
STR,Aston Martin,25.0,1.0,MEDIUM,26.0,False,1,True,8.0,25.5,42.1,46.0,False,2.8,83.011,False,63,2024,7,Emilia Romagna Grand Prix,2024_07
STR,Aston Martin,26.0,1.0,MEDIUM,27.0,False,1,True,8.0,25.3,42.6,45.0,False,2.7,82.532,False,63,2024,7,Emilia Romagna Grand Prix,2024_07
STR,Aston Martin,27.0,1.0,MEDIUM,28.0,False,1,True,9.0,25.3,43.0,45.0,False,3.0,83.433,False,63,2024,7,Emilia Romagna Grand Prix,2024_07
STR,Aston Martin,28.0,1.0,MEDIUM,29.0,False,1,True,8.0,25.3,42.0,46.0,False,5.0,82.811,False,63,2024,7,Emilia Romagna Grand Prix,2024_07
STR,Aston Martin,29.0,1.0,MEDIUM,30.0,False,1,True,8.0,25.4,42.6,46.0,False,2.4,82.631,False,63,2024,7,Emilia Romagna Grand Prix,2024_07
STR,Aston Martin,30.0,1.0,MEDIUM,31.0,False,1,True,8.0,25.5,42.5,46.0,False,2.0,82.649,False,63,2024,7,Emilia Romagna Grand Prix,2024_07
STR,Aston Martin,31.0,1.0,MEDIUM,32.0,False,1,True,9.0,25.6,42.4,47.0,False,2.1,83.921,False,63,2024,7,Emilia Romagna Grand Prix,2024_07
STR,Aston Martin,32.0,1.0,MEDIUM,33.0,False,1,True,9.0,25.6,42.3,46.0,False,2.5,82.954,False,63,2024,7,Emilia Romagna Grand Prix,2024_07
STR,Aston Martin,33.0,1.0,MEDIUM,34.0,False,1,True,9.0,25.7,42.5,46.0,False,2.4,82.648,False,63,2024,7,Emilia Romagna Grand Prix,2024_07
STR,Aston Martin,34.0,1.0,MEDIUM,35.0,False,1,True,9.0,25.6,42.9,45.0,False,1.8,82.802,False,63,2024,7,Emilia Romagna Grand Prix,2024_07
STR,Aston Martin,35.0,1.0,MEDIUM,36.0,False,1,True,9.0,25.6,42.6,44.0,False,4.2,82.536,False,63,2024,7,Emilia Romagna Grand Prix,2024_07
STR,Aston Martin,36.0,1.0,MEDIUM,37.0,False,1,True,9.0,25.7,42.6,45.0,False,3.9,82.55,False,63,2024,7,Emilia Romagna Grand Prix,2024_07
STR,Aston Martin,37.0,1.0,MEDIUM,38.0,False,1,False,9.0,25.8,42.3,45.0,False,2.1,86.977,True,63,2024,7,Emilia Romagna Grand Prix,2024_07
STR,Aston Martin,38.0,2.0,HARD,2.0,False,1,False,13.0,25.7,42.4,46.0,False,2.9,103.75,True,63,2024,7,Emilia Romagna Grand Prix,2024_07
STR,Aston Martin,39.0,2.0,HARD,3.0,False,1,True,13.0,25.7,42.5,44.0,False,2.5,81.973,False,63,2024,7,Emilia Romagna Grand Prix,2024_07
STR,Aston Martin,40.0,2.0,HARD,4.0,False,1,True,12.0,25.8,42.0,44.0,False,2.1,80.588,False,63,2024,7,Emilia Romagna Grand Prix,2024_07
STR,Aston Martin,41.0,2.0,HARD,5.0,False,1,True,12.0,25.6,42.0,45.0,False,3.3,81.122,False,63,2024,7,Emilia Romagna Grand Prix,2024_07
STR,Aston Martin,42.0,2.0,HARD,6.0,False,1,True,12.0,25.7,41.8,44.0,False,3.7,80.807,False,63,2024,7,Emilia Romagna Grand Prix,2024_07
STR,Aston Martin,43.0,2.0,HARD,7.0,False,1,True,11.0,25.7,41.6,44.0,False,3.0,80.598,False,63,2024,7,Emilia Romagna Grand Prix,2024_07
STR,Aston Martin,44.0,2.0,HARD,8.0,False,1,True,11.0,25.8,42.1,44.0,False,2.7,82.103,False,63,2024,7,Emilia Romagna Grand Prix,2024_07
STR,Aston Martin,45.0,2.0,HARD,9.0,False,1,True,11.0,25.8,42.1,44.0,False,2.2,82.433,False,63,2024,7,Emilia Romagna Grand Prix,2024_07
STR,Aston Martin,46.0,2.0,HARD,10.0,False,1,True,10.0,25.8,41.5,44.0,False,2.6,80.978,False,63,2024,7,Emilia Romagna Grand Prix,2024_07
STR,Aston Martin,47.0,2.0,HARD,11.0,False,1,True,10.0,25.9,40.5,45.0,False,1.9,81.29,False,63,2024,7,Emilia Romagna Grand Prix,2024_07
STR,Aston Martin,48.0,2.0,HARD,12.0,False,1,True,10.0,25.8,40.1,45.0,False,3.3,80.964,False,63,2024,7,Emilia Romagna Grand Prix,2024_07
STR,Aston Martin,49.0,2.0,HARD,13.0,False,1,True,10.0,25.6,39.5,45.0,False,1.6,81.355,False,63,2024,7,Emilia Romagna Grand Prix,2024_07
STR,Aston Martin,50.0,2.0,HARD,14.0,False,1,True,9.0,25.6,39.3,45.0,False,3.1,80.731,False,63,2024,7,Emilia Romagna Grand Prix,2024_07
STR,Aston Martin,51.0,2.0,HARD,15.0,False,1,True,9.0,25.6,39.1,44.0,False,3.2,81.074,False,63,2024,7,Emilia Romagna Grand Prix,2024_07
STR,Aston Martin,52.0,2.0,HARD,16.0,False,1,True,9.0,25.5,39.1,44.0,False,1.9,80.682,False,63,2024,7,Emilia Romagna Grand Prix,2024_07
STR,Aston Martin,53.0,2.0,HARD,17.0,False,1,True,9.0,25.5,39.0,45.0,False,2.4,80.783,False,63,2024,7,Emilia Romagna Grand Prix,2024_07
STR,Aston Martin,54.0,2.0,HARD,18.0,False,1,True,9.0,25.5,39.4,45.0,False,3.1,80.896,False,63,2024,7,Emilia Romagna Grand Prix,2024_07
STR,Aston Martin,55.0,2.0,HARD,19.0,False,1,True,9.0,25.4,38.6,45.0,False,1.6,80.718,False,63,2024,7,Emilia Romagna Grand Prix,2024_07
STR,Aston Martin,56.0,2.0,HARD,20.0,False,1,True,9.0,25.3,38.9,45.0,False,1.9,80.617,False,63,2024,7,Emilia Romagna Grand Prix,2024_07
STR,Aston Martin,57.0,2.0,HARD,21.0,False,1,True,9.0,25.4,38.9,45.0,False,1.7,80.731,False,63,2024,7,Emilia Romagna Grand Prix,2024_07
STR,Aston Martin,58.0,2.0,HARD,22.0,False,1,True,9.0,25.5,38.9,44.0,False,2.0,80.57,False,63,2024,7,Emilia Romagna Grand Prix,2024_07
STR,Aston Martin,59.0,2.0,HARD,23.0,False,1,True,9.0,25.4,38.8,44.0,False,2.3,80.612,False,63,2024,7,Emilia Romagna Grand Prix,2024_07
STR,Aston Martin,60.0,2.0,HARD,24.0,False,1,True,9.0,25.4,38.7,44.0,False,1.5,80.959,False,63,2024,7,Emilia Romagna Grand Prix,2024_07
STR,Aston Martin,61.0,2.0,HARD,25.0,False,1,True,9.0,25.6,40.2,44.0,False,2.2,81.647,False,63,2024,7,Emilia Romagna Grand Prix,2024_07
STR,Aston Martin,62.0,2.0,HARD,26.0,False,1,True,9.0,25.8,40.6,43.0,False,1.8,82.751,False,63,2024,7,Emilia Romagna Grand Prix,2024_07
STR,Aston Martin,63.0,2.0,HARD,27.0,False,1,True,9.0,25.9,40.6,43.0,False,1.3,83.832,False,63,2024,7,Emilia Romagna Grand Prix,2024_07
TSU,RB,1.0,1.0,MEDIUM,1.0,True,1,False,9.0,25.1,44.5,50.0,False,1.5,88.256,False,63,2024,7,Emilia Romagna Grand Prix,2024_07
TSU,RB,2.0,1.0,MEDIUM,2.0,True,1,True,9.0,25.0,45.5,50.0,False,2.5,82.366,False,63,2024,7,Emilia Romagna Grand Prix,2024_07
TSU,RB,3.0,1.0,MEDIUM,3.0,True,1,True,9.0,25.1,45.3,50.0,False,3.4,81.758,False,63,2024,7,Emilia Romagna Grand Prix,2024_07
TSU,RB,4.0,1.0,MEDIUM,4.0,True,1,True,9.0,25.1,45.2,50.0,False,3.4,82.07,False,63,2024,7,Emilia Romagna Grand Prix,2024_07
TSU,RB,5.0,1.0,MEDIUM,5.0,True,1,True,9.0,25.3,43.6,51.0,False,4.2,82.167,False,63,2024,7,Emilia Romagna Grand Prix,2024_07
TSU,RB,6.0,1.0,MEDIUM,6.0,True,1,True,9.0,25.4,42.7,50.0,False,3.3,82.24,False,63,2024,7,Emilia Romagna Grand Prix,2024_07
TSU,RB,7.0,1.0,MEDIUM,7.0,True,1,True,9.0,25.3,41.7,51.0,False,3.4,82.672,False,63,2024,7,Emilia Romagna Grand Prix,2024_07
TSU,RB,8.0,1.0,MEDIUM,8.0,True,1,True,9.0,25.0,40.5,51.0,False,1.9,82.138,False,63,2024,7,Emilia Romagna Grand Prix,2024_07
TSU,RB,9.0,1.0,MEDIUM,9.0,True,1,True,9.0,25.1,40.4,51.0,False,2.4,82.216,False,63,2024,7,Emilia Romagna Grand Prix,2024_07
TSU,RB,10.0,1.0,MEDIUM,10.0,True,1,True,9.0,24.9,40.1,51.0,False,1.5,82.513,False,63,2024,7,Emilia Romagna Grand Prix,2024_07
TSU,RB,11.0,1.0,MEDIUM,11.0,True,1,True,9.0,24.8,39.6,50.0,False,3.4,82.447,False,63,2024,7,Emilia Romagna Grand Prix,2024_07
TSU,RB,12.0,1.0,MEDIUM,12.0,True,1,False,11.0,24.7,39.4,50.0,False,1.3,86.755,True,63,2024,7,Emilia Romagna Grand Prix,2024_07
TSU,RB,13.0,2.0,HARD,1.0,True,1,False,15.0,25.0,39.8,49.0,False,2.3,103.607,True,63,2024,7,Emilia Romagna Grand Prix,2024_07
TSU,RB,14.0,2.0,HARD,2.0,True,1,True,14.0,25.0,40.1,50.0,False,1.3,80.936,False,63,2024,7,Emilia Romagna Grand Prix,2024_07
TSU,RB,15.0,2.0,HARD,3.0,True,1,True,14.0,25.2,41.3,49.0,False,2.6,81.761,False,63,2024,7,Emilia Romagna Grand Prix,2024_07
TSU,RB,16.0,2.0,HARD,4.0,True,1,True,14.0,25.1,41.3,49.0,False,1.8,81.635,False,63,2024,7,Emilia Romagna Grand Prix,2024_07
TSU,RB,17.0,2.0,HARD,5.0,True,1,True,14.0,25.1,42.0,47.0,False,2.6,81.855,False,63,2024,7,Emilia Romagna Grand Prix,2024_07
TSU,RB,18.0,2.0,HARD,6.0,True,1,True,14.0,25.3,41.9,48.0,False,4.1,81.949,False,63,2024,7,Emilia Romagna Grand Prix,2024_07
TSU,RB,19.0,2.0,HARD,7.0,True,1,True,14.0,25.3,42.2,48.0,False,3.7,82.162,False,63,2024,7,Emilia Romagna Grand Prix,2024_07
TSU,RB,20.0,2.0,HARD,8.0,True,1,True,14.0,25.5,42.2,47.0,False,2.4,82.453,False,63,2024,7,Emilia Romagna Grand Prix,2024_07
TSU,RB,21.0,2.0,HARD,9.0,True,1,True,14.0,25.5,42.0,47.0,False,1.7,82.941,False,63,2024,7,Emilia Romagna Grand Prix,2024_07
TSU,RB,22.0,2.0,HARD,10.0,True,1,True,14.0,25.5,41.8,48.0,False,2.5,83.322,False,63,2024,7,Emilia Romagna Grand Prix,2024_07
TSU,RB,23.0,2.0,HARD,11.0,True,1,True,14.0,25.5,42.4,47.0,False,2.6,83.393,False,63,2024,7,Emilia Romagna Grand Prix,2024_07
TSU,RB,24.0,2.0,HARD,12.0,True,1,True,14.0,25.5,42.3,46.0,False,2.7,82.573,False,63,2024,7,Emilia Romagna Grand Prix,2024_07
TSU,RB,25.0,2.0,HARD,13.0,True,1,True,14.0,25.4,42.2,47.0,False,2.0,83.073,False,63,2024,7,Emilia Romagna Grand Prix,2024_07
TSU,RB,26.0,2.0,HARD,14.0,True,1,True,12.0,25.3,42.6,45.0,False,2.7,82.175,False,63,2024,7,Emilia Romagna Grand Prix,2024_07
TSU,RB,27.0,2.0,HARD,15.0,True,1,True,12.0,25.3,43.0,45.0,False,3.0,82.391,False,63,2024,7,Emilia Romagna Grand Prix,2024_07
TSU,RB,28.0,2.0,HARD,16.0,True,1,True,12.0,25.4,41.9,46.0,False,2.5,82.523,False,63,2024,7,Emilia Romagna Grand Prix,2024_07
TSU,RB,29.0,2.0,HARD,17.0,True,1,True,12.0,25.4,42.6,46.0,False,2.4,82.593,False,63,2024,7,Emilia Romagna Grand Prix,2024_07
TSU,RB,30.0,2.0,HARD,18.0,True,1,True,12.0,25.5,42.5,46.0,False,2.0,82.892,False,63,2024,7,Emilia Romagna Grand Prix,2024_07
TSU,RB,31.0,2.0,HARD,19.0,True,1,True,12.0,25.6,42.4,47.0,False,2.1,83.137,False,63,2024,7,Emilia Romagna Grand Prix,2024_07
TSU,RB,32.0,2.0,HARD,20.0,True,1,True,12.0,25.6,42.3,46.0,False,2.5,83.537,False,63,2024,7,Emilia Romagna Grand Prix,2024_07
TSU,RB,33.0,2.0,HARD,21.0,True,1,True,11.0,25.7,42.6,45.0,False,1.0,82.477,False,63,2024,7,Emilia Romagna Grand Prix,2024_07
TSU,RB,34.0,2.0,HARD,22.0,True,1,True,11.0,25.6,42.9,45.0,False,1.8,82.571,False,63,2024,7,Emilia Romagna Grand Prix,2024_07
TSU,RB,35.0,2.0,HARD,23.0,True,1,True,11.0,25.6,42.6,44.0,False,4.2,82.333,False,63,2024,7,Emilia Romagna Grand Prix,2024_07
TSU,RB,36.0,2.0,HARD,24.0,True,1,True,11.0,25.7,42.1,45.0,False,2.5,82.669,False,63,2024,7,Emilia Romagna Grand Prix,2024_07
TSU,RB,37.0,2.0,HARD,25.0,True,1,True,10.0,25.8,42.3,45.0,False,2.1,82.692,False,63,2024,7,Emilia Romagna Grand Prix,2024_07
TSU,RB,38.0,2.0,HARD,26.0,True,1,True,8.0,25.7,42.4,46.0,False,2.9,82.075,False,63,2024,7,Emilia Romagna Grand Prix,2024_07
TSU,RB,39.0,2.0,HARD,27.0,True,1,True,8.0,25.7,42.5,44.0,False,2.5,82.427,False,63,2024,7,Emilia Romagna Grand Prix,2024_07
TSU,RB,40.0,2.0,HARD,28.0,True,1,True,8.0,25.8,42.0,44.0,False,2.1,82.339,False,63,2024,7,Emilia Romagna Grand Prix,2024_07
TSU,RB,41.0,2.0,HARD,29.0,True,1,True,8.0,25.6,42.0,45.0,False,3.3,82.288,False,63,2024,7,Emilia Romagna Grand Prix,2024_07
TSU,RB,42.0,2.0,HARD,30.0,True,1,True,9.0,25.7,41.8,44.0,False,3.7,82.879,False,63,2024,7,Emilia Romagna Grand Prix,2024_07
TSU,RB,43.0,2.0,HARD,31.0,True,1,True,9.0,25.7,41.6,44.0,False,3.0,81.998,False,63,2024,7,Emilia Romagna Grand Prix,2024_07
TSU,RB,44.0,2.0,HARD,32.0,True,1,True,9.0,25.8,42.1,44.0,False,2.7,82.079,False,63,2024,7,Emilia Romagna Grand Prix,2024_07
TSU,RB,45.0,2.0,HARD,33.0,True,1,True,9.0,25.8,42.1,44.0,False,2.2,82.241,False,63,2024,7,Emilia Romagna Grand Prix,2024_07
TSU,RB,46.0,2.0,HARD,34.0,True,1,True,9.0,25.8,42.0,44.0,False,1.5,82.223,False,63,2024,7,Emilia Romagna Grand Prix,2024_07
TSU,RB,47.0,2.0,HARD,35.0,True,1,True,9.0,25.9,40.5,45.0,False,1.9,82.133,False,63,2024,7,Emilia Romagna Grand Prix,2024_07
TSU,RB,48.0,2.0,HARD,36.0,True,1,True,9.0,25.8,40.1,45.0,False,3.3,81.933,False,63,2024,7,Emilia Romagna Grand Prix,2024_07
TSU,RB,49.0,2.0,HARD,37.0,True,1,True,9.0,25.6,39.5,45.0,False,1.6,81.88,False,63,2024,7,Emilia Romagna Grand Prix,2024_07
TSU,RB,50.0,2.0,HARD,38.0,True,1,True,10.0,25.6,39.3,45.0,False,3.1,83.356,False,63,2024,7,Emilia Romagna Grand Prix,2024_07
TSU,RB,51.0,2.0,HARD,39.0,True,1,True,10.0,25.6,39.1,44.0,False,3.2,82.183,False,63,2024,7,Emilia Romagna Grand Prix,2024_07
TSU,RB,52.0,2.0,HARD,40.0,True,1,True,10.0,25.5,39.1,44.0,False,1.9,82.114,False,63,2024,7,Emilia Romagna Grand Prix,2024_07
TSU,RB,53.0,2.0,HARD,41.0,True,1,True,10.0,25.5,39.0,45.0,False,2.4,82.356,False,63,2024,7,Emilia Romagna Grand Prix,2024_07
TSU,RB,54.0,2.0,HARD,42.0,True,1,True,10.0,25.5,39.4,45.0,False,3.1,85.932,False,63,2024,7,Emilia Romagna Grand Prix,2024_07
TSU,RB,55.0,2.0,HARD,43.0,True,1,True,10.0,25.4,38.6,45.0,False,1.6,82.051,False,63,2024,7,Emilia Romagna Grand Prix,2024_07
TSU,RB,56.0,2.0,HARD,44.0,True,1,True,10.0,25.3,38.9,45.0,False,1.9,83.87,False,63,2024,7,Emilia Romagna Grand Prix,2024_07
TSU,RB,57.0,2.0,HARD,45.0,True,1,True,10.0,25.4,38.9,44.0,False,2.2,81.955,False,63,2024,7,Emilia Romagna Grand Prix,2024_07
TSU,RB,58.0,2.0,HARD,46.0,True,1,True,10.0,25.5,38.9,44.0,False,2.0,82.005,False,63,2024,7,Emilia Romagna Grand Prix,2024_07
TSU,RB,59.0,2.0,HARD,47.0,True,1,True,10.0,25.4,38.8,44.0,False,2.3,81.828,False,63,2024,7,Emilia Romagna Grand Prix,2024_07
TSU,RB,60.0,2.0,HARD,48.0,True,1,True,10.0,25.5,39.1,45.0,False,1.2,83.836,False,63,2024,7,Emilia Romagna Grand Prix,2024_07
TSU,RB,61.0,2.0,HARD,49.0,True,1,True,10.0,25.6,40.2,44.0,False,2.2,81.891,False,63,2024,7,Emilia Romagna Grand Prix,2024_07
TSU,RB,62.0,2.0,HARD,50.0,True,1,True,10.0,25.8,40.6,43.0,False,1.8,81.988,False,63,2024,7,Emilia Romagna Grand Prix,2024_07
HUL,Haas F1 Team,1.0,1.0,MEDIUM,1.0,True,1,False,8.0,25.1,44.5,50.0,False,1.5,87.748,False,63,2024,7,Emilia Romagna Grand Prix,2024_07
HUL,Haas F1 Team,2.0,1.0,MEDIUM,2.0,True,1,True,8.0,25.0,45.5,50.0,False,2.5,82.111,False,63,2024,7,Emilia Romagna Grand Prix,2024_07
HUL,Haas F1 Team,3.0,1.0,MEDIUM,3.0,True,1,True,8.0,25.1,45.3,50.0,False,3.4,81.7,False,63,2024,7,Emilia Romagna Grand Prix,2024_07
HUL,Haas F1 Team,4.0,1.0,MEDIUM,4.0,True,1,True,8.0,25.1,45.2,50.0,False,3.4,82.157,False,63,2024,7,Emilia Romagna Grand Prix,2024_07
HUL,Haas F1 Team,5.0,1.0,MEDIUM,5.0,True,1,True,8.0,25.3,43.6,51.0,False,4.2,82.184,False,63,2024,7,Emilia Romagna Grand Prix,2024_07
HUL,Haas F1 Team,6.0,1.0,MEDIUM,6.0,True,1,True,8.0,25.4,42.7,50.0,False,3.3,82.361,False,63,2024,7,Emilia Romagna Grand Prix,2024_07
HUL,Haas F1 Team,7.0,1.0,MEDIUM,7.0,True,1,True,8.0,25.3,41.7,51.0,False,3.4,82.36,False,63,2024,7,Emilia Romagna Grand Prix,2024_07
HUL,Haas F1 Team,8.0,1.0,MEDIUM,8.0,True,1,True,8.0,25.0,40.5,51.0,False,1.9,82.148,False,63,2024,7,Emilia Romagna Grand Prix,2024_07
HUL,Haas F1 Team,9.0,1.0,MEDIUM,9.0,True,1,True,8.0,25.1,40.4,51.0,False,2.4,82.175,False,63,2024,7,Emilia Romagna Grand Prix,2024_07
HUL,Haas F1 Team,10.0,1.0,MEDIUM,10.0,True,1,True,8.0,24.9,40.1,51.0,False,1.5,82.538,False,63,2024,7,Emilia Romagna Grand Prix,2024_07
HUL,Haas F1 Team,11.0,1.0,MEDIUM,11.0,True,1,True,8.0,24.8,39.6,50.0,False,3.4,82.516,False,63,2024,7,Emilia Romagna Grand Prix,2024_07
HUL,Haas F1 Team,12.0,1.0,MEDIUM,12.0,True,1,True,8.0,24.7,39.4,50.0,False,1.3,82.571,False,63,2024,7,Emilia Romagna Grand Prix,2024_07
HUL,Haas F1 Team,13.0,1.0,MEDIUM,13.0,True,1,False,9.0,25.0,39.8,49.0,False,2.3,86.982,True,63,2024,7,Emilia Romagna Grand Prix,2024_07
HUL,Haas F1 Team,14.0,2.0,HARD,1.0,True,1,False,15.0,25.0,40.1,50.0,False,1.3,104.353,True,63,2024,7,Emilia Romagna Grand Prix,2024_07
HUL,Haas F1 Team,15.0,2.0,HARD,2.0,True,1,True,15.0,25.2,41.3,49.0,False,2.6,81.918,False,63,2024,7,Emilia Romagna Grand Prix,2024_07
HUL,Haas F1 Team,16.0,2.0,HARD,3.0,True,1,True,15.0,25.1,41.3,49.0,False,1.8,81.756,False,63,2024,7,Emilia Romagna Grand Prix,2024_07
HUL,Haas F1 Team,17.0,2.0,HARD,4.0,True,1,True,15.0,25.1,42.0,47.0,False,2.6,82.074,False,63,2024,7,Emilia Romagna Grand Prix,2024_07
HUL,Haas F1 Team,18.0,2.0,HARD,5.0,True,1,True,15.0,25.3,41.9,48.0,False,4.1,82.086,False,63,2024,7,Emilia Romagna Grand Prix,2024_07
HUL,Haas F1 Team,19.0,2.0,HARD,6.0,True,1,True,15.0,25.3,42.2,48.0,False,3.7,82.624,False,63,2024,7,Emilia Romagna Grand Prix,2024_07
HUL,Haas F1 Team,20.0,2.0,HARD,7.0,True,1,True,15.0,25.5,42.2,47.0,False,2.4,82.309,False,63,2024,7,Emilia Romagna Grand Prix,2024_07
HUL,Haas F1 Team,21.0,2.0,HARD,8.0,True,1,True,15.0,25.5,42.0,47.0,False,1.7,82.218,False,63,2024,7,Emilia Romagna Grand Prix,2024_07
HUL,Haas F1 Team,22.0,2.0,HARD,9.0,True,1,True,15.0,25.5,41.8,48.0,False,2.5,82.412,False,63,2024,7,Emilia Romagna Grand Prix,2024_07
HUL,Haas F1 Team,23.0,2.0,HARD,10.0,True,1,True,15.0,25.5,42.4,47.0,False,2.6,82.883,False,63,2024,7,Emilia Romagna Grand Prix,2024_07
HUL,Haas F1 Team,24.0,2.0,HARD,11.0,True,1,True,15.0,25.5,42.3,46.0,False,2.7,83.102,False,63,2024,7,Emilia Romagna Grand Prix,2024_07
HUL,Haas F1 Team,25.0,2.0,HARD,12.0,True,1,True,15.0,25.4,42.2,47.0,False,2.0,82.763,False,63,2024,7,Emilia Romagna Grand Prix,2024_07
HUL,Haas F1 Team,26.0,2.0,HARD,13.0,True,1,True,13.0,25.3,42.6,45.0,False,2.7,82.669,False,63,2024,7,Emilia Romagna Grand Prix,2024_07
HUL,Haas F1 Team,27.0,2.0,HARD,14.0,True,1,True,13.0,25.3,43.0,45.0,False,3.0,82.322,False,63,2024,7,Emilia Romagna Grand Prix,2024_07
HUL,Haas F1 Team,28.0,2.0,HARD,15.0,True,1,True,13.0,25.4,41.9,46.0,False,2.5,82.744,False,63,2024,7,Emilia Romagna Grand Prix,2024_07
HUL,Haas F1 Team,29.0,2.0,HARD,16.0,True,1,True,13.0,25.4,42.6,46.0,False,2.4,82.829,False,63,2024,7,Emilia Romagna Grand Prix,2024_07
HUL,Haas F1 Team,30.0,2.0,HARD,17.0,True,1,True,13.0,25.5,42.5,46.0,False,2.0,82.732,False,63,2024,7,Emilia Romagna Grand Prix,2024_07
HUL,Haas F1 Team,31.0,2.0,HARD,18.0,True,1,True,13.0,25.6,42.4,47.0,False,2.1,83.01,False,63,2024,7,Emilia Romagna Grand Prix,2024_07
HUL,Haas F1 Team,32.0,2.0,HARD,19.0,True,1,True,13.0,25.6,42.3,46.0,False,2.5,83.256,False,63,2024,7,Emilia Romagna Grand Prix,2024_07
HUL,Haas F1 Team,33.0,2.0,HARD,20.0,True,1,True,12.0,25.7,42.6,45.0,False,1.0,83.561,False,63,2024,7,Emilia Romagna Grand Prix,2024_07
HUL,Haas F1 Team,34.0,2.0,HARD,21.0,True,1,True,12.0,25.6,42.9,45.0,False,1.8,82.798,False,63,2024,7,Emilia Romagna Grand Prix,2024_07
HUL,Haas F1 Team,35.0,2.0,HARD,22.0,True,1,True,12.0,25.6,42.6,44.0,False,4.2,82.11,False,63,2024,7,Emilia Romagna Grand Prix,2024_07
HUL,Haas F1 Team,36.0,2.0,HARD,23.0,True,1,True,12.0,25.7,42.1,45.0,False,2.5,82.575,False,63,2024,7,Emilia Romagna Grand Prix,2024_07
HUL,Haas F1 Team,37.0,2.0,HARD,24.0,True,1,True,11.0,25.8,42.3,45.0,False,2.1,82.433,False,63,2024,7,Emilia Romagna Grand Prix,2024_07
HUL,Haas F1 Team,38.0,2.0,HARD,25.0,True,1,True,9.0,25.6,42.6,45.0,False,4.3,82.48,False,63,2024,7,Emilia Romagna Grand Prix,2024_07
HUL,Haas F1 Team,39.0,2.0,HARD,26.0,True,1,True,9.0,25.7,42.5,44.0,False,2.5,82.62,False,63,2024,7,Emilia Romagna Grand Prix,2024_07
HUL,Haas F1 Team,40.0,2.0,HARD,27.0,True,1,True,10.0,25.8,42.0,44.0,False,2.1,83.111,False,63,2024,7,Emilia Romagna Grand Prix,2024_07
HUL,Haas F1 Team,41.0,2.0,HARD,28.0,True,1,True,10.0,25.6,42.0,45.0,False,3.3,82.504,False,63,2024,7,Emilia Romagna Grand Prix,2024_07
HUL,Haas F1 Team,42.0,2.0,HARD,29.0,True,1,True,10.0,25.7,41.8,44.0,False,3.7,82.265,False,63,2024,7,Emilia Romagna Grand Prix,2024_07
HUL,Haas F1 Team,43.0,2.0,HARD,30.0,True,1,True,10.0,25.7,41.6,44.0,False,3.0,82.435,False,63,2024,7,Emilia Romagna Grand Prix,2024_07
HUL,Haas F1 Team,44.0,2.0,HARD,31.0,True,1,True,10.0,25.8,42.1,44.0,False,2.7,82.192,False,63,2024,7,Emilia Romagna Grand Prix,2024_07
HUL,Haas F1 Team,45.0,2.0,HARD,32.0,True,1,True,10.0,25.8,42.1,44.0,False,2.2,82.481,False,63,2024,7,Emilia Romagna Grand Prix,2024_07
HUL,Haas F1 Team,46.0,2.0,HARD,33.0,True,1,True,11.0,25.8,41.5,44.0,False,2.6,83.483,False,63,2024,7,Emilia Romagna Grand Prix,2024_07
HUL,Haas F1 Team,47.0,2.0,HARD,34.0,True,1,True,11.0,25.9,40.5,45.0,False,1.9,82.763,False,63,2024,7,Emilia Romagna Grand Prix,2024_07
HUL,Haas F1 Team,48.0,2.0,HARD,35.0,True,1,True,11.0,25.8,40.1,45.0,False,3.3,82.264,False,63,2024,7,Emilia Romagna Grand Prix,2024_07
HUL,Haas F1 Team,49.0,2.0,HARD,36.0,True,1,True,11.0,25.6,39.5,45.0,False,1.6,82.003,False,63,2024,7,Emilia Romagna Grand Prix,2024_07
HUL,Haas F1 Team,50.0,2.0,HARD,37.0,True,1,True,11.0,25.6,39.3,45.0,False,3.1,81.921,False,63,2024,7,Emilia Romagna Grand Prix,2024_07
HUL,Haas F1 Team,51.0,2.0,HARD,38.0,True,1,True,11.0,25.6,39.1,44.0,False,3.2,84.008,False,63,2024,7,Emilia Romagna Grand Prix,2024_07
HUL,Haas F1 Team,52.0,2.0,HARD,39.0,True,1,True,11.0,25.5,39.1,44.0,False,1.9,84.017,False,63,2024,7,Emilia Romagna Grand Prix,2024_07
HUL,Haas F1 Team,53.0,2.0,HARD,40.0,True,1,True,11.0,25.5,39.0,45.0,False,2.4,83.667,False,63,2024,7,Emilia Romagna Grand Prix,2024_07
HUL,Haas F1 Team,54.0,2.0,HARD,41.0,True,1,True,11.0,25.5,39.1,45.0,False,1.9,82.255,False,63,2024,7,Emilia Romagna Grand Prix,2024_07
HUL,Haas F1 Team,55.0,2.0,HARD,42.0,True,1,True,11.0,25.4,38.6,45.0,False,1.6,82.094,False,63,2024,7,Emilia Romagna Grand Prix,2024_07
HUL,Haas F1 Team,56.0,2.0,HARD,43.0,True,1,True,11.0,25.3,38.9,45.0,False,1.9,82.217,False,63,2024,7,Emilia Romagna Grand Prix,2024_07
HUL,Haas F1 Team,57.0,2.0,HARD,44.0,True,1,True,11.0,25.4,38.9,44.0,False,2.2,83.902,False,63,2024,7,Emilia Romagna Grand Prix,2024_07
HUL,Haas F1 Team,58.0,2.0,HARD,45.0,True,1,True,11.0,25.5,38.9,44.0,False,2.0,82.126,False,63,2024,7,Emilia Romagna Grand Prix,2024_07
HUL,Haas F1 Team,59.0,2.0,HARD,46.0,True,1,True,11.0,25.4,38.8,44.0,False,2.3,82.225,False,63,2024,7,Emilia Romagna Grand Prix,2024_07
HUL,Haas F1 Team,60.0,2.0,HARD,47.0,True,1,True,11.0,25.5,39.1,45.0,False,1.2,82.409,False,63,2024,7,Emilia Romagna Grand Prix,2024_07
HUL,Haas F1 Team,61.0,2.0,HARD,48.0,True,1,True,11.0,25.6,40.2,44.0,False,2.2,83.789,False,63,2024,7,Emilia Romagna Grand Prix,2024_07
HUL,Haas F1 Team,62.0,2.0,HARD,49.0,True,1,True,11.0,25.9,40.6,43.0,False,1.3,82.21,False,63,2024,7,Emilia Romagna Grand Prix,2024_07
MAG,Haas F1 Team,1.0,1.0,MEDIUM,1.0,True,1,False,16.0,25.1,44.5,50.0,False,1.5,91.891,False,63,2024,7,Emilia Romagna Grand Prix,2024_07
MAG,Haas F1 Team,2.0,1.0,MEDIUM,2.0,True,1,True,16.0,25.0,45.5,50.0,False,2.5,83.313,False,63,2024,7,Emilia Romagna Grand Prix,2024_07
MAG,Haas F1 Team,3.0,1.0,MEDIUM,3.0,True,1,True,16.0,25.1,45.3,50.0,False,3.4,82.737,False,63,2024,7,Emilia Romagna Grand Prix,2024_07
MAG,Haas F1 Team,4.0,1.0,MEDIUM,4.0,True,1,True,16.0,25.1,45.2,50.0,False,3.4,82.517,False,63,2024,7,Emilia Romagna Grand Prix,2024_07
MAG,Haas F1 Team,5.0,1.0,MEDIUM,5.0,True,1,True,16.0,25.3,43.6,51.0,False,4.2,82.682,False,63,2024,7,Emilia Romagna Grand Prix,2024_07
MAG,Haas F1 Team,6.0,1.0,MEDIUM,6.0,True,1,True,16.0,25.4,42.7,50.0,False,3.3,82.237,False,63,2024,7,Emilia Romagna Grand Prix,2024_07
MAG,Haas F1 Team,7.0,1.0,MEDIUM,7.0,True,1,True,16.0,25.1,40.7,52.0,False,2.9,82.52,False,63,2024,7,Emilia Romagna Grand Prix,2024_07
MAG,Haas F1 Team,8.0,1.0,MEDIUM,8.0,True,1,True,14.0,25.0,40.5,51.0,False,1.9,82.411,False,63,2024,7,Emilia Romagna Grand Prix,2024_07
MAG,Haas F1 Team,9.0,1.0,MEDIUM,9.0,True,1,True,14.0,25.1,40.4,51.0,False,2.4,82.32,False,63,2024,7,Emilia Romagna Grand Prix,2024_07
MAG,Haas F1 Team,10.0,1.0,MEDIUM,10.0,True,1,True,14.0,24.9,40.1,51.0,False,1.5,83.013,False,63,2024,7,Emilia Romagna Grand Prix,2024_07
MAG,Haas F1 Team,11.0,1.0,MEDIUM,11.0,True,1,True,14.0,24.8,39.6,50.0,False,3.4,82.858,False,63,2024,7,Emilia Romagna Grand Prix,2024_07
MAG,Haas F1 Team,12.0,1.0,MEDIUM,12.0,True,1,True,13.0,24.7,39.4,50.0,False,1.3,82.927,False,63,2024,7,Emilia Romagna Grand Prix,2024_07
MAG,Haas F1 Team,13.0,1.0,MEDIUM,13.0,True,1,True,12.0,25.0,39.8,49.0,False,2.3,82.955,False,63,2024,7,Emilia Romagna Grand Prix,2024_07
MAG,Haas F1 Team,14.0,1.0,MEDIUM,14.0,True,1,True,11.0,25.0,40.1,50.0,False,1.3,83.09,False,63,2024,7,Emilia Romagna Grand Prix,2024_07
MAG,Haas F1 Team,15.0,1.0,MEDIUM,15.0,True,1,True,11.0,25.2,41.3,49.0,False,2.6,83.215,False,63,2024,7,Emilia Romagna Grand Prix,2024_07
MAG,Haas F1 Team,16.0,1.0,MEDIUM,16.0,True,1,True,11.0,25.1,41.3,49.0,False,1.8,83.135,False,63,2024,7,Emilia Romagna Grand Prix,2024_07
MAG,Haas F1 Team,17.0,1.0,MEDIUM,17.0,True,1,True,11.0,25.1,42.0,49.0,False,2.8,83.577,False,63,2024,7,Emilia Romagna Grand Prix,2024_07
MAG,Haas F1 Team,18.0,1.0,MEDIUM,18.0,True,1,True,11.0,25.3,41.9,48.0,False,4.1,83.338,False,63,2024,7,Emilia Romagna Grand Prix,2024_07
MAG,Haas F1 Team,19.0,1.0,MEDIUM,19.0,True,1,True,11.0,25.3,42.2,48.0,False,3.7,83.271,False,63,2024,7,Emilia Romagna Grand Prix,2024_07
MAG,Haas F1 Team,20.0,1.0,MEDIUM,20.0,True,1,True,11.0,25.5,42.2,47.0,False,2.4,82.85,False,63,2024,7,Emilia Romagna Grand Prix,2024_07
MAG,Haas F1 Team,21.0,1.0,MEDIUM,21.0,True,1,True,11.0,25.5,42.0,47.0,False,1.7,82.686,False,63,2024,7,Emilia Romagna Grand Prix,2024_07
MAG,Haas F1 Team,22.0,1.0,MEDIUM,22.0,True,1,True,11.0,25.5,41.8,48.0,False,2.5,83.013,False,63,2024,7,Emilia Romagna Grand Prix,2024_07
MAG,Haas F1 Team,23.0,1.0,MEDIUM,23.0,True,1,True,11.0,25.5,42.4,47.0,False,2.6,82.761,False,63,2024,7,Emilia Romagna Grand Prix,2024_07
MAG,Haas F1 Team,24.0,1.0,MEDIUM,24.0,True,1,True,11.0,25.5,42.3,46.0,False,2.7,82.939,False,63,2024,7,Emilia Romagna Grand Prix,2024_07
MAG,Haas F1 Team,25.0,1.0,MEDIUM,25.0,True,1,True,10.0,25.5,42.1,46.0,False,2.8,83.296,False,63,2024,7,Emilia Romagna Grand Prix,2024_07
MAG,Haas F1 Team,26.0,1.0,MEDIUM,26.0,True,1,True,10.0,25.3,42.6,45.0,False,2.7,82.862,False,63,2024,7,Emilia Romagna Grand Prix,2024_07
MAG,Haas F1 Team,27.0,1.0,MEDIUM,27.0,True,1,True,10.0,25.3,43.0,45.0,False,3.0,82.938,False,63,2024,7,Emilia Romagna Grand Prix,2024_07
MAG,Haas F1 Team,28.0,1.0,MEDIUM,28.0,True,1,True,10.0,25.4,41.9,46.0,False,2.5,83.133,False,63,2024,7,Emilia Romagna Grand Prix,2024_07
MAG,Haas F1 Team,29.0,1.0,MEDIUM,29.0,True,1,True,10.0,25.4,42.6,46.0,False,2.4,83.157,False,63,2024,7,Emilia Romagna Grand Prix,2024_07
MAG,Haas F1 Team,30.0,1.0,MEDIUM,30.0,True,1,True,10.0,25.5,42.5,46.0,False,2.0,83.061,False,63,2024,7,Emilia Romagna Grand Prix,2024_07
MAG,Haas F1 Team,31.0,1.0,MEDIUM,31.0,True,1,True,10.0,25.6,42.4,47.0,False,2.1,83.284,False,63,2024,7,Emilia Romagna Grand Prix,2024_07
MAG,Haas F1 Team,32.0,1.0,MEDIUM,32.0,True,1,True,10.0,25.6,42.3,46.0,False,2.5,84.028,False,63,2024,7,Emilia Romagna Grand Prix,2024_07
MAG,Haas F1 Team,33.0,1.0,MEDIUM,33.0,True,1,True,10.0,25.7,42.6,45.0,False,1.0,83.207,False,63,2024,7,Emilia Romagna Grand Prix,2024_07
MAG,Haas F1 Team,34.0,1.0,MEDIUM,34.0,True,1,True,10.0,25.6,42.9,45.0,False,1.8,83.222,False,63,2024,7,Emilia Romagna Grand Prix,2024_07
MAG,Haas F1 Team,35.0,1.0,MEDIUM,35.0,True,1,True,10.0,25.6,42.6,44.0,False,4.2,82.945,False,63,2024,7,Emilia Romagna Grand Prix,2024_07
MAG,Haas F1 Team,36.0,1.0,MEDIUM,36.0,True,1,True,10.0,25.7,42.1,45.0,False,2.5,83.175,False,63,2024,7,Emilia Romagna Grand Prix,2024_07
MAG,Haas F1 Team,37.0,1.0,MEDIUM,37.0,True,1,False,12.0,25.8,42.3,45.0,False,2.1,87.682,True,63,2024,7,Emilia Romagna Grand Prix,2024_07
MAG,Haas F1 Team,38.0,2.0,HARD,1.0,True,1,False,17.0,25.6,42.6,45.0,False,4.3,105.988,True,63,2024,7,Emilia Romagna Grand Prix,2024_07
MAG,Haas F1 Team,39.0,2.0,HARD,2.0,True,1,True,17.0,25.7,42.5,44.0,False,2.5,81.485,False,63,2024,7,Emilia Romagna Grand Prix,2024_07
MAG,Haas F1 Team,40.0,2.0,HARD,3.0,True,1,True,17.0,25.8,42.0,45.0,False,2.2,82.407,False,63,2024,7,Emilia Romagna Grand Prix,2024_07
MAG,Haas F1 Team,41.0,2.0,HARD,4.0,True,1,True,16.0,25.6,42.0,45.0,False,3.3,81.162,False,63,2024,7,Emilia Romagna Grand Prix,2024_07
MAG,Haas F1 Team,42.0,2.0,HARD,5.0,True,1,True,16.0,25.7,41.8,44.0,False,3.7,84.273,False,63,2024,7,Emilia Romagna Grand Prix,2024_07
MAG,Haas F1 Team,43.0,2.0,HARD,6.0,True,1,True,16.0,25.7,41.6,44.0,False,2.4,81.446,False,63,2024,7,Emilia Romagna Grand Prix,2024_07
MAG,Haas F1 Team,44.0,2.0,HARD,7.0,True,1,True,16.0,25.8,42.1,44.0,False,2.7,81.238,False,63,2024,7,Emilia Romagna Grand Prix,2024_07
MAG,Haas F1 Team,45.0,2.0,HARD,8.0,True,1,True,16.0,25.8,42.1,44.0,False,2.2,81.695,False,63,2024,7,Emilia Romagna Grand Prix,2024_07
MAG,Haas F1 Team,46.0,2.0,HARD,9.0,True,1,True,16.0,25.8,41.5,44.0,False,2.6,81.672,False,63,2024,7,Emilia Romagna Grand Prix,2024_07
MAG,Haas F1 Team,47.0,2.0,HARD,10.0,True,1,True,16.0,25.9,40.5,45.0,False,1.9,81.58,False,63,2024,7,Emilia Romagna Grand Prix,2024_07
MAG,Haas F1 Team,48.0,2.0,HARD,11.0,True,1,True,15.0,25.6,39.7,45.0,False,2.4,81.068,False,63,2024,7,Emilia Romagna Grand Prix,2024_07
MAG,Haas F1 Team,49.0,2.0,HARD,12.0,True,1,True,15.0,25.6,39.5,45.0,False,1.6,83.71,False,63,2024,7,Emilia Romagna Grand Prix,2024_07
MAG,Haas F1 Team,50.0,2.0,HARD,13.0,True,1,True,14.0,25.6,39.3,45.0,False,3.1,81.496,False,63,2024,7,Emilia Romagna Grand Prix,2024_07
MAG,Haas F1 Team,51.0,2.0,HARD,14.0,True,1,True,13.0,25.6,39.1,44.0,False,3.2,81.374,False,63,2024,7,Emilia Romagna Grand Prix,2024_07
MAG,Haas F1 Team,52.0,2.0,HARD,15.0,True,1,True,13.0,25.5,39.1,44.0,False,1.9,81.61,False,63,2024,7,Emilia Romagna Grand Prix,2024_07
MAG,Haas F1 Team,53.0,2.0,HARD,16.0,True,1,True,13.0,25.5,39.0,45.0,False,2.4,81.102,False,63,2024,7,Emilia Romagna Grand Prix,2024_07
MAG,Haas F1 Team,54.0,2.0,HARD,17.0,True,1,True,13.0,25.5,39.1,45.0,False,1.9,81.132,False,63,2024,7,Emilia Romagna Grand Prix,2024_07
MAG,Haas F1 Team,55.0,2.0,HARD,18.0,True,1,True,13.0,25.4,38.6,45.0,False,1.6,81.25,False,63,2024,7,Emilia Romagna Grand Prix,2024_07
MAG,Haas F1 Team,56.0,2.0,HARD,19.0,True,1,True,13.0,25.3,38.9,45.0,False,1.9,81.181,False,63,2024,7,Emilia Romagna Grand Prix,2024_07
MAG,Haas F1 Team,57.0,2.0,HARD,20.0,True,1,True,13.0,25.4,38.9,44.0,False,2.2,83.299,False,63,2024,7,Emilia Romagna Grand Prix,2024_07
MAG,Haas F1 Team,58.0,2.0,HARD,21.0,True,1,True,13.0,25.5,38.9,44.0,False,2.0,81.009,False,63,2024,7,Emilia Romagna Grand Prix,2024_07
MAG,Haas F1 Team,59.0,2.0,HARD,22.0,True,1,True,13.0,25.4,38.7,44.0,False,1.5,81.292,False,63,2024,7,Emilia Romagna Grand Prix,2024_07
MAG,Haas F1 Team,60.0,2.0,HARD,23.0,True,1,True,13.0,25.5,39.1,45.0,False,1.2,81.412,False,63,2024,7,Emilia Romagna Grand Prix,2024_07
MAG,Haas F1 Team,61.0,2.0,HARD,24.0,True,1,True,13.0,25.6,40.2,44.0,False,2.2,81.75,False,63,2024,7,Emilia Romagna Grand Prix,2024_07
MAG,Haas F1 Team,62.0,2.0,HARD,25.0,True,1,True,12.0,25.9,40.6,43.0,False,1.3,81.809,False,63,2024,7,Emilia Romagna Grand Prix,2024_07
RIC,RB,1.0,1.0,MEDIUM,1.0,True,1,False,11.0,25.1,44.5,50.0,False,1.5,89.351,False,63,2024,7,Emilia Romagna Grand Prix,2024_07
RIC,RB,2.0,1.0,MEDIUM,2.0,True,1,True,11.0,25.0,45.5,50.0,False,2.5,82.795,False,63,2024,7,Emilia Romagna Grand Prix,2024_07
RIC,RB,3.0,1.0,MEDIUM,3.0,True,1,True,11.0,25.1,45.3,50.0,False,3.4,82.083,False,63,2024,7,Emilia Romagna Grand Prix,2024_07
RIC,RB,4.0,1.0,MEDIUM,4.0,True,1,True,11.0,25.1,45.2,50.0,False,3.4,82.227,False,63,2024,7,Emilia Romagna Grand Prix,2024_07
RIC,RB,5.0,1.0,MEDIUM,5.0,True,1,True,11.0,25.3,43.6,51.0,False,4.2,82.211,False,63,2024,7,Emilia Romagna Grand Prix,2024_07
RIC,RB,6.0,1.0,MEDIUM,6.0,True,1,True,11.0,25.4,42.7,50.0,False,3.3,82.412,False,63,2024,7,Emilia Romagna Grand Prix,2024_07
RIC,RB,7.0,1.0,MEDIUM,7.0,True,1,True,11.0,25.3,41.7,51.0,False,3.4,82.428,False,63,2024,7,Emilia Romagna Grand Prix,2024_07
RIC,RB,8.0,1.0,MEDIUM,8.0,True,1,True,11.0,25.0,40.5,51.0,False,1.9,82.374,False,63,2024,7,Emilia Romagna Grand Prix,2024_07
RIC,RB,9.0,1.0,MEDIUM,9.0,True,1,True,11.0,25.1,40.4,51.0,False,2.4,82.453,False,63,2024,7,Emilia Romagna Grand Prix,2024_07
RIC,RB,10.0,1.0,MEDIUM,10.0,True,1,True,11.0,24.9,40.1,51.0,False,1.5,82.494,False,63,2024,7,Emilia Romagna Grand Prix,2024_07
RIC,RB,11.0,1.0,MEDIUM,11.0,True,1,False,13.0,24.8,39.6,50.0,False,3.4,87.088,True,63,2024,7,Emilia Romagna Grand Prix,2024_07
RIC,RB,12.0,2.0,HARD,1.0,True,1,False,16.0,24.7,39.4,50.0,False,1.3,104.778,True,63,2024,7,Emilia Romagna Grand Prix,2024_07
RIC,RB,13.0,2.0,HARD,2.0,True,1,True,16.0,25.0,39.8,49.0,False,2.3,81.569,False,63,2024,7,Emilia Romagna Grand Prix,2024_07
RIC,RB,14.0,2.0,HARD,3.0,True,1,True,16.0,25.1,41.0,49.0,False,2.4,82.254,False,63,2024,7,Emilia Romagna Grand Prix,2024_07
RIC,RB,15.0,2.0,HARD,4.0,True,1,True,16.0,25.2,41.3,49.0,False,2.6,82.005,False,63,2024,7,Emilia Romagna Grand Prix,2024_07
RIC,RB,16.0,2.0,HARD,5.0,True,1,True,16.0,25.1,41.3,49.0,False,1.8,82.012,False,63,2024,7,Emilia Romagna Grand Prix,2024_07
RIC,RB,17.0,2.0,HARD,6.0,True,1,True,16.0,25.1,42.0,47.0,False,2.6,82.258,False,63,2024,7,Emilia Romagna Grand Prix,2024_07
RIC,RB,18.0,2.0,HARD,7.0,True,1,True,16.0,25.3,41.9,48.0,False,4.1,82.031,False,63,2024,7,Emilia Romagna Grand Prix,2024_07
RIC,RB,19.0,2.0,HARD,8.0,True,1,True,16.0,25.3,42.2,48.0,False,3.7,82.224,False,63,2024,7,Emilia Romagna Grand Prix,2024_07
RIC,RB,20.0,2.0,HARD,9.0,True,1,True,16.0,25.5,42.2,47.0,False,2.4,82.013,False,63,2024,7,Emilia Romagna Grand Prix,2024_07
RIC,RB,21.0,2.0,HARD,10.0,True,1,True,16.0,25.5,42.0,47.0,False,1.7,82.221,False,63,2024,7,Emilia Romagna Grand Prix,2024_07
RIC,RB,22.0,2.0,HARD,11.0,True,1,True,16.0,25.5,41.8,48.0,False,2.5,82.4,False,63,2024,7,Emilia Romagna Grand Prix,2024_07
RIC,RB,23.0,2.0,HARD,12.0,True,1,True,16.0,25.5,42.4,47.0,False,2.6,82.645,False,63,2024,7,Emilia Romagna Grand Prix,2024_07
RIC,RB,24.0,2.0,HARD,13.0,True,1,True,16.0,25.5,42.3,46.0,False,2.7,82.458,False,63,2024,7,Emilia Romagna Grand Prix,2024_07
RIC,RB,25.0,2.0,HARD,14.0,True,1,True,16.0,25.4,42.2,47.0,False,2.0,82.681,False,63,2024,7,Emilia Romagna Grand Prix,2024_07
RIC,RB,26.0,2.0,HARD,15.0,True,1,True,15.0,25.3,42.6,45.0,False,2.7,83.245,False,63,2024,7,Emilia Romagna Grand Prix,2024_07
RIC,RB,27.0,2.0,HARD,16.0,True,1,True,15.0,25.3,43.0,45.0,False,3.0,83.506,False,63,2024,7,Emilia Romagna Grand Prix,2024_07
RIC,RB,28.0,2.0,HARD,17.0,True,1,True,15.0,25.4,41.9,46.0,False,2.5,83.291,False,63,2024,7,Emilia Romagna Grand Prix,2024_07
RIC,RB,29.0,2.0,HARD,18.0,True,1,True,15.0,25.4,42.6,46.0,False,2.4,83.321,False,63,2024,7,Emilia Romagna Grand Prix,2024_07
RIC,RB,30.0,2.0,HARD,19.0,True,1,True,15.0,25.5,42.4,46.0,False,2.1,84.07,False,63,2024,7,Emilia Romagna Grand Prix,2024_07
RIC,RB,31.0,2.0,HARD,20.0,True,1,True,14.0,25.6,42.4,47.0,False,2.1,83.689,False,63,2024,7,Emilia Romagna Grand Prix,2024_07
RIC,RB,32.0,2.0,HARD,21.0,True,1,True,14.0,25.6,42.3,46.0,False,2.5,81.853,False,63,2024,7,Emilia Romagna Grand Prix,2024_07
RIC,RB,33.0,2.0,HARD,22.0,True,1,True,13.0,25.7,42.6,45.0,False,1.0,82.261,False,63,2024,7,Emilia Romagna Grand Prix,2024_07
RIC,RB,34.0,2.0,HARD,23.0,True,1,True,13.0,25.6,42.9,45.0,False,1.8,81.8,False,63,2024,7,Emilia Romagna Grand Prix,2024_07
RIC,RB,35.0,2.0,HARD,24.0,True,1,True,13.0,25.6,42.6,44.0,False,4.2,82.243,False,63,2024,7,Emilia Romagna Grand Prix,2024_07
RIC,RB,36.0,2.0,HARD,25.0,True,1,True,13.0,25.7,42.1,45.0,False,2.5,82.248,False,63,2024,7,Emilia Romagna Grand Prix,2024_07
RIC,RB,37.0,2.0,HARD,26.0,True,1,True,13.0,25.8,42.3,45.0,False,2.1,82.261,False,63,2024,7,Emilia Romagna Grand Prix,2024_07
RIC,RB,38.0,2.0,HARD,27.0,True,1,True,10.0,25.6,42.6,45.0,False,4.3,82.219,False,63,2024,7,Emilia Romagna Grand Prix,2024_07
RIC,RB,39.0,2.0,HARD,28.0,True,1,True,11.0,25.7,42.5,44.0,False,2.5,83.668,False,63,2024,7,Emilia Romagna Grand Prix,2024_07
RIC,RB,40.0,2.0,HARD,29.0,True,1,True,11.0,25.8,42.0,44.0,False,2.1,82.282,False,63,2024,7,Emilia Romagna Grand Prix,2024_07
RIC,RB,41.0,2.0,HARD,30.0,True,1,True,11.0,25.6,42.0,45.0,False,3.3,82.377,False,63,2024,7,Emilia Romagna Grand Prix,2024_07
RIC,RB,42.0,2.0,HARD,31.0,True,1,True,11.0,25.7,41.8,44.0,False,3.7,82.166,False,63,2024,7,Emilia Romagna Grand Prix,2024_07
RIC,RB,43.0,2.0,HARD,32.0,True,1,True,12.0,25.7,41.6,44.0,False,3.0,83.653,False,63,2024,7,Emilia Romagna Grand Prix,2024_07
RIC,RB,44.0,2.0,HARD,33.0,True,1,True,12.0,25.8,42.1,44.0,False,2.7,82.53,False,63,2024,7,Emilia Romagna Grand Prix,2024_07
RIC,RB,45.0,2.0,HARD,34.0,True,1,True,12.0,25.8,42.1,44.0,False,2.2,82.076,False,63,2024,7,Emilia Romagna Grand Prix,2024_07
RIC,RB,46.0,2.0,HARD,35.0,True,1,True,12.0,25.8,41.5,44.0,False,2.6,82.298,False,63,2024,7,Emilia Romagna Grand Prix,2024_07
RIC,RB,47.0,2.0,HARD,36.0,True,1,True,12.0,25.9,40.5,45.0,False,1.9,82.31,False,63,2024,7,Emilia Romagna Grand Prix,2024_07
RIC,RB,48.0,2.0,HARD,37.0,True,1,True,12.0,25.8,40.1,45.0,False,3.3,82.164,False,63,2024,7,Emilia Romagna Grand Prix,2024_07
RIC,RB,49.0,2.0,HARD,38.0,True,1,True,12.0,25.6,39.5,45.0,False,1.6,82.229,False,63,2024,7,Emilia Romagna Grand Prix,2024_07
RIC,RB,50.0,2.0,HARD,39.0,True,1,True,12.0,25.6,39.3,45.0,False,3.1,84.081,False,63,2024,7,Emilia Romagna Grand Prix,2024_07
RIC,RB,51.0,2.0,HARD,40.0,True,1,True,12.0,25.6,39.1,44.0,False,3.2,82.17,False,63,2024,7,Emilia Romagna Grand Prix,2024_07
RIC,RB,52.0,2.0,HARD,41.0,True,1,True,12.0,25.5,39.1,44.0,False,1.9,85.609,False,63,2024,7,Emilia Romagna Grand Prix,2024_07
RIC,RB,53.0,2.0,HARD,42.0,True,1,True,12.0,25.5,39.0,45.0,False,2.4,82.3,False,63,2024,7,Emilia Romagna Grand Prix,2024_07
RIC,RB,54.0,2.0,HARD,43.0,True,1,True,12.0,25.5,39.1,45.0,False,1.9,81.985,False,63,2024,7,Emilia Romagna Grand Prix,2024_07
RIC,RB,55.0,2.0,HARD,44.0,True,1,True,12.0,25.4,38.6,45.0,False,1.6,81.9,False,63,2024,7,Emilia Romagna Grand Prix,2024_07
RIC,RB,56.0,2.0,HARD,45.0,True,1,True,12.0,25.3,38.9,45.0,False,1.9,83.896,False,63,2024,7,Emilia Romagna Grand Prix,2024_07
RIC,RB,57.0,2.0,HARD,46.0,True,1,True,12.0,25.4,38.9,44.0,False,2.2,82.31,False,63,2024,7,Emilia Romagna Grand Prix,2024_07
RIC,RB,58.0,2.0,HARD,47.0,True,1,True,12.0,25.5,38.9,44.0,False,2.0,82.06,False,63,2024,7,Emilia Romagna Grand Prix,2024_07
RIC,RB,59.0,2.0,HARD,48.0,True,1,True,12.0,25.4,38.8,44.0,False,2.3,81.974,False,63,2024,7,Emilia Romagna Grand Prix,2024_07
RIC,RB,60.0,2.0,HARD,49.0,True,1,True,12.0,25.5,39.1,45.0,False,1.2,84.027,False,63,2024,7,Emilia Romagna Grand Prix,2024_07
RIC,RB,61.0,2.0,HARD,50.0,True,1,True,12.0,25.6,40.2,44.0,False,2.2,81.941,False,63,2024,7,Emilia Romagna Grand Prix,2024_07
RIC,RB,62.0,2.0,HARD,51.0,True,1,True,13.0,25.9,40.6,43.0,False,1.3,83.435,False,63,2024,7,Emilia Romagna Grand Prix,2024_07
OCO,Alpine,1.0,1.0,MEDIUM,1.0,True,1,False,12.0,25.1,44.5,50.0,False,1.5,89.949,False,63,2024,7,Emilia Romagna Grand Prix,2024_07
OCO,Alpine,2.0,1.0,MEDIUM,2.0,True,1,True,12.0,25.0,45.5,50.0,False,2.5,82.923,False,63,2024,7,Emilia Romagna Grand Prix,2024_07
OCO,Alpine,3.0,1.0,MEDIUM,3.0,True,1,True,12.0,25.1,45.3,50.0,False,3.4,82.29,False,63,2024,7,Emilia Romagna Grand Prix,2024_07
OCO,Alpine,4.0,1.0,MEDIUM,4.0,True,1,True,12.0,25.1,45.2,50.0,False,3.4,82.229,False,63,2024,7,Emilia Romagna Grand Prix,2024_07
OCO,Alpine,5.0,1.0,MEDIUM,5.0,True,1,True,12.0,25.3,43.6,51.0,False,4.2,82.267,False,63,2024,7,Emilia Romagna Grand Prix,2024_07
OCO,Alpine,6.0,1.0,MEDIUM,6.0,True,1,True,12.0,25.4,42.7,50.0,False,3.3,82.436,False,63,2024,7,Emilia Romagna Grand Prix,2024_07
OCO,Alpine,7.0,1.0,MEDIUM,7.0,True,1,True,12.0,25.3,41.7,51.0,False,3.4,82.562,False,63,2024,7,Emilia Romagna Grand Prix,2024_07
OCO,Alpine,8.0,1.0,MEDIUM,8.0,True,1,True,12.0,25.0,40.5,51.0,False,1.9,82.424,False,63,2024,7,Emilia Romagna Grand Prix,2024_07
OCO,Alpine,9.0,1.0,MEDIUM,9.0,True,1,True,12.0,25.1,40.4,51.0,False,2.4,82.715,False,63,2024,7,Emilia Romagna Grand Prix,2024_07
OCO,Alpine,10.0,1.0,MEDIUM,10.0,True,1,True,13.0,24.9,40.1,51.0,False,1.5,83.802,False,63,2024,7,Emilia Romagna Grand Prix,2024_07
OCO,Alpine,11.0,1.0,MEDIUM,11.0,True,1,True,12.0,24.8,39.6,50.0,False,3.4,82.745,False,63,2024,7,Emilia Romagna Grand Prix,2024_07
OCO,Alpine,12.0,1.0,MEDIUM,12.0,True,1,True,12.0,24.7,39.4,50.0,False,1.3,83.042,False,63,2024,7,Emilia Romagna Grand Prix,2024_07
OCO,Alpine,13.0,1.0,MEDIUM,13.0,True,1,True,11.0,25.0,39.8,49.0,False,2.3,82.907,False,63,2024,7,Emilia Romagna Grand Prix,2024_07
OCO,Alpine,14.0,1.0,MEDIUM,14.0,True,1,True,10.0,25.0,40.1,50.0,False,1.3,82.861,False,63,2024,7,Emilia Romagna Grand Prix,2024_07
OCO,Alpine,15.0,1.0,MEDIUM,15.0,True,1,True,10.0,25.2,41.3,49.0,False,2.6,83.006,False,63,2024,7,Emilia Romagna Grand Prix,2024_07
OCO,Alpine,16.0,1.0,MEDIUM,16.0,True,1,True,10.0,25.1,41.3,49.0,False,1.8,83.049,False,63,2024,7,Emilia Romagna Grand Prix,2024_07
OCO,Alpine,17.0,1.0,MEDIUM,17.0,True,1,True,10.0,25.1,42.0,49.0,False,2.8,83.06,False,63,2024,7,Emilia Romagna Grand Prix,2024_07
OCO,Alpine,18.0,1.0,MEDIUM,18.0,True,1,True,10.0,25.3,41.9,48.0,False,4.1,83.082,False,63,2024,7,Emilia Romagna Grand Prix,2024_07
OCO,Alpine,19.0,1.0,MEDIUM,19.0,True,1,True,10.0,25.3,42.2,48.0,False,3.7,83.179,False,63,2024,7,Emilia Romagna Grand Prix,2024_07
OCO,Alpine,20.0,1.0,MEDIUM,20.0,True,1,True,10.0,25.4,42.3,48.0,False,4.2,83.156,False,63,2024,7,Emilia Romagna Grand Prix,2024_07
OCO,Alpine,21.0,1.0,MEDIUM,21.0,True,1,True,10.0,25.5,42.0,47.0,False,1.7,83.219,False,63,2024,7,Emilia Romagna Grand Prix,2024_07
OCO,Alpine,22.0,1.0,MEDIUM,22.0,True,1,True,9.0,25.5,41.8,48.0,False,2.5,83.376,False,63,2024,7,Emilia Romagna Grand Prix,2024_07
OCO,Alpine,23.0,1.0,MEDIUM,23.0,True,1,True,10.0,25.5,42.4,47.0,False,2.6,83.609,False,63,2024,7,Emilia Romagna Grand Prix,2024_07
OCO,Alpine,24.0,1.0,MEDIUM,24.0,True,1,True,10.0,25.5,42.3,46.0,False,2.7,83.042,False,63,2024,7,Emilia Romagna Grand Prix,2024_07
OCO,Alpine,25.0,1.0,MEDIUM,25.0,True,1,False,11.0,25.5,42.1,46.0,False,2.8,87.881,True,63,2024,7,Emilia Romagna Grand Prix,2024_07
OCO,Alpine,26.0,2.0,HARD,1.0,True,1,False,19.0,25.3,42.6,45.0,False,2.7,105.525,True,63,2024,7,Emilia Romagna Grand Prix,2024_07
OCO,Alpine,27.0,2.0,HARD,2.0,True,1,True,19.0,25.3,42.0,46.0,False,5.0,81.834,False,63,2024,7,Emilia Romagna Grand Prix,2024_07
OCO,Alpine,28.0,2.0,HARD,3.0,True,1,True,19.0,25.4,41.9,46.0,False,2.5,82.056,False,63,2024,7,Emilia Romagna Grand Prix,2024_07
OCO,Alpine,29.0,2.0,HARD,4.0,True,1,True,19.0,25.4,42.6,46.0,False,2.4,82.261,False,63,2024,7,Emilia Romagna Grand Prix,2024_07
OCO,Alpine,30.0,2.0,HARD,5.0,True,1,True,19.0,25.5,42.4,46.0,False,2.1,82.557,False,63,2024,7,Emilia Romagna Grand Prix,2024_07
OCO,Alpine,31.0,2.0,HARD,6.0,True,1,True,18.0,25.6,42.4,47.0,False,2.1,82.589,False,63,2024,7,Emilia Romagna Grand Prix,2024_07
OCO,Alpine,32.0,2.0,HARD,7.0,True,1,True,17.0,25.6,42.3,46.0,False,2.5,82.454,False,63,2024,7,Emilia Romagna Grand Prix,2024_07
OCO,Alpine,33.0,2.0,HARD,8.0,True,1,True,17.0,25.7,42.6,45.0,False,1.0,82.35,False,63,2024,7,Emilia Romagna Grand Prix,2024_07
OCO,Alpine,34.0,2.0,HARD,9.0,True,1,True,16.0,25.6,42.9,45.0,False,1.8,83.217,False,63,2024,7,Emilia Romagna Grand Prix,2024_07
OCO,Alpine,35.0,2.0,HARD,10.0,True,1,True,16.0,25.7,42.6,45.0,False,3.9,82.909,False,63,2024,7,Emilia Romagna Grand Prix,2024_07
OCO,Alpine,36.0,2.0,HARD,11.0,True,1,True,16.0,25.7,42.1,45.0,False,2.5,82.364,False,63,2024,7,Emilia Romagna Grand Prix,2024_07
OCO,Alpine,37.0,2.0,HARD,12.0,True,1,True,15.0,25.8,42.3,45.0,False,2.1,81.304,False,63,2024,7,Emilia Romagna Grand Prix,2024_07
OCO,Alpine,38.0,2.0,HARD,13.0,True,1,True,14.0,25.6,42.6,45.0,False,4.3,82.062,False,63,2024,7,Emilia Romagna Grand Prix,2024_07
OCO,Alpine,39.0,2.0,HARD,14.0,True,1,True,14.0,25.7,42.5,44.0,False,2.5,82.139,False,63,2024,7,Emilia Romagna Grand Prix,2024_07
OCO,Alpine,40.0,2.0,HARD,15.0,True,1,True,14.0,25.8,42.0,44.0,False,2.1,82.04,False,63,2024,7,Emilia Romagna Grand Prix,2024_07
OCO,Alpine,41.0,2.0,HARD,16.0,True,1,True,14.0,25.6,42.0,45.0,False,3.3,82.145,False,63,2024,7,Emilia Romagna Grand Prix,2024_07
OCO,Alpine,42.0,2.0,HARD,17.0,True,1,True,14.0,25.7,41.8,44.0,False,3.7,82.224,False,63,2024,7,Emilia Romagna Grand Prix,2024_07
OCO,Alpine,43.0,2.0,HARD,18.0,True,1,True,14.0,25.7,41.6,44.0,False,2.4,82.081,False,63,2024,7,Emilia Romagna Grand Prix,2024_07
OCO,Alpine,44.0,2.0,HARD,19.0,True,1,True,14.0,25.8,42.1,44.0,False,2.7,83.818,False,63,2024,7,Emilia Romagna Grand Prix,2024_07
OCO,Alpine,45.0,2.0,HARD,20.0,True,1,True,14.0,25.8,42.1,44.0,False,2.2,82.572,False,63,2024,7,Emilia Romagna Grand Prix,2024_07
OCO,Alpine,46.0,2.0,HARD,21.0,True,1,True,14.0,25.8,41.5,44.0,False,2.6,83.905,False,63,2024,7,Emilia Romagna Grand Prix,2024_07
OCO,Alpine,47.0,2.0,HARD,22.0,True,1,True,14.0,25.9,40.5,45.0,False,1.9,85.675,False,63,2024,7,Emilia Romagna Grand Prix,2024_07
OCO,Alpine,48.0,2.0,HARD,23.0,True,1,True,14.0,25.6,39.7,45.0,False,2.4,82.55,False,63,2024,7,Emilia Romagna Grand Prix,2024_07
OCO,Alpine,49.0,2.0,HARD,24.0,True,1,True,14.0,25.6,39.5,45.0,False,1.6,84.384,False,63,2024,7,Emilia Romagna Grand Prix,2024_07
OCO,Alpine,50.0,2.0,HARD,25.0,True,1,True,15.0,25.6,39.3,45.0,False,3.1,83.073,False,63,2024,7,Emilia Romagna Grand Prix,2024_07
OCO,Alpine,51.0,2.0,HARD,26.0,True,1,True,15.0,25.6,39.1,44.0,False,3.2,84.114,False,63,2024,7,Emilia Romagna Grand Prix,2024_07
OCO,Alpine,52.0,2.0,HARD,27.0,True,1,True,15.0,25.5,39.1,44.0,False,1.9,82.762,False,63,2024,7,Emilia Romagna Grand Prix,2024_07
OCO,Alpine,53.0,2.0,HARD,28.0,True,1,True,15.0,25.5,39.0,45.0,False,2.4,82.756,False,63,2024,7,Emilia Romagna Grand Prix,2024_07
OCO,Alpine,54.0,2.0,HARD,29.0,True,1,True,15.0,25.5,39.1,45.0,False,1.9,83.855,False,63,2024,7,Emilia Romagna Grand Prix,2024_07
OCO,Alpine,55.0,2.0,HARD,30.0,True,1,True,15.0,25.4,38.6,45.0,False,1.6,82.991,False,63,2024,7,Emilia Romagna Grand Prix,2024_07
OCO,Alpine,56.0,2.0,HARD,31.0,True,1,True,15.0,25.4,38.9,45.0,False,1.7,83.017,False,63,2024,7,Emilia Romagna Grand Prix,2024_07
OCO,Alpine,57.0,2.0,HARD,32.0,True,1,True,15.0,25.4,38.9,44.0,False,2.2,83.961,False,63,2024,7,Emilia Romagna Grand Prix,2024_07
OCO,Alpine,58.0,2.0,HARD,33.0,True,1,True,15.0,25.5,38.9,44.0,False,2.0,82.824,False,63,2024,7,Emilia Romagna Grand Prix,2024_07
OCO,Alpine,59.0,2.0,HARD,34.0,True,1,True,14.0,25.4,38.7,44.0,False,1.5,82.068,False,63,2024,7,Emilia Romagna Grand Prix,2024_07
OCO,Alpine,60.0,2.0,HARD,35.0,True,1,True,14.0,25.5,39.1,45.0,False,1.2,82.154,False,63,2024,7,Emilia Romagna Grand Prix,2024_07
OCO,Alpine,61.0,2.0,HARD,36.0,True,1,True,14.0,25.8,40.6,43.0,False,1.8,81.745,False,63,2024,7,Emilia Romagna Grand Prix,2024_07
OCO,Alpine,62.0,2.0,HARD,37.0,True,1,True,14.0,25.9,40.6,43.0,False,1.3,82.013,False,63,2024,7,Emilia Romagna Grand Prix,2024_07
ZHO,Kick Sauber,1.0,1.0,HARD,1.0,True,1,False,18.0,25.1,44.5,50.0,False,1.5,92.781,False,63,2024,7,Emilia Romagna Grand Prix,2024_07
ZHO,Kick Sauber,2.0,1.0,HARD,2.0,True,1,True,18.0,25.0,45.5,50.0,False,2.5,83.939,False,63,2024,7,Emilia Romagna Grand Prix,2024_07
ZHO,Kick Sauber,3.0,1.0,HARD,3.0,True,1,True,18.0,25.1,45.3,50.0,False,3.4,82.718,False,63,2024,7,Emilia Romagna Grand Prix,2024_07
ZHO,Kick Sauber,4.0,1.0,HARD,4.0,True,1,True,18.0,25.1,45.2,50.0,False,3.4,83.046,False,63,2024,7,Emilia Romagna Grand Prix,2024_07
ZHO,Kick Sauber,5.0,1.0,HARD,5.0,True,1,True,18.0,25.3,43.6,51.0,False,4.2,82.565,False,63,2024,7,Emilia Romagna Grand Prix,2024_07
ZHO,Kick Sauber,6.0,1.0,HARD,6.0,True,1,True,18.0,25.4,42.7,50.0,False,3.3,82.647,False,63,2024,7,Emilia Romagna Grand Prix,2024_07
ZHO,Kick Sauber,7.0,1.0,HARD,7.0,True,1,True,18.0,25.1,40.7,52.0,False,2.9,82.971,False,63,2024,7,Emilia Romagna Grand Prix,2024_07
ZHO,Kick Sauber,8.0,1.0,HARD,8.0,True,1,True,16.0,25.0,40.5,51.0,False,1.9,82.798,False,63,2024,7,Emilia Romagna Grand Prix,2024_07
ZHO,Kick Sauber,9.0,1.0,HARD,9.0,True,1,True,15.0,25.1,40.4,51.0,False,2.4,83.153,False,63,2024,7,Emilia Romagna Grand Prix,2024_07
ZHO,Kick Sauber,10.0,1.0,HARD,10.0,True,1,True,15.0,24.9,40.1,51.0,False,1.5,83.131,False,63,2024,7,Emilia Romagna Grand Prix,2024_07
ZHO,Kick Sauber,11.0,1.0,HARD,11.0,True,1,True,15.0,24.8,39.6,50.0,False,3.4,82.874,False,63,2024,7,Emilia Romagna Grand Prix,2024_07
ZHO,Kick Sauber,12.0,1.0,HARD,12.0,True,1,True,14.0,24.7,39.4,50.0,False,1.3,83.192,False,63,2024,7,Emilia Romagna Grand Prix,2024_07
ZHO,Kick Sauber,13.0,1.0,HARD,13.0,True,1,True,13.0,25.0,39.8,49.0,False,2.3,83.067,False,63,2024,7,Emilia Romagna Grand Prix,2024_07
ZHO,Kick Sauber,14.0,1.0,HARD,14.0,True,1,True,12.0,25.0,40.1,50.0,False,1.3,82.802,False,63,2024,7,Emilia Romagna Grand Prix,2024_07
ZHO,Kick Sauber,15.0,1.0,HARD,15.0,True,1,True,12.0,25.2,41.3,49.0,False,2.6,82.832,False,63,2024,7,Emilia Romagna Grand Prix,2024_07
ZHO,Kick Sauber,16.0,1.0,HARD,16.0,True,1,True,12.0,25.1,41.3,49.0,False,1.8,82.789,False,63,2024,7,Emilia Romagna Grand Prix,2024_07
ZHO,Kick Sauber,17.0,1.0,HARD,17.0,True,1,True,12.0,25.1,42.0,49.0,False,2.8,83.033,False,63,2024,7,Emilia Romagna Grand Prix,2024_07
ZHO,Kick Sauber,18.0,1.0,HARD,18.0,True,1,True,12.0,25.3,41.9,48.0,False,4.1,83.106,False,63,2024,7,Emilia Romagna Grand Prix,2024_07
ZHO,Kick Sauber,19.0,1.0,HARD,19.0,True,1,True,12.0,25.3,42.2,48.0,False,3.7,83.179,False,63,2024,7,Emilia Romagna Grand Prix,2024_07
ZHO,Kick Sauber,20.0,1.0,HARD,20.0,True,1,True,12.0,25.5,42.2,47.0,False,2.4,83.207,False,63,2024,7,Emilia Romagna Grand Prix,2024_07
ZHO,Kick Sauber,21.0,1.0,HARD,21.0,True,1,True,12.0,25.5,42.0,47.0,False,1.7,83.217,False,63,2024,7,Emilia Romagna Grand Prix,2024_07
ZHO,Kick Sauber,22.0,1.0,HARD,22.0,True,1,True,12.0,25.5,41.8,48.0,False,2.5,83.261,False,63,2024,7,Emilia Romagna Grand Prix,2024_07
ZHO,Kick Sauber,23.0,1.0,HARD,23.0,True,1,True,12.0,25.5,42.4,47.0,False,2.6,83.02,False,63,2024,7,Emilia Romagna Grand Prix,2024_07
ZHO,Kick Sauber,24.0,1.0,HARD,24.0,True,1,True,12.0,25.5,42.3,46.0,False,2.7,83.021,False,63,2024,7,Emilia Romagna Grand Prix,2024_07
ZHO,Kick Sauber,25.0,1.0,HARD,25.0,True,1,True,12.0,25.5,42.1,46.0,False,2.8,83.36,False,63,2024,7,Emilia Romagna Grand Prix,2024_07
ZHO,Kick Sauber,26.0,1.0,HARD,26.0,True,1,True,11.0,25.3,42.6,45.0,False,2.7,83.041,False,63,2024,7,Emilia Romagna Grand Prix,2024_07
ZHO,Kick Sauber,27.0,1.0,HARD,27.0,True,1,True,11.0,25.3,43.0,45.0,False,3.0,82.929,False,63,2024,7,Emilia Romagna Grand Prix,2024_07
ZHO,Kick Sauber,28.0,1.0,HARD,28.0,True,1,True,11.0,25.4,41.9,46.0,False,2.5,82.921,False,63,2024,7,Emilia Romagna Grand Prix,2024_07
ZHO,Kick Sauber,29.0,1.0,HARD,29.0,True,1,True,11.0,25.4,42.6,46.0,False,2.4,83.118,False,63,2024,7,Emilia Romagna Grand Prix,2024_07
ZHO,Kick Sauber,30.0,1.0,HARD,30.0,True,1,True,11.0,25.5,42.5,46.0,False,2.0,83.117,False,63,2024,7,Emilia Romagna Grand Prix,2024_07
ZHO,Kick Sauber,31.0,1.0,HARD,31.0,True,1,True,11.0,25.6,42.4,47.0,False,2.1,83.326,False,63,2024,7,Emilia Romagna Grand Prix,2024_07
ZHO,Kick Sauber,32.0,1.0,HARD,32.0,True,1,True,11.0,25.6,42.3,46.0,False,2.5,83.806,False,63,2024,7,Emilia Romagna Grand Prix,2024_07
ZHO,Kick Sauber,33.0,1.0,HARD,33.0,True,1,False,14.0,25.7,42.6,45.0,False,1.0,89.428,True,63,2024,7,Emilia Romagna Grand Prix,2024_07
ZHO,Kick Sauber,34.0,2.0,MEDIUM,1.0,True,1,False,17.0,25.6,42.9,45.0,False,1.8,105.17,True,63,2024,7,Emilia Romagna Grand Prix,2024_07
ZHO,Kick Sauber,35.0,2.0,MEDIUM,2.0,True,1,True,17.0,25.7,42.6,45.0,False,3.9,81.317,False,63,2024,7,Emilia Romagna Grand Prix,2024_07
ZHO,Kick Sauber,36.0,2.0,MEDIUM,3.0,True,1,True,17.0,25.7,42.1,45.0,False,2.5,83.077,False,63,2024,7,Emilia Romagna Grand Prix,2024_07
ZHO,Kick Sauber,37.0,2.0,MEDIUM,4.0,True,1,True,17.0,25.7,42.4,46.0,False,2.9,81.016,False,63,2024,7,Emilia Romagna Grand Prix,2024_07
ZHO,Kick Sauber,38.0,2.0,MEDIUM,5.0,True,1,True,16.0,25.6,42.6,45.0,False,4.3,81.549,False,63,2024,7,Emilia Romagna Grand Prix,2024_07
ZHO,Kick Sauber,39.0,2.0,MEDIUM,6.0,True,1,True,16.0,25.7,42.5,44.0,False,2.5,81.58,False,63,2024,7,Emilia Romagna Grand Prix,2024_07
ZHO,Kick Sauber,40.0,2.0,MEDIUM,7.0,True,1,True,16.0,25.8,42.0,45.0,False,2.2,81.914,False,63,2024,7,Emilia Romagna Grand Prix,2024_07
ZHO,Kick Sauber,41.0,2.0,MEDIUM,8.0,True,1,True,15.0,25.6,42.0,45.0,False,3.3,81.383,False,63,2024,7,Emilia Romagna Grand Prix,2024_07
ZHO,Kick Sauber,42.0,2.0,MEDIUM,9.0,True,1,True,15.0,25.7,41.8,44.0,False,3.7,82.007,False,63,2024,7,Emilia Romagna Grand Prix,2024_07
ZHO,Kick Sauber,43.0,2.0,MEDIUM,10.0,True,1,True,15.0,25.7,41.6,44.0,False,2.4,83.86,False,63,2024,7,Emilia Romagna Grand Prix,2024_07
ZHO,Kick Sauber,44.0,2.0,MEDIUM,11.0,True,1,True,15.0,25.8,42.1,44.0,False,2.7,81.23,False,63,2024,7,Emilia Romagna Grand Prix,2024_07
ZHO,Kick Sauber,45.0,2.0,MEDIUM,12.0,True,1,True,15.0,25.8,42.1,44.0,False,2.2,81.651,False,63,2024,7,Emilia Romagna Grand Prix,2024_07
ZHO,Kick Sauber,46.0,2.0,MEDIUM,13.0,True,1,True,15.0,25.8,41.5,44.0,False,2.6,81.675,False,63,2024,7,Emilia Romagna Grand Prix,2024_07
ZHO,Kick Sauber,47.0,2.0,MEDIUM,14.0,True,1,True,15.0,25.9,40.5,45.0,False,1.9,81.817,False,63,2024,7,Emilia Romagna Grand Prix,2024_07
ZHO,Kick Sauber,48.0,2.0,MEDIUM,15.0,True,1,True,16.0,25.6,39.7,45.0,False,2.4,84.342,False,63,2024,7,Emilia Romagna Grand Prix,2024_07
ZHO,Kick Sauber,49.0,2.0,MEDIUM,16.0,True,1,True,16.0,25.6,39.5,45.0,False,1.6,81.934,False,63,2024,7,Emilia Romagna Grand Prix,2024_07
ZHO,Kick Sauber,50.0,2.0,MEDIUM,17.0,True,1,True,16.0,25.6,39.3,45.0,False,3.1,82.488,False,63,2024,7,Emilia Romagna Grand Prix,2024_07
ZHO,Kick Sauber,51.0,2.0,MEDIUM,18.0,True,1,True,16.0,25.6,39.1,44.0,False,3.2,84.214,False,63,2024,7,Emilia Romagna Grand Prix,2024_07
ZHO,Kick Sauber,52.0,2.0,MEDIUM,19.0,True,1,True,16.0,25.5,39.1,44.0,False,1.9,82.64,False,63,2024,7,Emilia Romagna Grand Prix,2024_07
ZHO,Kick Sauber,53.0,2.0,MEDIUM,20.0,True,1,True,16.0,25.5,39.0,45.0,False,2.4,82.802,False,63,2024,7,Emilia Romagna Grand Prix,2024_07
ZHO,Kick Sauber,54.0,2.0,MEDIUM,21.0,True,1,True,16.0,25.5,39.1,45.0,False,1.9,84.084,False,63,2024,7,Emilia Romagna Grand Prix,2024_07
ZHO,Kick Sauber,55.0,2.0,MEDIUM,22.0,True,1,True,16.0,25.4,38.6,45.0,False,1.6,82.694,False,63,2024,7,Emilia Romagna Grand Prix,2024_07
ZHO,Kick Sauber,56.0,2.0,MEDIUM,23.0,True,1,True,16.0,25.4,38.9,45.0,False,1.7,82.942,False,63,2024,7,Emilia Romagna Grand Prix,2024_07
ZHO,Kick Sauber,57.0,2.0,MEDIUM,24.0,True,1,True,16.0,25.4,38.9,44.0,False,2.2,83.906,False,63,2024,7,Emilia Romagna Grand Prix,2024_07
ZHO,Kick Sauber,58.0,2.0,MEDIUM,25.0,True,1,True,16.0,25.5,38.9,44.0,False,2.0,82.975,False,63,2024,7,Emilia Romagna Grand Prix,2024_07
ZHO,Kick Sauber,59.0,2.0,MEDIUM,26.0,True,1,True,16.0,25.4,38.7,44.0,False,1.5,83.701,False,63,2024,7,Emilia Romagna Grand Prix,2024_07
ZHO,Kick Sauber,60.0,2.0,MEDIUM,27.0,True,1,True,15.0,25.5,39.1,45.0,False,1.2,81.77,False,63,2024,7,Emilia Romagna Grand Prix,2024_07
ZHO,Kick Sauber,61.0,2.0,MEDIUM,28.0,True,1,True,15.0,25.8,40.6,43.0,False,1.8,81.563,False,63,2024,7,Emilia Romagna Grand Prix,2024_07
ZHO,Kick Sauber,62.0,2.0,MEDIUM,29.0,True,1,True,15.0,25.9,40.6,43.0,False,1.3,81.489,False,63,2024,7,Emilia Romagna Grand Prix,2024_07
GAS,Alpine,1.0,1.0,SOFT,1.0,True,1,False,15.0,25.1,44.5,50.0,False,1.5,91.369,False,63,2024,7,Emilia Romagna Grand Prix,2024_07
GAS,Alpine,2.0,1.0,SOFT,2.0,True,1,True,15.0,25.0,45.5,50.0,False,2.5,83.214,False,63,2024,7,Emilia Romagna Grand Prix,2024_07
GAS,Alpine,3.0,1.0,SOFT,3.0,True,1,True,15.0,25.1,45.3,50.0,False,3.4,82.752,False,63,2024,7,Emilia Romagna Grand Prix,2024_07
GAS,Alpine,4.0,1.0,SOFT,4.0,True,1,True,15.0,25.1,45.2,50.0,False,3.4,82.706,False,63,2024,7,Emilia Romagna Grand Prix,2024_07
GAS,Alpine,5.0,1.0,SOFT,5.0,True,1,True,15.0,25.3,43.6,51.0,False,4.2,82.483,False,63,2024,7,Emilia Romagna Grand Prix,2024_07
GAS,Alpine,6.0,1.0,SOFT,6.0,True,1,True,15.0,25.4,42.7,50.0,False,3.3,82.399,False,63,2024,7,Emilia Romagna Grand Prix,2024_07
GAS,Alpine,7.0,1.0,SOFT,7.0,True,1,True,15.0,25.1,40.7,52.0,False,2.9,82.439,False,63,2024,7,Emilia Romagna Grand Prix,2024_07
GAS,Alpine,8.0,1.0,SOFT,8.0,True,1,False,18.0,25.0,40.5,51.0,False,1.9,86.945,True,63,2024,7,Emilia Romagna Grand Prix,2024_07
GAS,Alpine,9.0,2.0,HARD,1.0,True,1,False,17.0,25.1,40.4,51.0,False,2.4,105.303,True,63,2024,7,Emilia Romagna Grand Prix,2024_07
GAS,Alpine,10.0,2.0,HARD,2.0,True,1,True,17.0,24.9,40.1,51.0,False,1.5,81.371,False,63,2024,7,Emilia Romagna Grand Prix,2024_07
GAS,Alpine,11.0,2.0,HARD,3.0,True,1,True,17.0,24.8,39.6,50.0,False,3.4,81.502,False,63,2024,7,Emilia Romagna Grand Prix,2024_07
GAS,Alpine,12.0,2.0,HARD,4.0,True,1,True,17.0,24.8,39.4,49.0,False,3.4,81.906,False,63,2024,7,Emilia Romagna Grand Prix,2024_07
GAS,Alpine,13.0,2.0,HARD,5.0,True,1,True,17.0,25.0,39.8,49.0,False,2.3,82.007,False,63,2024,7,Emilia Romagna Grand Prix,2024_07
GAS,Alpine,14.0,2.0,HARD,6.0,True,1,True,17.0,25.1,41.0,49.0,False,2.4,81.839,False,63,2024,7,Emilia Romagna Grand Prix,2024_07
GAS,Alpine,15.0,2.0,HARD,7.0,True,1,True,17.0,25.2,41.3,49.0,False,2.6,81.955,False,63,2024,7,Emilia Romagna Grand Prix,2024_07
GAS,Alpine,16.0,2.0,HARD,8.0,True,1,True,17.0,25.1,41.3,49.0,False,1.8,82.152,False,63,2024,7,Emilia Romagna Grand Prix,2024_07
GAS,Alpine,17.0,2.0,HARD,9.0,True,1,True,17.0,25.1,42.0,47.0,False,2.6,82.391,False,63,2024,7,Emilia Romagna Grand Prix,2024_07
GAS,Alpine,18.0,2.0,HARD,10.0,True,1,True,17.0,25.3,41.9,48.0,False,4.1,82.419,False,63,2024,7,Emilia Romagna Grand Prix,2024_07
GAS,Alpine,19.0,2.0,HARD,11.0,True,1,True,17.0,25.3,42.2,48.0,False,3.7,82.231,False,63,2024,7,Emilia Romagna Grand Prix,2024_07
GAS,Alpine,20.0,2.0,HARD,12.0,True,1,True,17.0,25.5,42.2,47.0,False,2.4,82.233,False,63,2024,7,Emilia Romagna Grand Prix,2024_07
GAS,Alpine,21.0,2.0,HARD,13.0,True,1,True,17.0,25.5,42.0,47.0,False,1.7,82.44,False,63,2024,7,Emilia Romagna Grand Prix,2024_07
GAS,Alpine,22.0,2.0,HARD,14.0,True,1,True,17.0,25.5,42.2,48.0,False,3.0,82.296,False,63,2024,7,Emilia Romagna Grand Prix,2024_07
GAS,Alpine,23.0,2.0,HARD,15.0,True,1,True,17.0,25.5,42.4,47.0,False,2.6,82.614,False,63,2024,7,Emilia Romagna Grand Prix,2024_07
GAS,Alpine,24.0,2.0,HARD,16.0,True,1,True,17.0,25.5,42.3,46.0,False,2.7,82.518,False,63,2024,7,Emilia Romagna Grand Prix,2024_07
GAS,Alpine,25.0,2.0,HARD,17.0,True,1,True,17.0,25.4,42.2,47.0,False,2.0,82.607,False,63,2024,7,Emilia Romagna Grand Prix,2024_07
GAS,Alpine,26.0,2.0,HARD,18.0,True,1,True,16.0,25.3,42.6,45.0,False,2.7,82.757,False,63,2024,7,Emilia Romagna Grand Prix,2024_07
GAS,Alpine,27.0,2.0,HARD,19.0,True,1,True,16.0,25.3,43.0,45.0,False,3.0,82.721,False,63,2024,7,Emilia Romagna Grand Prix,2024_07
GAS,Alpine,28.0,2.0,HARD,20.0,True,1,True,16.0,25.4,41.9,46.0,False,2.5,83.109,False,63,2024,7,Emilia Romagna Grand Prix,2024_07
GAS,Alpine,29.0,2.0,HARD,21.0,True,1,True,16.0,25.4,42.6,46.0,False,2.4,83.551,False,63,2024,7,Emilia Romagna Grand Prix,2024_07
GAS,Alpine,30.0,2.0,HARD,22.0,True,1,False,17.0,25.5,42.4,46.0,False,2.1,87.963,True,63,2024,7,Emilia Romagna Grand Prix,2024_07
GAS,Alpine,31.0,3.0,MEDIUM,1.0,True,1,False,19.0,25.6,42.4,47.0,False,2.1,104.669,True,63,2024,7,Emilia Romagna Grand Prix,2024_07
GAS,Alpine,32.0,3.0,MEDIUM,2.0,True,1,True,18.0,25.7,42.5,46.0,False,2.4,81.407,False,63,2024,7,Emilia Romagna Grand Prix,2024_07
GAS,Alpine,33.0,3.0,MEDIUM,3.0,True,1,True,18.0,25.7,42.6,45.0,False,1.0,81.633,False,63,2024,7,Emilia Romagna Grand Prix,2024_07
GAS,Alpine,34.0,3.0,MEDIUM,4.0,True,1,True,18.0,25.6,42.9,45.0,False,1.8,81.706,False,63,2024,7,Emilia Romagna Grand Prix,2024_07
GAS,Alpine,35.0,3.0,MEDIUM,5.0,True,1,True,18.0,25.7,42.6,45.0,False,3.9,83.386,False,63,2024,7,Emilia Romagna Grand Prix,2024_07
GAS,Alpine,36.0,3.0,MEDIUM,6.0,True,1,True,18.0,25.7,42.1,45.0,False,2.5,81.485,False,63,2024,7,Emilia Romagna Grand Prix,2024_07
GAS,Alpine,37.0,3.0,MEDIUM,7.0,True,1,True,18.0,25.7,42.4,46.0,False,2.9,81.658,False,63,2024,7,Emilia Romagna Grand Prix,2024_07
GAS,Alpine,38.0,3.0,MEDIUM,8.0,True,1,True,18.0,25.6,42.6,45.0,False,4.3,81.667,False,63,2024,7,Emilia Romagna Grand Prix,2024_07
GAS,Alpine,39.0,3.0,MEDIUM,9.0,True,1,True,18.0,25.7,42.5,44.0,False,2.5,81.622,False,63,2024,7,Emilia Romagna Grand Prix,2024_07
GAS,Alpine,40.0,3.0,MEDIUM,10.0,True,1,True,18.0,25.8,42.0,45.0,False,2.2,83.459,False,63,2024,7,Emilia Romagna Grand Prix,2024_07
GAS,Alpine,41.0,3.0,MEDIUM,11.0,True,1,True,17.0,25.6,42.0,45.0,False,3.3,83.03,False,63,2024,7,Emilia Romagna Grand Prix,2024_07
GAS,Alpine,42.0,3.0,MEDIUM,12.0,True,1,True,17.0,25.7,41.8,44.0,False,3.7,83.721,False,63,2024,7,Emilia Romagna Grand Prix,2024_07
GAS,Alpine,43.0,3.0,MEDIUM,13.0,True,1,True,17.0,25.7,41.6,44.0,False,2.4,81.633,False,63,2024,7,Emilia Romagna Grand Prix,2024_07
GAS,Alpine,44.0,3.0,MEDIUM,14.0,True,1,True,17.0,25.8,42.1,44.0,False,2.7,81.908,False,63,2024,7,Emilia Romagna Grand Prix,2024_07
GAS,Alpine,45.0,3.0,MEDIUM,15.0,True,1,True,17.0,25.8,42.0,44.0,False,1.5,83.463,False,63,2024,7,Emilia Romagna Grand Prix,2024_07
GAS,Alpine,46.0,3.0,MEDIUM,16.0,True,1,True,17.0,25.8,41.5,44.0,False,2.6,82.874,False,63,2024,7,Emilia Romagna Grand Prix,2024_07
GAS,Alpine,47.0,3.0,MEDIUM,17.0,True,1,True,17.0,25.9,40.5,45.0,False,1.9,82.242,False,63,2024,7,Emilia Romagna Grand Prix,2024_07
GAS,Alpine,48.0,3.0,MEDIUM,18.0,True,1,True,17.0,25.6,39.7,45.0,False,2.4,81.85,False,63,2024,7,Emilia Romagna Grand Prix,2024_07
GAS,Alpine,49.0,3.0,MEDIUM,19.0,True,1,True,17.0,25.6,39.5,45.0,False,1.6,81.981,False,63,2024,7,Emilia Romagna Grand Prix,2024_07
GAS,Alpine,50.0,3.0,MEDIUM,20.0,True,1,True,17.0,25.6,39.3,45.0,False,3.1,81.905,False,63,2024,7,Emilia Romagna Grand Prix,2024_07
GAS,Alpine,51.0,3.0,MEDIUM,21.0,True,1,True,17.0,25.6,39.1,44.0,False,3.2,82.176,False,63,2024,7,Emilia Romagna Grand Prix,2024_07
GAS,Alpine,52.0,3.0,MEDIUM,22.0,True,1,True,17.0,25.5,39.1,44.0,False,1.9,82.187,False,63,2024,7,Emilia Romagna Grand Prix,2024_07
GAS,Alpine,53.0,3.0,MEDIUM,23.0,True,1,True,17.0,25.5,39.4,45.0,False,3.1,81.945,False,63,2024,7,Emilia Romagna Grand Prix,2024_07
GAS,Alpine,54.0,3.0,MEDIUM,24.0,True,1,True,17.0,25.5,39.1,45.0,False,1.9,82.249,False,63,2024,7,Emilia Romagna Grand Prix,2024_07
GAS,Alpine,55.0,3.0,MEDIUM,25.0,True,1,True,17.0,25.4,38.6,45.0,False,1.6,82.53,False,63,2024,7,Emilia Romagna Grand Prix,2024_07
GAS,Alpine,56.0,3.0,MEDIUM,26.0,True,1,True,17.0,25.4,38.9,45.0,False,1.7,83.8,False,63,2024,7,Emilia Romagna Grand Prix,2024_07
GAS,Alpine,57.0,3.0,MEDIUM,27.0,True,1,True,17.0,25.4,38.9,44.0,False,2.2,82.959,False,63,2024,7,Emilia Romagna Grand Prix,2024_07
GAS,Alpine,58.0,3.0,MEDIUM,28.0,True,1,True,17.0,25.5,38.9,44.0,False,2.0,83.004,False,63,2024,7,Emilia Romagna Grand Prix,2024_07
GAS,Alpine,59.0,3.0,MEDIUM,29.0,True,1,True,17.0,25.4,38.7,44.0,False,1.5,83.449,False,63,2024,7,Emilia Romagna Grand Prix,2024_07
GAS,Alpine,60.0,3.0,MEDIUM,30.0,True,1,True,17.0,25.5,39.1,45.0,False,1.2,84.01,False,63,2024,7,Emilia Romagna Grand Prix,2024_07
GAS,Alpine,61.0,3.0,MEDIUM,31.0,True,1,True,16.0,25.8,40.6,43.0,False,1.8,83.355,False,63,2024,7,Emilia Romagna Grand Prix,2024_07
GAS,Alpine,62.0,3.0,MEDIUM,32.0,True,1,True,16.0,25.9,40.6,43.0,False,1.3,81.812,False,63,2024,7,Emilia Romagna Grand Prix,2024_07
SAR,Williams,1.0,1.0,HARD,1.0,True,1,False,19.0,25.1,44.5,50.0,False,1.5,93.076,False,63,2024,7,Emilia Romagna Grand Prix,2024_07
SAR,Williams,2.0,1.0,HARD,2.0,True,1,True,19.0,25.0,45.5,50.0,False,2.5,84.242,False,63,2024,7,Emilia Romagna Grand Prix,2024_07
SAR,Williams,3.0,1.0,HARD,3.0,True,1,True,19.0,25.1,45.3,50.0,False,3.4,82.784,False,63,2024,7,Emilia Romagna Grand Prix,2024_07
SAR,Williams,4.0,1.0,HARD,4.0,True,1,True,19.0,25.1,45.2,50.0,False,3.4,82.99,False,63,2024,7,Emilia Romagna Grand Prix,2024_07
SAR,Williams,5.0,1.0,HARD,5.0,True,1,True,19.0,25.3,43.6,51.0,False,4.2,82.702,False,63,2024,7,Emilia Romagna Grand Prix,2024_07
SAR,Williams,6.0,1.0,HARD,6.0,True,1,True,19.0,25.4,42.7,50.0,False,3.3,82.755,False,63,2024,7,Emilia Romagna Grand Prix,2024_07
SAR,Williams,7.0,1.0,HARD,7.0,True,1,True,19.0,25.1,40.7,52.0,False,2.9,82.978,False,63,2024,7,Emilia Romagna Grand Prix,2024_07
SAR,Williams,8.0,1.0,HARD,8.0,True,1,True,17.0,25.0,40.5,51.0,False,1.9,82.776,False,63,2024,7,Emilia Romagna Grand Prix,2024_07
SAR,Williams,9.0,1.0,HARD,9.0,True,1,True,16.0,25.1,40.4,51.0,False,2.4,83.268,False,63,2024,7,Emilia Romagna Grand Prix,2024_07
SAR,Williams,10.0,1.0,HARD,10.0,True,1,True,16.0,24.9,40.1,51.0,False,1.5,83.239,False,63,2024,7,Emilia Romagna Grand Prix,2024_07
SAR,Williams,11.0,1.0,HARD,11.0,True,1,True,16.0,24.8,39.6,50.0,False,3.4,83.211,False,63,2024,7,Emilia Romagna Grand Prix,2024_07
SAR,Williams,12.0,1.0,HARD,12.0,True,1,True,15.0,24.8,39.4,49.0,False,3.4,83.349,False,63,2024,7,Emilia Romagna Grand Prix,2024_07
SAR,Williams,13.0,1.0,HARD,13.0,True,1,True,14.0,25.0,39.8,49.0,False,2.3,83.581,False,63,2024,7,Emilia Romagna Grand Prix,2024_07
SAR,Williams,14.0,1.0,HARD,14.0,True,1,True,13.0,25.0,40.1,50.0,False,1.3,83.012,False,63,2024,7,Emilia Romagna Grand Prix,2024_07
SAR,Williams,15.0,1.0,HARD,15.0,True,1,True,13.0,25.2,41.3,49.0,False,2.6,83.038,False,63,2024,7,Emilia Romagna Grand Prix,2024_07
SAR,Williams,16.0,1.0,HARD,16.0,True,1,True,13.0,25.1,41.3,49.0,False,1.8,82.939,False,63,2024,7,Emilia Romagna Grand Prix,2024_07
SAR,Williams,17.0,1.0,HARD,17.0,True,1,True,13.0,25.1,42.0,49.0,False,2.8,83.151,False,63,2024,7,Emilia Romagna Grand Prix,2024_07
SAR,Williams,18.0,1.0,HARD,18.0,True,1,True,13.0,25.3,41.9,48.0,False,4.1,83.363,False,63,2024,7,Emilia Romagna Grand Prix,2024_07
SAR,Williams,19.0,1.0,HARD,19.0,True,1,True,13.0,25.3,42.2,48.0,False,3.7,83.471,False,63,2024,7,Emilia Romagna Grand Prix,2024_07
SAR,Williams,20.0,1.0,HARD,20.0,True,1,True,13.0,25.5,42.2,47.0,False,2.4,83.171,False,63,2024,7,Emilia Romagna Grand Prix,2024_07
SAR,Williams,21.0,1.0,HARD,21.0,True,1,True,13.0,25.5,42.0,47.0,False,1.7,83.255,False,63,2024,7,Emilia Romagna Grand Prix,2024_07
SAR,Williams,22.0,1.0,HARD,22.0,True,1,True,13.0,25.5,41.8,48.0,False,2.5,83.287,False,63,2024,7,Emilia Romagna Grand Prix,2024_07
SAR,Williams,23.0,1.0,HARD,23.0,True,1,True,13.0,25.5,42.4,47.0,False,2.6,82.953,False,63,2024,7,Emilia Romagna Grand Prix,2024_07
SAR,Williams,24.0,1.0,HARD,24.0,True,1,True,13.0,25.5,42.3,46.0,False,2.7,82.987,False,63,2024,7,Emilia Romagna Grand Prix,2024_07
SAR,Williams,25.0,1.0,HARD,25.0,True,1,True,13.0,25.4,42.2,47.0,False,2.0,83.248,False,63,2024,7,Emilia Romagna Grand Prix,2024_07
SAR,Williams,26.0,1.0,HARD,26.0,True,1,True,14.0,25.3,42.6,45.0,False,2.7,85.354,False,63,2024,7,Emilia Romagna Grand Prix,2024_07
SAR,Williams,27.0,1.0,HARD,27.0,True,1,True,14.0,25.3,43.0,45.0,False,3.0,83.498,False,63,2024,7,Emilia Romagna Grand Prix,2024_07
SAR,Williams,28.0,1.0,HARD,28.0,True,1,True,14.0,25.4,41.9,46.0,False,2.5,83.234,False,63,2024,7,Emilia Romagna Grand Prix,2024_07
SAR,Williams,29.0,1.0,HARD,29.0,True,1,True,14.0,25.4,42.6,46.0,False,2.4,83.436,False,63,2024,7,Emilia Romagna Grand Prix,2024_07
SAR,Williams,30.0,1.0,HARD,30.0,True,1,True,14.0,25.5,42.4,46.0,False,2.1,84.026,False,63,2024,7,Emilia Romagna Grand Prix,2024_07
SAR,Williams,31.0,1.0,HARD,31.0,True,1,False,16.0,25.6,42.4,47.0,False,2.1,88.215,True,63,2024,7,Emilia Romagna Grand Prix,2024_07
SAR,Williams,32.0,2.0,MEDIUM,1.0,True,1,False,19.0,25.6,42.3,46.0,False,2.5,108.212,True,63,2024,7,Emilia Romagna Grand Prix,2024_07
SAR,Williams,33.0,2.0,MEDIUM,2.0,True,1,True,19.0,25.7,42.6,45.0,False,1.0,81.46,False,63,2024,7,Emilia Romagna Grand Prix,2024_07
SAR,Williams,34.0,2.0,MEDIUM,3.0,True,1,True,19.0,25.6,42.6,44.0,False,4.2,81.607,False,63,2024,7,Emilia Romagna Grand Prix,2024_07
SAR,Williams,35.0,2.0,MEDIUM,4.0,True,1,True,19.0,25.7,42.6,45.0,False,3.9,81.561,False,63,2024,7,Emilia Romagna Grand Prix,2024_07
SAR,Williams,36.0,2.0,MEDIUM,5.0,True,1,True,19.0,25.7,42.1,45.0,False,2.5,81.629,False,63,2024,7,Emilia Romagna Grand Prix,2024_07
SAR,Williams,37.0,2.0,MEDIUM,6.0,True,1,True,19.0,25.7,42.4,46.0,False,2.9,82.964,False,63,2024,7,Emilia Romagna Grand Prix,2024_07
SAR,Williams,38.0,2.0,MEDIUM,7.0,True,1,True,19.0,25.6,42.6,45.0,False,4.3,83.089,False,63,2024,7,Emilia Romagna Grand Prix,2024_07
SAR,Williams,39.0,2.0,MEDIUM,8.0,True,1,True,19.0,25.7,42.5,44.0,False,2.5,83.085,False,63,2024,7,Emilia Romagna Grand Prix,2024_07
SAR,Williams,40.0,2.0,MEDIUM,9.0,True,1,True,19.0,25.8,42.0,45.0,False,2.2,81.335,False,63,2024,7,Emilia Romagna Grand Prix,2024_07
SAR,Williams,41.0,2.0,MEDIUM,10.0,True,1,True,18.0,25.6,42.0,45.0,False,3.3,81.504,False,63,2024,7,Emilia Romagna Grand Prix,2024_07
SAR,Williams,42.0,2.0,MEDIUM,11.0,True,1,True,18.0,25.7,41.8,44.0,False,3.7,81.496,False,63,2024,7,Emilia Romagna Grand Prix,2024_07
SAR,Williams,43.0,2.0,MEDIUM,12.0,True,1,True,18.0,25.7,41.6,44.0,False,2.4,81.857,False,63,2024,7,Emilia Romagna Grand Prix,2024_07
SAR,Williams,44.0,2.0,MEDIUM,13.0,True,1,True,18.0,25.8,42.1,44.0,False,2.7,83.923,False,63,2024,7,Emilia Romagna Grand Prix,2024_07
SAR,Williams,45.0,2.0,MEDIUM,14.0,True,1,True,18.0,25.8,42.0,44.0,False,1.5,82.435,False,63,2024,7,Emilia Romagna Grand Prix,2024_07
SAR,Williams,46.0,2.0,MEDIUM,15.0,True,1,True,18.0,25.8,41.5,44.0,False,2.6,82.333,False,63,2024,7,Emilia Romagna Grand Prix,2024_07
SAR,Williams,47.0,2.0,MEDIUM,16.0,True,1,True,18.0,25.9,40.5,45.0,False,1.9,82.308,False,63,2024,7,Emilia Romagna Grand Prix,2024_07
SAR,Williams,48.0,2.0,MEDIUM,17.0,True,1,True,18.0,25.6,39.7,45.0,False,2.4,82.186,False,63,2024,7,Emilia Romagna Grand Prix,2024_07
SAR,Williams,49.0,2.0,MEDIUM,18.0,True,1,True,18.0,25.6,39.5,45.0,False,1.6,83.806,False,63,2024,7,Emilia Romagna Grand Prix,2024_07
SAR,Williams,50.0,2.0,MEDIUM,19.0,True,1,True,18.0,25.6,39.1,44.0,False,3.2,82.079,False,63,2024,7,Emilia Romagna Grand Prix,2024_07
SAR,Williams,51.0,2.0,MEDIUM,20.0,True,1,True,18.0,25.6,39.1,44.0,False,3.2,82.157,False,63,2024,7,Emilia Romagna Grand Prix,2024_07
SAR,Williams,52.0,2.0,MEDIUM,21.0,True,1,True,19.0,25.5,39.1,44.0,False,1.9,84.123,False,63,2024,7,Emilia Romagna Grand Prix,2024_07
SAR,Williams,53.0,2.0,MEDIUM,22.0,True,1,True,19.0,25.5,39.4,45.0,False,3.1,81.502,False,63,2024,7,Emilia Romagna Grand Prix,2024_07
SAR,Williams,54.0,2.0,MEDIUM,23.0,True,1,True,19.0,25.5,39.1,45.0,False,1.9,81.41,False,63,2024,7,Emilia Romagna Grand Prix,2024_07
SAR,Williams,55.0,2.0,MEDIUM,24.0,True,1,True,19.0,25.4,38.6,45.0,False,1.6,81.229,False,63,2024,7,Emilia Romagna Grand Prix,2024_07
SAR,Williams,56.0,2.0,MEDIUM,25.0,True,1,True,19.0,25.4,38.9,45.0,False,1.7,81.883,False,63,2024,7,Emilia Romagna Grand Prix,2024_07
SAR,Williams,57.0,2.0,MEDIUM,26.0,True,1,True,19.0,25.4,38.9,44.0,False,2.2,82.671,False,63,2024,7,Emilia Romagna Grand Prix,2024_07
SAR,Williams,58.0,2.0,MEDIUM,27.0,True,1,True,19.0,25.5,38.9,44.0,False,2.0,82.915,False,63,2024,7,Emilia Romagna Grand Prix,2024_07
SAR,Williams,59.0,2.0,MEDIUM,28.0,True,1,True,18.0,25.4,38.7,44.0,False,1.5,83.522,False,63,2024,7,Emilia Romagna Grand Prix,2024_07
SAR,Williams,60.0,2.0,MEDIUM,29.0,True,1,True,18.0,25.5,39.1,45.0,False,1.2,83.767,False,63,2024,7,Emilia Romagna Grand Prix,2024_07
SAR,Williams,61.0,2.0,MEDIUM,30.0,True,1,True,17.0,25.8,40.6,43.0,False,1.8,84.394,False,63,2024,7,Emilia Romagna Grand Prix,2024_07
SAR,Williams,62.0,2.0,MEDIUM,31.0,True,1,True,17.0,25.9,40.6,43.0,False,1.3,81.272,False,63,2024,7,Emilia Romagna Grand Prix,2024_07
BOT,Kick Sauber,1.0,1.0,MEDIUM,1.0,True,1,False,17.0,25.1,44.5,50.0,False,1.5,92.273,False,63,2024,7,Emilia Romagna Grand Prix,2024_07
BOT,Kick Sauber,2.0,1.0,MEDIUM,2.0,True,1,True,17.0,25.0,45.5,50.0,False,2.5,83.624,False,63,2024,7,Emilia Romagna Grand Prix,2024_07
BOT,Kick Sauber,3.0,1.0,MEDIUM,3.0,True,1,True,17.0,25.1,45.3,50.0,False,3.4,82.762,False,63,2024,7,Emilia Romagna Grand Prix,2024_07
BOT,Kick Sauber,4.0,1.0,MEDIUM,4.0,True,1,True,17.0,25.1,45.2,50.0,False,3.4,82.786,False,63,2024,7,Emilia Romagna Grand Prix,2024_07
BOT,Kick Sauber,5.0,1.0,MEDIUM,5.0,True,1,True,17.0,25.3,43.6,51.0,False,4.2,82.794,False,63,2024,7,Emilia Romagna Grand Prix,2024_07
BOT,Kick Sauber,6.0,1.0,MEDIUM,6.0,True,1,True,17.0,25.4,42.7,50.0,False,3.3,82.415,False,63,2024,7,Emilia Romagna Grand Prix,2024_07
BOT,Kick Sauber,7.0,1.0,MEDIUM,7.0,True,1,True,17.0,25.1,40.7,52.0,False,2.9,82.568,False,63,2024,7,Emilia Romagna Grand Prix,2024_07
BOT,Kick Sauber,8.0,1.0,MEDIUM,8.0,True,1,False,19.0,25.0,40.5,51.0,False,1.9,87.265,True,63,2024,7,Emilia Romagna Grand Prix,2024_07
BOT,Kick Sauber,9.0,2.0,HARD,1.0,True,1,False,18.0,25.1,40.4,51.0,False,2.4,105.836,True,63,2024,7,Emilia Romagna Grand Prix,2024_07
BOT,Kick Sauber,10.0,2.0,HARD,2.0,True,1,True,18.0,24.9,40.1,51.0,False,1.5,81.529,False,63,2024,7,Emilia Romagna Grand Prix,2024_07
BOT,Kick Sauber,11.0,2.0,HARD,3.0,True,1,True,18.0,24.7,39.4,50.0,False,1.3,81.455,False,63,2024,7,Emilia Romagna Grand Prix,2024_07
BOT,Kick Sauber,12.0,2.0,HARD,4.0,True,1,True,18.0,24.8,39.4,49.0,False,3.4,81.971,False,63,2024,7,Emilia Romagna Grand Prix,2024_07
BOT,Kick Sauber,13.0,2.0,HARD,5.0,True,1,True,18.0,25.0,39.8,49.0,False,2.3,81.605,False,63,2024,7,Emilia Romagna Grand Prix,2024_07
BOT,Kick Sauber,14.0,2.0,HARD,6.0,True,1,True,18.0,25.1,41.0,49.0,False,2.4,81.732,False,63,2024,7,Emilia Romagna Grand Prix,2024_07
BOT,Kick Sauber,15.0,2.0,HARD,7.0,True,1,True,18.0,25.2,41.3,49.0,False,2.6,81.982,False,63,2024,7,Emilia Romagna Grand Prix,2024_07
BOT,Kick Sauber,16.0,2.0,HARD,8.0,True,1,True,18.0,25.1,41.3,49.0,False,1.8,81.896,False,63,2024,7,Emilia Romagna Grand Prix,2024_07
BOT,Kick Sauber,17.0,2.0,HARD,9.0,True,1,True,18.0,25.1,42.0,47.0,False,2.6,82.468,False,63,2024,7,Emilia Romagna Grand Prix,2024_07
BOT,Kick Sauber,18.0,2.0,HARD,10.0,True,1,True,18.0,25.3,41.9,48.0,False,4.1,82.36,False,63,2024,7,Emilia Romagna Grand Prix,2024_07
BOT,Kick Sauber,19.0,2.0,HARD,11.0,True,1,True,18.0,25.3,42.2,48.0,False,3.7,82.283,False,63,2024,7,Emilia Romagna Grand Prix,2024_07
BOT,Kick Sauber,20.0,2.0,HARD,12.0,True,1,True,18.0,25.5,42.2,47.0,False,2.4,82.239,False,63,2024,7,Emilia Romagna Grand Prix,2024_07
BOT,Kick Sauber,21.0,2.0,HARD,13.0,True,1,True,18.0,25.5,42.0,47.0,False,1.7,82.231,False,63,2024,7,Emilia Romagna Grand Prix,2024_07
BOT,Kick Sauber,22.0,2.0,HARD,14.0,True,1,True,18.0,25.5,42.2,48.0,False,3.0,82.436,False,63,2024,7,Emilia Romagna Grand Prix,2024_07
BOT,Kick Sauber,23.0,2.0,HARD,15.0,True,1,True,18.0,25.5,42.4,47.0,False,2.6,82.334,False,63,2024,7,Emilia Romagna Grand Prix,2024_07
BOT,Kick Sauber,24.0,2.0,HARD,16.0,True,1,True,18.0,25.5,42.3,46.0,False,2.7,82.589,False,63,2024,7,Emilia Romagna Grand Prix,2024_07
BOT,Kick Sauber,25.0,2.0,HARD,17.0,True,1,True,18.0,25.4,42.2,47.0,False,2.0,82.605,False,63,2024,7,Emilia Romagna Grand Prix,2024_07
BOT,Kick Sauber,26.0,2.0,HARD,18.0,True,1,True,17.0,25.3,42.6,45.0,False,2.7,82.655,False,63,2024,7,Emilia Romagna Grand Prix,2024_07
BOT,Kick Sauber,27.0,2.0,HARD,19.0,True,1,True,17.0,25.3,43.0,45.0,False,3.0,82.583,False,63,2024,7,Emilia Romagna Grand Prix,2024_07
BOT,Kick Sauber,28.0,2.0,HARD,20.0,True,1,True,17.0,25.4,41.9,46.0,False,2.5,82.969,False,63,2024,7,Emilia Romagna Grand Prix,2024_07
BOT,Kick Sauber,29.0,2.0,HARD,21.0,True,1,True,17.0,25.4,42.6,46.0,False,2.4,83.139,False,63,2024,7,Emilia Romagna Grand Prix,2024_07
BOT,Kick Sauber,30.0,2.0,HARD,22.0,True,1,True,16.0,25.5,42.4,46.0,False,2.1,83.276,False,63,2024,7,Emilia Romagna Grand Prix,2024_07
BOT,Kick Sauber,31.0,2.0,HARD,23.0,True,1,True,15.0,25.6,42.4,47.0,False,2.1,82.862,False,63,2024,7,Emilia Romagna Grand Prix,2024_07
BOT,Kick Sauber,32.0,2.0,HARD,24.0,True,1,True,15.0,25.6,42.3,46.0,False,2.5,82.673,False,63,2024,7,Emilia Romagna Grand Prix,2024_07
BOT,Kick Sauber,33.0,2.0,HARD,25.0,True,1,True,15.0,25.7,42.6,45.0,False,1.0,83.028,False,63,2024,7,Emilia Romagna Grand Prix,2024_07
BOT,Kick Sauber,34.0,2.0,HARD,26.0,True,1,True,14.0,25.6,42.9,45.0,False,1.8,82.761,False,63,2024,7,Emilia Romagna Grand Prix,2024_07
BOT,Kick Sauber,35.0,2.0,HARD,27.0,True,1,True,14.0,25.6,42.6,44.0,False,4.2,82.683,False,63,2024,7,Emilia Romagna Grand Prix,2024_07
BOT,Kick Sauber,36.0,2.0,HARD,28.0,True,1,True,14.0,25.7,42.1,45.0,False,2.5,82.756,False,63,2024,7,Emilia Romagna Grand Prix,2024_07
BOT,Kick Sauber,37.0,2.0,HARD,29.0,True,1,True,14.0,25.8,42.3,45.0,False,2.1,82.718,False,63,2024,7,Emilia Romagna Grand Prix,2024_07
BOT,Kick Sauber,38.0,2.0,HARD,30.0,True,1,True,12.0,25.6,42.6,45.0,False,4.3,82.62,False,63,2024,7,Emilia Romagna Grand Prix,2024_07
BOT,Kick Sauber,39.0,2.0,HARD,31.0,True,1,True,12.0,25.7,42.5,44.0,False,2.5,82.823,False,63,2024,7,Emilia Romagna Grand Prix,2024_07
BOT,Kick Sauber,40.0,2.0,HARD,32.0,True,1,True,13.0,25.8,42.0,44.0,False,2.1,83.805,False,63,2024,7,Emilia Romagna Grand Prix,2024_07
BOT,Kick Sauber,41.0,2.0,HARD,33.0,True,1,True,13.0,25.6,42.0,45.0,False,3.3,82.798,False,63,2024,7,Emilia Romagna Grand Prix,2024_07
BOT,Kick Sauber,42.0,2.0,HARD,34.0,True,1,True,13.0,25.7,41.8,44.0,False,3.7,82.709,False,63,2024,7,Emilia Romagna Grand Prix,2024_07
BOT,Kick Sauber,43.0,2.0,HARD,35.0,True,1,True,13.0,25.7,41.6,44.0,False,2.4,82.686,False,63,2024,7,Emilia Romagna Grand Prix,2024_07
BOT,Kick Sauber,44.0,2.0,HARD,36.0,True,1,True,13.0,25.8,42.1,44.0,False,2.7,82.681,False,63,2024,7,Emilia Romagna Grand Prix,2024_07
BOT,Kick Sauber,45.0,2.0,HARD,37.0,True,1,True,13.0,25.8,42.1,44.0,False,2.2,84.419,False,63,2024,7,Emilia Romagna Grand Prix,2024_07
BOT,Kick Sauber,46.0,2.0,HARD,38.0,True,1,True,13.0,25.8,41.5,44.0,False,2.6,83.857,False,63,2024,7,Emilia Romagna Grand Prix,2024_07
BOT,Kick Sauber,47.0,2.0,HARD,39.0,True,1,True,13.0,25.9,40.5,45.0,False,1.9,85.739,False,63,2024,7,Emilia Romagna Grand Prix,2024_07
BOT,Kick Sauber,48.0,2.0,HARD,40.0,True,1,True,13.0,25.6,39.7,45.0,False,2.4,82.396,False,63,2024,7,Emilia Romagna Grand Prix,2024_07
BOT,Kick Sauber,49.0,2.0,HARD,41.0,True,1,True,13.0,25.6,39.5,45.0,False,1.6,82.636,False,63,2024,7,Emilia Romagna Grand Prix,2024_07
BOT,Kick Sauber,50.0,2.0,HARD,42.0,True,1,True,13.0,25.6,39.3,45.0,False,3.1,83.889,False,63,2024,7,Emilia Romagna Grand Prix,2024_07
BOT,Kick Sauber,51.0,2.0,HARD,43.0,True,1,True,14.0,25.6,39.1,44.0,False,3.2,83.709,False,63,2024,7,Emilia Romagna Grand Prix,2024_07
BOT,Kick Sauber,52.0,2.0,HARD,44.0,True,1,True,14.0,25.5,39.1,44.0,False,1.9,84.074,False,63,2024,7,Emilia Romagna Grand Prix,2024_07
BOT,Kick Sauber,53.0,2.0,HARD,45.0,True,1,True,14.0,25.5,39.0,45.0,False,2.4,82.947,False,63,2024,7,Emilia Romagna Grand Prix,2024_07
BOT,Kick Sauber,54.0,2.0,HARD,46.0,True,1,True,14.0,25.5,39.1,45.0,False,1.9,83.616,False,63,2024,7,Emilia Romagna Grand Prix,2024_07
BOT,Kick Sauber,55.0,2.0,HARD,47.0,True,1,True,14.0,25.4,38.6,45.0,False,1.6,83.01,False,63,2024,7,Emilia Romagna Grand Prix,2024_07
BOT,Kick Sauber,56.0,2.0,HARD,48.0,True,1,True,14.0,25.4,38.9,45.0,False,1.7,82.917,False,63,2024,7,Emilia Romagna Grand Prix,2024_07
BOT,Kick Sauber,57.0,2.0,HARD,49.0,True,1,True,14.0,25.4,38.9,44.0,False,2.2,84.466,False,63,2024,7,Emilia Romagna Grand Prix,2024_07
BOT,Kick Sauber,58.0,2.0,HARD,50.0,True,1,True,14.0,25.5,38.9,44.0,False,2.0,82.528,False,63,2024,7,Emilia Romagna Grand Prix,2024_07
BOT,Kick Sauber,59.0,2.0,HARD,51.0,True,1,True,15.0,25.4,38.7,44.0,False,1.5,84.53,False,63,2024,7,Emilia Romagna Grand Prix,2024_07
BOT,Kick Sauber,60.0,2.0,HARD,52.0,True,1,True,16.0,25.5,39.1,45.0,False,1.2,84.449,False,63,2024,7,Emilia Romagna Grand Prix,2024_07
BOT,Kick Sauber,61.0,2.0,HARD,53.0,True,1,True,18.0,25.8,40.6,43.0,False,1.8,86.165,False,63,2024,7,Emilia Romagna Grand Prix,2024_07
BOT,Kick Sauber,62.0,2.0,HARD,54.0,True,1,True,18.0,25.9,40.6,43.0,False,1.3,85.985,False,63,2024,7,Emilia Romagna Grand Prix,2024_07
ALO,Aston Martin,1.0,1.0,SOFT,1.0,True,1,False,20.0,25.1,44.5,50.0,False,1.5,93.648,True,63,2024,7,Emilia Romagna Grand Prix,2024_07
ALO,Aston Martin,2.0,1.0,SOFT,2.0,True,1,True,20.0,25.0,45.5,50.0,False,2.5,84.186,False,63,2024,7,Emilia Romagna Grand Prix,2024_07
ALO,Aston Martin,3.0,1.0,SOFT,3.0,True,1,True,20.0,25.1,45.3,50.0,False,3.4,83.009,False,63,2024,7,Emilia Romagna Grand Prix,2024_07
ALO,Aston Martin,4.0,1.0,SOFT,4.0,True,1,True,20.0,25.1,45.2,50.0,False,3.4,83.071,False,63,2024,7,Emilia Romagna Grand Prix,2024_07
ALO,Aston Martin,5.0,1.0,SOFT,5.0,True,1,True,20.0,25.3,43.6,51.0,False,4.2,82.698,False,63,2024,7,Emilia Romagna Grand Prix,2024_07
ALO,Aston Martin,6.0,1.0,SOFT,6.0,True,1,True,20.0,25.4,42.7,50.0,False,3.3,82.762,False,63,2024,7,Emilia Romagna Grand Prix,2024_07
ALO,Aston Martin,7.0,1.0,SOFT,7.0,True,1,False,20.0,25.1,40.7,52.0,False,2.9,87.448,True,63,2024,7,Emilia Romagna Grand Prix,2024_07
ALO,Aston Martin,8.0,2.0,HARD,2.0,False,1,False,20.0,25.0,40.5,51.0,False,1.9,105.88,True,63,2024,7,Emilia Romagna Grand Prix,2024_07
ALO,Aston Martin,9.0,2.0,HARD,3.0,False,1,True,19.0,24.9,40.1,51.0,False,2.5,81.716,False,63,2024,7,Emilia Romagna Grand Prix,2024_07
ALO,Aston Martin,10.0,2.0,HARD,4.0,False,1,True,19.0,24.9,40.1,51.0,False,1.5,81.492,False,63,2024,7,Emilia Romagna Grand Prix,2024_07
ALO,Aston Martin,11.0,2.0,HARD,5.0,False,1,True,19.0,24.7,39.4,50.0,False,1.3,81.68,False,63,2024,7,Emilia Romagna Grand Prix,2024_07
ALO,Aston Martin,12.0,2.0,HARD,6.0,False,1,True,19.0,24.8,39.4,49.0,False,3.4,81.728,False,63,2024,7,Emilia Romagna Grand Prix,2024_07
ALO,Aston Martin,13.0,2.0,HARD,7.0,False,1,True,19.0,25.0,39.8,49.0,False,2.3,81.644,False,63,2024,7,Emilia Romagna Grand Prix,2024_07
ALO,Aston Martin,14.0,2.0,HARD,8.0,False,1,True,19.0,25.1,41.0,49.0,False,2.4,81.69,False,63,2024,7,Emilia Romagna Grand Prix,2024_07
ALO,Aston Martin,15.0,2.0,HARD,9.0,False,1,True,19.0,25.2,41.3,49.0,False,2.6,81.93,False,63,2024,7,Emilia Romagna Grand Prix,2024_07
ALO,Aston Martin,16.0,2.0,HARD,10.0,False,1,True,19.0,25.1,41.3,49.0,False,1.8,81.851,False,63,2024,7,Emilia Romagna Grand Prix,2024_07
ALO,Aston Martin,17.0,2.0,HARD,11.0,False,1,True,19.0,25.1,42.0,47.0,False,2.6,82.65,False,63,2024,7,Emilia Romagna Grand Prix,2024_07
ALO,Aston Martin,18.0,2.0,HARD,12.0,False,1,True,19.0,25.3,41.9,48.0,False,4.1,82.39,False,63,2024,7,Emilia Romagna Grand Prix,2024_07
ALO,Aston Martin,19.0,2.0,HARD,13.0,False,1,True,19.0,25.3,42.2,48.0,False,3.7,82.686,False,63,2024,7,Emilia Romagna Grand Prix,2024_07
ALO,Aston Martin,20.0,2.0,HARD,14.0,False,1,True,19.0,25.5,42.2,47.0,False,2.4,82.909,False,63,2024,7,Emilia Romagna Grand Prix,2024_07
ALO,Aston Martin,21.0,2.0,HARD,15.0,False,1,True,19.0,25.5,42.0,47.0,False,1.7,84.339,False,63,2024,7,Emilia Romagna Grand Prix,2024_07
ALO,Aston Martin,22.0,2.0,HARD,16.0,False,1,True,19.0,25.5,42.2,48.0,False,3.0,83.368,False,63,2024,7,Emilia Romagna Grand Prix,2024_07
ALO,Aston Martin,23.0,2.0,HARD,17.0,False,1,True,19.0,25.5,42.4,47.0,False,2.6,82.938,False,63,2024,7,Emilia Romagna Grand Prix,2024_07
ALO,Aston Martin,24.0,2.0,HARD,18.0,False,1,True,19.0,25.5,42.3,46.0,False,2.7,82.961,False,63,2024,7,Emilia Romagna Grand Prix,2024_07
ALO,Aston Martin,25.0,2.0,HARD,19.0,False,1,True,19.0,25.4,42.2,47.0,False,2.0,82.953,False,63,2024,7,Emilia Romagna Grand Prix,2024_07
ALO,Aston Martin,26.0,2.0,HARD,20.0,False,1,True,18.0,25.3,42.6,45.0,False,2.7,82.911,False,63,2024,7,Emilia Romagna Grand Prix,2024_07
ALO,Aston Martin,27.0,2.0,HARD,21.0,False,1,True,18.0,25.3,42.0,46.0,False,5.0,82.757,False,63,2024,7,Emilia Romagna Grand Prix,2024_07
ALO,Aston Martin,28.0,2.0,HARD,22.0,False,1,True,18.0,25.4,41.9,46.0,False,2.5,82.927,False,63,2024,7,Emilia Romagna Grand Prix,2024_07
ALO,Aston Martin,29.0,2.0,HARD,23.0,False,1,True,18.0,25.4,42.6,46.0,False,2.4,82.913,False,63,2024,7,Emilia Romagna Grand Prix,2024_07
ALO,Aston Martin,30.0,2.0,HARD,24.0,False,1,True,18.0,25.5,42.4,46.0,False,2.1,82.896,False,63,2024,7,Emilia Romagna Grand Prix,2024_07
ALO,Aston Martin,31.0,2.0,HARD,25.0,False,1,True,17.0,25.6,42.4,47.0,False,2.1,82.557,False,63,2024,7,Emilia Romagna Grand Prix,2024_07
ALO,Aston Martin,32.0,2.0,HARD,26.0,False,1,True,16.0,25.6,42.3,46.0,False,2.5,82.688,False,63,2024,7,Emilia Romagna Grand Prix,2024_07
ALO,Aston Martin,33.0,2.0,HARD,27.0,False,1,True,16.0,25.7,42.6,45.0,False,1.0,82.576,False,63,2024,7,Emilia Romagna Grand Prix,2024_07
ALO,Aston Martin,34.0,2.0,HARD,28.0,False,1,True,15.0,25.6,42.9,45.0,False,1.8,83.13,False,63,2024,7,Emilia Romagna Grand Prix,2024_07
ALO,Aston Martin,35.0,2.0,HARD,29.0,False,1,True,15.0,25.7,42.6,45.0,False,3.9,82.783,False,63,2024,7,Emilia Romagna Grand Prix,2024_07
ALO,Aston Martin,36.0,2.0,HARD,30.0,False,1,True,15.0,25.7,42.1,45.0,False,2.5,82.708,False,63,2024,7,Emilia Romagna Grand Prix,2024_07
ALO,Aston Martin,37.0,2.0,HARD,31.0,False,1,True,16.0,25.8,42.3,45.0,False,2.1,83.838,False,63,2024,7,Emilia Romagna Grand Prix,2024_07
ALO,Aston Martin,38.0,2.0,HARD,32.0,False,1,True,15.0,25.6,42.6,45.0,False,4.3,82.905,False,63,2024,7,Emilia Romagna Grand Prix,2024_07
ALO,Aston Martin,39.0,2.0,HARD,33.0,False,1,True,15.0,25.7,42.5,44.0,False,2.5,82.903,False,63,2024,7,Emilia Romagna Grand Prix,2024_07
ALO,Aston Martin,40.0,2.0,HARD,34.0,False,1,False,15.0,25.8,42.0,45.0,False,2.2,87.5,True,63,2024,7,Emilia Romagna Grand Prix,2024_07
ALO,Aston Martin,41.0,3.0,MEDIUM,2.0,False,1,False,19.0,25.6,42.0,45.0,False,3.3,105.86,True,63,2024,7,Emilia Romagna Grand Prix,2024_07
ALO,Aston Martin,42.0,3.0,MEDIUM,3.0,False,1,True,19.0,25.7,41.6,44.0,False,3.0,79.851,False,63,2024,7,Emilia Romagna Grand Prix,2024_07
ALO,Aston Martin,43.0,3.0,MEDIUM,4.0,False,1,True,19.0,25.7,41.6,44.0,False,2.4,81.029,False,63,2024,7,Emilia Romagna Grand Prix,2024_07
ALO,Aston Martin,44.0,3.0,MEDIUM,5.0,False,1,True,19.0,25.8,42.1,44.0,False,2.7,80.979,False,63,2024,7,Emilia Romagna Grand Prix,2024_07
ALO,Aston Martin,45.0,3.0,MEDIUM,6.0,False,1,True,19.0,25.8,42.0,44.0,False,1.5,81.053,False,63,2024,7,Emilia Romagna Grand Prix,2024_07
ALO,Aston Martin,46.0,3.0,MEDIUM,7.0,False,1,True,19.0,25.8,41.5,44.0,False,2.6,81.032,False,63,2024,7,Emilia Romagna Grand Prix,2024_07
ALO,Aston Martin,47.0,3.0,MEDIUM,8.0,False,1,True,19.0,25.9,40.5,45.0,False,1.9,81.045,False,63,2024,7,Emilia Romagna Grand Prix,2024_07
ALO,Aston Martin,48.0,3.0,MEDIUM,9.0,False,1,True,19.0,25.6,39.7,45.0,False,2.4,80.925,False,63,2024,7,Emilia Romagna Grand Prix,2024_07
ALO,Aston Martin,49.0,3.0,MEDIUM,10.0,False,1,True,19.0,25.6,39.5,45.0,False,1.6,81.045,False,63,2024,7,Emilia Romagna Grand Prix,2024_07
ALO,Aston Martin,50.0,3.0,MEDIUM,11.0,False,1,True,19.0,25.6,39.1,44.0,False,3.2,81.536,False,63,2024,7,Emilia Romagna Grand Prix,2024_07
ALO,Aston Martin,51.0,3.0,MEDIUM,12.0,False,1,True,19.0,25.6,39.1,44.0,False,3.2,82.027,False,63,2024,7,Emilia Romagna Grand Prix,2024_07
ALO,Aston Martin,52.0,3.0,MEDIUM,13.0,False,1,True,18.0,25.5,39.1,44.0,False,1.9,81.176,False,63,2024,7,Emilia Romagna Grand Prix,2024_07
ALO,Aston Martin,53.0,3.0,MEDIUM,14.0,False,1,True,18.0,25.5,39.4,45.0,False,3.1,80.474,False,63,2024,7,Emilia Romagna Grand Prix,2024_07
ALO,Aston Martin,54.0,3.0,MEDIUM,15.0,False,1,True,18.0,25.5,39.1,45.0,False,1.9,80.988,False,63,2024,7,Emilia Romagna Grand Prix,2024_07
ALO,Aston Martin,55.0,3.0,MEDIUM,16.0,False,1,True,18.0,25.4,38.6,45.0,False,1.6,82.508,False,63,2024,7,Emilia Romagna Grand Prix,2024_07
ALO,Aston Martin,56.0,3.0,MEDIUM,17.0,False,1,True,18.0,25.4,38.9,45.0,False,1.7,83.677,False,63,2024,7,Emilia Romagna Grand Prix,2024_07
ALO,Aston Martin,57.0,3.0,MEDIUM,18.0,False,1,True,18.0,25.4,38.9,44.0,False,2.2,82.852,False,63,2024,7,Emilia Romagna Grand Prix,2024_07
ALO,Aston Martin,58.0,3.0,MEDIUM,19.0,False,1,True,18.0,25.5,38.9,44.0,False,2.0,83.173,False,63,2024,7,Emilia Romagna Grand Prix,2024_07
ALO,Aston Martin,59.0,3.0,MEDIUM,20.0,False,1,False,19.0,25.4,38.7,44.0,False,1.5,88.385,True,63,2024,7,Emilia Romagna Grand Prix,2024_07
ALO,Aston Martin,60.0,4.0,SOFT,1.0,True,1,False,19.0,25.5,39.1,45.0,False,1.2,105.749,True,63,2024,7,Emilia Romagna Grand Prix,2024_07
ALO,Aston Martin,61.0,4.0,SOFT,2.0,True,1,True,19.0,25.8,40.6,43.0,False,1.8,84.389,False,63,2024,7,Emilia Romagna Grand Prix,2024_07
ALO,Aston Martin,62.0,4.0,SOFT,3.0,True,1,True,19.0,25.9,40.6,43.0,False,1.3,79.004,False,63,2024,7,Emilia Romagna Grand Prix,2024_07
ALB,Williams,1.0,1.0,MEDIUM,1.0,True,1,False,14.0,25.1,44.5,50.0,False,1.5,91.012,False,63,2024,7,Emilia Romagna Grand Prix,2024_07
ALB,Williams,2.0,1.0,MEDIUM,2.0,True,1,True,14.0,25.0,45.5,50.0,False,2.5,83.115,False,63,2024,7,Emilia Romagna Grand Prix,2024_07
ALB,Williams,3.0,1.0,MEDIUM,3.0,True,1,True,14.0,25.1,45.3,50.0,False,3.4,82.652,False,63,2024,7,Emilia Romagna Grand Prix,2024_07
ALB,Williams,4.0,1.0,MEDIUM,4.0,True,1,True,14.0,25.1,45.2,50.0,False,3.4,82.578,False,63,2024,7,Emilia Romagna Grand Prix,2024_07
ALB,Williams,5.0,1.0,MEDIUM,5.0,True,1,True,14.0,25.3,43.6,51.0,False,4.2,82.357,False,63,2024,7,Emilia Romagna Grand Prix,2024_07
ALB,Williams,6.0,1.0,MEDIUM,6.0,True,1,True,14.0,25.4,42.7,50.0,False,3.3,82.472,False,63,2024,7,Emilia Romagna Grand Prix,2024_07
ALB,Williams,7.0,1.0,MEDIUM,7.0,True,1,True,14.0,25.1,40.7,52.0,False,2.9,82.495,False,63,2024,7,Emilia Romagna Grand Prix,2024_07
ALB,Williams,8.0,1.0,MEDIUM,8.0,True,1,False,15.0,25.0,40.5,51.0,False,1.9,86.643,True,63,2024,7,Emilia Romagna Grand Prix,2024_07
ALB,Williams,9.0,2.0,HARD,1.0,True,1,False,20.0,25.1,40.4,51.0,False,2.4,,True,63,2024,7,Emilia Romagna Grand Prix,2024_07
ALB,Williams,10.0,3.0,MEDIUM,1.0,False,1,False,20.0,24.8,39.6,50.0,False,3.4,113.376,True,63,2024,7,Emilia Romagna Grand Prix,2024_07
ALB,Williams,11.0,3.0,MEDIUM,2.0,False,1,True,20.0,24.8,39.4,49.0,False,3.4,81.718,False,63,2024,7,Emilia Romagna Grand Prix,2024_07
ALB,Williams,12.0,3.0,MEDIUM,3.0,False,1,True,20.0,25.0,39.8,49.0,False,2.3,81.558,False,63,2024,7,Emilia Romagna Grand Prix,2024_07
ALB,Williams,13.0,3.0,MEDIUM,4.0,False,1,True,20.0,25.1,41.0,49.0,False,2.4,81.491,False,63,2024,7,Emilia Romagna Grand Prix,2024_07
ALB,Williams,14.0,3.0,MEDIUM,5.0,False,1,True,20.0,25.2,41.3,49.0,False,2.6,81.839,False,63,2024,7,Emilia Romagna Grand Prix,2024_07
ALB,Williams,15.0,3.0,MEDIUM,6.0,False,1,True,20.0,25.1,41.3,49.0,False,1.8,81.773,False,63,2024,7,Emilia Romagna Grand Prix,2024_07
ALB,Williams,16.0,3.0,MEDIUM,7.0,False,1,True,20.0,25.1,42.0,47.0,False,2.6,82.144,False,63,2024,7,Emilia Romagna Grand Prix,2024_07
ALB,Williams,17.0,3.0,MEDIUM,8.0,False,1,True,20.0,25.3,41.9,48.0,False,4.1,82.41,False,63,2024,7,Emilia Romagna Grand Prix,2024_07
ALB,Williams,18.0,3.0,MEDIUM,9.0,False,1,True,20.0,25.3,42.2,48.0,False,3.7,82.247,False,63,2024,7,Emilia Romagna Grand Prix,2024_07
ALB,Williams,19.0,3.0,MEDIUM,10.0,False,1,True,20.0,25.5,42.2,47.0,False,2.4,82.579,False,63,2024,7,Emilia Romagna Grand Prix,2024_07
ALB,Williams,20.0,3.0,MEDIUM,11.0,False,1,True,20.0,25.5,42.0,47.0,False,1.7,81.725,False,63,2024,7,Emilia Romagna Grand Prix,2024_07
ALB,Williams,21.0,3.0,MEDIUM,12.0,False,1,True,20.0,25.5,42.2,48.0,False,3.0,82.335,False,63,2024,7,Emilia Romagna Grand Prix,2024_07
ALB,Williams,22.0,3.0,MEDIUM,13.0,False,1,True,20.0,25.5,42.4,47.0,False,2.6,82.27,False,63,2024,7,Emilia Romagna Grand Prix,2024_07
ALB,Williams,23.0,3.0,MEDIUM,14.0,False,1,False,20.0,25.5,42.3,46.0,False,2.7,86.978,True,63,2024,7,Emilia Romagna Grand Prix,2024_07
ALB,Williams,24.0,4.0,MEDIUM,15.0,False,1,False,20.0,25.4,42.2,47.0,False,2.0,114.335,True,63,2024,7,Emilia Romagna Grand Prix,2024_07
ALB,Williams,25.0,4.0,MEDIUM,16.0,False,1,True,20.0,25.3,43.0,45.0,False,3.0,85.644,False,63,2024,7,Emilia Romagna Grand Prix,2024_07
ALB,Williams,26.0,4.0,MEDIUM,17.0,False,1,True,20.0,25.3,42.0,46.0,False,5.0,82.204,False,63,2024,7,Emilia Romagna Grand Prix,2024_07
ALB,Williams,27.0,4.0,MEDIUM,18.0,False,1,True,20.0,25.4,41.9,46.0,False,2.5,82.127,False,63,2024,7,Emilia Romagna Grand Prix,2024_07
ALB,Williams,28.0,4.0,MEDIUM,19.0,False,1,False,20.0,25.5,42.5,46.0,False,2.0,88.256,True,63,2024,7,Emilia Romagna Grand Prix,2024_07
ALB,Williams,29.0,5.0,MEDIUM,9.0,False,1,False,20.0,25.5,42.4,46.0,False,2.1,107.016,True,63,2024,7,Emilia Romagna Grand Prix,2024_07
ALB,Williams,30.0,5.0,MEDIUM,10.0,False,1,True,20.0,25.6,42.3,46.0,False,2.5,81.354,False,63,2024,7,Emilia Romagna Grand Prix,2024_07
ALB,Williams,31.0,5.0,MEDIUM,11.0,False,1,True,20.0,25.7,42.5,46.0,False,2.4,81.949,False,63,2024,7,Emilia Romagna Grand Prix,2024_07
ALB,Williams,32.0,5.0,MEDIUM,12.0,False,1,True,20.0,25.6,42.9,45.0,False,1.8,81.817,False,63,2024,7,Emilia Romagna Grand Prix,2024_07
ALB,Williams,33.0,5.0,MEDIUM,13.0,False,1,True,20.0,25.6,42.6,44.0,False,4.2,81.849,False,63,2024,7,Emilia Romagna Grand Prix,2024_07
ALB,Williams,34.0,5.0,MEDIUM,14.0,False,1,True,20.0,25.7,42.1,45.0,False,2.5,81.773,False,63,2024,7,Emilia Romagna Grand Prix,2024_07
ALB,Williams,35.0,5.0,MEDIUM,15.0,False,1,True,20.0,25.8,42.3,45.0,False,2.1,81.607,False,63,2024,7,Emilia Romagna Grand Prix,2024_07
ALB,Williams,36.0,5.0,MEDIUM,16.0,False,1,True,20.0,25.7,42.4,46.0,False,2.9,81.759,False,63,2024,7,Emilia Romagna Grand Prix,2024_07
ALB,Williams,37.0,5.0,MEDIUM,17.0,False,1,True,20.0,25.7,42.5,44.0,False,2.5,81.67,False,63,2024,7,Emilia Romagna Grand Prix,2024_07
ALB,Williams,38.0,5.0,MEDIUM,18.0,False,1,True,20.0,25.8,42.0,44.0,False,2.1,81.712,False,63,2024,7,Emilia Romagna Grand Prix,2024_07
ALB,Williams,39.0,5.0,MEDIUM,19.0,False,1,True,20.0,25.8,42.0,45.0,False,2.2,81.694,False,63,2024,7,Emilia Romagna Grand Prix,2024_07
ALB,Williams,40.0,5.0,MEDIUM,20.0,False,1,True,20.0,25.7,41.8,44.0,False,3.7,81.854,False,63,2024,7,Emilia Romagna Grand Prix,2024_07
ALB,Williams,41.0,5.0,MEDIUM,21.0,False,1,True,20.0,25.7,41.6,44.0,False,3.0,81.722,False,63,2024,7,Emilia Romagna Grand Prix,2024_07
ALB,Williams,42.0,5.0,MEDIUM,22.0,False,1,True,20.0,25.7,41.6,44.0,False,2.4,81.808,False,63,2024,7,Emilia Romagna Grand Prix,2024_07
ALB,Williams,43.0,5.0,MEDIUM,23.0,False,1,True,20.0,25.8,42.1,44.0,False,2.2,81.679,False,63,2024,7,Emilia Romagna Grand Prix,2024_07
ALB,Williams,44.0,5.0,MEDIUM,24.0,False,1,True,20.0,25.8,42.0,44.0,False,1.5,81.521,False,63,2024,7,Emilia Romagna Grand Prix,2024_07
ALB,Williams,45.0,5.0,MEDIUM,25.0,False,1,True,20.0,25.9,40.5,45.0,False,1.9,81.597,False,63,2024,7,Emilia Romagna Grand Prix,2024_07
ALB,Williams,46.0,5.0,MEDIUM,26.0,False,1,True,20.0,25.8,40.1,45.0,False,3.3,81.331,False,63,2024,7,Emilia Romagna Grand Prix,2024_07
ALB,Williams,47.0,5.0,MEDIUM,27.0,False,1,True,20.0,25.6,39.7,45.0,False,2.4,81.347,False,63,2024,7,Emilia Romagna Grand Prix,2024_07
ALB,Williams,48.0,5.0,MEDIUM,28.0,False,1,True,20.0,25.6,39.3,45.0,False,3.1,81.274,False,63,2024,7,Emilia Romagna Grand Prix,2024_07
ALB,Williams,49.0,5.0,MEDIUM,29.0,False,1,True,20.0,25.6,39.1,44.0,False,3.2,83.819,False,63,2024,7,Emilia Romagna Grand Prix,2024_07
ALB,Williams,50.0,5.0,MEDIUM,30.0,False,1,True,20.0,25.6,39.1,44.0,False,3.2,82.412,False,63,2024,7,Emilia Romagna Grand Prix,2024_07
ALB,Williams,51.0,5.0,MEDIUM,31.0,False,1,False,20.0,25.5,39.0,45.0,False,2.4,89.784,True,63,2024,7,Emilia Romagna Grand Prix,2024_07
