Driver,Team,LapNumber,Stint,Compound,TyreLife,FreshTyre,TrackStatus,IsAccurate,Position,AirTemp,TrackTemp,Humidity,Rainfall,WindSpeed,LapTimeSeconds,IsPitLap,TotalLaps,Year,Round,Event,RaceId
RUS,Mercedes,1.0,1.0,MEDIUM,2.0,False,1,False,1.0,18.0,18.0,51.0,False,2.7,103.267,False,50,2024,22,Las Vegas Grand Prix,2024_22
RUS,Mercedes,2.0,1.0,MEDIUM,3.0,False,1,True,1.0,18.0,18.2,50.0,False,1.2,99.077,False,50,2024,22,Las Vegas Grand Prix,2024_22
RUS,Mercedes,3.0,1.0,MEDIUM,4.0,False,1,True,1.0,18.0,18.0,50.0,False,1.1,98.864,False,50,2024,22,Las Vegas Grand Prix,2024_22
RUS,Mercedes,4.0,1.0,MEDIUM,5.0,False,1,True,1.0,18.0,17.9,50.0,False,2.7,98.748,False,50,2024,22,Las Vegas Grand Prix,2024_22
RUS,Mercedes,5.0,1.0,MEDIUM,6.0,False,1,True,1.0,17.9,17.8,50.0,False,2.7,98.136,False,50,2024,22,Las Vegas Grand Prix,2024_22
RUS,Mercedes,6.0,1.0,MEDIUM,7.0,False,1,True,1.0,17.9,17.7,51.0,False,2.0,98.33,False,50,2024,22,Las Vegas Grand Prix,2024_22
RUS,Mercedes,7.0,1.0,MEDIUM,8.0,False,1,True,1.0,17.9,17.7,50.0,False,2.7,98.498,False,50,2024,22,Las Vegas Grand Prix,2024_22
RUS,Mercedes,8.0,1.0,MEDIUM,9.0,False,1,True,1.0,17.9,17.6,50.0,False,2.9,98.353,False,50,2024,22,Las Vegas Grand Prix,2024_22
RUS,Mercedes,9.0,1.0,MEDIUM,10.0,False,1,True,1.0,17.9,17.6,51.0,False,3.1,98.751,False,50,2024,22,Las Vegas Grand Prix,2024_22
RUS,Mercedes,10.0,1.0,MEDIUM,11.0,False,1,True,1.0,17.9,17.6,50.0,False,2.2,98.681,False,50,2024,22,Las Vegas Grand Prix,2024_22
RUS,Mercedes,11.0,1.0,MEDIUM,12.0,False,1,True,1.0,17.9,17.6,51.0,False,3.1,98.689,False,50,2024,22,Las Vegas Grand Prix,2024_22
RUS,Mercedes,12.0,1.0,MEDIUM,13.0,False,1,False,1.0,17.9,17.7,51.0,False,1.7,103.522,True,50,2024,22,Las Vegas Grand Prix,2024_22
RUS,Mercedes,13.0,2.0,HARD,2.0,False,1,False,2.0,17.9,17.5,50.0,False,2.4,114.754,True,50,2024,22,Las Vegas Grand Prix,2024_22
RUS,Mercedes,14.0,2.0,HARD,3.0,False,1,True,1.0,17.8,17.5,50.0,False,3.0,98.296,False,50,2024,22,Las Vegas Grand Prix,2024_22
RUS,Mercedes,15.0,2.0,HARD,4.0,False,1,True,1.0,17.7,17.5,50.0,False,2.5,98.331,False,50,2024,22,Las Vegas Grand Prix,2024_22
RUS,Mercedes,16.0,2.0,HARD,5.0,False,1,True,1.0,17.7,17.4,50.0,False,3.9,97.913,False,50,2024,22,Las Vegas Grand Prix,2024_22
RUS,Mercedes,17.0,2.0,HARD,6.0,False,1,True,1.0,17.7,17.4,50.0,False,3.7,97.869,False,50,2024,22,Las Vegas Grand Prix,2024_22
RUS,Mercedes,18.0,2.0,HARD,7.0,False,1,True,1.0,17.6,17.3,50.0,False,3.0,97.964,False,50,2024,22,Las Vegas Grand Prix,2024_22
RUS,Mercedes,19.0,2.0,HARD,8.0,False,1,True,1.0,17.6,17.3,50.0,False,3.1,98.003,False,50,2024,22,Las Vegas Grand Prix,2024_22
RUS,Mercedes,20.0,2.0,HARD,9.0,False,1,True,1.0,17.6,17.4,49.0,False,2.4,97.733,False,50,2024,22,Las Vegas Grand Prix,2024_22
RUS,Mercedes,21.0,2.0,HARD,10.0,False,1,True,1.0,17.6,17.4,49.0,False,3.3,97.359,False,50,2024,22,Las Vegas Grand Prix,2024_22
RUS,Mercedes,22.0,2.0,HARD,11.0,False,1,True,1.0,17.6,17.4,49.0,False,3.4,97.556,False,50,2024,22,Las Vegas Grand Prix,2024_22
RUS,Mercedes,23.0,2.0,HARD,12.0,False,1,True,1.0,17.6,17.3,48.0,False,3.7,97.73,False,50,2024,22,Las Vegas Grand Prix,2024_22
RUS,Mercedes,24.0,2.0,HARD,13.0,False,1,True,1.0,17.6,17.2,49.0,False,3.4,97.576,False,50,2024,22,Las Vegas Grand Prix,2024_22
RUS,Mercedes,25.0,2.0,HARD,14.0,False,1,True,1.0,17.5,17.1,49.0,False,3.5,97.724,False,50,2024,22,Las Vegas Grand Prix,2024_22
RUS,Mercedes,26.0,2.0,HARD,15.0,False,1,True,1.0,17.6,17.2,48.0,False,4.7,97.467,False,50,2024,22,Las Vegas Grand Prix,2024_22
RUS,Mercedes,27.0,2.0,HARD,16.0,False,1,True,1.0,17.6,17.2,48.0,False,2.5,97.609,False,50,2024,22,Las Vegas Grand Prix,2024_22
RUS,Mercedes,28.0,2.0,HARD,17.0,False,1,True,1.0,17.5,17.1,47.0,False,4.9,97.896,False,50,2024,22,Las Vegas Grand Prix,2024_22
RUS,Mercedes,29.0,2.0,HARD,18.0,False,1,True,1.0,17.6,17.0,47.0,False,2.9,97.556,False,50,2024,22,Las Vegas Grand Prix,2024_22
RUS,Mercedes,30.0,2.0,HARD,19.0,False,1,True,1.0,17.5,17.0,47.0,False,4.1,97.544,False,50,2024,22,Las Vegas Grand Prix,2024_22
RUS,Mercedes,31.0,2.0,HARD,20.0,False,1,True,1.0,17.5,17.1,46.0,False,3.4,97.801,False,50,2024,22,Las Vegas Grand Prix,2024_22
RUS,Mercedes,32.0,2.0,HARD,21.0,False,1,False,1.0,17.5,17.0,46.0,False,2.8,102.229,True,50,2024,22,Las Vegas Grand Prix,2024_22
RUS,Mercedes,33.0,3.0,HARD,2.0,False,1,False,1.0,17.5,17.0,46.0,False,3.2,113.703,True,50,2024,22,Las Vegas Grand Prix,2024_22
RUS,Mercedes,34.0,3.0,HARD,3.0,False,1,True,1.0,17.4,17.0,45.0,False,3.5,97.621,False,50,2024,22,Las Vegas Grand Prix,2024_22
RUS,Mercedes,35.0,3.0,HARD,4.0,False,1,True,1.0,17.3,17.0,44.0,False,3.5,97.246,False,50,2024,22,Las Vegas Grand Prix,2024_22
RUS,Mercedes,36.0,3.0,HARD,5.0,False,1,True,1.0,17.3,16.9,44.0,False,4.4,97.021,False,50,2024,22,Las Vegas Grand Prix,2024_22
RUS,Mercedes,37.0,3.0,HARD,6.0,False,1,True,1.0,17.4,16.9,44.0,False,2.7,96.844,False,50,2024,22,Las Vegas Grand Prix,2024_22
RUS,Mercedes,38.0,3.0,HARD,7.0,False,1,True,1.0,17.3,16.9,43.0,False,3.4,96.407,False,50,2024,22,Las Vegas Grand Prix,2024_22
RUS,Mercedes,39.0,3.0,HARD,8.0,False,1,True,1.0,17.3,16.9,43.0,False,4.0,96.275,False,50,2024,22,Las Vegas Grand Prix,2024_22
RUS,Mercedes,40.0,3.0,HARD,9.0,False,1,True,1.0,17.3,16.8,43.0,False,3.4,96.358,False,50,2024,22,Las Vegas Grand Prix,2024_22
RUS,Mercedes,41.0,3.0,HARD,10.0,False,1,True,1.0,17.2,16.8,43.0,False,3.2,96.559,False,50,2024,22,Las Vegas Grand Prix,2024_22
RUS,Mercedes,42.0,3.0,HARD,11.0,False,1,True,1.0,17.2,16.8,43.0,False,3.2,96.344,False,50,2024,22,Las Vegas Grand Prix,2024_22
RUS,Mercedes,43.0,3.0,HARD,12.0,False,1,True,1.0,17.2,16.8,43.0,False,4.7,95.951,False,50,2024,22,Las Vegas Grand Prix,2024_22
RUS,Mercedes,44.0,3.0,HARD,13.0,False,1,True,1.0,17.2,16.8,43.0,False,3.8,95.946,False,50,2024,22,Las Vegas Grand Prix,2024_22
RUS,Mercedes,45.0,3.0,HARD,14.0,False,1,True,1.0,17.1,16.8,43.0,False,3.0,96.057,False,50,2024,22,Las Vegas Grand Prix,2024_22
RUS,Mercedes,46.0,3.0,HARD,15.0,False,1,False,1.0,17.1,16.7,43.0,False,4.4,95.717,False,50,2024,22,Las Vegas Grand Prix,2024_22
RUS,Mercedes,47.0,3.0,HARD,16.0,False,1,False,1.0,17.0,16.7,43.0,False,5.0,96.36,False,50,2024,22,Las Vegas Grand Prix,2024_22
RUS,Mercedes,48.0,3.0,HARD,17.0,False,1,True,1.0,17.1,16.7,43.0,False,3.4,96.663,False,50,2024,22,Las Vegas Grand Prix,2024_22
RUS,Mercedes,49.0,3.0,HARD,18.0,False,1,True,1.0,17.1,16.7,43.0,False,4.0,97.204,False,50,2024,22,Las Vegas Grand Prix,2024_22
RUS,Mercedes,50.0,3.0,HARD,19.0,False,1,True,1.0,17.1,16.7,43.0,False,4.0,97.867,False,50,2024,22,Las Vegas Grand Prix,2024_22
HAM,Mercedes,1.0,1.0,MEDIUM,1.0,True,1,False,10.0,18.0,18.0,51.0,False,2.7,109.116,False,50,2024,22,Las Vegas Grand Prix,2024_22
HAM,Mercedes,2.0,1.0,MEDIUM,2.0,True,1,True,10.0,18.0,18.2,50.0,False,1.2,100.033,False,50,2024,22,Las Vegas Grand Prix,2024_22
HAM,Mercedes,3.0,1.0,MEDIUM,3.0,True,1,True,10.0,18.0,18.0,50.0,False,1.1,99.403,False,50,2024,22,Las Vegas Grand Prix,2024_22
HAM,Mercedes,4.0,1.0,MEDIUM,4.0,True,1,True,10.0,18.0,17.9,50.0,False,2.7,99.157,False,50,2024,22,Las Vegas Grand Prix,2024_22
HAM,Mercedes,5.0,1.0,MEDIUM,5.0,True,1,True,10.0,17.9,17.8,50.0,False,2.7,99.207,False,50,2024,22,Las Vegas Grand Prix,2024_22
HAM,Mercedes,6.0,1.0,MEDIUM,6.0,True,1,True,9.0,17.9,17.7,51.0,False,2.0,98.648,False,50,2024,22,Las Vegas Grand Prix,2024_22
HAM,Mercedes,7.0,1.0,MEDIUM,7.0,True,1,True,9.0,17.9,17.7,50.0,False,2.7,100.235,False,50,2024,22,Las Vegas Grand Prix,2024_22
HAM,Mercedes,8.0,1.0,MEDIUM,8.0,True,1,True,8.0,17.9,17.6,50.0,False,2.9,99.095,False,50,2024,22,Las Vegas Grand Prix,2024_22
HAM,Mercedes,9.0,1.0,MEDIUM,9.0,True,1,True,5.0,17.9,17.6,51.0,False,3.1,100.926,False,50,2024,22,Las Vegas Grand Prix,2024_22
HAM,Mercedes,10.0,1.0,MEDIUM,10.0,True,1,True,4.0,17.9,17.7,50.0,False,2.0,100.2,False,50,2024,22,Las Vegas Grand Prix,2024_22
HAM,Mercedes,11.0,1.0,MEDIUM,11.0,True,1,True,3.0,17.9,17.6,51.0,False,3.1,99.007,False,50,2024,22,Las Vegas Grand Prix,2024_22
HAM,Mercedes,12.0,1.0,MEDIUM,12.0,True,1,True,2.0,17.9,17.7,51.0,False,1.7,99.078,False,50,2024,22,Las Vegas Grand Prix,2024_22
HAM,Mercedes,13.0,1.0,MEDIUM,13.0,True,1,False,1.0,17.9,17.5,50.0,False,2.1,103.19,True,50,2024,22,Las Vegas Grand Prix,2024_22
HAM,Mercedes,14.0,2.0,HARD,2.0,False,1,False,8.0,17.8,17.5,50.0,False,3.0,114.928,True,50,2024,22,Las Vegas Grand Prix,2024_22
HAM,Mercedes,15.0,2.0,HARD,3.0,False,1,True,7.0,17.7,17.5,50.0,False,2.5,97.772,False,50,2024,22,Las Vegas Grand Prix,2024_22
HAM,Mercedes,16.0,2.0,HARD,4.0,False,1,True,6.0,17.7,17.4,50.0,False,3.9,97.091,False,50,2024,22,Las Vegas Grand Prix,2024_22
HAM,Mercedes,17.0,2.0,HARD,5.0,False,1,True,5.0,17.7,17.4,50.0,False,3.2,99.354,False,50,2024,22,Las Vegas Grand Prix,2024_22
HAM,Mercedes,18.0,2.0,HARD,6.0,False,1,True,5.0,17.6,17.3,50.0,False,3.0,97.668,False,50,2024,22,Las Vegas Grand Prix,2024_22
HAM,Mercedes,19.0,2.0,HARD,7.0,False,1,True,5.0,17.6,17.3,50.0,False,3.1,98.14,False,50,2024,22,Las Vegas Grand Prix,2024_22
HAM,Mercedes,20.0,2.0,HARD,8.0,False,1,True,5.0,17.6,17.4,49.0,False,2.4,97.275,False,50,2024,22,Las Vegas Grand Prix,2024_22
HAM,Mercedes,21.0,2.0,HARD,9.0,False,1,True,5.0,17.6,17.4,49.0,False,3.3,97.355,False,50,2024,22,Las Vegas Grand Prix,2024_22
HAM,Mercedes,22.0,2.0,HARD,10.0,False,1,True,5.0,17.6,17.2,49.0,False,2.4,97.086,False,50,2024,22,Las Vegas Grand Prix,2024_22
HAM,Mercedes,23.0,2.0,HARD,11.0,False,1,True,5.0,17.6,17.3,48.0,False,3.7,97.121,False,50,2024,22,Las Vegas Grand Prix,2024_22
HAM,Mercedes,24.0,2.0,HARD,12.0,False,1,True,5.0,17.6,17.2,49.0,False,3.4,97.323,False,50,2024,22,Las Vegas Grand Prix,2024_22
HAM,Mercedes,25.0,2.0,HARD,13.0,False,1,True,5.0,17.6,17.2,48.0,False,3.3,98.213,False,50,2024,22,Las Vegas Grand Prix,2024_22
HAM,Mercedes,26.0,2.0,HARD,14.0,False,1,True,5.0,17.6,17.2,48.0,False,4.7,97.055,False,50,2024,22,Las Vegas Grand Prix,2024_22
HAM,Mercedes,27.0,2.0,HARD,15.0,False,1,False,5.0,17.6,17.2,48.0,False,2.5,103.83,True,50,2024,22,Las Vegas Grand Prix,2024_22
HAM,Mercedes,28.0,3.0,HARD,2.0,False,1,False,6.0,17.5,17.1,46.0,False,3.0,112.902,True,50,2024,22,Las Vegas Grand Prix,2024_22
HAM,Mercedes,29.0,3.0,HARD,3.0,False,1,True,5.0,17.6,17.0,47.0,False,2.9,96.951,False,50,2024,22,Las Vegas Grand Prix,2024_22
HAM,Mercedes,30.0,3.0,HARD,4.0,False,1,True,5.0,17.5,17.1,47.0,False,4.2,96.748,False,50,2024,22,Las Vegas Grand Prix,2024_22
HAM,Mercedes,31.0,3.0,HARD,5.0,False,1,True,3.0,17.5,17.1,46.0,False,4.5,96.412,False,50,2024,22,Las Vegas Grand Prix,2024_22
HAM,Mercedes,32.0,3.0,HARD,6.0,False,1,True,2.0,17.5,17.0,46.0,False,2.8,96.96,False,50,2024,22,Las Vegas Grand Prix,2024_22
HAM,Mercedes,33.0,3.0,HARD,7.0,False,1,True,2.0,17.4,17.0,45.0,False,3.2,97.293,False,50,2024,22,Las Vegas Grand Prix,2024_22
HAM,Mercedes,34.0,3.0,HARD,8.0,False,1,True,2.0,17.4,17.0,45.0,False,3.5,96.685,False,50,2024,22,Las Vegas Grand Prix,2024_22
HAM,Mercedes,35.0,3.0,HARD,9.0,False,1,True,2.0,17.3,17.0,44.0,False,3.5,96.397,False,50,2024,22,Las Vegas Grand Prix,2024_22
HAM,Mercedes,36.0,3.0,HARD,10.0,False,1,True,2.0,17.3,16.9,44.0,False,4.4,96.288,False,50,2024,22,Las Vegas Grand Prix,2024_22
HAM,Mercedes,37.0,3.0,HARD,11.0,False,1,True,2.0,17.4,16.9,44.0,False,2.7,96.177,False,50,2024,22,Las Vegas Grand Prix,2024_22
HAM,Mercedes,38.0,3.0,HARD,12.0,False,1,True,2.0,17.3,16.9,43.0,False,3.4,96.148,False,50,2024,22,Las Vegas Grand Prix,2024_22
HAM,Mercedes,39.0,3.0,HARD,13.0,False,1,True,2.0,17.3,16.8,43.0,False,4.3,95.88,False,50,2024,22,Las Vegas Grand Prix,2024_22
HAM,Mercedes,40.0,3.0,HARD,14.0,False,1,True,2.0,17.3,16.8,43.0,False,3.4,95.928,False,50,2024,22,Las Vegas Grand Prix,2024_22
HAM,Mercedes,41.0,3.0,HARD,15.0,False,1,True,2.0,17.2,16.8,43.0,False,3.2,95.48,False,50,2024,22,Las Vegas Grand Prix,2024_22
HAM,Mercedes,42.0,3.0,HARD,16.0,False,1,True,2.0,17.2,16.8,43.0,False,3.2,95.884,False,50,2024,22,Las Vegas Grand Prix,2024_22
HAM,Mercedes,43.0,3.0,HARD,17.0,False,1,True,2.0,17.2,16.8,43.0,False,4.7,95.863,False,50,2024,22,Las Vegas Grand Prix,2024_22
HAM,Mercedes,44.0,3.0,HARD,18.0,False,1,True,2.0,17.1,16.8,43.0,False,3.2,95.662,False,50,2024,22,Las Vegas Grand Prix,2024_22
HAM,Mercedes,45.0,3.0,HARD,19.0,False,1,True,2.0,17.1,16.8,43.0,False,3.0,95.988,False,50,2024,22,Las Vegas Grand Prix,2024_22
HAM,Mercedes,46.0,3.0,HARD,20.0,False,1,False,2.0,17.1,16.7,43.0,False,4.4,95.877,False,50,2024,22,Las Vegas Grand Prix,2024_22
HAM,Mercedes,47.0,3.0,HARD,21.0,False,1,True,2.0,17.0,16.7,43.0,False,5.0,97.086,False,50,2024,22,Las Vegas Grand Prix,2024_22
HAM,Mercedes,48.0,3.0,HARD,22.0,False,1,True,2.0,17.1,16.7,43.0,False,3.4,97.457,False,50,2024,22,Las Vegas Grand Prix,2024_22
HAM,Mercedes,49.0,3.0,HARD,23.0,False,1,True,2.0,17.1,16.7,43.0,False,3.2,97.593,False,50,2024,22,Las Vegas Grand Prix,2024_22
HAM,Mercedes,50.0,3.0,HARD,24.0,False,1,True,2.0,17.1,16.7,43.0,False,4.0,98.117,False,50,2024,22,Las Vegas Grand Prix,2024_22
SAI,Ferrari,1.0,1.0,MEDIUM,1.0,True,1,False,3.0,18.0,18.0,51.0,False,2.7,104.812,False,50,2024,22,Las Vegas Grand Prix,2024_22
SAI,Ferrari,2.0,1.0,MEDIUM,2.0,True,1,True,3.0,18.0,18.2,50.0,False,1.2,99.466,False,50,2024,22,Las Vegas Grand Prix,2024_22
SAI,Ferrari,3.0,1.0,MEDIUM,3.0,True,1,True,3.0,18.0,18.0,50.0,False,1.1,98.581,False,50,2024,22,Las Vegas Grand Prix,2024_22
SAI,Ferrari,4.0,1.0,MEDIUM,4.0,True,1,True,3.0,18.0,17.9,50.0,False,2.7,98.537,False,50,2024,22,Las Vegas Grand Prix,2024_22
SAI,Ferrari,5.0,1.0,MEDIUM,5.0,True,1,True,3.0,17.9,17.8,50.0,False,2.7,98.394,False,50,2024,22,Las Vegas Grand Prix,2024_22
SAI,Ferrari,6.0,1.0,MEDIUM,6.0,True,1,True,3.0,17.9,17.7,51.0,False,2.0,98.708,False,50,2024,22,Las Vegas Grand Prix,2024_22
SAI,Ferrari,7.0,1.0,MEDIUM,7.0,True,1,True,2.0,17.9,17.7,50.0,False,2.7,99.042,False,50,2024,22,Las Vegas Grand Prix,2024_22
SAI,Ferrari,8.0,1.0,MEDIUM,8.0,True,1,True,2.0,17.9,17.6,50.0,False,2.9,99.584,False,50,2024,22,Las Vegas Grand Prix,2024_22
SAI,Ferrari,9.0,1.0,MEDIUM,9.0,True,1,True,2.0,17.9,17.6,51.0,False,3.1,100.512,False,50,2024,22,Las Vegas Grand Prix,2024_22
SAI,Ferrari,10.0,1.0,MEDIUM,10.0,True,1,False,3.0,17.9,17.7,50.0,False,2.0,106.562,True,50,2024,22,Las Vegas Grand Prix,2024_22
SAI,Ferrari,11.0,2.0,HARD,1.0,True,1,False,11.0,17.9,17.6,51.0,False,3.1,114.659,True,50,2024,22,Las Vegas Grand Prix,2024_22
SAI,Ferrari,12.0,2.0,HARD,2.0,True,1,True,8.0,17.9,17.7,51.0,False,1.7,100.794,False,50,2024,22,Las Vegas Grand Prix,2024_22
SAI,Ferrari,13.0,2.0,HARD,3.0,True,1,True,6.0,17.9,17.5,50.0,False,2.1,99.627,False,50,2024,22,Las Vegas Grand Prix,2024_22
SAI,Ferrari,14.0,2.0,HARD,4.0,True,1,True,4.0,17.8,17.5,50.0,False,2.5,97.921,False,50,2024,22,Las Vegas Grand Prix,2024_22
SAI,Ferrari,15.0,2.0,HARD,5.0,True,1,True,4.0,17.7,17.5,50.0,False,2.5,98.22,False,50,2024,22,Las Vegas Grand Prix,2024_22
SAI,Ferrari,16.0,2.0,HARD,6.0,True,1,True,3.0,17.7,17.4,50.0,False,3.9,98.868,False,50,2024,22,Las Vegas Grand Prix,2024_22
SAI,Ferrari,17.0,2.0,HARD,7.0,True,1,True,3.0,17.7,17.4,50.0,False,3.7,97.967,False,50,2024,22,Las Vegas Grand Prix,2024_22
SAI,Ferrari,18.0,2.0,HARD,8.0,True,1,True,3.0,17.6,17.3,50.0,False,3.0,98.076,False,50,2024,22,Las Vegas Grand Prix,2024_22
SAI,Ferrari,19.0,2.0,HARD,9.0,True,1,True,3.0,17.6,17.3,50.0,False,3.1,97.763,False,50,2024,22,Las Vegas Grand Prix,2024_22
SAI,Ferrari,20.0,2.0,HARD,10.0,True,1,True,3.0,17.6,17.4,49.0,False,2.4,97.774,False,50,2024,22,Las Vegas Grand Prix,2024_22
SAI,Ferrari,21.0,2.0,HARD,11.0,True,1,True,3.0,17.6,17.4,49.0,False,3.3,97.546,False,50,2024,22,Las Vegas Grand Prix,2024_22
SAI,Ferrari,22.0,2.0,HARD,12.0,True,1,True,3.0,17.6,17.2,49.0,False,2.4,97.514,False,50,2024,22,Las Vegas Grand Prix,2024_22
SAI,Ferrari,23.0,2.0,HARD,13.0,True,1,True,3.0,17.6,17.3,48.0,False,3.7,97.477,False,50,2024,22,Las Vegas Grand Prix,2024_22
SAI,Ferrari,24.0,2.0,HARD,14.0,True,1,True,3.0,17.6,17.2,49.0,False,3.4,97.919,False,50,2024,22,Las Vegas Grand Prix,2024_22
SAI,Ferrari,25.0,2.0,HARD,15.0,True,1,True,3.0,17.6,17.2,48.0,False,3.3,97.944,False,50,2024,22,Las Vegas Grand Prix,2024_22
SAI,Ferrari,26.0,2.0,HARD,16.0,True,1,True,3.0,17.6,17.2,48.0,False,4.7,98.321,False,50,2024,22,Las Vegas Grand Prix,2024_22
SAI,Ferrari,27.0,2.0,HARD,17.0,True,1,True,4.0,17.6,17.2,48.0,False,2.5,101.611,False,50,2024,22,Las Vegas Grand Prix,2024_22
SAI,Ferrari,28.0,2.0,HARD,18.0,True,1,False,3.0,17.5,17.1,47.0,False,4.9,103.655,True,50,2024,22,Las Vegas Grand Prix,2024_22
SAI,Ferrari,29.0,3.0,HARD,1.0,True,1,False,6.0,17.6,17.0,47.0,False,2.9,113.088,True,50,2024,22,Las Vegas Grand Prix,2024_22
SAI,Ferrari,30.0,3.0,HARD,2.0,True,1,True,6.0,17.5,17.1,47.0,False,4.2,97.353,False,50,2024,22,Las Vegas Grand Prix,2024_22
SAI,Ferrari,31.0,3.0,HARD,3.0,True,1,True,5.0,17.5,17.1,46.0,False,4.5,96.973,False,50,2024,22,Las Vegas Grand Prix,2024_22
SAI,Ferrari,32.0,3.0,HARD,4.0,True,1,True,4.0,17.5,17.0,46.0,False,2.8,97.397,False,50,2024,22,Las Vegas Grand Prix,2024_22
SAI,Ferrari,33.0,3.0,HARD,5.0,True,1,True,4.0,17.4,17.0,45.0,False,3.2,97.524,False,50,2024,22,Las Vegas Grand Prix,2024_22
SAI,Ferrari,34.0,3.0,HARD,6.0,True,1,True,4.0,17.3,17.0,45.0,False,1.7,97.146,False,50,2024,22,Las Vegas Grand Prix,2024_22
SAI,Ferrari,35.0,3.0,HARD,7.0,True,1,True,4.0,17.3,17.0,44.0,False,3.5,96.641,False,50,2024,22,Las Vegas Grand Prix,2024_22
SAI,Ferrari,36.0,3.0,HARD,8.0,True,1,True,4.0,17.3,16.9,44.0,False,4.4,96.519,False,50,2024,22,Las Vegas Grand Prix,2024_22
SAI,Ferrari,37.0,3.0,HARD,9.0,True,1,True,4.0,17.4,16.9,44.0,False,2.7,96.509,False,50,2024,22,Las Vegas Grand Prix,2024_22
SAI,Ferrari,38.0,3.0,HARD,10.0,True,1,True,4.0,17.3,16.9,43.0,False,3.4,96.125,False,50,2024,22,Las Vegas Grand Prix,2024_22
SAI,Ferrari,39.0,3.0,HARD,11.0,True,1,True,4.0,17.3,16.8,43.0,False,4.3,96.196,False,50,2024,22,Las Vegas Grand Prix,2024_22
SAI,Ferrari,40.0,3.0,HARD,12.0,True,1,True,4.0,17.3,16.8,43.0,False,3.4,96.043,False,50,2024,22,Las Vegas Grand Prix,2024_22
SAI,Ferrari,41.0,3.0,HARD,13.0,True,1,True,3.0,17.2,16.8,43.0,False,3.2,96.507,False,50,2024,22,Las Vegas Grand Prix,2024_22
SAI,Ferrari,42.0,3.0,HARD,14.0,True,1,True,3.0,17.2,16.8,43.0,False,3.2,96.223,False,50,2024,22,Las Vegas Grand Prix,2024_22
SAI,Ferrari,43.0,3.0,HARD,15.0,True,1,True,3.0,17.2,16.8,43.0,False,4.7,96.302,False,50,2024,22,Las Vegas Grand Prix,2024_22
SAI,Ferrari,44.0,3.0,HARD,16.0,True,1,True,3.0,17.1,16.8,43.0,False,3.2,95.875,False,50,2024,22,Las Vegas Grand Prix,2024_22
SAI,Ferrari,45.0,3.0,HARD,17.0,True,1,True,3.0,17.1,16.8,43.0,False,3.0,96.34,False,50,2024,22,Las Vegas Grand Prix,2024_22
SAI,Ferrari,46.0,3.0,HARD,18.0,True,1,False,3.0,17.1,16.7,43.0,False,4.4,96.139,False,50,2024,22,Las Vegas Grand Prix,2024_22
SAI,Ferrari,47.0,3.0,HARD,19.0,True,1,True,3.0,17.0,16.7,43.0,False,5.0,95.88,False,50,2024,22,Las Vegas Grand Prix,2024_22
SAI,Ferrari,48.0,3.0,HARD,20.0,True,1,True,3.0,17.1,16.7,43.0,False,3.4,96.015,False,50,2024,22,Las Vegas Grand Prix,2024_22
SAI,Ferrari,49.0,3.0,HARD,21.0,True,1,True,3.0,17.1,16.7,43.0,False,3.2,96.467,False,50,2024,22,Las Vegas Grand Prix,2024_22
SAI,Ferrari,50.0,3.0,HARD,22.0,True,1,True,3.0,17.1,16.7,43.0,False,4.0,96.759,False,50,2024,22,Las Vegas Grand Prix,2024_22
LEC,Ferrari,1.0,1.0,MEDIUM,1.0,True,1,False,2.0,18.0,18.0,51.0,False,2.7,103.882,False,50,2024,22,Las Vegas Grand Prix,2024_22
LEC,Ferrari,2.0,1.0,MEDIUM,2.0,True,1,True,2.0,18.0,18.2,50.0,False,1.2,99.333,False,50,2024,22,Las Vegas Grand Prix,2024_22
LEC,Ferrari,3.0,1.0,MEDIUM,3.0,True,1,True,2.0,18.0,18.0,50.0,False,1.1,98.329,False,50,2024,22,Las Vegas Grand Prix,2024_22
LEC,Ferrari,4.0,1.0,MEDIUM,4.0,True,1,True,2.0,18.0,17.9,50.0,False,2.7,98.501,False,50,2024,22,Las Vegas Grand Prix,2024_22
LEC,Ferrari,5.0,1.0,MEDIUM,5.0,True,1,True,2.0,17.9,17.8,50.0,False,2.7,99.177,False,50,2024,22,Las Vegas Grand Prix,2024_22
LEC,Ferrari,6.0,1.0,MEDIUM,6.0,True,1,True,2.0,17.9,17.7,51.0,False,2.0,98.652,False,50,2024,22,Las Vegas Grand Prix,2024_22
LEC,Ferrari,7.0,1.0,MEDIUM,7.0,True,1,True,3.0,17.9,17.7,50.0,False,2.7,100.006,False,50,2024,22,Las Vegas Grand Prix,2024_22
LEC,Ferrari,8.0,1.0,MEDIUM,8.0,True,1,True,4.0,17.9,17.6,50.0,False,2.9,101.841,False,50,2024,22,Las Vegas Grand Prix,2024_22
LEC,Ferrari,9.0,1.0,MEDIUM,9.0,True,1,False,7.0,17.9,17.6,51.0,False,3.1,107.546,True,50,2024,22,Las Vegas Grand Prix,2024_22
LEC,Ferrari,10.0,2.0,HARD,1.0,True,1,False,16.0,17.9,17.7,50.0,False,2.0,114.299,True,50,2024,22,Las Vegas Grand Prix,2024_22
LEC,Ferrari,11.0,2.0,HARD,2.0,True,1,True,12.0,17.8,17.6,51.0,False,1.8,98.818,False,50,2024,22,Las Vegas Grand Prix,2024_22
LEC,Ferrari,12.0,2.0,HARD,3.0,True,1,True,10.0,17.9,17.7,51.0,False,1.7,99.962,False,50,2024,22,Las Vegas Grand Prix,2024_22
LEC,Ferrari,13.0,2.0,HARD,4.0,True,1,True,7.0,17.9,17.5,50.0,False,2.1,99.948,False,50,2024,22,Las Vegas Grand Prix,2024_22
LEC,Ferrari,14.0,2.0,HARD,5.0,True,1,True,6.0,17.8,17.5,50.0,False,2.5,98.893,False,50,2024,22,Las Vegas Grand Prix,2024_22
LEC,Ferrari,15.0,2.0,HARD,6.0,True,1,True,5.0,17.7,17.5,50.0,False,2.5,98.237,False,50,2024,22,Las Vegas Grand Prix,2024_22
LEC,Ferrari,16.0,2.0,HARD,7.0,True,1,True,5.0,17.7,17.4,50.0,False,3.9,98.316,False,50,2024,22,Las Vegas Grand Prix,2024_22
LEC,Ferrari,17.0,2.0,HARD,8.0,True,1,True,4.0,17.7,17.4,50.0,False,3.2,99.487,False,50,2024,22,Las Vegas Grand Prix,2024_22
LEC,Ferrari,18.0,2.0,HARD,9.0,True,1,True,4.0,17.6,17.3,50.0,False,3.0,98.251,False,50,2024,22,Las Vegas Grand Prix,2024_22
LEC,Ferrari,19.0,2.0,HARD,10.0,True,1,True,4.0,17.6,17.3,50.0,False,3.1,97.978,False,50,2024,22,Las Vegas Grand Prix,2024_22
LEC,Ferrari,20.0,2.0,HARD,11.0,True,1,True,4.0,17.6,17.4,49.0,False,2.4,97.295,False,50,2024,22,Las Vegas Grand Prix,2024_22
LEC,Ferrari,21.0,2.0,HARD,12.0,True,1,True,4.0,17.6,17.4,49.0,False,3.3,97.448,False,50,2024,22,Las Vegas Grand Prix,2024_22
LEC,Ferrari,22.0,2.0,HARD,13.0,True,1,True,4.0,17.6,17.2,49.0,False,2.4,97.13,False,50,2024,22,Las Vegas Grand Prix,2024_22
LEC,Ferrari,23.0,2.0,HARD,14.0,True,1,True,4.0,17.6,17.3,48.0,False,3.7,97.177,False,50,2024,22,Las Vegas Grand Prix,2024_22
LEC,Ferrari,24.0,2.0,HARD,15.0,True,1,True,4.0,17.6,17.2,49.0,False,3.4,97.256,False,50,2024,22,Las Vegas Grand Prix,2024_22
LEC,Ferrari,25.0,2.0,HARD,16.0,True,1,True,4.0,17.6,17.2,48.0,False,3.3,97.291,False,50,2024,22,Las Vegas Grand Prix,2024_22
LEC,Ferrari,26.0,2.0,HARD,17.0,True,1,True,4.0,17.6,17.2,48.0,False,4.7,97.933,False,50,2024,22,Las Vegas Grand Prix,2024_22
LEC,Ferrari,27.0,2.0,HARD,18.0,True,1,True,2.0,17.6,17.2,48.0,False,2.5,98.698,False,50,2024,22,Las Vegas Grand Prix,2024_22
LEC,Ferrari,28.0,2.0,HARD,19.0,True,1,True,2.0,17.5,17.1,47.0,False,4.9,98.07,False,50,2024,22,Las Vegas Grand Prix,2024_22
LEC,Ferrari,29.0,2.0,HARD,20.0,True,1,True,2.0,17.6,17.0,47.0,False,2.9,97.95,False,50,2024,22,Las Vegas Grand Prix,2024_22
LEC,Ferrari,30.0,2.0,HARD,21.0,True,1,True,2.0,17.5,17.1,47.0,False,4.2,98.458,False,50,2024,22,Las Vegas Grand Prix,2024_22
LEC,Ferrari,31.0,2.0,HARD,22.0,True,1,False,2.0,17.5,17.1,46.0,False,3.4,102.968,True,50,2024,22,Las Vegas Grand Prix,2024_22
LEC,Ferrari,32.0,3.0,HARD,1.0,True,1,False,5.0,17.5,17.0,46.0,False,2.8,115.014,True,50,2024,22,Las Vegas Grand Prix,2024_22
LEC,Ferrari,33.0,3.0,HARD,2.0,True,1,True,5.0,17.4,17.0,45.0,False,3.2,98.017,False,50,2024,22,Las Vegas Grand Prix,2024_22
LEC,Ferrari,34.0,3.0,HARD,3.0,True,1,True,5.0,17.3,17.0,45.0,False,1.7,97.081,False,50,2024,22,Las Vegas Grand Prix,2024_22
LEC,Ferrari,35.0,3.0,HARD,4.0,True,1,True,5.0,17.3,17.0,44.0,False,3.5,96.481,False,50,2024,22,Las Vegas Grand Prix,2024_22
LEC,Ferrari,36.0,3.0,HARD,5.0,True,1,True,5.0,17.3,16.9,44.0,False,4.4,96.285,False,50,2024,22,Las Vegas Grand Prix,2024_22
LEC,Ferrari,37.0,3.0,HARD,6.0,True,1,True,5.0,17.4,16.9,44.0,False,2.7,96.177,False,50,2024,22,Las Vegas Grand Prix,2024_22
LEC,Ferrari,38.0,3.0,HARD,7.0,True,1,True,5.0,17.3,16.9,43.0,False,3.4,96.079,False,50,2024,22,Las Vegas Grand Prix,2024_22
LEC,Ferrari,39.0,3.0,HARD,8.0,True,1,True,5.0,17.3,16.8,43.0,False,4.3,96.102,False,50,2024,22,Las Vegas Grand Prix,2024_22
LEC,Ferrari,40.0,3.0,HARD,9.0,True,1,True,5.0,17.3,16.8,43.0,False,3.4,95.674,False,50,2024,22,Las Vegas Grand Prix,2024_22
LEC,Ferrari,41.0,3.0,HARD,10.0,True,1,True,5.0,17.2,16.8,43.0,False,3.2,96.469,False,50,2024,22,Las Vegas Grand Prix,2024_22
LEC,Ferrari,42.0,3.0,HARD,11.0,True,1,True,5.0,17.2,16.8,43.0,False,3.2,96.873,False,50,2024,22,Las Vegas Grand Prix,2024_22
LEC,Ferrari,43.0,3.0,HARD,12.0,True,1,True,5.0,17.2,16.8,43.0,False,4.7,96.055,False,50,2024,22,Las Vegas Grand Prix,2024_22
LEC,Ferrari,44.0,3.0,HARD,13.0,True,1,True,5.0,17.1,16.8,43.0,False,3.2,96.543,False,50,2024,22,Las Vegas Grand Prix,2024_22
LEC,Ferrari,45.0,3.0,HARD,14.0,True,1,False,5.0,17.1,16.8,43.0,False,3.0,96.031,False,50,2024,22,Las Vegas Grand Prix,2024_22
LEC,Ferrari,46.0,3.0,HARD,15.0,True,1,False,4.0,17.1,16.7,43.0,False,4.4,96.333,False,50,2024,22,Las Vegas Grand Prix,2024_22
LEC,Ferrari,47.0,3.0,HARD,16.0,True,1,True,4.0,17.0,16.7,43.0,False,5.0,96.054,False,50,2024,22,Las Vegas Grand Prix,2024_22
LEC,Ferrari,48.0,3.0,HARD,17.0,True,1,True,4.0,17.1,16.7,43.0,False,3.4,96.065,False,50,2024,22,Las Vegas Grand Prix,2024_22
LEC,Ferrari,49.0,3.0,HARD,18.0,True,1,True,4.0,17.1,16.7,43.0,False,3.2,96.571,False,50,2024,22,Las Vegas Grand Prix,2024_22
LEC,Ferrari,50.0,3.0,HARD,19.0,True,1,True,4.0,17.1,16.7,43.0,False,4.0,97.218,False,50,2024,22,Las Vegas Grand Prix,2024_22
VER,Red Bull Racing,1.0,1.0,MEDIUM,1.0,True,1,False,5.0,18.0,18.0,51.0,False,2.7,105.917,False,50,2024,22,Las Vegas Grand Prix,2024_22
VER,Red Bull Racing,2.0,1.0,MEDIUM,2.0,True,1,True,5.0,18.0,18.2,50.0,False,1.2,99.861,False,50,2024,22,Las Vegas Grand Prix,2024_22
VER,Red Bull Racing,3.0,1.0,MEDIUM,3.0,True,1,True,5.0,18.0,18.0,50.0,False,1.1,99.345,False,50,2024,22,Las Vegas Grand Prix,2024_22
VER,Red Bull Racing,4.0,1.0,MEDIUM,4.0,True,1,True,4.0,18.0,17.9,50.0,False,2.7,98.713,False,50,2024,22,Las Vegas Grand Prix,2024_22
VER,Red Bull Racing,5.0,1.0,MEDIUM,5.0,True,1,True,4.0,17.9,17.8,50.0,False,2.7,98.472,False,50,2024,22,Las Vegas Grand Prix,2024_22
VER,Red Bull Racing,6.0,1.0,MEDIUM,6.0,True,1,True,4.0,17.9,17.7,51.0,False,2.0,98.661,False,50,2024,22,Las Vegas Grand Prix,2024_22
VER,Red Bull Racing,7.0,1.0,MEDIUM,7.0,True,1,True,4.0,17.9,17.7,50.0,False,2.7,98.906,False,50,2024,22,Las Vegas Grand Prix,2024_22
VER,Red Bull Racing,8.0,1.0,MEDIUM,8.0,True,1,True,3.0,17.9,17.6,50.0,False,2.9,99.047,False,50,2024,22,Las Vegas Grand Prix,2024_22
VER,Red Bull Racing,9.0,1.0,MEDIUM,9.0,True,1,True,3.0,17.9,17.6,51.0,False,3.1,99.79,False,50,2024,22,Las Vegas Grand Prix,2024_22
VER,Red Bull Racing,10.0,1.0,MEDIUM,10.0,True,1,True,2.0,17.9,17.7,50.0,False,2.0,100.064,False,50,2024,22,Las Vegas Grand Prix,2024_22
VER,Red Bull Racing,11.0,1.0,MEDIUM,11.0,True,1,False,2.0,17.9,17.6,51.0,False,3.1,104.351,True,50,2024,22,Las Vegas Grand Prix,2024_22
VER,Red Bull Racing,12.0,2.0,HARD,1.0,True,1,False,5.0,17.9,17.7,51.0,False,1.7,115.018,True,50,2024,22,Las Vegas Grand Prix,2024_22
VER,Red Bull Racing,13.0,2.0,HARD,2.0,True,1,True,5.0,17.9,17.5,50.0,False,2.1,98.307,False,50,2024,22,Las Vegas Grand Prix,2024_22
VER,Red Bull Racing,14.0,2.0,HARD,3.0,True,1,True,3.0,17.8,17.5,50.0,False,2.5,98.376,False,50,2024,22,Las Vegas Grand Prix,2024_22
VER,Red Bull Racing,15.0,2.0,HARD,4.0,True,1,True,2.0,17.7,17.5,50.0,False,2.5,98.648,False,50,2024,22,Las Vegas Grand Prix,2024_22
VER,Red Bull Racing,16.0,2.0,HARD,5.0,True,1,True,2.0,17.7,17.4,50.0,False,3.9,98.563,False,50,2024,22,Las Vegas Grand Prix,2024_22
VER,Red Bull Racing,17.0,2.0,HARD,6.0,True,1,True,2.0,17.7,17.4,50.0,False,3.7,98.055,False,50,2024,22,Las Vegas Grand Prix,2024_22
VER,Red Bull Racing,18.0,2.0,HARD,7.0,True,1,True,2.0,17.6,17.3,50.0,False,3.0,97.956,False,50,2024,22,Las Vegas Grand Prix,2024_22
VER,Red Bull Racing,19.0,2.0,HARD,8.0,True,1,True,2.0,17.6,17.3,50.0,False,3.1,97.678,False,50,2024,22,Las Vegas Grand Prix,2024_22
VER,Red Bull Racing,20.0,2.0,HARD,9.0,True,1,True,2.0,17.6,17.4,49.0,False,2.4,97.846,False,50,2024,22,Las Vegas Grand Prix,2024_22
VER,Red Bull Racing,21.0,2.0,HARD,10.0,True,1,True,2.0,17.6,17.4,49.0,False,3.3,97.59,False,50,2024,22,Las Vegas Grand Prix,2024_22
VER,Red Bull Racing,22.0,2.0,HARD,11.0,True,1,True,2.0,17.6,17.2,49.0,False,2.4,97.679,False,50,2024,22,Las Vegas Grand Prix,2024_22
VER,Red Bull Racing,23.0,2.0,HARD,12.0,True,1,True,2.0,17.6,17.3,48.0,False,3.7,97.524,False,50,2024,22,Las Vegas Grand Prix,2024_22
VER,Red Bull Racing,24.0,2.0,HARD,13.0,True,1,True,2.0,17.6,17.2,49.0,False,3.4,97.695,False,50,2024,22,Las Vegas Grand Prix,2024_22
VER,Red Bull Racing,25.0,2.0,HARD,14.0,True,1,True,2.0,17.5,17.1,49.0,False,3.5,98.038,False,50,2024,22,Las Vegas Grand Prix,2024_22
VER,Red Bull Racing,26.0,2.0,HARD,15.0,True,1,True,2.0,17.6,17.2,48.0,False,4.7,98.362,False,50,2024,22,Las Vegas Grand Prix,2024_22
VER,Red Bull Racing,27.0,2.0,HARD,16.0,True,1,False,3.0,17.6,17.2,48.0,False,2.5,103.108,True,50,2024,22,Las Vegas Grand Prix,2024_22
VER,Red Bull Racing,28.0,3.0,HARD,1.0,True,1,False,5.0,17.5,17.1,47.0,False,4.9,114.746,True,50,2024,22,Las Vegas Grand Prix,2024_22
VER,Red Bull Racing,29.0,3.0,HARD,2.0,True,1,True,4.0,17.6,17.0,47.0,False,2.9,97.386,False,50,2024,22,Las Vegas Grand Prix,2024_22
VER,Red Bull Racing,30.0,3.0,HARD,3.0,True,1,True,3.0,17.5,17.1,47.0,False,4.2,97.549,False,50,2024,22,Las Vegas Grand Prix,2024_22
VER,Red Bull Racing,31.0,3.0,HARD,4.0,True,1,True,4.0,17.5,17.1,46.0,False,4.5,97.996,False,50,2024,22,Las Vegas Grand Prix,2024_22
VER,Red Bull Racing,32.0,3.0,HARD,5.0,True,1,True,3.0,17.5,17.0,46.0,False,2.8,97.714,False,50,2024,22,Las Vegas Grand Prix,2024_22
VER,Red Bull Racing,33.0,3.0,HARD,6.0,True,1,True,3.0,17.4,17.0,45.0,False,3.2,97.579,False,50,2024,22,Las Vegas Grand Prix,2024_22
VER,Red Bull Racing,34.0,3.0,HARD,7.0,True,1,True,3.0,17.3,17.0,45.0,False,1.7,97.484,False,50,2024,22,Las Vegas Grand Prix,2024_22
VER,Red Bull Racing,35.0,3.0,HARD,8.0,True,1,True,3.0,17.3,17.0,44.0,False,3.5,97.243,False,50,2024,22,Las Vegas Grand Prix,2024_22
VER,Red Bull Racing,36.0,3.0,HARD,9.0,True,1,True,3.0,17.3,16.9,44.0,False,4.4,97.001,False,50,2024,22,Las Vegas Grand Prix,2024_22
VER,Red Bull Racing,37.0,3.0,HARD,10.0,True,1,True,3.0,17.4,16.9,44.0,False,2.7,96.72,False,50,2024,22,Las Vegas Grand Prix,2024_22
VER,Red Bull Racing,38.0,3.0,HARD,11.0,True,1,True,3.0,17.3,16.9,43.0,False,3.4,96.979,False,50,2024,22,Las Vegas Grand Prix,2024_22
VER,Red Bull Racing,39.0,3.0,HARD,12.0,True,1,True,3.0,17.3,16.8,43.0,False,4.3,96.344,False,50,2024,22,Las Vegas Grand Prix,2024_22
VER,Red Bull Racing,40.0,3.0,HARD,13.0,True,1,True,3.0,17.3,16.8,43.0,False,3.4,96.495,False,50,2024,22,Las Vegas Grand Prix,2024_22
VER,Red Bull Racing,41.0,3.0,HARD,14.0,True,1,True,4.0,17.2,16.8,43.0,False,3.2,97.522,False,50,2024,22,Las Vegas Grand Prix,2024_22
VER,Red Bull Racing,42.0,3.0,HARD,15.0,True,1,True,4.0,17.2,16.8,43.0,False,3.2,96.489,False,50,2024,22,Las Vegas Grand Prix,2024_22
VER,Red Bull Racing,43.0,3.0,HARD,16.0,True,1,True,4.0,17.2,16.8,43.0,False,4.7,96.248,False,50,2024,22,Las Vegas Grand Prix,2024_22
VER,Red Bull Racing,44.0,3.0,HARD,17.0,True,1,True,4.0,17.1,16.8,43.0,False,3.2,96.279,False,50,2024,22,Las Vegas Grand Prix,2024_22
VER,Red Bull Racing,45.0,3.0,HARD,18.0,True,1,True,4.0,17.1,16.8,43.0,False,3.0,96.394,False,50,2024,22,Las Vegas Grand Prix,2024_22
VER,Red Bull Racing,46.0,3.0,HARD,19.0,True,1,False,5.0,17.1,16.7,43.0,False,4.4,96.929,False,50,2024,22,Las Vegas Grand Prix,2024_22
VER,Red Bull Racing,47.0,3.0,HARD,20.0,True,1,True,5.0,17.0,16.7,43.0,False,5.0,96.736,False,50,2024,22,Las Vegas Grand Prix,2024_22
VER,Red Bull Racing,48.0,3.0,HARD,21.0,True,1,True,5.0,17.1,16.7,43.0,False,3.4,96.922,False,50,2024,22,Las Vegas Grand Prix,2024_22
VER,Red Bull Racing,49.0,3.0,HARD,22.0,True,1,True,5.0,17.1,16.7,43.0,False,3.2,97.016,False,50,2024,22,Las Vegas Grand Prix,2024_22
VER,Red Bull Racing,50.0,3.0,HARD,23.0,True,1,True,5.0,17.1,16.7,43.0,False,4.0,97.21,False,50,2024,22,Las Vegas Grand Prix,2024_22
NOR,McLaren,1.0,1.0,MEDIUM,1.0,True,1,False,6.0,18.0,18.0,51.0,False,2.7,106.792,False,50,2024,22,Las Vegas Grand Prix,2024_22
NOR,McLaren,2.0,1.0,MEDIUM,2.0,True,1,True,6.0,18.0,18.2,50.0,False,1.2,99.907,False,50,2024,22,Las Vegas Grand Prix,2024_22
NOR,McLaren,3.0,1.0,MEDIUM,3.0,True,1,True,6.0,18.0,18.0,50.0,False,1.1,99.197,False,50,2024,22,Las Vegas Grand Prix,2024_22
NOR,McLaren,4.0,1.0,MEDIUM,4.0,True,1,True,6.0,18.0,17.9,50.0,False,2.7,99.094,False,50,2024,22,Las Vegas Grand Prix,2024_22
NOR,McLaren,5.0,1.0,MEDIUM,5.0,True,1,True,6.0,17.9,17.8,50.0,False,2.7,99.49,False,50,2024,22,Las Vegas Grand Prix,2024_22
NOR,McLaren,6.0,1.0,MEDIUM,6.0,True,1,True,6.0,17.9,17.7,51.0,False,2.0,98.848,False,50,2024,22,Las Vegas Grand Prix,2024_22
NOR,McLaren,7.0,1.0,MEDIUM,7.0,True,1,True,6.0,17.9,17.7,50.0,False,2.7,99.716,False,50,2024,22,Las Vegas Grand Prix,2024_22
NOR,McLaren,8.0,1.0,MEDIUM,8.0,True,1,True,5.0,17.9,17.6,50.0,False,2.9,100.573,False,50,2024,22,Las Vegas Grand Prix,2024_22
NOR,McLaren,9.0,1.0,MEDIUM,9.0,True,1,False,10.0,17.9,17.6,51.0,False,3.1,105.24,True,50,2024,22,Las Vegas Grand Prix,2024_22
NOR,McLaren,10.0,2.0,HARD,1.0,True,1,False,17.0,17.9,17.7,50.0,False,2.0,114.247,True,50,2024,22,Las Vegas Grand Prix,2024_22
NOR,McLaren,11.0,2.0,HARD,2.0,True,1,True,14.0,17.8,17.6,51.0,False,1.8,97.795,False,50,2024,22,Las Vegas Grand Prix,2024_22
NOR,McLaren,12.0,2.0,HARD,3.0,True,1,True,11.0,17.9,17.7,51.0,False,1.7,99.909,False,50,2024,22,Las Vegas Grand Prix,2024_22
NOR,McLaren,13.0,2.0,HARD,4.0,True,1,True,9.0,17.9,17.5,50.0,False,2.1,100.365,False,50,2024,22,Las Vegas Grand Prix,2024_22
NOR,McLaren,14.0,2.0,HARD,5.0,True,1,True,7.0,17.8,17.5,50.0,False,2.5,99.798,False,50,2024,22,Las Vegas Grand Prix,2024_22
NOR,McLaren,15.0,2.0,HARD,6.0,True,1,True,6.0,17.7,17.5,50.0,False,2.5,98.236,False,50,2024,22,Las Vegas Grand Prix,2024_22
NOR,McLaren,16.0,2.0,HARD,7.0,True,1,True,7.0,17.7,17.4,50.0,False,3.9,98.165,False,50,2024,22,Las Vegas Grand Prix,2024_22
NOR,McLaren,17.0,2.0,HARD,8.0,True,1,True,6.0,17.7,17.4,50.0,False,3.2,99.928,False,50,2024,22,Las Vegas Grand Prix,2024_22
NOR,McLaren,18.0,2.0,HARD,9.0,True,1,True,6.0,17.6,17.3,50.0,False,3.0,98.152,False,50,2024,22,Las Vegas Grand Prix,2024_22
NOR,McLaren,19.0,2.0,HARD,10.0,True,1,True,6.0,17.6,17.3,50.0,False,3.1,98.232,False,50,2024,22,Las Vegas Grand Prix,2024_22
NOR,McLaren,20.0,2.0,HARD,11.0,True,1,True,6.0,17.6,17.4,49.0,False,2.4,98.166,False,50,2024,22,Las Vegas Grand Prix,2024_22
NOR,McLaren,21.0,2.0,HARD,12.0,True,1,True,6.0,17.6,17.4,49.0,False,3.3,98.14,False,50,2024,22,Las Vegas Grand Prix,2024_22
NOR,McLaren,22.0,2.0,HARD,13.0,True,1,True,6.0,17.6,17.2,49.0,False,2.4,98.444,False,50,2024,22,Las Vegas Grand Prix,2024_22
NOR,McLaren,23.0,2.0,HARD,14.0,True,1,True,6.0,17.6,17.3,48.0,False,3.7,98.283,False,50,2024,22,Las Vegas Grand Prix,2024_22
NOR,McLaren,24.0,2.0,HARD,15.0,True,1,True,6.0,17.6,17.2,49.0,False,3.4,98.434,False,50,2024,22,Las Vegas Grand Prix,2024_22
NOR,McLaren,25.0,2.0,HARD,16.0,True,1,True,6.0,17.6,17.2,48.0,False,3.3,98.529,False,50,2024,22,Las Vegas Grand Prix,2024_22
NOR,McLaren,26.0,2.0,HARD,17.0,True,1,True,6.0,17.6,17.2,48.0,False,4.7,98.819,False,50,2024,22,Las Vegas Grand Prix,2024_22
NOR,McLaren,27.0,2.0,HARD,18.0,True,1,True,6.0,17.6,17.2,48.0,False,2.5,98.795,False,50,2024,22,Las Vegas Grand Prix,2024_22
NOR,McLaren,28.0,2.0,HARD,19.0,True,1,True,4.0,17.5,17.1,46.0,False,3.0,98.892,False,50,2024,22,Las Vegas Grand Prix,2024_22
NOR,McLaren,29.0,2.0,HARD,20.0,True,1,True,3.0,17.6,17.0,47.0,False,2.9,99.05,False,50,2024,22,Las Vegas Grand Prix,2024_22
NOR,McLaren,30.0,2.0,HARD,21.0,True,1,False,4.0,17.5,17.1,47.0,False,4.2,104.646,True,50,2024,22,Las Vegas Grand Prix,2024_22
NOR,McLaren,31.0,3.0,HARD,1.0,True,1,False,7.0,17.5,17.1,46.0,False,4.5,113.261,True,50,2024,22,Las Vegas Grand Prix,2024_22
NOR,McLaren,32.0,3.0,HARD,2.0,True,1,True,7.0,17.5,17.0,46.0,False,3.2,97.649,False,50,2024,22,Las Vegas Grand Prix,2024_22
NOR,McLaren,33.0,3.0,HARD,3.0,True,1,True,6.0,17.4,17.0,45.0,False,3.2,97.886,False,50,2024,22,Las Vegas Grand Prix,2024_22
NOR,McLaren,34.0,3.0,HARD,4.0,True,1,True,6.0,17.3,17.0,45.0,False,1.7,97.587,False,50,2024,22,Las Vegas Grand Prix,2024_22
NOR,McLaren,35.0,3.0,HARD,5.0,True,1,True,6.0,17.3,17.0,44.0,False,3.5,97.355,False,50,2024,22,Las Vegas Grand Prix,2024_22
NOR,McLaren,36.0,3.0,HARD,6.0,True,1,True,6.0,17.3,16.9,44.0,False,4.4,96.845,False,50,2024,22,Las Vegas Grand Prix,2024_22
NOR,McLaren,37.0,3.0,HARD,7.0,True,1,True,6.0,17.4,17.0,44.0,False,5.2,96.473,False,50,2024,22,Las Vegas Grand Prix,2024_22
NOR,McLaren,38.0,3.0,HARD,8.0,True,1,True,6.0,17.3,16.9,43.0,False,3.4,96.447,False,50,2024,22,Las Vegas Grand Prix,2024_22
NOR,McLaren,39.0,3.0,HARD,9.0,True,1,True,6.0,17.3,16.8,43.0,False,4.3,96.237,False,50,2024,22,Las Vegas Grand Prix,2024_22
NOR,McLaren,40.0,3.0,HARD,10.0,True,1,True,6.0,17.3,16.8,43.0,False,3.4,95.843,False,50,2024,22,Las Vegas Grand Prix,2024_22
NOR,McLaren,41.0,3.0,HARD,11.0,True,1,True,6.0,17.2,16.8,43.0,False,3.2,95.983,False,50,2024,22,Las Vegas Grand Prix,2024_22
NOR,McLaren,42.0,3.0,HARD,12.0,True,1,True,6.0,17.3,16.8,43.0,False,2.9,95.601,False,50,2024,22,Las Vegas Grand Prix,2024_22
NOR,McLaren,43.0,3.0,HARD,13.0,True,1,True,6.0,17.2,16.8,43.0,False,4.7,95.876,False,50,2024,22,Las Vegas Grand Prix,2024_22
NOR,McLaren,44.0,3.0,HARD,14.0,True,1,True,6.0,17.1,16.8,43.0,False,3.2,95.527,False,50,2024,22,Las Vegas Grand Prix,2024_22
NOR,McLaren,45.0,3.0,HARD,15.0,True,1,True,6.0,17.1,16.8,43.0,False,3.0,96.363,False,50,2024,22,Las Vegas Grand Prix,2024_22
NOR,McLaren,46.0,3.0,HARD,16.0,True,1,True,6.0,17.1,16.7,43.0,False,4.4,96.006,False,50,2024,22,Las Vegas Grand Prix,2024_22
NOR,McLaren,47.0,3.0,HARD,17.0,True,1,True,6.0,17.1,16.7,43.0,False,3.8,96.445,False,50,2024,22,Las Vegas Grand Prix,2024_22
NOR,McLaren,48.0,3.0,HARD,18.0,True,1,False,6.0,17.1,16.7,43.0,False,3.4,100.9,True,50,2024,22,Las Vegas Grand Prix,2024_22
NOR,McLaren,49.0,4.0,SOFT,5.0,False,1,False,6.0,17.1,16.7,43.0,False,3.2,112.312,True,50,2024,22,Las Vegas Grand Prix,2024_22
NOR,McLaren,50.0,4.0,SOFT,6.0,False,1,False,6.0,17.0,16.7,43.0,False,3.5,94.876,False,50,2024,22,Las Vegas Grand Prix,2024_22
PIA,McLaren,1.0,1.0,MEDIUM,1.0,True,1,False,8.0,18.0,18.0,51.0,False,2.7,108.433,False,50,2024,22,Las Vegas Grand Prix,2024_22
PIA,McLaren,2.0,1.0,MEDIUM,2.0,True,1,True,9.0,18.0,18.2,50.0,False,1.2,100.495,False,50,2024,22,Las Vegas Grand Prix,2024_22
PIA,McLaren,3.0,1.0,MEDIUM,3.0,True,1,True,9.0,18.0,18.0,50.0,False,1.1,99.144,False,50,2024,22,Las Vegas Grand Prix,2024_22
PIA,McLaren,4.0,1.0,MEDIUM,4.0,True,1,True,9.0,18.0,17.9,50.0,False,2.7,99.226,False,50,2024,22,Las Vegas Grand Prix,2024_22
PIA,McLaren,5.0,1.0,MEDIUM,5.0,True,1,True,8.0,17.9,17.8,50.0,False,2.7,99.01,False,50,2024,22,Las Vegas Grand Prix,2024_22
PIA,McLaren,6.0,1.0,MEDIUM,6.0,True,1,True,8.0,17.9,17.7,51.0,False,2.0,99.097,False,50,2024,22,Las Vegas Grand Prix,2024_22
PIA,McLaren,7.0,1.0,MEDIUM,7.0,True,1,True,8.0,17.9,17.7,50.0,False,2.7,100.118,False,50,2024,22,Las Vegas Grand Prix,2024_22
PIA,McLaren,8.0,1.0,MEDIUM,8.0,True,1,True,9.0,17.9,17.6,50.0,False,2.9,100.351,False,50,2024,22,Las Vegas Grand Prix,2024_22
PIA,McLaren,9.0,1.0,MEDIUM,9.0,True,1,True,8.0,17.9,17.6,51.0,False,3.1,101.986,False,50,2024,22,Las Vegas Grand Prix,2024_22
PIA,McLaren,10.0,1.0,MEDIUM,10.0,True,1,False,11.0,17.9,17.7,50.0,False,2.0,105.43,True,50,2024,22,Las Vegas Grand Prix,2024_22
PIA,McLaren,11.0,2.0,HARD,1.0,True,1,False,18.0,17.9,17.6,51.0,False,3.1,121.018,True,50,2024,22,Las Vegas Grand Prix,2024_22
PIA,McLaren,12.0,2.0,HARD,2.0,True,1,True,16.0,17.9,17.7,51.0,False,1.7,98.137,False,50,2024,22,Las Vegas Grand Prix,2024_22
PIA,McLaren,13.0,2.0,HARD,3.0,True,1,True,15.0,17.9,17.5,50.0,False,2.1,97.942,False,50,2024,22,Las Vegas Grand Prix,2024_22
PIA,McLaren,14.0,2.0,HARD,4.0,True,1,True,15.0,17.8,17.5,50.0,False,2.5,98.85,False,50,2024,22,Las Vegas Grand Prix,2024_22
PIA,McLaren,15.0,2.0,HARD,5.0,True,1,True,12.0,17.7,17.5,50.0,False,2.5,98.556,False,50,2024,22,Las Vegas Grand Prix,2024_22
PIA,McLaren,16.0,2.0,HARD,6.0,True,1,True,10.0,17.7,17.4,50.0,False,3.9,99.691,False,50,2024,22,Las Vegas Grand Prix,2024_22
PIA,McLaren,17.0,2.0,HARD,7.0,True,1,True,9.0,17.7,17.4,50.0,False,3.2,99.28,False,50,2024,22,Las Vegas Grand Prix,2024_22
PIA,McLaren,18.0,2.0,HARD,8.0,True,1,True,8.0,17.6,17.3,50.0,False,3.0,98.127,False,50,2024,22,Las Vegas Grand Prix,2024_22
PIA,McLaren,19.0,2.0,HARD,9.0,True,1,True,8.0,17.6,17.3,50.0,False,3.1,98.439,False,50,2024,22,Las Vegas Grand Prix,2024_22
PIA,McLaren,20.0,2.0,HARD,10.0,True,1,True,8.0,17.7,17.5,49.0,False,2.1,98.301,False,50,2024,22,Las Vegas Grand Prix,2024_22
PIA,McLaren,21.0,2.0,HARD,11.0,True,1,True,8.0,17.6,17.4,49.0,False,3.3,98.458,False,50,2024,22,Las Vegas Grand Prix,2024_22
PIA,McLaren,22.0,2.0,HARD,12.0,True,1,True,8.0,17.6,17.2,49.0,False,2.4,99.05,False,50,2024,22,Las Vegas Grand Prix,2024_22
PIA,McLaren,23.0,2.0,HARD,13.0,True,1,True,8.0,17.6,17.3,48.0,False,3.1,98.849,False,50,2024,22,Las Vegas Grand Prix,2024_22
PIA,McLaren,24.0,2.0,HARD,14.0,True,1,True,8.0,17.6,17.2,49.0,False,3.4,99.168,False,50,2024,22,Las Vegas Grand Prix,2024_22
PIA,McLaren,25.0,2.0,HARD,15.0,True,1,False,9.0,17.6,17.2,48.0,False,3.3,103.929,True,50,2024,22,Las Vegas Grand Prix,2024_22
PIA,McLaren,26.0,3.0,HARD,1.0,True,1,False,14.0,17.6,17.1,48.0,False,3.3,114.146,True,50,2024,22,Las Vegas Grand Prix,2024_22
PIA,McLaren,27.0,3.0,HARD,2.0,True,1,True,14.0,17.5,17.1,47.0,False,4.9,97.906,False,50,2024,22,Las Vegas Grand Prix,2024_22
PIA,McLaren,28.0,3.0,HARD,3.0,True,1,True,13.0,17.5,17.1,46.0,False,3.0,98.108,False,50,2024,22,Las Vegas Grand Prix,2024_22
PIA,McLaren,29.0,3.0,HARD,4.0,True,1,True,13.0,17.5,17.0,47.0,False,4.1,97.582,False,50,2024,22,Las Vegas Grand Prix,2024_22
PIA,McLaren,30.0,3.0,HARD,5.0,True,1,True,11.0,17.5,17.1,47.0,False,4.2,98.11,False,50,2024,22,Las Vegas Grand Prix,2024_22
PIA,McLaren,31.0,3.0,HARD,6.0,True,1,True,10.0,17.5,17.1,46.0,False,4.5,98.356,False,50,2024,22,Las Vegas Grand Prix,2024_22
PIA,McLaren,32.0,3.0,HARD,7.0,True,1,True,9.0,17.5,17.0,46.0,False,3.2,98.495,False,50,2024,22,Las Vegas Grand Prix,2024_22
PIA,McLaren,33.0,3.0,HARD,8.0,True,1,True,8.0,17.4,17.0,45.0,False,3.2,98.689,False,50,2024,22,Las Vegas Grand Prix,2024_22
PIA,McLaren,34.0,3.0,HARD,9.0,True,1,True,7.0,17.3,17.0,45.0,False,1.7,97.841,False,50,2024,22,Las Vegas Grand Prix,2024_22
PIA,McLaren,35.0,3.0,HARD,10.0,True,1,True,7.0,17.4,17.0,44.0,False,3.0,97.431,False,50,2024,22,Las Vegas Grand Prix,2024_22
PIA,McLaren,36.0,3.0,HARD,11.0,True,1,True,7.0,17.3,16.9,44.0,False,4.4,97.201,False,50,2024,22,Las Vegas Grand Prix,2024_22
PIA,McLaren,37.0,3.0,HARD,12.0,True,1,True,7.0,17.4,17.0,44.0,False,5.2,96.74,False,50,2024,22,Las Vegas Grand Prix,2024_22
PIA,McLaren,38.0,3.0,HARD,13.0,True,1,True,7.0,17.3,16.9,43.0,False,3.4,97.607,False,50,2024,22,Las Vegas Grand Prix,2024_22
PIA,McLaren,39.0,3.0,HARD,14.0,True,1,True,7.0,17.3,16.8,43.0,False,4.3,97.144,False,50,2024,22,Las Vegas Grand Prix,2024_22
PIA,McLaren,40.0,3.0,HARD,15.0,True,1,True,7.0,17.3,16.9,43.0,False,3.4,97.586,False,50,2024,22,Las Vegas Grand Prix,2024_22
PIA,McLaren,41.0,3.0,HARD,16.0,True,1,False,7.0,17.2,16.8,43.0,False,3.2,97.188,False,50,2024,22,Las Vegas Grand Prix,2024_22
PIA,McLaren,42.0,3.0,HARD,17.0,True,1,True,7.0,17.3,16.8,43.0,False,2.9,97.295,False,50,2024,22,Las Vegas Grand Prix,2024_22
PIA,McLaren,43.0,3.0,HARD,18.0,True,1,True,7.0,17.2,16.8,43.0,False,3.8,97.097,False,50,2024,22,Las Vegas Grand Prix,2024_22
PIA,McLaren,44.0,3.0,HARD,19.0,True,1,True,7.0,17.1,16.8,43.0,False,3.2,96.598,False,50,2024,22,Las Vegas Grand Prix,2024_22
PIA,McLaren,45.0,3.0,HARD,20.0,True,1,True,7.0,17.1,16.7,43.0,False,4.0,97.089,False,50,2024,22,Las Vegas Grand Prix,2024_22
PIA,McLaren,46.0,3.0,HARD,21.0,True,1,True,7.0,17.1,16.7,43.0,False,4.4,97.047,False,50,2024,22,Las Vegas Grand Prix,2024_22
PIA,McLaren,47.0,3.0,HARD,22.0,True,1,True,7.0,17.1,16.7,43.0,False,3.8,97.122,False,50,2024,22,Las Vegas Grand Prix,2024_22
PIA,McLaren,48.0,3.0,HARD,23.0,True,1,True,7.0,17.1,16.7,43.0,False,4.0,97.847,False,50,2024,22,Las Vegas Grand Prix,2024_22
PIA,McLaren,49.0,3.0,HARD,24.0,True,1,True,7.0,17.1,16.7,43.0,False,3.2,97.752,False,50,2024,22,Las Vegas Grand Prix,2024_22
PIA,McLaren,50.0,3.0,HARD,25.0,True,1,True,7.0,17.0,16.7,43.0,False,3.5,98.272,False,50,2024,22,Las Vegas Grand Prix,2024_22
HUL,Haas F1 Team,1.0,1.0,MEDIUM,1.0,True,1,False,9.0,18.0,18.0,51.0,False,2.7,108.675,False,50,2024,22,Las Vegas Grand Prix,2024_22
HUL,Haas F1 Team,2.0,1.0,MEDIUM,2.0,True,1,True,8.0,18.0,18.2,50.0,False,1.2,99.76,False,50,2024,22,Las Vegas Grand Prix,2024_22
HUL,Haas F1 Team,3.0,1.0,MEDIUM,3.0,True,1,True,8.0,18.0,18.0,50.0,False,1.1,99.073,False,50,2024,22,Las Vegas Grand Prix,2024_22
HUL,Haas F1 Team,4.0,1.0,MEDIUM,4.0,True,1,True,8.0,18.0,17.9,50.0,False,2.7,98.998,False,50,2024,22,Las Vegas Grand Prix,2024_22
HUL,Haas F1 Team,5.0,1.0,MEDIUM,5.0,True,1,True,9.0,17.9,17.8,50.0,False,2.7,100.092,False,50,2024,22,Las Vegas Grand Prix,2024_22
HUL,Haas F1 Team,6.0,1.0,MEDIUM,6.0,True,1,True,10.0,17.9,17.7,51.0,False,2.0,100.615,False,50,2024,22,Las Vegas Grand Prix,2024_22
HUL,Haas F1 Team,7.0,1.0,MEDIUM,7.0,True,1,True,10.0,17.9,17.7,50.0,False,2.7,99.687,False,50,2024,22,Las Vegas Grand Prix,2024_22
HUL,Haas F1 Team,8.0,1.0,MEDIUM,8.0,True,1,True,10.0,17.9,17.6,50.0,False,2.9,100.577,False,50,2024,22,Las Vegas Grand Prix,2024_22
HUL,Haas F1 Team,9.0,1.0,MEDIUM,9.0,True,1,True,9.0,17.9,17.6,51.0,False,3.1,100.925,False,50,2024,22,Las Vegas Grand Prix,2024_22
HUL,Haas F1 Team,10.0,1.0,MEDIUM,10.0,True,1,True,5.0,17.9,17.7,50.0,False,2.0,100.934,False,50,2024,22,Las Vegas Grand Prix,2024_22
HUL,Haas F1 Team,11.0,1.0,MEDIUM,11.0,True,1,True,4.0,17.9,17.6,51.0,False,3.1,100.865,False,50,2024,22,Las Vegas Grand Prix,2024_22
HUL,Haas F1 Team,12.0,1.0,MEDIUM,12.0,True,1,True,3.0,17.9,17.7,51.0,False,1.7,100.972,False,50,2024,22,Las Vegas Grand Prix,2024_22
HUL,Haas F1 Team,13.0,1.0,MEDIUM,13.0,True,1,True,4.0,17.9,17.5,50.0,False,2.1,101.171,False,50,2024,22,Las Vegas Grand Prix,2024_22
HUL,Haas F1 Team,14.0,1.0,MEDIUM,14.0,True,1,False,5.0,17.8,17.5,50.0,False,3.0,106.441,True,50,2024,22,Las Vegas Grand Prix,2024_22
HUL,Haas F1 Team,15.0,2.0,HARD,1.0,True,1,False,15.0,17.7,17.5,50.0,False,2.5,115.523,True,50,2024,22,Las Vegas Grand Prix,2024_22
HUL,Haas F1 Team,16.0,2.0,HARD,2.0,True,1,True,15.0,17.7,17.4,50.0,False,3.9,98.986,False,50,2024,22,Las Vegas Grand Prix,2024_22
HUL,Haas F1 Team,17.0,2.0,HARD,3.0,True,1,True,12.0,17.7,17.4,50.0,False,3.2,98.54,False,50,2024,22,Las Vegas Grand Prix,2024_22
HUL,Haas F1 Team,18.0,2.0,HARD,4.0,True,1,True,11.0,17.6,17.3,50.0,False,3.0,98.481,False,50,2024,22,Las Vegas Grand Prix,2024_22
HUL,Haas F1 Team,19.0,2.0,HARD,5.0,True,1,True,10.0,17.6,17.3,50.0,False,3.1,98.372,False,50,2024,22,Las Vegas Grand Prix,2024_22
HUL,Haas F1 Team,20.0,2.0,HARD,6.0,True,1,True,10.0,17.7,17.5,49.0,False,2.1,97.634,False,50,2024,22,Las Vegas Grand Prix,2024_22
HUL,Haas F1 Team,21.0,2.0,HARD,7.0,True,1,True,10.0,17.6,17.4,49.0,False,3.3,97.98,False,50,2024,22,Las Vegas Grand Prix,2024_22
HUL,Haas F1 Team,22.0,2.0,HARD,8.0,True,1,True,9.0,17.6,17.2,49.0,False,2.4,97.948,False,50,2024,22,Las Vegas Grand Prix,2024_22
HUL,Haas F1 Team,23.0,2.0,HARD,9.0,True,1,True,9.0,17.6,17.3,48.0,False,3.1,98.264,False,50,2024,22,Las Vegas Grand Prix,2024_22
HUL,Haas F1 Team,24.0,2.0,HARD,10.0,True,1,True,9.0,17.6,17.2,49.0,False,3.4,98.166,False,50,2024,22,Las Vegas Grand Prix,2024_22
HUL,Haas F1 Team,25.0,2.0,HARD,11.0,True,1,True,8.0,17.6,17.2,48.0,False,3.3,98.705,False,50,2024,22,Las Vegas Grand Prix,2024_22
HUL,Haas F1 Team,26.0,2.0,HARD,12.0,True,1,True,8.0,17.6,17.1,48.0,False,3.3,98.539,False,50,2024,22,Las Vegas Grand Prix,2024_22
HUL,Haas F1 Team,27.0,2.0,HARD,13.0,True,1,True,8.0,17.6,17.2,48.0,False,2.5,98.706,False,50,2024,22,Las Vegas Grand Prix,2024_22
HUL,Haas F1 Team,28.0,2.0,HARD,14.0,True,1,True,8.0,17.5,17.1,46.0,False,3.0,98.986,False,50,2024,22,Las Vegas Grand Prix,2024_22
HUL,Haas F1 Team,29.0,2.0,HARD,15.0,True,1,True,7.0,17.6,17.0,47.0,False,2.9,99.469,False,50,2024,22,Las Vegas Grand Prix,2024_22
HUL,Haas F1 Team,30.0,2.0,HARD,16.0,True,1,True,7.0,17.5,17.1,47.0,False,4.2,98.817,False,50,2024,22,Las Vegas Grand Prix,2024_22
HUL,Haas F1 Team,31.0,2.0,HARD,17.0,True,1,True,6.0,17.5,17.1,46.0,False,4.5,98.6,False,50,2024,22,Las Vegas Grand Prix,2024_22
HUL,Haas F1 Team,32.0,2.0,HARD,18.0,True,1,True,6.0,17.5,17.0,46.0,False,2.8,98.741,False,50,2024,22,Las Vegas Grand Prix,2024_22
HUL,Haas F1 Team,33.0,2.0,HARD,19.0,True,1,False,7.0,17.4,17.0,45.0,False,3.2,103.457,True,50,2024,22,Las Vegas Grand Prix,2024_22
HUL,Haas F1 Team,34.0,3.0,HARD,1.0,True,1,False,11.0,17.3,17.0,45.0,False,1.7,115.136,True,50,2024,22,Las Vegas Grand Prix,2024_22
HUL,Haas F1 Team,35.0,3.0,HARD,2.0,True,1,True,11.0,17.4,17.0,44.0,False,3.0,98.045,False,50,2024,22,Las Vegas Grand Prix,2024_22
HUL,Haas F1 Team,36.0,3.0,HARD,3.0,True,1,True,9.0,17.3,16.9,44.0,False,4.4,97.73,False,50,2024,22,Las Vegas Grand Prix,2024_22
HUL,Haas F1 Team,37.0,3.0,HARD,4.0,True,1,True,9.0,17.4,17.0,44.0,False,5.2,97.526,False,50,2024,22,Las Vegas Grand Prix,2024_22
HUL,Haas F1 Team,38.0,3.0,HARD,5.0,True,1,True,9.0,17.3,16.9,43.0,False,4.0,97.528,False,50,2024,22,Las Vegas Grand Prix,2024_22
HUL,Haas F1 Team,39.0,3.0,HARD,6.0,True,1,True,9.0,17.3,16.8,43.0,False,4.3,97.228,False,50,2024,22,Las Vegas Grand Prix,2024_22
HUL,Haas F1 Team,40.0,3.0,HARD,7.0,True,1,True,9.0,17.3,16.9,43.0,False,3.4,97.687,False,50,2024,22,Las Vegas Grand Prix,2024_22
HUL,Haas F1 Team,41.0,3.0,HARD,8.0,True,1,True,9.0,17.2,16.8,43.0,False,3.2,98.226,False,50,2024,22,Las Vegas Grand Prix,2024_22
HUL,Haas F1 Team,42.0,3.0,HARD,9.0,True,1,True,9.0,17.3,16.8,43.0,False,2.9,97.999,False,50,2024,22,Las Vegas Grand Prix,2024_22
HUL,Haas F1 Team,43.0,3.0,HARD,10.0,True,1,True,9.0,17.2,16.8,43.0,False,3.8,97.556,False,50,2024,22,Las Vegas Grand Prix,2024_22
HUL,Haas F1 Team,44.0,3.0,HARD,11.0,True,1,True,8.0,17.1,16.8,43.0,False,3.2,96.893,False,50,2024,22,Las Vegas Grand Prix,2024_22
HUL,Haas F1 Team,45.0,3.0,HARD,12.0,True,1,True,8.0,17.1,16.7,43.0,False,4.0,96.68,False,50,2024,22,Las Vegas Grand Prix,2024_22
HUL,Haas F1 Team,46.0,3.0,HARD,13.0,True,1,True,8.0,17.0,16.7,43.0,False,5.0,96.986,False,50,2024,22,Las Vegas Grand Prix,2024_22
HUL,Haas F1 Team,47.0,3.0,HARD,14.0,True,1,True,8.0,17.1,16.7,43.0,False,3.8,96.994,False,50,2024,22,Las Vegas Grand Prix,2024_22
HUL,Haas F1 Team,48.0,3.0,HARD,15.0,True,1,True,8.0,17.1,16.7,43.0,False,4.0,96.585,False,50,2024,22,Las Vegas Grand Prix,2024_22
HUL,Haas F1 Team,49.0,3.0,HARD,16.0,True,1,True,8.0,17.1,16.7,43.0,False,3.2,96.704,False,50,2024,22,Las Vegas Grand Prix,2024_22
HUL,Haas F1 Team,50.0,3.0,HARD,17.0,True,1,True,8.0,17.0,16.7,43.0,False,3.5,97.575,False,50,2024,22,Las Vegas Grand Prix,2024_22
TSU,RB,1.0,1.0,MEDIUM,1.0,True,1,False,7.0,18.0,18.0,51.0,False,2.7,107.34,False,50,2024,22,Las Vegas Grand Prix,2024_22
TSU,RB,2.0,1.0,MEDIUM,2.0,True,1,True,7.0,18.0,18.2,50.0,False,1.2,100.026,False,50,2024,22,Las Vegas Grand Prix,2024_22
TSU,RB,3.0,1.0,MEDIUM,3.0,True,1,True,7.0,18.0,18.0,50.0,False,1.1,99.407,False,50,2024,22,Las Vegas Grand Prix,2024_22
TSU,RB,4.0,1.0,MEDIUM,4.0,True,1,True,7.0,18.0,17.9,50.0,False,2.7,99.071,False,50,2024,22,Las Vegas Grand Prix,2024_22
TSU,RB,5.0,1.0,MEDIUM,5.0,True,1,True,7.0,17.9,17.8,50.0,False,2.7,99.366,False,50,2024,22,Las Vegas Grand Prix,2024_22
TSU,RB,6.0,1.0,MEDIUM,6.0,True,1,True,7.0,17.9,17.7,51.0,False,2.0,99.428,False,50,2024,22,Las Vegas Grand Prix,2024_22
TSU,RB,7.0,1.0,MEDIUM,7.0,True,1,True,7.0,17.9,17.7,50.0,False,2.7,99.507,False,50,2024,22,Las Vegas Grand Prix,2024_22
TSU,RB,8.0,1.0,MEDIUM,8.0,True,1,True,7.0,17.9,17.6,50.0,False,2.9,99.973,False,50,2024,22,Las Vegas Grand Prix,2024_22
TSU,RB,9.0,1.0,MEDIUM,9.0,True,1,True,6.0,17.9,17.6,51.0,False,3.1,102.418,False,50,2024,22,Las Vegas Grand Prix,2024_22
TSU,RB,10.0,1.0,MEDIUM,10.0,True,1,False,10.0,17.9,17.7,50.0,False,2.0,105.973,True,50,2024,22,Las Vegas Grand Prix,2024_22
TSU,RB,11.0,2.0,HARD,2.0,False,1,False,15.0,17.9,17.6,51.0,False,3.1,115.855,True,50,2024,22,Las Vegas Grand Prix,2024_22
TSU,RB,12.0,2.0,HARD,3.0,False,1,True,12.0,17.9,17.7,51.0,False,1.7,98.177,False,50,2024,22,Las Vegas Grand Prix,2024_22
TSU,RB,13.0,2.0,HARD,4.0,False,1,True,12.0,17.9,17.5,50.0,False,2.1,98.304,False,50,2024,22,Las Vegas Grand Prix,2024_22
TSU,RB,14.0,2.0,HARD,5.0,False,1,True,12.0,17.8,17.5,50.0,False,2.5,100.19,False,50,2024,22,Las Vegas Grand Prix,2024_22
TSU,RB,15.0,2.0,HARD,6.0,False,1,True,9.0,17.7,17.5,50.0,False,2.5,100.745,False,50,2024,22,Las Vegas Grand Prix,2024_22
TSU,RB,16.0,2.0,HARD,7.0,False,1,True,8.0,17.7,17.4,50.0,False,3.9,100.708,False,50,2024,22,Las Vegas Grand Prix,2024_22
TSU,RB,17.0,2.0,HARD,8.0,False,1,True,8.0,17.7,17.4,50.0,False,3.2,98.549,False,50,2024,22,Las Vegas Grand Prix,2024_22
TSU,RB,18.0,2.0,HARD,9.0,False,1,True,7.0,17.6,17.3,50.0,False,3.0,98.576,False,50,2024,22,Las Vegas Grand Prix,2024_22
TSU,RB,19.0,2.0,HARD,10.0,False,1,True,7.0,17.6,17.3,50.0,False,3.1,98.49,False,50,2024,22,Las Vegas Grand Prix,2024_22
TSU,RB,20.0,2.0,HARD,11.0,False,1,True,7.0,17.7,17.5,49.0,False,2.1,98.258,False,50,2024,22,Las Vegas Grand Prix,2024_22
TSU,RB,21.0,2.0,HARD,12.0,False,1,True,7.0,17.6,17.4,49.0,False,3.3,98.387,False,50,2024,22,Las Vegas Grand Prix,2024_22
TSU,RB,22.0,2.0,HARD,13.0,False,1,True,7.0,17.6,17.2,49.0,False,2.4,98.831,False,50,2024,22,Las Vegas Grand Prix,2024_22
TSU,RB,23.0,2.0,HARD,14.0,False,1,True,7.0,17.6,17.3,48.0,False,3.1,98.925,False,50,2024,22,Las Vegas Grand Prix,2024_22
TSU,RB,24.0,2.0,HARD,15.0,False,1,True,7.0,17.6,17.2,49.0,False,3.4,100.038,False,50,2024,22,Las Vegas Grand Prix,2024_22
TSU,RB,25.0,2.0,HARD,16.0,False,1,True,7.0,17.6,17.2,48.0,False,3.3,98.985,False,50,2024,22,Las Vegas Grand Prix,2024_22
TSU,RB,26.0,2.0,HARD,17.0,False,1,True,7.0,17.6,17.1,48.0,False,3.3,98.932,False,50,2024,22,Las Vegas Grand Prix,2024_22
TSU,RB,27.0,2.0,HARD,18.0,False,1,True,7.0,17.6,17.2,48.0,False,2.5,98.827,False,50,2024,22,Las Vegas Grand Prix,2024_22
TSU,RB,28.0,2.0,HARD,19.0,False,1,True,7.0,17.5,17.1,46.0,False,3.0,99.213,False,50,2024,22,Las Vegas Grand Prix,2024_22
TSU,RB,29.0,2.0,HARD,20.0,False,1,False,8.0,17.6,17.0,47.0,False,2.9,104.582,True,50,2024,22,Las Vegas Grand Prix,2024_22
TSU,RB,30.0,3.0,HARD,2.0,False,1,False,13.0,17.5,17.1,47.0,False,4.2,115.356,True,50,2024,22,Las Vegas Grand Prix,2024_22
TSU,RB,31.0,3.0,HARD,3.0,False,1,True,13.0,17.5,17.1,46.0,False,4.5,98.72,False,50,2024,22,Las Vegas Grand Prix,2024_22
TSU,RB,32.0,3.0,HARD,4.0,False,1,True,13.0,17.5,17.0,46.0,False,3.2,98.174,False,50,2024,22,Las Vegas Grand Prix,2024_22
TSU,RB,33.0,3.0,HARD,5.0,False,1,True,12.0,17.4,17.0,45.0,False,3.2,98.044,False,50,2024,22,Las Vegas Grand Prix,2024_22
TSU,RB,34.0,3.0,HARD,6.0,False,1,True,9.0,17.3,17.0,45.0,False,1.7,98.088,False,50,2024,22,Las Vegas Grand Prix,2024_22
TSU,RB,35.0,3.0,HARD,7.0,False,1,True,8.0,17.4,17.0,44.0,False,3.0,98.173,False,50,2024,22,Las Vegas Grand Prix,2024_22
TSU,RB,36.0,3.0,HARD,8.0,False,1,True,8.0,17.3,16.9,44.0,False,4.4,98.514,False,50,2024,22,Las Vegas Grand Prix,2024_22
TSU,RB,37.0,3.0,HARD,9.0,False,1,True,8.0,17.4,17.0,44.0,False,5.2,97.6,False,50,2024,22,Las Vegas Grand Prix,2024_22
TSU,RB,38.0,3.0,HARD,10.0,False,1,True,8.0,17.3,16.9,43.0,False,4.0,98.146,False,50,2024,22,Las Vegas Grand Prix,2024_22
TSU,RB,39.0,3.0,HARD,11.0,False,1,True,8.0,17.3,16.8,43.0,False,4.3,97.802,False,50,2024,22,Las Vegas Grand Prix,2024_22
TSU,RB,40.0,3.0,HARD,12.0,False,1,True,8.0,17.3,16.9,43.0,False,3.4,97.624,False,50,2024,22,Las Vegas Grand Prix,2024_22
TSU,RB,41.0,3.0,HARD,13.0,False,1,True,8.0,17.2,16.8,43.0,False,3.2,98.223,False,50,2024,22,Las Vegas Grand Prix,2024_22
TSU,RB,42.0,3.0,HARD,14.0,False,1,True,8.0,17.3,16.8,43.0,False,2.9,97.721,False,50,2024,22,Las Vegas Grand Prix,2024_22
TSU,RB,43.0,3.0,HARD,15.0,False,1,True,8.0,17.2,16.8,43.0,False,3.8,97.478,False,50,2024,22,Las Vegas Grand Prix,2024_22
TSU,RB,44.0,3.0,HARD,16.0,False,1,True,9.0,17.1,16.8,43.0,False,3.2,97.976,False,50,2024,22,Las Vegas Grand Prix,2024_22
TSU,RB,45.0,3.0,HARD,17.0,False,1,True,9.0,17.1,16.7,43.0,False,4.0,97.381,False,50,2024,22,Las Vegas Grand Prix,2024_22
TSU,RB,46.0,3.0,HARD,18.0,False,1,True,9.0,17.0,16.7,43.0,False,5.0,97.323,False,50,2024,22,Las Vegas Grand Prix,2024_22
TSU,RB,47.0,3.0,HARD,19.0,False,1,True,9.0,17.1,16.7,43.0,False,3.8,97.028,False,50,2024,22,Las Vegas Grand Prix,2024_22
TSU,RB,48.0,3.0,HARD,20.0,False,1,True,9.0,17.1,16.7,43.0,False,4.0,96.957,False,50,2024,22,Las Vegas Grand Prix,2024_22
TSU,RB,49.0,3.0,HARD,21.0,False,1,True,9.0,17.1,16.7,43.0,False,3.2,97.304,False,50,2024,22,Las Vegas Grand Prix,2024_22
TSU,RB,50.0,3.0,HARD,22.0,False,1,True,9.0,17.0,16.7,43.0,False,3.5,98.064,False,50,2024,22,Las Vegas Grand Prix,2024_22
PER,Red Bull Racing,1.0,1.0,HARD,1.0,True,1,False,17.0,18.0,18.0,51.0,False,2.7,113.292,False,50,2024,22,Las Vegas Grand Prix,2024_22
PER,Red Bull Racing,2.0,1.0,HARD,2.0,True,1,True,16.0,18.0,18.2,50.0,False,1.2,102.106,False,50,2024,22,Las Vegas Grand Prix,2024_22
PER,Red Bull Racing,3.0,1.0,HARD,3.0,True,1,True,16.0,18.0,18.0,50.0,False,1.1,100.45,False,50,2024,22,Las Vegas Grand Prix,2024_22
PER,Red Bull Racing,4.0,1.0,HARD,4.0,True,1,True,15.0,18.0,17.9,50.0,False,2.7,100.282,False,50,2024,22,Las Vegas Grand Prix,2024_22
PER,Red Bull Racing,5.0,1.0,HARD,5.0,True,1,True,15.0,18.0,17.7,51.0,False,3.3,99.277,False,50,2024,22,Las Vegas Grand Prix,2024_22
PER,Red Bull Racing,6.0,1.0,HARD,6.0,True,1,True,15.0,17.9,17.7,51.0,False,2.0,98.985,False,50,2024,22,Las Vegas Grand Prix,2024_22
PER,Red Bull Racing,7.0,1.0,HARD,7.0,True,1,True,14.0,17.9,17.7,50.0,False,2.7,99.368,False,50,2024,22,Las Vegas Grand Prix,2024_22
PER,Red Bull Racing,8.0,1.0,HARD,8.0,True,1,True,14.0,17.9,17.6,50.0,False,2.9,98.882,False,50,2024,22,Las Vegas Grand Prix,2024_22
PER,Red Bull Racing,9.0,1.0,HARD,9.0,True,1,True,13.0,17.9,17.6,51.0,False,3.1,99.523,False,50,2024,22,Las Vegas Grand Prix,2024_22
PER,Red Bull Racing,10.0,1.0,HARD,10.0,True,1,True,8.0,17.9,17.7,50.0,False,2.0,99.229,False,50,2024,22,Las Vegas Grand Prix,2024_22
PER,Red Bull Racing,11.0,1.0,HARD,11.0,True,1,True,5.0,17.9,17.6,51.0,False,3.1,100.706,False,50,2024,22,Las Vegas Grand Prix,2024_22
PER,Red Bull Racing,12.0,1.0,HARD,12.0,True,1,True,4.0,17.9,17.7,51.0,False,1.7,99.663,False,50,2024,22,Las Vegas Grand Prix,2024_22
PER,Red Bull Racing,13.0,1.0,HARD,13.0,True,1,True,3.0,17.9,17.5,50.0,False,2.1,100.107,False,50,2024,22,Las Vegas Grand Prix,2024_22
PER,Red Bull Racing,14.0,1.0,HARD,14.0,True,1,True,2.0,17.8,17.5,50.0,False,3.0,100.897,False,50,2024,22,Las Vegas Grand Prix,2024_22
PER,Red Bull Racing,15.0,1.0,HARD,15.0,True,1,True,3.0,17.7,17.5,50.0,False,2.5,101.565,False,50,2024,22,Las Vegas Grand Prix,2024_22
PER,Red Bull Racing,16.0,1.0,HARD,16.0,True,1,True,4.0,17.7,17.4,50.0,False,3.9,100.939,False,50,2024,22,Las Vegas Grand Prix,2024_22
PER,Red Bull Racing,17.0,1.0,HARD,17.0,True,1,False,7.0,17.7,17.4,50.0,False,3.2,108.327,True,50,2024,22,Las Vegas Grand Prix,2024_22
PER,Red Bull Racing,18.0,2.0,MEDIUM,1.0,True,1,False,14.0,17.6,17.3,50.0,False,3.0,116.44,True,50,2024,22,Las Vegas Grand Prix,2024_22
PER,Red Bull Racing,19.0,2.0,MEDIUM,2.0,True,1,True,14.0,17.6,17.3,50.0,False,3.1,98.953,False,50,2024,22,Las Vegas Grand Prix,2024_22
PER,Red Bull Racing,20.0,2.0,MEDIUM,3.0,True,1,True,14.0,17.7,17.5,49.0,False,2.1,98.25,False,50,2024,22,Las Vegas Grand Prix,2024_22
PER,Red Bull Racing,21.0,2.0,MEDIUM,4.0,True,1,True,14.0,17.6,17.4,49.0,False,3.4,98.109,False,50,2024,22,Las Vegas Grand Prix,2024_22
PER,Red Bull Racing,22.0,2.0,MEDIUM,5.0,True,1,True,14.0,17.6,17.2,49.0,False,2.4,98.112,False,50,2024,22,Las Vegas Grand Prix,2024_22
PER,Red Bull Racing,23.0,2.0,MEDIUM,6.0,True,1,True,14.0,17.6,17.3,48.0,False,3.1,98.007,False,50,2024,22,Las Vegas Grand Prix,2024_22
PER,Red Bull Racing,24.0,2.0,MEDIUM,7.0,True,1,True,12.0,17.6,17.2,49.0,False,3.4,98.326,False,50,2024,22,Las Vegas Grand Prix,2024_22
PER,Red Bull Racing,25.0,2.0,MEDIUM,8.0,True,1,True,11.0,17.6,17.2,48.0,False,3.3,98.1,False,50,2024,22,Las Vegas Grand Prix,2024_22
PER,Red Bull Racing,26.0,2.0,MEDIUM,9.0,True,1,True,9.0,17.6,17.1,48.0,False,3.3,97.931,False,50,2024,22,Las Vegas Grand Prix,2024_22
PER,Red Bull Racing,27.0,2.0,MEDIUM,10.0,True,1,True,9.0,17.6,17.2,48.0,False,2.5,98.36,False,50,2024,22,Las Vegas Grand Prix,2024_22
PER,Red Bull Racing,28.0,2.0,MEDIUM,11.0,True,1,True,9.0,17.5,17.1,46.0,False,3.0,97.997,False,50,2024,22,Las Vegas Grand Prix,2024_22
PER,Red Bull Racing,29.0,2.0,MEDIUM,12.0,True,1,True,9.0,17.5,17.0,47.0,False,4.1,97.883,False,50,2024,22,Las Vegas Grand Prix,2024_22
PER,Red Bull Racing,30.0,2.0,MEDIUM,13.0,True,1,True,8.0,17.5,17.1,47.0,False,4.2,98.317,False,50,2024,22,Las Vegas Grand Prix,2024_22
PER,Red Bull Racing,31.0,2.0,MEDIUM,14.0,True,1,True,8.0,17.5,17.1,46.0,False,4.5,99.896,False,50,2024,22,Las Vegas Grand Prix,2024_22
PER,Red Bull Racing,32.0,2.0,MEDIUM,15.0,True,1,False,8.0,17.5,17.0,46.0,False,3.2,103.652,True,50,2024,22,Las Vegas Grand Prix,2024_22
PER,Red Bull Racing,33.0,3.0,HARD,1.0,True,1,False,15.0,17.4,17.0,45.0,False,3.2,114.573,True,50,2024,22,Las Vegas Grand Prix,2024_22
PER,Red Bull Racing,34.0,3.0,HARD,2.0,True,1,True,15.0,17.3,17.0,45.0,False,1.7,97.262,False,50,2024,22,Las Vegas Grand Prix,2024_22
PER,Red Bull Racing,35.0,3.0,HARD,3.0,True,1,True,14.0,17.4,17.0,44.0,False,3.0,97.112,False,50,2024,22,Las Vegas Grand Prix,2024_22
PER,Red Bull Racing,36.0,3.0,HARD,4.0,True,1,True,14.0,17.3,16.9,44.0,False,4.4,96.983,False,50,2024,22,Las Vegas Grand Prix,2024_22
PER,Red Bull Racing,37.0,3.0,HARD,5.0,True,1,True,12.0,17.4,17.0,44.0,False,5.2,98.607,False,50,2024,22,Las Vegas Grand Prix,2024_22
PER,Red Bull Racing,38.0,3.0,HARD,6.0,True,1,True,12.0,17.3,16.9,43.0,False,4.0,97.542,False,50,2024,22,Las Vegas Grand Prix,2024_22
PER,Red Bull Racing,39.0,3.0,HARD,7.0,True,1,True,11.0,17.3,16.8,43.0,False,4.3,98.613,False,50,2024,22,Las Vegas Grand Prix,2024_22
PER,Red Bull Racing,40.0,3.0,HARD,8.0,True,1,True,11.0,17.3,16.9,43.0,False,3.4,97.536,False,50,2024,22,Las Vegas Grand Prix,2024_22
PER,Red Bull Racing,41.0,3.0,HARD,9.0,True,1,True,11.0,17.2,16.8,43.0,False,3.2,96.579,False,50,2024,22,Las Vegas Grand Prix,2024_22
PER,Red Bull Racing,42.0,3.0,HARD,10.0,True,1,True,11.0,17.3,16.8,43.0,False,2.9,96.326,False,50,2024,22,Las Vegas Grand Prix,2024_22
PER,Red Bull Racing,43.0,3.0,HARD,11.0,True,1,True,11.0,17.2,16.8,43.0,False,3.8,96.491,False,50,2024,22,Las Vegas Grand Prix,2024_22
PER,Red Bull Racing,44.0,3.0,HARD,12.0,True,1,True,11.0,17.1,16.8,43.0,False,3.2,97.037,False,50,2024,22,Las Vegas Grand Prix,2024_22
PER,Red Bull Racing,45.0,3.0,HARD,13.0,True,1,True,10.0,17.1,16.7,43.0,False,4.0,97.396,False,50,2024,22,Las Vegas Grand Prix,2024_22
PER,Red Bull Racing,46.0,3.0,HARD,14.0,True,1,True,10.0,17.0,16.7,43.0,False,5.0,96.95,False,50,2024,22,Las Vegas Grand Prix,2024_22
PER,Red Bull Racing,47.0,3.0,HARD,15.0,True,1,True,10.0,17.1,16.7,43.0,False,3.8,96.473,False,50,2024,22,Las Vegas Grand Prix,2024_22
PER,Red Bull Racing,48.0,3.0,HARD,16.0,True,1,True,10.0,17.1,16.7,43.0,False,4.0,96.716,False,50,2024,22,Las Vegas Grand Prix,2024_22
PER,Red Bull Racing,49.0,3.0,HARD,17.0,True,1,True,10.0,17.1,16.7,43.0,False,3.2,96.939,False,50,2024,22,Las Vegas Grand Prix,2024_22
PER,Red Bull Racing,50.0,3.0,HARD,18.0,True,1,True,10.0,17.0,16.7,43.0,False,3.5,98.017,False,50,2024,22,Las Vegas Grand Prix,2024_22
ALO,Aston Martin,1.0,1.0,SOFT,1.0,True,1,False,15.0,18.0,18.0,51.0,False,2.7,112.823,False,50,2024,22,Las Vegas Grand Prix,2024_22
ALO,Aston Martin,2.0,1.0,SOFT,2.0,True,1,True,14.0,18.0,18.2,50.0,False,1.2,100.592,False,50,2024,22,Las Vegas Grand Prix,2024_22
ALO,Aston Martin,3.0,1.0,SOFT,3.0,True,1,True,14.0,18.0,18.0,50.0,False,1.1,100.165,False,50,2024,22,Las Vegas Grand Prix,2024_22
ALO,Aston Martin,4.0,1.0,SOFT,4.0,True,1,False,19.0,18.0,17.9,50.0,False,2.7,105.129,True,50,2024,22,Las Vegas Grand Prix,2024_22
ALO,Aston Martin,5.0,2.0,HARD,2.0,False,1,False,20.0,18.0,17.7,51.0,False,3.3,115.61,True,50,2024,22,Las Vegas Grand Prix,2024_22
ALO,Aston Martin,6.0,2.0,HARD,3.0,False,1,True,20.0,17.9,17.7,51.0,False,2.0,99.777,False,50,2024,22,Las Vegas Grand Prix,2024_22
ALO,Aston Martin,7.0,2.0,HARD,4.0,False,1,True,20.0,17.9,17.7,50.0,False,2.7,99.233,False,50,2024,22,Las Vegas Grand Prix,2024_22
ALO,Aston Martin,8.0,2.0,HARD,5.0,False,1,True,20.0,17.9,17.6,50.0,False,3.9,99.614,False,50,2024,22,Las Vegas Grand Prix,2024_22
ALO,Aston Martin,9.0,2.0,HARD,6.0,False,1,True,20.0,17.9,17.6,51.0,False,3.1,99.125,False,50,2024,22,Las Vegas Grand Prix,2024_22
ALO,Aston Martin,10.0,2.0,HARD,7.0,False,1,True,18.0,17.9,17.7,50.0,False,2.0,98.935,False,50,2024,22,Las Vegas Grand Prix,2024_22
ALO,Aston Martin,11.0,2.0,HARD,8.0,False,1,True,17.0,17.8,17.6,51.0,False,1.8,98.578,False,50,2024,22,Las Vegas Grand Prix,2024_22
ALO,Aston Martin,12.0,2.0,HARD,9.0,False,1,True,14.0,17.9,17.7,51.0,False,1.7,98.615,False,50,2024,22,Las Vegas Grand Prix,2024_22
ALO,Aston Martin,13.0,2.0,HARD,10.0,False,1,True,14.0,17.9,17.5,50.0,False,2.1,98.437,False,50,2024,22,Las Vegas Grand Prix,2024_22
ALO,Aston Martin,14.0,2.0,HARD,11.0,False,1,True,14.0,17.8,17.5,50.0,False,2.5,99.368,False,50,2024,22,Las Vegas Grand Prix,2024_22
ALO,Aston Martin,15.0,2.0,HARD,12.0,False,1,True,13.0,17.7,17.5,50.0,False,2.5,102.232,False,50,2024,22,Las Vegas Grand Prix,2024_22
ALO,Aston Martin,16.0,2.0,HARD,13.0,False,1,True,12.0,17.7,17.4,50.0,False,3.9,101.595,False,50,2024,22,Las Vegas Grand Prix,2024_22
ALO,Aston Martin,17.0,2.0,HARD,14.0,False,1,True,10.0,17.7,17.4,50.0,False,3.2,100.366,False,50,2024,22,Las Vegas Grand Prix,2024_22
ALO,Aston Martin,18.0,2.0,HARD,15.0,False,1,True,10.0,17.6,17.3,50.0,False,3.0,99.432,False,50,2024,22,Las Vegas Grand Prix,2024_22
ALO,Aston Martin,19.0,2.0,HARD,16.0,False,1,True,11.0,17.6,17.3,50.0,False,3.1,99.761,False,50,2024,22,Las Vegas Grand Prix,2024_22
ALO,Aston Martin,20.0,2.0,HARD,17.0,False,1,True,11.0,17.7,17.5,49.0,False,2.1,98.612,False,50,2024,22,Las Vegas Grand Prix,2024_22
ALO,Aston Martin,21.0,2.0,HARD,18.0,False,1,True,11.0,17.6,17.4,49.0,False,3.3,98.989,False,50,2024,22,Las Vegas Grand Prix,2024_22
ALO,Aston Martin,22.0,2.0,HARD,19.0,False,1,True,11.0,17.6,17.2,49.0,False,2.4,99.515,False,50,2024,22,Las Vegas Grand Prix,2024_22
ALO,Aston Martin,23.0,2.0,HARD,20.0,False,1,True,12.0,17.6,17.3,48.0,False,3.1,101.065,False,50,2024,22,Las Vegas Grand Prix,2024_22
ALO,Aston Martin,24.0,2.0,HARD,21.0,False,1,False,15.0,17.6,17.2,49.0,False,3.4,104.985,True,50,2024,22,Las Vegas Grand Prix,2024_22
ALO,Aston Martin,25.0,3.0,HARD,2.0,False,1,False,17.0,17.6,17.2,48.0,False,3.3,114.074,True,50,2024,22,Las Vegas Grand Prix,2024_22
ALO,Aston Martin,26.0,3.0,HARD,3.0,False,1,True,16.0,17.6,17.1,48.0,False,3.3,97.924,False,50,2024,22,Las Vegas Grand Prix,2024_22
ALO,Aston Martin,27.0,3.0,HARD,4.0,False,1,True,15.0,17.5,17.1,47.0,False,4.9,98.422,False,50,2024,22,Las Vegas Grand Prix,2024_22
ALO,Aston Martin,28.0,3.0,HARD,5.0,False,1,True,15.0,17.5,17.1,46.0,False,3.0,98.655,False,50,2024,22,Las Vegas Grand Prix,2024_22
ALO,Aston Martin,29.0,3.0,HARD,6.0,False,1,True,14.0,17.5,17.0,47.0,False,4.1,98.034,False,50,2024,22,Las Vegas Grand Prix,2024_22
ALO,Aston Martin,30.0,3.0,HARD,7.0,False,1,True,14.0,17.5,17.1,46.0,False,3.4,97.818,False,50,2024,22,Las Vegas Grand Prix,2024_22
ALO,Aston Martin,31.0,3.0,HARD,8.0,False,1,True,14.0,17.5,17.1,46.0,False,4.5,98.053,False,50,2024,22,Las Vegas Grand Prix,2024_22
ALO,Aston Martin,32.0,3.0,HARD,9.0,False,1,True,14.0,17.5,17.0,46.0,False,3.2,97.531,False,50,2024,22,Las Vegas Grand Prix,2024_22
ALO,Aston Martin,33.0,3.0,HARD,10.0,False,1,True,13.0,17.4,17.0,45.0,False,3.2,97.634,False,50,2024,22,Las Vegas Grand Prix,2024_22
ALO,Aston Martin,34.0,3.0,HARD,11.0,False,1,True,13.0,17.3,17.0,45.0,False,1.7,97.932,False,50,2024,22,Las Vegas Grand Prix,2024_22
ALO,Aston Martin,35.0,3.0,HARD,12.0,False,1,True,12.0,17.4,17.0,44.0,False,3.0,97.883,False,50,2024,22,Las Vegas Grand Prix,2024_22
ALO,Aston Martin,36.0,3.0,HARD,13.0,False,1,True,11.0,17.3,16.9,44.0,False,4.4,98.853,False,50,2024,22,Las Vegas Grand Prix,2024_22
ALO,Aston Martin,37.0,3.0,HARD,14.0,False,1,True,10.0,17.4,17.0,44.0,False,5.2,97.82,False,50,2024,22,Las Vegas Grand Prix,2024_22
ALO,Aston Martin,38.0,3.0,HARD,15.0,False,1,True,10.0,17.3,16.9,43.0,False,4.0,97.565,False,50,2024,22,Las Vegas Grand Prix,2024_22
ALO,Aston Martin,39.0,3.0,HARD,16.0,False,1,True,10.0,17.3,16.8,43.0,False,4.3,96.553,False,50,2024,22,Las Vegas Grand Prix,2024_22
ALO,Aston Martin,40.0,3.0,HARD,17.0,False,1,True,10.0,17.3,16.9,43.0,False,3.4,97.174,False,50,2024,22,Las Vegas Grand Prix,2024_22
ALO,Aston Martin,41.0,3.0,HARD,18.0,False,1,True,10.0,17.2,16.8,43.0,False,3.2,97.681,False,50,2024,22,Las Vegas Grand Prix,2024_22
ALO,Aston Martin,42.0,3.0,HARD,19.0,False,1,True,10.0,17.3,16.8,43.0,False,2.9,98.078,False,50,2024,22,Las Vegas Grand Prix,2024_22
ALO,Aston Martin,43.0,3.0,HARD,20.0,False,1,True,10.0,17.2,16.8,43.0,False,3.8,97.775,False,50,2024,22,Las Vegas Grand Prix,2024_22
ALO,Aston Martin,44.0,3.0,HARD,21.0,False,1,True,10.0,17.1,16.8,43.0,False,3.2,97.754,False,50,2024,22,Las Vegas Grand Prix,2024_22
ALO,Aston Martin,45.0,3.0,HARD,22.0,False,1,True,11.0,17.1,16.7,43.0,False,4.0,98.527,False,50,2024,22,Las Vegas Grand Prix,2024_22
ALO,Aston Martin,46.0,3.0,HARD,23.0,False,1,True,11.0,17.0,16.7,43.0,False,5.0,98.513,False,50,2024,22,Las Vegas Grand Prix,2024_22
ALO,Aston Martin,47.0,3.0,HARD,24.0,False,1,True,11.0,17.1,16.7,43.0,False,3.8,98.136,False,50,2024,22,Las Vegas Grand Prix,2024_22
ALO,Aston Martin,48.0,3.0,HARD,25.0,False,1,True,11.0,17.1,16.7,43.0,False,4.0,98.338,False,50,2024,22,Las Vegas Grand Prix,2024_22
ALO,Aston Martin,49.0,3.0,HARD,26.0,False,1,True,11.0,17.1,16.7,43.0,False,4.0,97.904,False,50,2024,22,Las Vegas Grand Prix,2024_22
ALO,Aston Martin,50.0,3.0,HARD,27.0,False,1,True,11.0,17.0,16.7,43.0,False,3.5,97.98,False,50,2024,22,Las Vegas Grand Prix,2024_22
MAG,Haas F1 Team,1.0,1.0,MEDIUM,1.0,True,1,False,14.0,18.0,18.0,51.0,False,2.7,112.614,False,50,2024,22,Las Vegas Grand Prix,2024_22
MAG,Haas F1 Team,2.0,1.0,MEDIUM,2.0,True,1,True,15.0,18.0,18.2,50.0,False,1.2,102.38,False,50,2024,22,Las Vegas Grand Prix,2024_22
MAG,Haas F1 Team,3.0,1.0,MEDIUM,3.0,True,1,True,15.0,18.0,18.0,50.0,False,1.1,100.169,False,50,2024,22,Las Vegas Grand Prix,2024_22
MAG,Haas F1 Team,4.0,1.0,MEDIUM,4.0,True,1,True,14.0,18.0,17.9,50.0,False,2.7,100.422,False,50,2024,22,Las Vegas Grand Prix,2024_22
MAG,Haas F1 Team,5.0,1.0,MEDIUM,5.0,True,1,True,14.0,18.0,17.7,51.0,False,3.3,99.314,False,50,2024,22,Las Vegas Grand Prix,2024_22
MAG,Haas F1 Team,6.0,1.0,MEDIUM,6.0,True,1,True,14.0,17.9,17.7,51.0,False,2.0,98.923,False,50,2024,22,Las Vegas Grand Prix,2024_22
MAG,Haas F1 Team,7.0,1.0,MEDIUM,7.0,True,1,True,15.0,17.9,17.7,50.0,False,2.7,100.623,False,50,2024,22,Las Vegas Grand Prix,2024_22
MAG,Haas F1 Team,8.0,1.0,MEDIUM,8.0,True,1,True,15.0,17.9,17.6,50.0,False,2.9,99.595,False,50,2024,22,Las Vegas Grand Prix,2024_22
MAG,Haas F1 Team,9.0,1.0,MEDIUM,9.0,True,1,True,15.0,17.9,17.6,51.0,False,3.1,100.151,False,50,2024,22,Las Vegas Grand Prix,2024_22
MAG,Haas F1 Team,10.0,1.0,MEDIUM,10.0,True,1,True,13.0,17.9,17.7,50.0,False,2.0,101.368,False,50,2024,22,Las Vegas Grand Prix,2024_22
MAG,Haas F1 Team,11.0,1.0,MEDIUM,11.0,True,1,True,7.0,17.8,17.6,51.0,False,1.8,101.267,False,50,2024,22,Las Vegas Grand Prix,2024_22
MAG,Haas F1 Team,12.0,1.0,MEDIUM,12.0,True,1,True,6.0,17.9,17.7,51.0,False,1.7,101.935,False,50,2024,22,Las Vegas Grand Prix,2024_22
MAG,Haas F1 Team,13.0,1.0,MEDIUM,13.0,True,1,True,8.0,17.9,17.5,50.0,False,2.1,102.195,False,50,2024,22,Las Vegas Grand Prix,2024_22
MAG,Haas F1 Team,14.0,1.0,MEDIUM,14.0,True,1,True,9.0,17.8,17.5,50.0,False,2.5,102.439,False,50,2024,22,Las Vegas Grand Prix,2024_22
MAG,Haas F1 Team,15.0,1.0,MEDIUM,15.0,True,1,True,8.0,17.7,17.5,50.0,False,2.5,101.962,False,50,2024,22,Las Vegas Grand Prix,2024_22
MAG,Haas F1 Team,16.0,1.0,MEDIUM,16.0,True,1,True,9.0,17.7,17.4,50.0,False,3.9,101.85,False,50,2024,22,Las Vegas Grand Prix,2024_22
MAG,Haas F1 Team,17.0,1.0,MEDIUM,17.0,True,1,False,14.0,17.7,17.4,50.0,False,3.2,107.306,True,50,2024,22,Las Vegas Grand Prix,2024_22
MAG,Haas F1 Team,18.0,2.0,HARD,1.0,True,1,False,18.0,17.6,17.3,50.0,False,3.0,117.747,True,50,2024,22,Las Vegas Grand Prix,2024_22
MAG,Haas F1 Team,19.0,2.0,HARD,2.0,True,1,True,18.0,17.6,17.3,50.0,False,3.1,99.918,False,50,2024,22,Las Vegas Grand Prix,2024_22
MAG,Haas F1 Team,20.0,2.0,HARD,3.0,True,1,True,18.0,17.7,17.5,49.0,False,2.1,99.233,False,50,2024,22,Las Vegas Grand Prix,2024_22
MAG,Haas F1 Team,21.0,2.0,HARD,4.0,True,1,True,18.0,17.6,17.4,49.0,False,3.4,99.503,False,50,2024,22,Las Vegas Grand Prix,2024_22
MAG,Haas F1 Team,22.0,2.0,HARD,5.0,True,1,True,18.0,17.6,17.2,49.0,False,2.4,99.03,False,50,2024,22,Las Vegas Grand Prix,2024_22
MAG,Haas F1 Team,23.0,2.0,HARD,6.0,True,1,True,18.0,17.6,17.3,48.0,False,3.1,99.182,False,50,2024,22,Las Vegas Grand Prix,2024_22
MAG,Haas F1 Team,24.0,2.0,HARD,7.0,True,1,True,18.0,17.5,17.1,49.0,False,3.5,98.696,False,50,2024,22,Las Vegas Grand Prix,2024_22
MAG,Haas F1 Team,25.0,2.0,HARD,8.0,True,1,True,18.0,17.6,17.2,48.0,False,3.3,99.087,False,50,2024,22,Las Vegas Grand Prix,2024_22
MAG,Haas F1 Team,26.0,2.0,HARD,9.0,True,1,True,17.0,17.6,17.1,48.0,False,3.3,98.295,False,50,2024,22,Las Vegas Grand Prix,2024_22
MAG,Haas F1 Team,27.0,2.0,HARD,10.0,True,1,True,16.0,17.5,17.1,47.0,False,4.9,99.412,False,50,2024,22,Las Vegas Grand Prix,2024_22
MAG,Haas F1 Team,28.0,2.0,HARD,11.0,True,1,True,16.0,17.5,17.1,46.0,False,3.0,98.627,False,50,2024,22,Las Vegas Grand Prix,2024_22
MAG,Haas F1 Team,29.0,2.0,HARD,12.0,True,1,True,15.0,17.5,17.0,47.0,False,4.1,98.43,False,50,2024,22,Las Vegas Grand Prix,2024_22
MAG,Haas F1 Team,30.0,2.0,HARD,13.0,True,1,True,15.0,17.5,17.1,46.0,False,3.4,98.261,False,50,2024,22,Las Vegas Grand Prix,2024_22
MAG,Haas F1 Team,31.0,2.0,HARD,14.0,True,1,True,15.0,17.5,17.1,46.0,False,4.5,98.073,False,50,2024,22,Las Vegas Grand Prix,2024_22
MAG,Haas F1 Team,32.0,2.0,HARD,15.0,True,1,True,15.0,17.5,17.0,46.0,False,3.2,97.948,False,50,2024,22,Las Vegas Grand Prix,2024_22
MAG,Haas F1 Team,33.0,2.0,HARD,16.0,True,1,True,14.0,17.4,17.0,45.0,False,3.5,97.731,False,50,2024,22,Las Vegas Grand Prix,2024_22
MAG,Haas F1 Team,34.0,2.0,HARD,17.0,True,1,True,14.0,17.3,17.0,45.0,False,1.7,97.68,False,50,2024,22,Las Vegas Grand Prix,2024_22
MAG,Haas F1 Team,35.0,2.0,HARD,18.0,True,1,True,13.0,17.4,17.0,44.0,False,3.0,97.371,False,50,2024,22,Las Vegas Grand Prix,2024_22
MAG,Haas F1 Team,36.0,2.0,HARD,19.0,True,1,True,13.0,17.3,16.9,44.0,False,4.4,98.043,False,50,2024,22,Las Vegas Grand Prix,2024_22
MAG,Haas F1 Team,37.0,2.0,HARD,20.0,True,1,True,14.0,17.4,17.0,44.0,False,5.2,100.547,False,50,2024,22,Las Vegas Grand Prix,2024_22
MAG,Haas F1 Team,38.0,2.0,HARD,21.0,True,1,True,13.0,17.3,16.9,43.0,False,4.0,99.44,False,50,2024,22,Las Vegas Grand Prix,2024_22
MAG,Haas F1 Team,39.0,2.0,HARD,22.0,True,1,True,13.0,17.3,16.8,43.0,False,4.3,97.857,False,50,2024,22,Las Vegas Grand Prix,2024_22
MAG,Haas F1 Team,40.0,2.0,HARD,23.0,True,1,True,12.0,17.3,16.9,43.0,False,3.4,97.831,False,50,2024,22,Las Vegas Grand Prix,2024_22
MAG,Haas F1 Team,41.0,2.0,HARD,24.0,True,1,True,12.0,17.2,16.8,43.0,False,3.2,97.945,False,50,2024,22,Las Vegas Grand Prix,2024_22
MAG,Haas F1 Team,42.0,2.0,HARD,25.0,True,1,True,12.0,17.3,16.8,43.0,False,2.9,97.555,False,50,2024,22,Las Vegas Grand Prix,2024_22
MAG,Haas F1 Team,43.0,2.0,HARD,26.0,True,1,True,12.0,17.2,16.8,43.0,False,3.8,97.881,False,50,2024,22,Las Vegas Grand Prix,2024_22
MAG,Haas F1 Team,44.0,2.0,HARD,27.0,True,1,True,12.0,17.1,16.8,43.0,False,3.0,97.784,False,50,2024,22,Las Vegas Grand Prix,2024_22
MAG,Haas F1 Team,45.0,2.0,HARD,28.0,True,1,True,12.0,17.1,16.7,43.0,False,4.0,97.471,False,50,2024,22,Las Vegas Grand Prix,2024_22
MAG,Haas F1 Team,46.0,2.0,HARD,29.0,True,1,True,12.0,17.0,16.7,43.0,False,5.0,97.228,False,50,2024,22,Las Vegas Grand Prix,2024_22
MAG,Haas F1 Team,47.0,2.0,HARD,30.0,True,1,True,12.0,17.1,16.7,43.0,False,3.8,96.775,False,50,2024,22,Las Vegas Grand Prix,2024_22
MAG,Haas F1 Team,48.0,2.0,HARD,31.0,True,1,True,12.0,17.1,16.7,43.0,False,4.0,96.816,False,50,2024,22,Las Vegas Grand Prix,2024_22
MAG,Haas F1 Team,49.0,2.0,HARD,32.0,True,1,True,12.0,17.1,16.7,43.0,False,4.0,96.557,False,50,2024,22,Las Vegas Grand Prix,2024_22
MAG,Haas F1 Team,50.0,2.0,HARD,33.0,True,1,True,12.0,17.0,16.7,43.0,False,3.5,97.305,False,50,2024,22,Las Vegas Grand Prix,2024_22
ZHO,Kick Sauber,1.0,1.0,MEDIUM,2.0,False,1,False,12.0,18.0,18.0,51.0,False,2.7,110.678,False,50,2024,22,Las Vegas Grand Prix,2024_22
ZHO,Kick Sauber,2.0,1.0,MEDIUM,3.0,False,1,True,12.0,18.0,18.2,50.0,False,1.2,100.366,False,50,2024,22,Las Vegas Grand Prix,2024_22
ZHO,Kick Sauber,3.0,1.0,MEDIUM,4.0,False,1,True,12.0,18.0,18.0,50.0,False,1.1,99.399,False,50,2024,22,Las Vegas Grand Prix,2024_22
ZHO,Kick Sauber,4.0,1.0,MEDIUM,5.0,False,1,True,12.0,18.0,17.9,50.0,False,2.7,99.307,False,50,2024,22,Las Vegas Grand Prix,2024_22
ZHO,Kick Sauber,5.0,1.0,MEDIUM,6.0,False,1,True,12.0,17.9,17.8,50.0,False,2.7,99.398,False,50,2024,22,Las Vegas Grand Prix,2024_22
ZHO,Kick Sauber,6.0,1.0,MEDIUM,7.0,False,1,True,12.0,17.9,17.7,51.0,False,2.0,99.769,False,50,2024,22,Las Vegas Grand Prix,2024_22
ZHO,Kick Sauber,7.0,1.0,MEDIUM,8.0,False,1,True,12.0,17.9,17.7,50.0,False,2.7,99.911,False,50,2024,22,Las Vegas Grand Prix,2024_22
ZHO,Kick Sauber,8.0,1.0,MEDIUM,9.0,False,1,True,12.0,17.9,17.6,50.0,False,2.9,100.168,False,50,2024,22,Las Vegas Grand Prix,2024_22
ZHO,Kick Sauber,9.0,1.0,MEDIUM,10.0,False,1,True,12.0,17.9,17.6,51.0,False,3.1,100.819,False,50,2024,22,Las Vegas Grand Prix,2024_22
ZHO,Kick Sauber,10.0,1.0,MEDIUM,11.0,False,1,True,7.0,17.9,17.7,50.0,False,2.0,101.281,False,50,2024,22,Las Vegas Grand Prix,2024_22
ZHO,Kick Sauber,11.0,1.0,MEDIUM,12.0,False,1,False,9.0,17.9,17.6,51.0,False,3.1,106.469,True,50,2024,22,Las Vegas Grand Prix,2024_22
ZHO,Kick Sauber,12.0,2.0,HARD,2.0,False,1,False,18.0,17.9,17.7,51.0,False,1.7,119.067,True,50,2024,22,Las Vegas Grand Prix,2024_22
ZHO,Kick Sauber,13.0,2.0,HARD,3.0,False,1,True,17.0,17.9,17.5,50.0,False,2.1,99.928,False,50,2024,22,Las Vegas Grand Prix,2024_22
ZHO,Kick Sauber,14.0,2.0,HARD,4.0,False,1,True,17.0,17.8,17.5,50.0,False,2.5,99.349,False,50,2024,22,Las Vegas Grand Prix,2024_22
ZHO,Kick Sauber,15.0,2.0,HARD,5.0,False,1,True,16.0,17.7,17.5,50.0,False,2.6,98.978,False,50,2024,22,Las Vegas Grand Prix,2024_22
ZHO,Kick Sauber,16.0,2.0,HARD,6.0,False,1,True,16.0,17.7,17.4,50.0,False,3.9,99.212,False,50,2024,22,Las Vegas Grand Prix,2024_22
ZHO,Kick Sauber,17.0,2.0,HARD,7.0,False,1,True,13.0,17.7,17.4,50.0,False,3.2,99.144,False,50,2024,22,Las Vegas Grand Prix,2024_22
ZHO,Kick Sauber,18.0,2.0,HARD,8.0,False,1,True,12.0,17.6,17.3,50.0,False,3.0,98.902,False,50,2024,22,Las Vegas Grand Prix,2024_22
ZHO,Kick Sauber,19.0,2.0,HARD,9.0,False,1,True,12.0,17.6,17.3,50.0,False,3.1,98.981,False,50,2024,22,Las Vegas Grand Prix,2024_22
ZHO,Kick Sauber,20.0,2.0,HARD,10.0,False,1,True,12.0,17.7,17.5,49.0,False,2.1,98.775,False,50,2024,22,Las Vegas Grand Prix,2024_22
ZHO,Kick Sauber,21.0,2.0,HARD,11.0,False,1,True,12.0,17.6,17.4,49.0,False,3.3,98.846,False,50,2024,22,Las Vegas Grand Prix,2024_22
ZHO,Kick Sauber,22.0,2.0,HARD,12.0,False,1,True,12.0,17.6,17.2,49.0,False,2.4,98.846,False,50,2024,22,Las Vegas Grand Prix,2024_22
ZHO,Kick Sauber,23.0,2.0,HARD,13.0,False,1,True,11.0,17.6,17.3,48.0,False,3.1,99.691,False,50,2024,22,Las Vegas Grand Prix,2024_22
ZHO,Kick Sauber,24.0,2.0,HARD,14.0,False,1,True,11.0,17.6,17.2,49.0,False,3.4,99.382,False,50,2024,22,Las Vegas Grand Prix,2024_22
ZHO,Kick Sauber,25.0,2.0,HARD,15.0,False,1,True,10.0,17.6,17.2,48.0,False,3.3,99.8,False,50,2024,22,Las Vegas Grand Prix,2024_22
ZHO,Kick Sauber,26.0,2.0,HARD,16.0,False,1,True,10.0,17.6,17.1,48.0,False,3.3,100.098,False,50,2024,22,Las Vegas Grand Prix,2024_22
ZHO,Kick Sauber,27.0,2.0,HARD,17.0,False,1,True,10.0,17.6,17.2,48.0,False,2.5,99.643,False,50,2024,22,Las Vegas Grand Prix,2024_22
ZHO,Kick Sauber,28.0,2.0,HARD,18.0,False,1,True,10.0,17.5,17.1,46.0,False,3.0,99.644,False,50,2024,22,Las Vegas Grand Prix,2024_22
ZHO,Kick Sauber,29.0,2.0,HARD,19.0,False,1,True,10.0,17.5,17.0,47.0,False,4.1,99.313,False,50,2024,22,Las Vegas Grand Prix,2024_22
ZHO,Kick Sauber,30.0,2.0,HARD,20.0,False,1,True,9.0,17.5,17.1,47.0,False,4.2,99.663,False,50,2024,22,Las Vegas Grand Prix,2024_22
ZHO,Kick Sauber,31.0,2.0,HARD,21.0,False,1,True,9.0,17.5,17.1,46.0,False,4.5,99.674,False,50,2024,22,Las Vegas Grand Prix,2024_22
ZHO,Kick Sauber,32.0,2.0,HARD,22.0,False,1,True,10.0,17.5,17.0,46.0,False,3.2,100.016,False,50,2024,22,Las Vegas Grand Prix,2024_22
ZHO,Kick Sauber,33.0,2.0,HARD,23.0,False,1,True,9.0,17.4,17.0,45.0,False,3.2,99.448,False,50,2024,22,Las Vegas Grand Prix,2024_22
ZHO,Kick Sauber,34.0,2.0,HARD,24.0,False,1,False,12.0,17.3,17.0,45.0,False,1.7,104.144,True,50,2024,22,Las Vegas Grand Prix,2024_22
ZHO,Kick Sauber,35.0,3.0,HARD,1.0,True,1,False,16.0,17.4,17.0,44.0,False,3.0,115.582,True,50,2024,22,Las Vegas Grand Prix,2024_22
ZHO,Kick Sauber,36.0,3.0,HARD,2.0,True,1,True,16.0,17.4,16.9,44.0,False,2.7,97.95,False,50,2024,22,Las Vegas Grand Prix,2024_22
ZHO,Kick Sauber,37.0,3.0,HARD,3.0,True,1,True,16.0,17.4,17.0,44.0,False,5.2,97.553,False,50,2024,22,Las Vegas Grand Prix,2024_22
ZHO,Kick Sauber,38.0,3.0,HARD,4.0,True,1,True,16.0,17.3,16.9,43.0,False,4.0,97.515,False,50,2024,22,Las Vegas Grand Prix,2024_22
ZHO,Kick Sauber,39.0,3.0,HARD,5.0,True,1,True,15.0,17.3,16.8,43.0,False,3.4,97.189,False,50,2024,22,Las Vegas Grand Prix,2024_22
ZHO,Kick Sauber,40.0,3.0,HARD,6.0,True,1,True,15.0,17.3,16.9,43.0,False,3.4,96.913,False,50,2024,22,Las Vegas Grand Prix,2024_22
ZHO,Kick Sauber,41.0,3.0,HARD,7.0,True,1,True,15.0,17.2,16.8,43.0,False,3.2,97.003,False,50,2024,22,Las Vegas Grand Prix,2024_22
ZHO,Kick Sauber,42.0,3.0,HARD,8.0,True,1,True,15.0,17.3,16.8,43.0,False,2.9,97.183,False,50,2024,22,Las Vegas Grand Prix,2024_22
ZHO,Kick Sauber,43.0,3.0,HARD,9.0,True,1,True,15.0,17.2,16.8,43.0,False,3.8,96.766,False,50,2024,22,Las Vegas Grand Prix,2024_22
ZHO,Kick Sauber,44.0,3.0,HARD,10.0,True,1,True,14.0,17.1,16.8,43.0,False,3.0,97.082,False,50,2024,22,Las Vegas Grand Prix,2024_22
ZHO,Kick Sauber,45.0,3.0,HARD,11.0,True,1,True,14.0,17.1,16.7,43.0,False,4.0,96.542,False,50,2024,22,Las Vegas Grand Prix,2024_22
ZHO,Kick Sauber,46.0,3.0,HARD,12.0,True,1,True,14.0,17.0,16.7,43.0,False,5.0,96.324,False,50,2024,22,Las Vegas Grand Prix,2024_22
ZHO,Kick Sauber,47.0,3.0,HARD,13.0,True,1,True,14.0,17.1,16.7,43.0,False,3.8,96.36,False,50,2024,22,Las Vegas Grand Prix,2024_22
ZHO,Kick Sauber,48.0,3.0,HARD,14.0,True,1,True,14.0,17.1,16.7,43.0,False,4.0,96.609,False,50,2024,22,Las Vegas Grand Prix,2024_22
ZHO,Kick Sauber,49.0,3.0,HARD,15.0,True,1,True,14.0,17.1,16.7,43.0,False,4.0,96.975,False,50,2024,22,Las Vegas Grand Prix,2024_22
ZHO,Kick Sauber,50.0,3.0,HARD,16.0,True,1,True,13.0,17.0,16.7,43.0,False,3.5,98.399,False,50,2024,22,Las Vegas Grand Prix,2024_22
COL,Williams,1.0,1.0,HARD,1.0,True,1,False,20.0,18.0,18.0,51.0,False,2.7,115.624,True,50,2024,22,Las Vegas Grand Prix,2024_22
COL,Williams,2.0,1.0,HARD,2.0,True,1,True,20.0,18.0,18.2,50.0,False,2.1,102.181,False,50,2024,22,Las Vegas Grand Prix,2024_22
COL,Williams,3.0,1.0,HARD,3.0,True,1,True,20.0,18.0,18.0,50.0,False,1.1,101.198,False,50,2024,22,Las Vegas Grand Prix,2024_22
COL,Williams,4.0,1.0,HARD,4.0,True,1,True,20.0,18.0,17.9,50.0,False,2.7,99.852,False,50,2024,22,Las Vegas Grand Prix,2024_22
COL,Williams,5.0,1.0,HARD,5.0,True,1,True,19.0,18.0,17.7,51.0,False,3.3,99.837,False,50,2024,22,Las Vegas Grand Prix,2024_22
COL,Williams,6.0,1.0,HARD,6.0,True,1,True,19.0,17.9,17.7,51.0,False,2.0,99.204,False,50,2024,22,Las Vegas Grand Prix,2024_22
COL,Williams,7.0,1.0,HARD,7.0,True,1,True,19.0,17.9,17.7,50.0,False,2.7,100.57,False,50,2024,22,Las Vegas Grand Prix,2024_22
COL,Williams,8.0,1.0,HARD,8.0,True,1,True,19.0,17.9,17.6,50.0,False,3.9,99.397,False,50,2024,22,Las Vegas Grand Prix,2024_22
COL,Williams,9.0,1.0,HARD,9.0,True,1,True,17.0,17.9,17.6,51.0,False,3.1,99.574,False,50,2024,22,Las Vegas Grand Prix,2024_22
COL,Williams,10.0,1.0,HARD,10.0,True,1,True,15.0,17.9,17.7,50.0,False,2.0,99.335,False,50,2024,22,Las Vegas Grand Prix,2024_22
COL,Williams,11.0,1.0,HARD,11.0,True,1,True,10.0,17.8,17.6,51.0,False,1.8,100.973,False,50,2024,22,Las Vegas Grand Prix,2024_22
COL,Williams,12.0,1.0,HARD,12.0,True,1,True,9.0,17.9,17.7,51.0,False,1.7,102.436,False,50,2024,22,Las Vegas Grand Prix,2024_22
COL,Williams,13.0,1.0,HARD,13.0,True,1,True,11.0,17.9,17.5,50.0,False,2.1,102.309,False,50,2024,22,Las Vegas Grand Prix,2024_22
COL,Williams,14.0,1.0,HARD,14.0,True,1,True,11.0,17.8,17.5,50.0,False,2.5,102.135,False,50,2024,22,Las Vegas Grand Prix,2024_22
COL,Williams,15.0,1.0,HARD,15.0,True,1,True,11.0,17.7,17.5,50.0,False,2.5,102.397,False,50,2024,22,Las Vegas Grand Prix,2024_22
COL,Williams,16.0,1.0,HARD,16.0,True,1,False,14.0,17.7,17.4,50.0,False,3.9,106.201,True,50,2024,22,Las Vegas Grand Prix,2024_22
COL,Williams,17.0,2.0,MEDIUM,1.0,True,1,False,19.0,17.7,17.4,50.0,False,3.2,115.655,True,50,2024,22,Las Vegas Grand Prix,2024_22
COL,Williams,18.0,2.0,MEDIUM,2.0,True,1,True,17.0,17.7,17.3,50.0,False,2.1,99.217,False,50,2024,22,Las Vegas Grand Prix,2024_22
COL,Williams,19.0,2.0,MEDIUM,3.0,True,1,True,17.0,17.6,17.3,50.0,False,3.1,98.805,False,50,2024,22,Las Vegas Grand Prix,2024_22
COL,Williams,20.0,2.0,MEDIUM,4.0,True,1,True,17.0,17.7,17.5,49.0,False,2.1,98.316,False,50,2024,22,Las Vegas Grand Prix,2024_22
COL,Williams,21.0,2.0,MEDIUM,5.0,True,1,True,17.0,17.6,17.4,49.0,False,3.4,97.978,False,50,2024,22,Las Vegas Grand Prix,2024_22
COL,Williams,22.0,2.0,MEDIUM,6.0,True,1,True,17.0,17.6,17.2,49.0,False,2.4,98.175,False,50,2024,22,Las Vegas Grand Prix,2024_22
COL,Williams,23.0,2.0,MEDIUM,7.0,True,1,True,17.0,17.6,17.3,48.0,False,3.1,98.095,False,50,2024,22,Las Vegas Grand Prix,2024_22
COL,Williams,24.0,2.0,MEDIUM,8.0,True,1,True,17.0,17.5,17.1,49.0,False,3.5,97.947,False,50,2024,22,Las Vegas Grand Prix,2024_22
COL,Williams,25.0,2.0,MEDIUM,9.0,True,1,True,16.0,17.6,17.2,48.0,False,3.3,97.866,False,50,2024,22,Las Vegas Grand Prix,2024_22
COL,Williams,26.0,2.0,MEDIUM,10.0,True,1,False,15.0,17.6,17.1,48.0,False,3.3,102.724,True,50,2024,22,Las Vegas Grand Prix,2024_22
COL,Williams,27.0,3.0,HARD,1.0,True,1,False,18.0,17.5,17.1,47.0,False,4.9,112.302,True,50,2024,22,Las Vegas Grand Prix,2024_22
COL,Williams,28.0,3.0,HARD,2.0,True,1,True,18.0,17.5,17.1,46.0,False,3.0,97.959,False,50,2024,22,Las Vegas Grand Prix,2024_22
COL,Williams,29.0,3.0,HARD,3.0,True,1,True,17.0,17.5,17.0,47.0,False,4.1,98.333,False,50,2024,22,Las Vegas Grand Prix,2024_22
COL,Williams,30.0,3.0,HARD,4.0,True,1,True,17.0,17.5,17.1,46.0,False,3.4,98.219,False,50,2024,22,Las Vegas Grand Prix,2024_22
COL,Williams,31.0,3.0,HARD,5.0,True,1,True,17.0,17.5,17.1,46.0,False,4.5,98.367,False,50,2024,22,Las Vegas Grand Prix,2024_22
COL,Williams,32.0,3.0,HARD,6.0,True,1,True,16.0,17.5,17.0,46.0,False,3.2,98.901,False,50,2024,22,Las Vegas Grand Prix,2024_22
COL,Williams,33.0,3.0,HARD,7.0,True,1,True,16.0,17.4,17.0,45.0,False,3.5,97.89,False,50,2024,22,Las Vegas Grand Prix,2024_22
COL,Williams,34.0,3.0,HARD,8.0,True,1,True,16.0,17.3,17.0,45.0,False,1.7,97.419,False,50,2024,22,Las Vegas Grand Prix,2024_22
COL,Williams,35.0,3.0,HARD,9.0,True,1,True,15.0,17.4,17.0,44.0,False,3.0,96.981,False,50,2024,22,Las Vegas Grand Prix,2024_22
COL,Williams,36.0,3.0,HARD,10.0,True,1,True,15.0,17.3,16.9,44.0,False,4.4,97.374,False,50,2024,22,Las Vegas Grand Prix,2024_22
COL,Williams,37.0,3.0,HARD,11.0,True,1,True,15.0,17.4,17.0,44.0,False,5.2,96.867,False,50,2024,22,Las Vegas Grand Prix,2024_22
COL,Williams,38.0,3.0,HARD,12.0,True,1,True,14.0,17.3,16.9,43.0,False,4.0,98.55,False,50,2024,22,Las Vegas Grand Prix,2024_22
COL,Williams,39.0,3.0,HARD,13.0,True,1,True,14.0,17.3,16.8,43.0,False,4.3,97.974,False,50,2024,22,Las Vegas Grand Prix,2024_22
COL,Williams,40.0,3.0,HARD,14.0,True,1,True,14.0,17.3,16.9,43.0,False,3.4,98.569,False,50,2024,22,Las Vegas Grand Prix,2024_22
COL,Williams,41.0,3.0,HARD,15.0,True,1,True,13.0,17.2,16.8,43.0,False,3.2,98.474,False,50,2024,22,Las Vegas Grand Prix,2024_22
COL,Williams,42.0,3.0,HARD,16.0,True,1,True,13.0,17.3,16.8,43.0,False,2.9,97.187,False,50,2024,22,Las Vegas Grand Prix,2024_22
COL,Williams,43.0,3.0,HARD,17.0,True,1,True,13.0,17.2,16.8,43.0,False,3.8,96.929,False,50,2024,22,Las Vegas Grand Prix,2024_22
COL,Williams,44.0,3.0,HARD,18.0,True,1,True,13.0,17.1,16.8,43.0,False,3.0,97.774,False,50,2024,22,Las Vegas Grand Prix,2024_22
COL,Williams,45.0,3.0,HARD,19.0,True,1,True,13.0,17.1,16.7,43.0,False,4.0,98.056,False,50,2024,22,Las Vegas Grand Prix,2024_22
COL,Williams,46.0,3.0,HARD,20.0,True,1,True,13.0,17.0,16.7,43.0,False,5.0,98.007,False,50,2024,22,Las Vegas Grand Prix,2024_22
COL,Williams,47.0,3.0,HARD,21.0,True,1,True,13.0,17.1,16.7,43.0,False,3.8,97.018,False,50,2024,22,Las Vegas Grand Prix,2024_22
COL,Williams,48.0,3.0,HARD,22.0,True,1,True,13.0,17.1,16.7,43.0,False,4.0,97.02,False,50,2024,22,Las Vegas Grand Prix,2024_22
COL,Williams,49.0,3.0,HARD,23.0,True,1,True,13.0,17.1,16.7,43.0,False,4.0,97.239,False,50,2024,22,Las Vegas Grand Prix,2024_22
COL,Williams,50.0,3.0,HARD,24.0,True,1,True,14.0,17.0,16.7,43.0,False,3.5,99.731,False,50,2024,22,Las Vegas Grand Prix,2024_22
STR,Aston Martin,1.0,1.0,MEDIUM,2.0,False,1,False,18.0,18.0,18.0,51.0,False,2.7,113.727,False,50,2024,22,Las Vegas Grand Prix,2024_22
STR,Aston Martin,2.0,1.0,MEDIUM,3.0,False,1,True,18.0,18.0,18.2,50.0,False,1.2,102.752,False,50,2024,22,Las Vegas Grand Prix,2024_22
STR,Aston Martin,3.0,1.0,MEDIUM,4.0,False,1,True,18.0,18.0,18.0,50.0,False,1.1,100.483,False,50,2024,22,Las Vegas Grand Prix,2024_22
STR,Aston Martin,4.0,1.0,MEDIUM,5.0,False,1,True,17.0,18.0,17.9,50.0,False,2.7,100.502,False,50,2024,22,Las Vegas Grand Prix,2024_22
STR,Aston Martin,5.0,1.0,MEDIUM,6.0,False,1,True,17.0,18.0,17.7,51.0,False,3.3,99.447,False,50,2024,22,Las Vegas Grand Prix,2024_22
STR,Aston Martin,6.0,1.0,MEDIUM,7.0,False,1,True,17.0,17.9,17.7,51.0,False,2.0,99.006,False,50,2024,22,Las Vegas Grand Prix,2024_22
STR,Aston Martin,7.0,1.0,MEDIUM,8.0,False,1,True,17.0,17.9,17.7,50.0,False,2.7,99.302,False,50,2024,22,Las Vegas Grand Prix,2024_22
STR,Aston Martin,8.0,1.0,MEDIUM,9.0,False,1,True,17.0,17.9,17.6,50.0,False,3.9,100.168,False,50,2024,22,Las Vegas Grand Prix,2024_22
STR,Aston Martin,9.0,1.0,MEDIUM,10.0,False,1,False,19.0,17.9,17.6,51.0,False,3.1,105.282,True,50,2024,22,Las Vegas Grand Prix,2024_22
STR,Aston Martin,10.0,2.0,HARD,2.0,False,1,False,20.0,17.9,17.7,50.0,False,2.0,129.226,True,50,2024,22,Las Vegas Grand Prix,2024_22
STR,Aston Martin,11.0,2.0,HARD,3.0,False,1,True,20.0,17.8,17.6,51.0,False,1.8,98.691,False,50,2024,22,Las Vegas Grand Prix,2024_22
STR,Aston Martin,12.0,2.0,HARD,4.0,False,1,True,20.0,17.9,17.5,50.0,False,2.4,99.976,False,50,2024,22,Las Vegas Grand Prix,2024_22
STR,Aston Martin,13.0,2.0,HARD,5.0,False,1,True,20.0,17.9,17.5,50.0,False,2.1,99.89,False,50,2024,22,Las Vegas Grand Prix,2024_22
STR,Aston Martin,14.0,2.0,HARD,6.0,False,1,True,20.0,17.8,17.5,50.0,False,2.5,99.287,False,50,2024,22,Las Vegas Grand Prix,2024_22
STR,Aston Martin,15.0,2.0,HARD,7.0,False,1,True,20.0,17.7,17.5,50.0,False,2.6,98.708,False,50,2024,22,Las Vegas Grand Prix,2024_22
STR,Aston Martin,16.0,2.0,HARD,8.0,False,1,True,19.0,17.7,17.4,50.0,False,3.9,99.039,False,50,2024,22,Las Vegas Grand Prix,2024_22
STR,Aston Martin,17.0,2.0,HARD,9.0,False,1,True,18.0,17.7,17.4,50.0,False,3.2,98.598,False,50,2024,22,Las Vegas Grand Prix,2024_22
STR,Aston Martin,18.0,2.0,HARD,10.0,False,1,True,16.0,17.7,17.3,50.0,False,2.1,98.688,False,50,2024,22,Las Vegas Grand Prix,2024_22
STR,Aston Martin,19.0,2.0,HARD,11.0,False,1,True,16.0,17.6,17.3,50.0,False,3.1,98.562,False,50,2024,22,Las Vegas Grand Prix,2024_22
STR,Aston Martin,20.0,2.0,HARD,12.0,False,1,True,16.0,17.7,17.5,49.0,False,2.1,98.424,False,50,2024,22,Las Vegas Grand Prix,2024_22
STR,Aston Martin,21.0,2.0,HARD,13.0,False,1,True,16.0,17.6,17.4,49.0,False,3.4,98.452,False,50,2024,22,Las Vegas Grand Prix,2024_22
STR,Aston Martin,22.0,2.0,HARD,14.0,False,1,True,16.0,17.6,17.2,49.0,False,2.4,98.545,False,50,2024,22,Las Vegas Grand Prix,2024_22
STR,Aston Martin,23.0,2.0,HARD,15.0,False,1,True,16.0,17.6,17.3,48.0,False,3.1,98.614,False,50,2024,22,Las Vegas Grand Prix,2024_22
STR,Aston Martin,24.0,2.0,HARD,16.0,False,1,True,16.0,17.5,17.1,49.0,False,3.5,98.531,False,50,2024,22,Las Vegas Grand Prix,2024_22
STR,Aston Martin,25.0,2.0,HARD,17.0,False,1,True,15.0,17.6,17.2,48.0,False,3.3,99.488,False,50,2024,22,Las Vegas Grand Prix,2024_22
STR,Aston Martin,26.0,2.0,HARD,18.0,False,1,True,13.0,17.6,17.1,48.0,False,3.3,99.384,False,50,2024,22,Las Vegas Grand Prix,2024_22
STR,Aston Martin,27.0,2.0,HARD,19.0,False,1,True,13.0,17.6,17.2,48.0,False,2.5,99.778,False,50,2024,22,Las Vegas Grand Prix,2024_22
STR,Aston Martin,28.0,2.0,HARD,20.0,False,1,False,14.0,17.5,17.1,46.0,False,3.0,106.525,True,50,2024,22,Las Vegas Grand Prix,2024_22
STR,Aston Martin,29.0,3.0,HARD,2.0,False,1,False,18.0,17.5,17.0,47.0,False,4.1,115.15,True,50,2024,22,Las Vegas Grand Prix,2024_22
STR,Aston Martin,30.0,3.0,HARD,3.0,False,1,True,18.0,17.5,17.1,46.0,False,3.4,98.748,False,50,2024,22,Las Vegas Grand Prix,2024_22
STR,Aston Martin,31.0,3.0,HARD,4.0,False,1,True,18.0,17.5,17.1,46.0,False,4.5,98.352,False,50,2024,22,Las Vegas Grand Prix,2024_22
STR,Aston Martin,32.0,3.0,HARD,5.0,False,1,True,18.0,17.5,17.0,46.0,False,3.2,97.893,False,50,2024,22,Las Vegas Grand Prix,2024_22
STR,Aston Martin,33.0,3.0,HARD,6.0,False,1,True,18.0,17.4,17.0,45.0,False,3.5,97.918,False,50,2024,22,Las Vegas Grand Prix,2024_22
STR,Aston Martin,34.0,3.0,HARD,7.0,False,1,True,18.0,17.3,17.0,45.0,False,1.7,97.828,False,50,2024,22,Las Vegas Grand Prix,2024_22
STR,Aston Martin,35.0,3.0,HARD,8.0,False,1,True,17.0,17.4,17.0,44.0,False,3.0,99.434,False,50,2024,22,Las Vegas Grand Prix,2024_22
STR,Aston Martin,36.0,3.0,HARD,9.0,False,1,True,17.0,17.4,16.9,44.0,False,2.7,98.606,False,50,2024,22,Las Vegas Grand Prix,2024_22
STR,Aston Martin,37.0,3.0,HARD,10.0,False,1,True,17.0,17.4,17.0,44.0,False,5.2,97.702,False,50,2024,22,Las Vegas Grand Prix,2024_22
STR,Aston Martin,38.0,3.0,HARD,11.0,False,1,True,17.0,17.3,16.9,43.0,False,4.0,97.955,False,50,2024,22,Las Vegas Grand Prix,2024_22
STR,Aston Martin,39.0,3.0,HARD,12.0,False,1,True,16.0,17.3,16.8,43.0,False,3.4,98.027,False,50,2024,22,Las Vegas Grand Prix,2024_22
STR,Aston Martin,40.0,3.0,HARD,13.0,False,1,True,16.0,17.3,16.9,43.0,False,3.4,97.473,False,50,2024,22,Las Vegas Grand Prix,2024_22
STR,Aston Martin,41.0,3.0,HARD,14.0,False,1,True,16.0,17.2,16.8,43.0,False,3.2,97.47,False,50,2024,22,Las Vegas Grand Prix,2024_22
STR,Aston Martin,42.0,3.0,HARD,15.0,False,1,True,16.0,17.3,16.8,43.0,False,2.9,97.37,False,50,2024,22,Las Vegas Grand Prix,2024_22
STR,Aston Martin,43.0,3.0,HARD,16.0,False,1,True,16.0,17.2,16.8,43.0,False,3.8,97.179,False,50,2024,22,Las Vegas Grand Prix,2024_22
STR,Aston Martin,44.0,3.0,HARD,17.0,False,1,True,16.0,17.1,16.8,43.0,False,3.0,98.92,False,50,2024,22,Las Vegas Grand Prix,2024_22
STR,Aston Martin,45.0,3.0,HARD,18.0,False,1,True,15.0,17.1,16.7,43.0,False,4.0,97.641,False,50,2024,22,Las Vegas Grand Prix,2024_22
STR,Aston Martin,46.0,3.0,HARD,19.0,False,1,True,15.0,17.0,16.7,43.0,False,5.0,97.313,False,50,2024,22,Las Vegas Grand Prix,2024_22
STR,Aston Martin,47.0,3.0,HARD,20.0,False,1,True,15.0,17.1,16.7,43.0,False,3.4,97.239,False,50,2024,22,Las Vegas Grand Prix,2024_22
STR,Aston Martin,48.0,3.0,HARD,21.0,False,1,True,15.0,17.1,16.7,43.0,False,4.0,97.388,False,50,2024,22,Las Vegas Grand Prix,2024_22
STR,Aston Martin,49.0,3.0,HARD,22.0,False,1,True,15.0,17.1,16.7,43.0,False,4.0,97.451,False,50,2024,22,Las Vegas Grand Prix,2024_22
STR,Aston Martin,50.0,3.0,HARD,23.0,False,1,True,15.0,17.0,16.7,43.0,False,3.5,97.939,False,50,2024,22,Las Vegas Grand Prix,2024_22
LAW,RB,1.0,1.0,MEDIUM,1.0,True,1,False,13.0,18.0,18.0,51.0,False,2.7,112.392,False,50,2024,22,Las Vegas Grand Prix,2024_22
LAW,RB,2.0,1.0,MEDIUM,2.0,True,1,True,13.0,18.0,18.2,50.0,False,1.2,100.447,False,50,2024,22,Las Vegas Grand Prix,2024_22
LAW,RB,3.0,1.0,MEDIUM,3.0,True,1,True,13.0,18.0,18.0,50.0,False,1.1,99.729,False,50,2024,22,Las Vegas Grand Prix,2024_22
LAW,RB,4.0,1.0,MEDIUM,4.0,True,1,True,13.0,18.0,17.9,50.0,False,2.7,99.839,False,50,2024,22,Las Vegas Grand Prix,2024_22
LAW,RB,5.0,1.0,MEDIUM,5.0,True,1,True,13.0,17.9,17.8,50.0,False,2.7,99.698,False,50,2024,22,Las Vegas Grand Prix,2024_22
LAW,RB,6.0,1.0,MEDIUM,6.0,True,1,True,13.0,17.9,17.7,51.0,False,2.0,99.71,False,50,2024,22,Las Vegas Grand Prix,2024_22
LAW,RB,7.0,1.0,MEDIUM,7.0,True,1,True,13.0,17.9,17.7,50.0,False,2.7,99.404,False,50,2024,22,Las Vegas Grand Prix,2024_22
LAW,RB,8.0,1.0,MEDIUM,8.0,True,1,True,13.0,17.9,17.6,50.0,False,2.9,100.095,False,50,2024,22,Las Vegas Grand Prix,2024_22
LAW,RB,9.0,1.0,MEDIUM,9.0,True,1,True,14.0,17.9,17.6,51.0,False,3.1,101.469,False,50,2024,22,Las Vegas Grand Prix,2024_22
LAW,RB,10.0,1.0,MEDIUM,10.0,True,1,True,12.0,17.9,17.7,50.0,False,2.0,100.967,False,50,2024,22,Las Vegas Grand Prix,2024_22
LAW,RB,11.0,1.0,MEDIUM,11.0,True,1,False,13.0,17.9,17.6,51.0,False,3.1,106.707,True,50,2024,22,Las Vegas Grand Prix,2024_22
LAW,RB,12.0,2.0,HARD,2.0,False,1,False,19.0,17.9,17.7,51.0,False,1.7,117.446,True,50,2024,22,Las Vegas Grand Prix,2024_22
LAW,RB,13.0,2.0,HARD,3.0,False,1,True,18.0,17.9,17.5,50.0,False,2.1,100.237,False,50,2024,22,Las Vegas Grand Prix,2024_22
LAW,RB,14.0,2.0,HARD,4.0,False,1,True,18.0,17.8,17.5,50.0,False,2.5,99.219,False,50,2024,22,Las Vegas Grand Prix,2024_22
LAW,RB,15.0,2.0,HARD,5.0,False,1,True,17.0,17.7,17.5,50.0,False,2.6,98.988,False,50,2024,22,Las Vegas Grand Prix,2024_22
LAW,RB,16.0,2.0,HARD,6.0,False,1,True,17.0,17.7,17.4,50.0,False,3.9,98.939,False,50,2024,22,Las Vegas Grand Prix,2024_22
LAW,RB,17.0,2.0,HARD,7.0,False,1,True,15.0,17.7,17.4,50.0,False,3.2,99.249,False,50,2024,22,Las Vegas Grand Prix,2024_22
LAW,RB,18.0,2.0,HARD,8.0,False,1,True,13.0,17.6,17.3,50.0,False,3.0,99.416,False,50,2024,22,Las Vegas Grand Prix,2024_22
LAW,RB,19.0,2.0,HARD,9.0,False,1,True,13.0,17.6,17.3,50.0,False,3.1,99.226,False,50,2024,22,Las Vegas Grand Prix,2024_22
LAW,RB,20.0,2.0,HARD,10.0,False,1,True,13.0,17.7,17.5,49.0,False,2.1,99.385,False,50,2024,22,Las Vegas Grand Prix,2024_22
LAW,RB,21.0,2.0,HARD,11.0,False,1,True,13.0,17.6,17.4,49.0,False,3.3,99.297,False,50,2024,22,Las Vegas Grand Prix,2024_22
LAW,RB,22.0,2.0,HARD,12.0,False,1,True,13.0,17.6,17.2,49.0,False,2.4,99.694,False,50,2024,22,Las Vegas Grand Prix,2024_22
LAW,RB,23.0,2.0,HARD,13.0,False,1,True,13.0,17.6,17.3,48.0,False,3.1,99.04,False,50,2024,22,Las Vegas Grand Prix,2024_22
LAW,RB,24.0,2.0,HARD,14.0,False,1,True,13.0,17.6,17.2,49.0,False,3.4,99.658,False,50,2024,22,Las Vegas Grand Prix,2024_22
LAW,RB,25.0,2.0,HARD,15.0,False,1,True,12.0,17.6,17.2,48.0,False,3.3,99.676,False,50,2024,22,Las Vegas Grand Prix,2024_22
LAW,RB,26.0,2.0,HARD,16.0,False,1,True,11.0,17.6,17.1,48.0,False,3.3,98.737,False,50,2024,22,Las Vegas Grand Prix,2024_22
LAW,RB,27.0,2.0,HARD,17.0,False,1,True,11.0,17.6,17.2,48.0,False,2.5,99.98,False,50,2024,22,Las Vegas Grand Prix,2024_22
LAW,RB,28.0,2.0,HARD,18.0,False,1,True,12.0,17.5,17.1,46.0,False,3.0,100.637,False,50,2024,22,Las Vegas Grand Prix,2024_22
LAW,RB,29.0,2.0,HARD,19.0,False,1,True,12.0,17.5,17.0,47.0,False,4.1,98.861,False,50,2024,22,Las Vegas Grand Prix,2024_22
LAW,RB,30.0,2.0,HARD,20.0,False,1,True,12.0,17.5,17.1,47.0,False,4.2,99.243,False,50,2024,22,Las Vegas Grand Prix,2024_22
LAW,RB,31.0,2.0,HARD,21.0,False,1,True,12.0,17.5,17.1,46.0,False,4.5,99.853,False,50,2024,22,Las Vegas Grand Prix,2024_22
LAW,RB,32.0,2.0,HARD,22.0,False,1,True,12.0,17.5,17.0,46.0,False,3.2,99.134,False,50,2024,22,Las Vegas Grand Prix,2024_22
LAW,RB,33.0,2.0,HARD,23.0,False,1,True,11.0,17.4,17.0,45.0,False,3.2,99.583,False,50,2024,22,Las Vegas Grand Prix,2024_22
LAW,RB,34.0,2.0,HARD,24.0,False,1,True,10.0,17.3,17.0,45.0,False,1.7,100.525,False,50,2024,22,Las Vegas Grand Prix,2024_22
LAW,RB,35.0,2.0,HARD,25.0,False,1,True,10.0,17.4,17.0,44.0,False,3.0,99.045,False,50,2024,22,Las Vegas Grand Prix,2024_22
LAW,RB,36.0,2.0,HARD,26.0,False,1,True,12.0,17.3,16.9,44.0,False,4.4,100.531,False,50,2024,22,Las Vegas Grand Prix,2024_22
LAW,RB,37.0,2.0,HARD,27.0,False,1,True,13.0,17.4,17.0,44.0,False,5.2,100.72,False,50,2024,22,Las Vegas Grand Prix,2024_22
LAW,RB,38.0,2.0,HARD,28.0,False,1,False,15.0,17.3,16.9,43.0,False,4.0,105.262,True,50,2024,22,Las Vegas Grand Prix,2024_22
LAW,RB,39.0,3.0,HARD,2.0,False,1,False,17.0,17.3,16.8,43.0,False,4.3,114.487,True,50,2024,22,Las Vegas Grand Prix,2024_22
LAW,RB,40.0,3.0,HARD,3.0,False,1,True,17.0,17.3,16.9,43.0,False,3.4,98.166,False,50,2024,22,Las Vegas Grand Prix,2024_22
LAW,RB,41.0,3.0,HARD,4.0,False,1,True,17.0,17.2,16.8,43.0,False,3.2,97.463,False,50,2024,22,Las Vegas Grand Prix,2024_22
LAW,RB,42.0,3.0,HARD,5.0,False,1,True,17.0,17.2,16.8,43.0,False,4.7,97.318,False,50,2024,22,Las Vegas Grand Prix,2024_22
LAW,RB,43.0,3.0,HARD,6.0,False,1,True,17.0,17.2,16.8,43.0,False,3.8,97.195,False,50,2024,22,Las Vegas Grand Prix,2024_22
LAW,RB,44.0,3.0,HARD,7.0,False,1,True,17.0,17.1,16.8,43.0,False,3.0,97.102,False,50,2024,22,Las Vegas Grand Prix,2024_22
LAW,RB,45.0,3.0,HARD,8.0,False,1,False,17.0,17.1,16.7,43.0,False,4.0,96.98,False,50,2024,22,Las Vegas Grand Prix,2024_22
LAW,RB,46.0,3.0,HARD,9.0,False,1,False,16.0,17.0,16.7,43.0,False,5.0,97.106,False,50,2024,22,Las Vegas Grand Prix,2024_22
LAW,RB,47.0,3.0,HARD,10.0,False,1,True,16.0,17.1,16.7,43.0,False,3.4,97.288,False,50,2024,22,Las Vegas Grand Prix,2024_22
LAW,RB,48.0,3.0,HARD,11.0,False,1,True,16.0,17.1,16.7,43.0,False,4.0,97.033,False,50,2024,22,Las Vegas Grand Prix,2024_22
LAW,RB,49.0,3.0,HARD,12.0,False,1,True,16.0,17.1,16.7,43.0,False,4.0,97.279,False,50,2024,22,Las Vegas Grand Prix,2024_22
LAW,RB,50.0,3.0,HARD,13.0,False,1,True,16.0,17.1,16.7,42.0,False,3.4,97.519,False,50,2024,22,Las Vegas Grand Prix,2024_22
OCO,Alpine,1.0,1.0,MEDIUM,1.0,True,1,False,11.0,18.0,18.0,51.0,False,2.7,110.001,False,50,2024,22,Las Vegas Grand Prix,2024_22
OCO,Alpine,2.0,1.0,MEDIUM,2.0,True,1,True,11.0,18.0,18.2,50.0,False,1.2,100.137,False,50,2024,22,Las Vegas Grand Prix,2024_22
OCO,Alpine,3.0,1.0,MEDIUM,3.0,True,1,True,11.0,18.0,18.0,50.0,False,1.1,99.585,False,50,2024,22,Las Vegas Grand Prix,2024_22
OCO,Alpine,4.0,1.0,MEDIUM,4.0,True,1,True,11.0,18.0,17.9,50.0,False,2.7,99.367,False,50,2024,22,Las Vegas Grand Prix,2024_22
OCO,Alpine,5.0,1.0,MEDIUM,5.0,True,1,True,11.0,17.9,17.8,50.0,False,2.7,99.388,False,50,2024,22,Las Vegas Grand Prix,2024_22
OCO,Alpine,6.0,1.0,MEDIUM,6.0,True,1,True,11.0,17.9,17.7,51.0,False,2.0,99.597,False,50,2024,22,Las Vegas Grand Prix,2024_22
OCO,Alpine,7.0,1.0,MEDIUM,7.0,True,1,True,11.0,17.9,17.7,50.0,False,2.7,99.898,False,50,2024,22,Las Vegas Grand Prix,2024_22
OCO,Alpine,8.0,1.0,MEDIUM,8.0,True,1,True,11.0,17.9,17.6,50.0,False,2.9,100.498,False,50,2024,22,Las Vegas Grand Prix,2024_22
OCO,Alpine,9.0,1.0,MEDIUM,9.0,True,1,True,11.0,17.9,17.6,51.0,False,3.1,100.852,False,50,2024,22,Las Vegas Grand Prix,2024_22
OCO,Alpine,10.0,1.0,MEDIUM,10.0,True,1,True,6.0,17.9,17.7,50.0,False,2.0,101.095,False,50,2024,22,Las Vegas Grand Prix,2024_22
OCO,Alpine,11.0,1.0,MEDIUM,11.0,True,1,False,6.0,17.9,17.6,51.0,False,3.1,105.832,True,50,2024,22,Las Vegas Grand Prix,2024_22
OCO,Alpine,12.0,2.0,MEDIUM,12.0,False,1,False,15.0,17.9,17.7,51.0,False,1.7,114.887,True,50,2024,22,Las Vegas Grand Prix,2024_22
OCO,Alpine,13.0,3.0,HARD,1.0,True,1,False,19.0,17.9,17.5,50.0,False,2.1,116.03,True,50,2024,22,Las Vegas Grand Prix,2024_22
OCO,Alpine,14.0,3.0,HARD,2.0,True,1,True,19.0,17.8,17.5,50.0,False,2.5,98.931,False,50,2024,22,Las Vegas Grand Prix,2024_22
OCO,Alpine,15.0,3.0,HARD,3.0,True,1,True,19.0,17.7,17.5,50.0,False,2.6,98.645,False,50,2024,22,Las Vegas Grand Prix,2024_22
OCO,Alpine,16.0,3.0,HARD,4.0,True,1,True,18.0,17.7,17.4,50.0,False,3.9,98.955,False,50,2024,22,Las Vegas Grand Prix,2024_22
OCO,Alpine,17.0,3.0,HARD,5.0,True,1,True,17.0,17.7,17.4,50.0,False,3.2,98.871,False,50,2024,22,Las Vegas Grand Prix,2024_22
OCO,Alpine,18.0,3.0,HARD,6.0,True,1,True,15.0,17.7,17.3,50.0,False,2.1,98.766,False,50,2024,22,Las Vegas Grand Prix,2024_22
OCO,Alpine,19.0,3.0,HARD,7.0,True,1,True,15.0,17.6,17.3,50.0,False,3.1,98.629,False,50,2024,22,Las Vegas Grand Prix,2024_22
OCO,Alpine,20.0,3.0,HARD,8.0,True,1,True,15.0,17.7,17.5,49.0,False,2.1,98.495,False,50,2024,22,Las Vegas Grand Prix,2024_22
OCO,Alpine,21.0,3.0,HARD,9.0,True,1,True,15.0,17.6,17.4,49.0,False,3.4,98.306,False,50,2024,22,Las Vegas Grand Prix,2024_22
OCO,Alpine,22.0,3.0,HARD,10.0,True,1,True,15.0,17.6,17.2,49.0,False,2.4,98.673,False,50,2024,22,Las Vegas Grand Prix,2024_22
OCO,Alpine,23.0,3.0,HARD,11.0,True,1,True,15.0,17.6,17.3,48.0,False,3.1,98.435,False,50,2024,22,Las Vegas Grand Prix,2024_22
OCO,Alpine,24.0,3.0,HARD,12.0,True,1,True,14.0,17.6,17.2,49.0,False,3.4,98.207,False,50,2024,22,Las Vegas Grand Prix,2024_22
OCO,Alpine,25.0,3.0,HARD,13.0,True,1,True,13.0,17.6,17.2,48.0,False,3.3,98.825,False,50,2024,22,Las Vegas Grand Prix,2024_22
OCO,Alpine,26.0,3.0,HARD,14.0,True,1,True,12.0,17.6,17.1,48.0,False,3.3,98.271,False,50,2024,22,Las Vegas Grand Prix,2024_22
OCO,Alpine,27.0,3.0,HARD,15.0,True,1,True,12.0,17.6,17.2,48.0,False,2.5,99.589,False,50,2024,22,Las Vegas Grand Prix,2024_22
OCO,Alpine,28.0,3.0,HARD,16.0,True,1,True,11.0,17.5,17.1,46.0,False,3.0,99.635,False,50,2024,22,Las Vegas Grand Prix,2024_22
OCO,Alpine,29.0,3.0,HARD,17.0,True,1,True,11.0,17.5,17.0,47.0,False,4.1,98.9,False,50,2024,22,Las Vegas Grand Prix,2024_22
OCO,Alpine,30.0,3.0,HARD,18.0,True,1,True,10.0,17.5,17.1,47.0,False,4.2,99.029,False,50,2024,22,Las Vegas Grand Prix,2024_22
OCO,Alpine,31.0,3.0,HARD,19.0,True,1,True,11.0,17.5,17.1,46.0,False,4.5,100.267,False,50,2024,22,Las Vegas Grand Prix,2024_22
OCO,Alpine,32.0,3.0,HARD,20.0,True,1,True,11.0,17.5,17.0,46.0,False,3.2,99.182,False,50,2024,22,Las Vegas Grand Prix,2024_22
OCO,Alpine,33.0,3.0,HARD,21.0,True,1,True,10.0,17.4,17.0,45.0,False,3.2,99.436,False,50,2024,22,Las Vegas Grand Prix,2024_22
OCO,Alpine,34.0,3.0,HARD,22.0,True,1,True,8.0,17.3,17.0,45.0,False,1.7,99.238,False,50,2024,22,Las Vegas Grand Prix,2024_22
OCO,Alpine,35.0,3.0,HARD,23.0,True,1,True,9.0,17.4,17.0,44.0,False,3.0,99.64,False,50,2024,22,Las Vegas Grand Prix,2024_22
OCO,Alpine,36.0,3.0,HARD,24.0,True,1,True,10.0,17.3,16.9,44.0,False,4.4,100.334,False,50,2024,22,Las Vegas Grand Prix,2024_22
OCO,Alpine,37.0,3.0,HARD,25.0,True,1,True,11.0,17.4,17.0,44.0,False,5.2,99.508,False,50,2024,22,Las Vegas Grand Prix,2024_22
OCO,Alpine,38.0,3.0,HARD,26.0,True,1,True,11.0,17.3,16.9,43.0,False,4.0,99.605,False,50,2024,22,Las Vegas Grand Prix,2024_22
OCO,Alpine,39.0,3.0,HARD,27.0,True,1,True,12.0,17.3,16.8,43.0,False,4.3,99.576,False,50,2024,22,Las Vegas Grand Prix,2024_22
OCO,Alpine,40.0,3.0,HARD,28.0,True,1,True,13.0,17.3,16.9,43.0,False,3.4,99.823,False,50,2024,22,Las Vegas Grand Prix,2024_22
OCO,Alpine,41.0,3.0,HARD,29.0,True,1,True,14.0,17.2,16.8,43.0,False,3.2,99.919,False,50,2024,22,Las Vegas Grand Prix,2024_22
OCO,Alpine,42.0,3.0,HARD,30.0,True,1,True,14.0,17.3,16.8,43.0,False,2.9,98.799,False,50,2024,22,Las Vegas Grand Prix,2024_22
OCO,Alpine,43.0,3.0,HARD,31.0,True,1,True,14.0,17.2,16.8,43.0,False,3.8,98.783,False,50,2024,22,Las Vegas Grand Prix,2024_22
OCO,Alpine,44.0,3.0,HARD,32.0,True,1,True,15.0,17.1,16.8,43.0,False,3.0,98.928,False,50,2024,22,Las Vegas Grand Prix,2024_22
OCO,Alpine,45.0,3.0,HARD,33.0,True,1,False,16.0,17.1,16.7,43.0,False,4.0,103.454,True,50,2024,22,Las Vegas Grand Prix,2024_22
OCO,Alpine,46.0,4.0,SOFT,1.0,True,1,False,17.0,17.0,16.7,43.0,False,5.0,114.485,True,50,2024,22,Las Vegas Grand Prix,2024_22
OCO,Alpine,47.0,4.0,SOFT,2.0,True,1,True,17.0,17.1,16.7,43.0,False,3.4,96.511,False,50,2024,22,Las Vegas Grand Prix,2024_22
OCO,Alpine,48.0,4.0,SOFT,3.0,True,1,True,17.0,17.1,16.7,43.0,False,4.0,96.649,False,50,2024,22,Las Vegas Grand Prix,2024_22
OCO,Alpine,49.0,4.0,SOFT,4.0,True,1,True,17.0,17.1,16.7,43.0,False,4.0,97.563,False,50,2024,22,Las Vegas Grand Prix,2024_22
BOT,Kick Sauber,1.0,1.0,HARD,1.0,True,1,False,19.0,18.0,18.0,51.0,False,2.7,114.609,False,50,2024,22,Las Vegas Grand Prix,2024_22
BOT,Kick Sauber,2.0,1.0,HARD,2.0,True,1,True,19.0,18.0,18.2,50.0,False,2.1,102.556,False,50,2024,22,Las Vegas Grand Prix,2024_22
BOT,Kick Sauber,3.0,1.0,HARD,3.0,True,1,True,19.0,18.0,18.0,50.0,False,1.1,100.669,False,50,2024,22,Las Vegas Grand Prix,2024_22
BOT,Kick Sauber,4.0,1.0,HARD,4.0,True,1,True,18.0,18.0,17.9,50.0,False,2.7,100.459,False,50,2024,22,Las Vegas Grand Prix,2024_22
BOT,Kick Sauber,5.0,1.0,HARD,5.0,True,1,True,18.0,18.0,17.7,51.0,False,3.3,99.498,False,50,2024,22,Las Vegas Grand Prix,2024_22
BOT,Kick Sauber,6.0,1.0,HARD,6.0,True,1,True,18.0,17.9,17.7,51.0,False,2.0,99.75,False,50,2024,22,Las Vegas Grand Prix,2024_22
BOT,Kick Sauber,7.0,1.0,HARD,7.0,True,1,True,18.0,17.9,17.7,50.0,False,2.7,99.581,False,50,2024,22,Las Vegas Grand Prix,2024_22
BOT,Kick Sauber,8.0,1.0,HARD,8.0,True,1,True,18.0,17.9,17.6,50.0,False,3.9,99.93,False,50,2024,22,Las Vegas Grand Prix,2024_22
BOT,Kick Sauber,9.0,1.0,HARD,9.0,True,1,True,16.0,17.9,17.6,51.0,False,3.1,99.566,False,50,2024,22,Las Vegas Grand Prix,2024_22
BOT,Kick Sauber,10.0,1.0,HARD,10.0,True,1,True,14.0,17.9,17.7,50.0,False,2.0,99.756,False,50,2024,22,Las Vegas Grand Prix,2024_22
BOT,Kick Sauber,11.0,1.0,HARD,11.0,True,1,True,8.0,17.8,17.6,51.0,False,1.8,100.916,False,50,2024,22,Las Vegas Grand Prix,2024_22
BOT,Kick Sauber,12.0,1.0,HARD,12.0,True,1,True,7.0,17.9,17.7,51.0,False,1.7,101.845,False,50,2024,22,Las Vegas Grand Prix,2024_22
BOT,Kick Sauber,13.0,1.0,HARD,13.0,True,1,True,10.0,17.9,17.5,50.0,False,2.1,102.69,False,50,2024,22,Las Vegas Grand Prix,2024_22
BOT,Kick Sauber,14.0,1.0,HARD,14.0,True,1,True,10.0,17.8,17.5,50.0,False,2.5,102.256,False,50,2024,22,Las Vegas Grand Prix,2024_22
BOT,Kick Sauber,15.0,1.0,HARD,15.0,True,1,True,10.0,17.7,17.5,50.0,False,2.5,102.233,False,50,2024,22,Las Vegas Grand Prix,2024_22
BOT,Kick Sauber,16.0,1.0,HARD,16.0,True,1,True,11.0,17.7,17.4,50.0,False,3.9,103.358,False,50,2024,22,Las Vegas Grand Prix,2024_22
BOT,Kick Sauber,17.0,1.0,HARD,17.0,True,1,False,16.0,17.7,17.4,50.0,False,3.2,107.928,True,50,2024,22,Las Vegas Grand Prix,2024_22
BOT,Kick Sauber,18.0,2.0,MEDIUM,1.0,True,1,False,19.0,17.7,17.3,50.0,False,2.1,115.486,True,50,2024,22,Las Vegas Grand Prix,2024_22
BOT,Kick Sauber,19.0,2.0,MEDIUM,2.0,True,1,True,19.0,17.6,17.3,50.0,False,3.1,99.697,False,50,2024,22,Las Vegas Grand Prix,2024_22
BOT,Kick Sauber,20.0,2.0,MEDIUM,3.0,True,1,True,19.0,17.7,17.5,49.0,False,2.1,99.349,False,50,2024,22,Las Vegas Grand Prix,2024_22
BOT,Kick Sauber,21.0,2.0,MEDIUM,4.0,True,1,True,19.0,17.6,17.4,49.0,False,3.4,99.342,False,50,2024,22,Las Vegas Grand Prix,2024_22
BOT,Kick Sauber,22.0,2.0,MEDIUM,5.0,True,1,True,19.0,17.6,17.2,49.0,False,2.4,99.177,False,50,2024,22,Las Vegas Grand Prix,2024_22
BOT,Kick Sauber,23.0,2.0,MEDIUM,6.0,True,1,True,19.0,17.6,17.3,48.0,False,3.1,99.193,False,50,2024,22,Las Vegas Grand Prix,2024_22
BOT,Kick Sauber,24.0,2.0,MEDIUM,7.0,True,1,True,19.0,17.5,17.1,49.0,False,3.5,98.631,False,50,2024,22,Las Vegas Grand Prix,2024_22
BOT,Kick Sauber,25.0,2.0,MEDIUM,8.0,True,1,True,19.0,17.6,17.2,48.0,False,3.3,99.697,False,50,2024,22,Las Vegas Grand Prix,2024_22
BOT,Kick Sauber,26.0,2.0,MEDIUM,9.0,True,1,True,18.0,17.6,17.1,48.0,False,3.3,98.693,False,50,2024,22,Las Vegas Grand Prix,2024_22
BOT,Kick Sauber,27.0,2.0,MEDIUM,10.0,True,1,True,17.0,17.5,17.1,47.0,False,4.9,98.676,False,50,2024,22,Las Vegas Grand Prix,2024_22
BOT,Kick Sauber,28.0,2.0,MEDIUM,11.0,True,1,True,17.0,17.5,17.1,46.0,False,3.0,98.594,False,50,2024,22,Las Vegas Grand Prix,2024_22
BOT,Kick Sauber,29.0,2.0,MEDIUM,12.0,True,1,True,16.0,17.5,17.0,47.0,False,4.1,98.756,False,50,2024,22,Las Vegas Grand Prix,2024_22
BOT,Kick Sauber,30.0,2.0,MEDIUM,13.0,True,1,True,16.0,17.5,17.1,46.0,False,3.4,99.452,False,50,2024,22,Las Vegas Grand Prix,2024_22
BOT,Kick Sauber,31.0,2.0,MEDIUM,14.0,True,1,True,16.0,17.5,17.1,46.0,False,4.5,100.085,False,50,2024,22,Las Vegas Grand Prix,2024_22
BOT,Kick Sauber,32.0,2.0,MEDIUM,15.0,True,1,True,17.0,17.5,17.0,46.0,False,3.2,100.589,False,50,2024,22,Las Vegas Grand Prix,2024_22
BOT,Kick Sauber,33.0,2.0,MEDIUM,16.0,True,1,True,17.0,17.4,17.0,45.0,False,3.5,100.195,False,50,2024,22,Las Vegas Grand Prix,2024_22
BOT,Kick Sauber,34.0,2.0,MEDIUM,17.0,True,1,True,17.0,17.3,17.0,45.0,False,1.7,100.828,False,50,2024,22,Las Vegas Grand Prix,2024_22
BOT,Kick Sauber,35.0,2.0,MEDIUM,18.0,True,1,False,18.0,17.4,17.0,44.0,False,3.0,107.595,True,50,2024,22,Las Vegas Grand Prix,2024_22
BOT,Kick Sauber,36.0,3.0,HARD,1.0,True,1,False,18.0,17.4,16.9,44.0,False,2.7,117.069,True,50,2024,22,Las Vegas Grand Prix,2024_22
BOT,Kick Sauber,37.0,3.0,HARD,2.0,True,1,True,18.0,17.3,16.9,43.0,False,3.4,97.506,False,50,2024,22,Las Vegas Grand Prix,2024_22
BOT,Kick Sauber,38.0,3.0,HARD,3.0,True,1,True,18.0,17.3,16.9,43.0,False,4.0,97.092,False,50,2024,22,Las Vegas Grand Prix,2024_22
BOT,Kick Sauber,39.0,3.0,HARD,4.0,True,1,True,18.0,17.3,16.8,43.0,False,3.4,96.89,False,50,2024,22,Las Vegas Grand Prix,2024_22
BOT,Kick Sauber,40.0,3.0,HARD,5.0,True,1,False,18.0,17.2,16.8,43.0,False,3.2,99.608,False,50,2024,22,Las Vegas Grand Prix,2024_22
BOT,Kick Sauber,41.0,3.0,HARD,6.0,True,1,True,18.0,17.2,16.8,43.0,False,3.2,98.3,False,50,2024,22,Las Vegas Grand Prix,2024_22
BOT,Kick Sauber,42.0,3.0,HARD,7.0,True,1,True,18.0,17.2,16.8,43.0,False,4.7,98.341,False,50,2024,22,Las Vegas Grand Prix,2024_22
BOT,Kick Sauber,43.0,3.0,HARD,8.0,True,1,True,18.0,17.1,16.8,43.0,False,3.2,97.062,False,50,2024,22,Las Vegas Grand Prix,2024_22
BOT,Kick Sauber,44.0,3.0,HARD,9.0,True,1,True,18.0,17.1,16.8,43.0,False,3.0,96.621,False,50,2024,22,Las Vegas Grand Prix,2024_22
BOT,Kick Sauber,45.0,3.0,HARD,10.0,True,1,False,18.0,17.1,16.7,43.0,False,4.4,96.762,False,50,2024,22,Las Vegas Grand Prix,2024_22
BOT,Kick Sauber,46.0,3.0,HARD,11.0,True,1,True,18.0,17.0,16.7,43.0,False,5.0,96.601,False,50,2024,22,Las Vegas Grand Prix,2024_22
BOT,Kick Sauber,47.0,3.0,HARD,12.0,True,1,True,18.0,17.1,16.7,43.0,False,3.4,96.728,False,50,2024,22,Las Vegas Grand Prix,2024_22
BOT,Kick Sauber,48.0,3.0,HARD,13.0,True,1,True,18.0,17.1,16.7,43.0,False,3.2,98.301,False,50,2024,22,Las Vegas Grand Prix,2024_22
BOT,Kick Sauber,49.0,3.0,HARD,14.0,True,1,True,18.0,17.1,16.7,43.0,False,4.0,98.738,False,50,2024,22,Las Vegas Grand Prix,2024_22
ALB,Williams,1.0,1.0,MEDIUM,1.0,True,1,False,16.0,18.0,18.0,51.0,False,2.7,113.147,False,50,2024,22,Las Vegas Grand Prix,2024_22
ALB,Williams,2.0,1.0,MEDIUM,2.0,True,1,True,17.0,18.0,18.2,50.0,False,1.2,102.776,False,50,2024,22,Las Vegas Grand Prix,2024_22
ALB,Williams,3.0,1.0,MEDIUM,3.0,True,1,True,17.0,18.0,18.0,50.0,False,1.1,100.535,False,50,2024,22,Las Vegas Grand Prix,2024_22
ALB,Williams,4.0,1.0,MEDIUM,4.0,True,1,True,16.0,18.0,17.9,50.0,False,2.7,100.351,False,50,2024,22,Las Vegas Grand Prix,2024_22
ALB,Williams,5.0,1.0,MEDIUM,5.0,True,1,True,16.0,18.0,17.7,51.0,False,3.3,99.537,False,50,2024,22,Las Vegas Grand Prix,2024_22
ALB,Williams,6.0,1.0,MEDIUM,6.0,True,1,True,16.0,17.9,17.7,51.0,False,2.0,98.803,False,50,2024,22,Las Vegas Grand Prix,2024_22
ALB,Williams,7.0,1.0,MEDIUM,7.0,True,1,True,16.0,17.9,17.7,50.0,False,2.7,99.597,False,50,2024,22,Las Vegas Grand Prix,2024_22
ALB,Williams,8.0,1.0,MEDIUM,8.0,True,1,True,16.0,17.9,17.6,50.0,False,3.9,99.714,False,50,2024,22,Las Vegas Grand Prix,2024_22
ALB,Williams,9.0,1.0,MEDIUM,9.0,True,1,False,18.0,17.9,17.6,51.0,False,3.1,104.883,True,50,2024,22,Las Vegas Grand Prix,2024_22
ALB,Williams,10.0,2.0,HARD,1.0,True,1,False,19.0,17.9,17.7,50.0,False,2.0,116.773,True,50,2024,22,Las Vegas Grand Prix,2024_22
ALB,Williams,11.0,2.0,HARD,2.0,True,1,True,19.0,17.8,17.6,51.0,False,1.8,99.066,False,50,2024,22,Las Vegas Grand Prix,2024_22
ALB,Williams,12.0,2.0,HARD,3.0,True,1,True,17.0,17.9,17.5,50.0,False,2.4,99.211,False,50,2024,22,Las Vegas Grand Prix,2024_22
ALB,Williams,13.0,2.0,HARD,4.0,True,1,True,16.0,17.9,17.5,50.0,False,2.1,98.6,False,50,2024,22,Las Vegas Grand Prix,2024_22
ALB,Williams,14.0,2.0,HARD,5.0,True,1,True,16.0,17.8,17.5,50.0,False,2.5,98.768,False,50,2024,22,Las Vegas Grand Prix,2024_22
ALB,Williams,15.0,2.0,HARD,6.0,True,1,True,14.0,17.7,17.5,50.0,False,2.5,98.866,False,50,2024,22,Las Vegas Grand Prix,2024_22
ALB,Williams,16.0,2.0,HARD,7.0,True,1,True,13.0,17.7,17.4,50.0,False,3.9,99.506,False,50,2024,22,Las Vegas Grand Prix,2024_22
ALB,Williams,17.0,2.0,HARD,8.0,True,1,True,11.0,17.7,17.4,50.0,False,3.2,100.51,False,50,2024,22,Las Vegas Grand Prix,2024_22
ALB,Williams,18.0,2.0,HARD,9.0,True,1,True,9.0,17.6,17.3,50.0,False,3.0,98.525,False,50,2024,22,Las Vegas Grand Prix,2024_22
ALB,Williams,19.0,2.0,HARD,10.0,True,1,True,9.0,17.6,17.3,50.0,False,3.1,98.66,False,50,2024,22,Las Vegas Grand Prix,2024_22
ALB,Williams,20.0,2.0,HARD,11.0,True,1,True,9.0,17.7,17.5,49.0,False,2.1,98.046,False,50,2024,22,Las Vegas Grand Prix,2024_22
ALB,Williams,21.0,2.0,HARD,12.0,True,1,True,9.0,17.6,17.4,49.0,False,3.3,98.008,False,50,2024,22,Las Vegas Grand Prix,2024_22
ALB,Williams,22.0,2.0,HARD,13.0,True,1,True,10.0,17.6,17.2,49.0,False,2.4,99.147,False,50,2024,22,Las Vegas Grand Prix,2024_22
ALB,Williams,23.0,2.0,HARD,14.0,True,1,True,10.0,17.6,17.3,48.0,False,3.1,99.713,False,50,2024,22,Las Vegas Grand Prix,2024_22
ALB,Williams,24.0,2.0,HARD,15.0,True,1,True,10.0,17.6,17.2,49.0,False,3.4,100.174,False,50,2024,22,Las Vegas Grand Prix,2024_22
ALB,Williams,25.0,2.0,HARD,16.0,True,1,False,14.0,17.6,17.2,48.0,False,3.3,109.105,True,50,2024,22,Las Vegas Grand Prix,2024_22
GAS,Alpine,1.0,1.0,MEDIUM,1.0,True,1,False,4.0,18.0,18.0,51.0,False,2.7,105.33,False,50,2024,22,Las Vegas Grand Prix,2024_22
GAS,Alpine,2.0,1.0,MEDIUM,2.0,True,1,True,4.0,18.0,18.2,50.0,False,1.2,99.956,False,50,2024,22,Las Vegas Grand Prix,2024_22
GAS,Alpine,3.0,1.0,MEDIUM,3.0,True,1,True,4.0,18.0,18.0,50.0,False,1.1,99.234,False,50,2024,22,Las Vegas Grand Prix,2024_22
GAS,Alpine,4.0,1.0,MEDIUM,4.0,True,1,True,5.0,18.0,17.9,50.0,False,2.7,99.635,False,50,2024,22,Las Vegas Grand Prix,2024_22
GAS,Alpine,5.0,1.0,MEDIUM,5.0,True,1,True,5.0,17.9,17.8,50.0,False,2.7,99.24,False,50,2024,22,Las Vegas Grand Prix,2024_22
GAS,Alpine,6.0,1.0,MEDIUM,6.0,True,1,True,5.0,17.9,17.7,51.0,False,2.0,99.408,False,50,2024,22,Las Vegas Grand Prix,2024_22
GAS,Alpine,7.0,1.0,MEDIUM,7.0,True,1,True,5.0,17.9,17.7,50.0,False,2.7,99.668,False,50,2024,22,Las Vegas Grand Prix,2024_22
GAS,Alpine,8.0,1.0,MEDIUM,8.0,True,1,True,6.0,17.9,17.6,50.0,False,2.9,101.258,False,50,2024,22,Las Vegas Grand Prix,2024_22
GAS,Alpine,9.0,1.0,MEDIUM,9.0,True,1,True,4.0,17.9,17.6,51.0,False,3.1,101.862,False,50,2024,22,Las Vegas Grand Prix,2024_22
GAS,Alpine,10.0,1.0,MEDIUM,10.0,True,1,False,9.0,17.9,17.7,50.0,False,2.0,106.263,True,50,2024,22,Las Vegas Grand Prix,2024_22
GAS,Alpine,11.0,2.0,HARD,1.0,True,1,False,16.0,17.9,17.6,51.0,False,3.1,116.714,True,50,2024,22,Las Vegas Grand Prix,2024_22
GAS,Alpine,12.0,2.0,HARD,2.0,True,1,True,13.0,17.9,17.7,51.0,False,1.7,98.621,False,50,2024,22,Las Vegas Grand Prix,2024_22
GAS,Alpine,13.0,2.0,HARD,3.0,True,1,True,13.0,17.9,17.5,50.0,False,2.1,98.314,False,50,2024,22,Las Vegas Grand Prix,2024_22
GAS,Alpine,14.0,2.0,HARD,4.0,True,1,True,13.0,17.8,17.5,50.0,False,2.5,100.248,False,50,2024,22,Las Vegas Grand Prix,2024_22
GAS,Alpine,15.0,2.0,HARD,5.0,True,1,False,18.0,17.7,17.5,50.0,False,2.5,111.222,True,50,2024,22,Las Vegas Grand Prix,2024_22
