Driver,Team,LapNumber,Stint,Compound,TyreLife,FreshTyre,TrackStatus,IsAccurate,Position,AirTemp,TrackTemp,Humidity,Rainfall,WindSpeed,LapTimeSeconds,IsPitLap,TotalLaps,Year,Round,Event,RaceId
VER,Red Bull Racing,1.0,1.0,MEDIUM,1.0,True,1,False,1.0,26.6,43.7,42.0,False,0.6,87.159,False,53,2025,16,Italian Grand Prix,2025_16
VER,Red Bull Racing,2.0,1.0,MEDIUM,2.0,True,1,True,2.0,26.6,44.2,43.0,False,1.8,84.859,False,53,2025,16,Italian Grand Prix,2025_16
VER,Red Bull Racing,3.0,1.0,MEDIUM,3.0,True,1,True,2.0,26.6,44.5,42.0,False,1.4,83.512,False,53,2025,16,Italian Grand Prix,2025_16
VER,Red Bull Racing,4.0,1.0,MEDIUM,4.0,True,1,True,1.0,26.6,44.5,43.0,False,1.4,83.262,False,53,2025,16,Italian Grand Prix,2025_16
VER,Red Bull Racing,5.0,1.0,MEDIUM,5.0,True,1,True,1.0,26.6,44.1,41.0,False,1.8,83.588,False,53,2025,16,Italian Grand Prix,2025_16
VER,Red Bull Racing,6.0,1.0,MEDIUM,6.0,True,1,True,1.0,26.6,44.2,43.0,False,1.8,83.576,False,53,2025,16,Italian Grand Prix,2025_16
VER,Red Bull Racing,7.0,1.0,MEDIUM,7.0,True,1,True,1.0,26.6,44.2,43.0,False,1.8,83.31,False,53,2025,16,Italian Grand Prix,2025_16
VER,Red Bull Racing,8.0,1.0,MEDIUM,8.0,True,1,True,1.0,26.7,44.4,41.0,False,3.6,83.139,False,53,2025,16,Italian Grand Prix,2025_16
VER,Red Bull Racing,9.0,1.0,MEDIUM,9.0,True,1,True,1.0,26.8,44.4,42.0,False,3.0,83.101,False,53,2025,16,Italian Grand Prix,2025_16
VER,Red Bull Racing,10.0,1.0,MEDIUM,10.0,True,1,True,1.0,26.9,44.3,42.0,False,2.4,83.088,False,53,2025,16,Italian Grand Prix,2025_16
VER,Red Bull Racing,11.0,1.0,MEDIUM,11.0,True,1,True,1.0,27.0,44.3,43.0,False,1.6,83.066,False,53,2025,16,Italian Grand Prix,2025_16
VER,Red Bull Racing,12.0,1.0,MEDIUM,12.0,True,1,True,1.0,27.0,43.9,43.0,False,2.5,83.014,False,53,2025,16,Italian Grand Prix,2025_16
VER,Red Bull Racing,13.0,1.0,MEDIUM,13.0,True,1,True,1.0,27.2,44.7,41.0,False,3.1,83.254,False,53,2025,16,Italian Grand Prix,2025_16
VER,Red Bull Racing,14.0,1.0,MEDIUM,14.0,True,1,True,1.0,27.1,44.6,41.0,False,4.0,83.118,False,53,2025,16,Italian Grand Prix,2025_16
VER,Red Bull Racing,15.0,1.0,MEDIUM,15.0,True,1,True,1.0,27.1,44.0,42.0,False,2.6,83.077,False,53,2025,16,Italian Grand Prix,2025_16
VER,Red Bull Racing,16.0,1.0,MEDIUM,16.0,True,1,True,1.0,27.0,44.2,41.0,False,3.6,83.001,False,53,2025,16,Italian Grand Prix,2025_16
VER,Red Bull Racing,17.0,1.0,MEDIUM,17.0,True,1,True,1.0,27.0,44.0,41.0,False,3.1,82.89,False,53,2025,16,Italian Grand Prix,2025_16
VER,Red Bull Racing,18.0,1.0,MEDIUM,18.0,True,1,True,1.0,27.0,44.1,42.0,False,3.6,82.727,False,53,2025,16,Italian Grand Prix,2025_16
VER,Red Bull Racing,19.0,1.0,MEDIUM,19.0,True,1,True,1.0,27.0,44.1,43.0,False,3.8,82.838,False,53,2025,16,Italian Grand Prix,2025_16
VER,Red Bull Racing,20.0,1.0,MEDIUM,20.0,True,1,True,1.0,27.2,43.9,42.0,False,3.0,82.857,False,53,2025,16,Italian Grand Prix,2025_16
VER,Red Bull Racing,21.0,1.0,MEDIUM,21.0,True,1,True,1.0,27.2,43.4,41.0,False,3.7,82.919,False,53,2025,16,Italian Grand Prix,2025_16
VER,Red Bull Racing,22.0,1.0,MEDIUM,22.0,True,1,True,1.0,27.2,43.4,41.0,False,2.1,82.733,False,53,2025,16,Italian Grand Prix,2025_16
VER,Red Bull Racing,23.0,1.0,MEDIUM,23.0,True,1,True,1.0,27.2,43.3,44.0,False,2.3,82.782,False,53,2025,16,Italian Grand Prix,2025_16
VER,Red Bull Racing,24.0,1.0,MEDIUM,24.0,True,1,True,1.0,27.1,42.5,41.0,False,2.6,82.817,False,53,2025,16,Italian Grand Prix,2025_16
VER,Red Bull Racing,25.0,1.0,MEDIUM,25.0,True,1,True,1.0,27.1,42.2,42.0,False,2.3,82.97,False,53,2025,16,Italian Grand Prix,2025_16
VER,Red Bull Racing,26.0,1.0,MEDIUM,26.0,True,1,True,1.0,27.0,42.8,43.0,False,3.1,82.937,False,53,2025,16,Italian Grand Prix,2025_16
VER,Red Bull Racing,27.0,1.0,MEDIUM,27.0,True,1,True,1.0,27.0,42.9,43.0,False,2.8,83.015,False,53,2025,16,Italian Grand Prix,2025_16
VER,Red Bull Racing,28.0,1.0,MEDIUM,28.0,True,1,True,1.0,26.9,43.2,40.0,False,2.6,83.031,False,53,2025,16,Italian Grand Prix,2025_16
VER,Red Bull Racing,29.0,1.0,MEDIUM,29.0,True,1,True,1.0,26.9,43.2,40.0,False,2.0,82.811,False,53,2025,16,Italian Grand Prix,2025_16
VER,Red Bull Racing,30.0,1.0,MEDIUM,30.0,True,1,True,1.0,27.1,43.0,41.0,False,2.2,82.928,False,53,2025,16,Italian Grand Prix,2025_16
VER,Red Bull Racing,31.0,1.0,MEDIUM,31.0,True,1,True,1.0,27.4,42.7,40.0,False,2.5,82.941,False,53,2025,16,Italian Grand Prix,2025_16
VER,Red Bull Racing,32.0,1.0,MEDIUM,32.0,True,1,True,1.0,27.4,42.7,41.0,False,1.9,82.89,False,53,2025,16,Italian Grand Prix,2025_16
VER,Red Bull Racing,33.0,1.0,MEDIUM,33.0,True,1,True,1.0,27.3,42.7,41.0,False,3.0,82.943,False,53,2025,16,Italian Grand Prix,2025_16
VER,Red Bull Racing,34.0,1.0,MEDIUM,34.0,True,1,True,1.0,27.2,42.0,40.0,False,2.4,82.795,False,53,2025,16,Italian Grand Prix,2025_16
VER,Red Bull Racing,35.0,1.0,MEDIUM,35.0,True,1,True,1.0,27.2,41.7,40.0,False,2.3,82.651,False,53,2025,16,Italian Grand Prix,2025_16
VER,Red Bull Racing,36.0,1.0,MEDIUM,36.0,True,1,True,1.0,27.0,41.2,41.0,False,2.2,82.699,False,53,2025,16,Italian Grand Prix,2025_16
VER,Red Bull Racing,37.0,1.0,MEDIUM,37.0,True,1,False,1.0,27.0,41.2,42.0,False,2.9,87.432,True,53,2025,16,Italian Grand Prix,2025_16
VER,Red Bull Racing,38.0,2.0,HARD,1.0,True,1,False,3.0,26.9,41.2,42.0,False,2.5,102.349,True,53,2025,16,Italian Grand Prix,2025_16
VER,Red Bull Racing,39.0,2.0,HARD,2.0,True,1,True,3.0,27.0,41.4,43.0,False,2.2,81.402,False,53,2025,16,Italian Grand Prix,2025_16
VER,Red Bull Racing,40.0,2.0,HARD,3.0,True,12,True,3.0,27.1,41.4,42.0,False,2.1,81.625,False,53,2025,16,Italian Grand Prix,2025_16
VER,Red Bull Racing,41.0,2.0,HARD,4.0,True,21,True,3.0,27.2,41.3,42.0,False,3.1,81.358,False,53,2025,16,Italian Grand Prix,2025_16
VER,Red Bull Racing,42.0,2.0,HARD,5.0,True,1,True,3.0,27.1,41.0,41.0,False,2.6,81.445,False,53,2025,16,Italian Grand Prix,2025_16
VER,Red Bull Racing,43.0,2.0,HARD,6.0,True,1,True,3.0,27.1,40.4,41.0,False,3.5,81.32,False,53,2025,16,Italian Grand Prix,2025_16
VER,Red Bull Racing,44.0,2.0,HARD,7.0,True,1,True,3.0,27.1,40.4,40.0,False,3.7,81.289,False,53,2025,16,Italian Grand Prix,2025_16
VER,Red Bull Racing,45.0,2.0,HARD,8.0,True,1,True,3.0,27.0,40.5,41.0,False,2.3,81.353,False,53,2025,16,Italian Grand Prix,2025_16
VER,Red Bull Racing,46.0,2.0,HARD,9.0,True,1,True,2.0,27.0,40.6,40.0,False,2.2,81.325,False,53,2025,16,Italian Grand Prix,2025_16
VER,Red Bull Racing,47.0,2.0,HARD,10.0,True,1,True,1.0,27.1,41.1,42.0,False,2.4,81.336,False,53,2025,16,Italian Grand Prix,2025_16
VER,Red Bull Racing,48.0,2.0,HARD,11.0,True,1,True,1.0,27.2,41.1,41.0,False,2.2,81.316,False,53,2025,16,Italian Grand Prix,2025_16
VER,Red Bull Racing,49.0,2.0,HARD,12.0,True,1,True,1.0,27.1,40.8,43.0,False,1.2,81.328,False,53,2025,16,Italian Grand Prix,2025_16
VER,Red Bull Racing,50.0,2.0,HARD,13.0,True,1,True,1.0,27.1,40.9,44.0,False,2.1,81.297,False,53,2025,16,Italian Grand Prix,2025_16
VER,Red Bull Racing,51.0,2.0,HARD,14.0,True,1,True,1.0,27.2,40.8,43.0,False,2.9,81.749,False,53,2025,16,Italian Grand Prix,2025_16
VER,Red Bull Racing,52.0,2.0,HARD,15.0,True,1,True,1.0,27.3,40.7,43.0,False,1.9,81.003,False,53,2025,16,Italian Grand Prix,2025_16
VER,Red Bull Racing,53.0,2.0,HARD,16.0,True,1,True,1.0,27.4,40.3,42.0,False,1.5,81.1,False,53,2025,16,Italian Grand Prix,2025_16
NOR,McLaren,1.0,1.0,MEDIUM,1.0,True,1,False,2.0,26.6,43.7,42.0,False,0.6,87.43,False,53,2025,16,Italian Grand Prix,2025_16
NOR,McLaren,2.0,1.0,MEDIUM,2.0,True,1,True,1.0,26.6,44.2,43.0,False,1.8,83.889,False,53,2025,16,Italian Grand Prix,2025_16
NOR,McLaren,3.0,1.0,MEDIUM,3.0,True,1,True,1.0,26.6,44.5,42.0,False,1.4,83.674,False,53,2025,16,Italian Grand Prix,2025_16
NOR,McLaren,4.0,1.0,MEDIUM,4.0,True,1,True,2.0,26.6,44.5,43.0,False,1.4,84.819,False,53,2025,16,Italian Grand Prix,2025_16
NOR,McLaren,5.0,1.0,MEDIUM,5.0,True,1,True,2.0,26.6,44.1,41.0,False,1.8,84.238,False,53,2025,16,Italian Grand Prix,2025_16
NOR,McLaren,6.0,1.0,MEDIUM,6.0,True,1,True,2.0,26.6,44.2,43.0,False,1.8,83.887,False,53,2025,16,Italian Grand Prix,2025_16
NOR,McLaren,7.0,1.0,MEDIUM,7.0,True,1,True,2.0,26.6,44.2,43.0,False,1.8,83.538,False,53,2025,16,Italian Grand Prix,2025_16
NOR,McLaren,8.0,1.0,MEDIUM,8.0,True,1,True,2.0,26.7,44.4,41.0,False,3.6,83.518,False,53,2025,16,Italian Grand Prix,2025_16
NOR,McLaren,9.0,1.0,MEDIUM,9.0,True,1,True,2.0,26.8,44.4,42.0,False,3.0,83.477,False,53,2025,16,Italian Grand Prix,2025_16
NOR,McLaren,10.0,1.0,MEDIUM,10.0,True,1,True,2.0,26.9,44.3,42.0,False,2.4,83.416,False,53,2025,16,Italian Grand Prix,2025_16
NOR,McLaren,11.0,1.0,MEDIUM,11.0,True,1,True,2.0,27.0,44.3,43.0,False,1.6,83.36,False,53,2025,16,Italian Grand Prix,2025_16
NOR,McLaren,12.0,1.0,MEDIUM,12.0,True,1,True,2.0,27.0,43.9,43.0,False,2.5,83.294,False,53,2025,16,Italian Grand Prix,2025_16
NOR,McLaren,13.0,1.0,MEDIUM,13.0,True,1,True,2.0,27.2,44.7,41.0,False,3.1,83.293,False,53,2025,16,Italian Grand Prix,2025_16
NOR,McLaren,14.0,1.0,MEDIUM,14.0,True,1,True,2.0,27.1,44.6,41.0,False,4.0,83.509,False,53,2025,16,Italian Grand Prix,2025_16
NOR,McLaren,15.0,1.0,MEDIUM,15.0,True,1,True,2.0,27.1,44.0,42.0,False,2.6,83.059,False,53,2025,16,Italian Grand Prix,2025_16
NOR,McLaren,16.0,1.0,MEDIUM,16.0,True,1,True,2.0,27.0,44.2,41.0,False,3.6,83.089,False,53,2025,16,Italian Grand Prix,2025_16
NOR,McLaren,17.0,1.0,MEDIUM,17.0,True,1,True,2.0,27.0,44.0,41.0,False,3.1,83.232,False,53,2025,16,Italian Grand Prix,2025_16
NOR,McLaren,18.0,1.0,MEDIUM,18.0,True,1,True,2.0,27.0,44.1,42.0,False,3.6,83.189,False,53,2025,16,Italian Grand Prix,2025_16
NOR,McLaren,19.0,1.0,MEDIUM,19.0,True,1,True,2.0,27.0,44.1,43.0,False,3.8,83.289,False,53,2025,16,Italian Grand Prix,2025_16
NOR,McLaren,20.0,1.0,MEDIUM,20.0,True,1,True,2.0,27.3,43.4,42.0,False,3.9,83.049,False,53,2025,16,Italian Grand Prix,2025_16
NOR,McLaren,21.0,1.0,MEDIUM,21.0,True,1,True,2.0,27.2,43.4,41.0,False,3.7,82.998,False,53,2025,16,Italian Grand Prix,2025_16
NOR,McLaren,22.0,1.0,MEDIUM,22.0,True,1,True,2.0,27.2,43.4,41.0,False,2.1,82.965,False,53,2025,16,Italian Grand Prix,2025_16
NOR,McLaren,23.0,1.0,MEDIUM,23.0,True,1,True,2.0,27.2,43.3,44.0,False,2.3,82.892,False,53,2025,16,Italian Grand Prix,2025_16
NOR,McLaren,24.0,1.0,MEDIUM,24.0,True,1,True,2.0,27.1,42.5,41.0,False,2.6,82.967,False,53,2025,16,Italian Grand Prix,2025_16
NOR,McLaren,25.0,1.0,MEDIUM,25.0,True,1,True,2.0,27.1,42.2,42.0,False,2.3,83.082,False,53,2025,16,Italian Grand Prix,2025_16
NOR,McLaren,26.0,1.0,MEDIUM,26.0,True,1,True,2.0,27.0,42.8,43.0,False,3.1,82.841,False,53,2025,16,Italian Grand Prix,2025_16
NOR,McLaren,27.0,1.0,MEDIUM,27.0,True,1,True,2.0,27.0,42.9,43.0,False,2.8,82.835,False,53,2025,16,Italian Grand Prix,2025_16
NOR,McLaren,28.0,1.0,MEDIUM,28.0,True,1,True,2.0,26.9,43.2,40.0,False,2.6,83.072,False,53,2025,16,Italian Grand Prix,2025_16
NOR,McLaren,29.0,1.0,MEDIUM,29.0,True,1,True,2.0,26.9,43.2,40.0,False,2.0,82.757,False,53,2025,16,Italian Grand Prix,2025_16
NOR,McLaren,30.0,1.0,MEDIUM,30.0,True,1,True,2.0,27.1,43.0,41.0,False,2.2,82.639,False,53,2025,16,Italian Grand Prix,2025_16
NOR,McLaren,31.0,1.0,MEDIUM,31.0,True,1,True,2.0,27.4,42.7,40.0,False,2.5,83.189,False,53,2025,16,Italian Grand Prix,2025_16
NOR,McLaren,32.0,1.0,MEDIUM,32.0,True,1,True,2.0,27.4,42.7,41.0,False,1.9,82.776,False,53,2025,16,Italian Grand Prix,2025_16
NOR,McLaren,33.0,1.0,MEDIUM,33.0,True,1,True,2.0,27.2,42.6,41.0,False,1.8,82.655,False,53,2025,16,Italian Grand Prix,2025_16
NOR,McLaren,34.0,1.0,MEDIUM,34.0,True,1,True,2.0,27.2,42.0,40.0,False,2.4,82.554,False,53,2025,16,Italian Grand Prix,2025_16
NOR,McLaren,35.0,1.0,MEDIUM,35.0,True,1,True,2.0,27.2,41.7,40.0,False,2.3,82.647,False,53,2025,16,Italian Grand Prix,2025_16
NOR,McLaren,36.0,1.0,MEDIUM,36.0,True,1,True,2.0,27.0,41.2,41.0,False,2.2,82.638,False,53,2025,16,Italian Grand Prix,2025_16
NOR,McLaren,37.0,1.0,MEDIUM,37.0,True,1,True,2.0,27.0,41.2,42.0,False,2.9,82.48,False,53,2025,16,Italian Grand Prix,2025_16
NOR,McLaren,38.0,1.0,MEDIUM,38.0,True,1,True,1.0,26.9,41.2,42.0,False,2.5,82.809,False,53,2025,16,Italian Grand Prix,2025_16
NOR,McLaren,39.0,1.0,MEDIUM,39.0,True,1,True,1.0,27.0,41.4,43.0,False,2.2,82.691,False,53,2025,16,Italian Grand Prix,2025_16
NOR,McLaren,40.0,1.0,MEDIUM,40.0,True,1,True,1.0,27.1,41.4,42.0,False,2.1,82.621,False,53,2025,16,Italian Grand Prix,2025_16
NOR,McLaren,41.0,1.0,MEDIUM,41.0,True,12,True,1.0,27.2,41.3,42.0,False,3.1,83.449,False,53,2025,16,Italian Grand Prix,2025_16
NOR,McLaren,42.0,1.0,MEDIUM,42.0,True,1,True,1.0,27.1,41.0,41.0,False,2.6,82.59,False,53,2025,16,Italian Grand Prix,2025_16
NOR,McLaren,43.0,1.0,MEDIUM,43.0,True,1,True,1.0,27.0,40.8,43.0,False,2.7,82.904,False,53,2025,16,Italian Grand Prix,2025_16
NOR,McLaren,44.0,1.0,MEDIUM,44.0,True,1,True,1.0,27.1,40.4,40.0,False,3.7,82.388,False,53,2025,16,Italian Grand Prix,2025_16
NOR,McLaren,45.0,1.0,MEDIUM,45.0,True,1,True,1.0,27.0,40.5,41.0,False,2.3,82.781,False,53,2025,16,Italian Grand Prix,2025_16
NOR,McLaren,46.0,1.0,MEDIUM,46.0,True,1,False,1.0,27.0,40.6,41.0,False,2.5,87.287,True,53,2025,16,Italian Grand Prix,2025_16
NOR,McLaren,47.0,2.0,SOFT,3.0,False,1,False,3.0,27.1,41.1,42.0,False,2.4,104.986,True,53,2025,16,Italian Grand Prix,2025_16
NOR,McLaren,48.0,2.0,SOFT,4.0,False,1,True,3.0,27.1,40.8,42.0,False,1.3,81.038,False,53,2025,16,Italian Grand Prix,2025_16
NOR,McLaren,49.0,2.0,SOFT,5.0,False,1,True,2.0,27.1,40.8,43.0,False,1.2,81.154,False,53,2025,16,Italian Grand Prix,2025_16
NOR,McLaren,50.0,2.0,SOFT,6.0,False,1,True,2.0,27.1,40.9,44.0,False,2.1,81.123,False,53,2025,16,Italian Grand Prix,2025_16
NOR,McLaren,51.0,2.0,SOFT,7.0,False,1,True,2.0,27.2,40.7,42.0,False,2.7,81.315,False,53,2025,16,Italian Grand Prix,2025_16
NOR,McLaren,52.0,2.0,SOFT,8.0,False,1,True,2.0,27.3,40.7,43.0,False,1.9,81.259,False,53,2025,16,Italian Grand Prix,2025_16
NOR,McLaren,53.0,2.0,SOFT,9.0,False,1,True,2.0,27.4,40.3,42.0,False,1.5,80.901,False,53,2025,16,Italian Grand Prix,2025_16
PIA,McLaren,1.0,1.0,MEDIUM,1.0,True,1,False,3.0,26.6,43.7,42.0,False,0.6,87.992,False,53,2025,16,Italian Grand Prix,2025_16
PIA,McLaren,2.0,1.0,MEDIUM,2.0,True,1,True,4.0,26.6,44.2,43.0,False,1.8,85.759,False,53,2025,16,Italian Grand Prix,2025_16
PIA,McLaren,3.0,1.0,MEDIUM,3.0,True,1,True,4.0,26.6,44.5,42.0,False,1.4,85.117,False,53,2025,16,Italian Grand Prix,2025_16
PIA,McLaren,4.0,1.0,MEDIUM,4.0,True,1,True,4.0,26.6,44.5,43.0,False,1.4,84.567,False,53,2025,16,Italian Grand Prix,2025_16
PIA,McLaren,5.0,1.0,MEDIUM,5.0,True,1,True,4.0,26.6,44.1,41.0,False,1.8,84.358,False,53,2025,16,Italian Grand Prix,2025_16
PIA,McLaren,6.0,1.0,MEDIUM,6.0,True,1,True,3.0,26.6,44.2,43.0,False,1.8,83.679,False,53,2025,16,Italian Grand Prix,2025_16
PIA,McLaren,7.0,1.0,MEDIUM,7.0,True,1,True,3.0,26.7,44.2,43.0,False,1.8,83.738,False,53,2025,16,Italian Grand Prix,2025_16
PIA,McLaren,8.0,1.0,MEDIUM,8.0,True,1,True,3.0,26.7,44.4,41.0,False,3.6,83.949,False,53,2025,16,Italian Grand Prix,2025_16
PIA,McLaren,9.0,1.0,MEDIUM,9.0,True,1,True,3.0,26.8,44.4,42.0,False,3.0,83.685,False,53,2025,16,Italian Grand Prix,2025_16
PIA,McLaren,10.0,1.0,MEDIUM,10.0,True,1,True,3.0,26.9,44.3,42.0,False,2.4,83.461,False,53,2025,16,Italian Grand Prix,2025_16
PIA,McLaren,11.0,1.0,MEDIUM,11.0,True,1,True,3.0,27.0,44.3,43.0,False,1.6,83.897,False,53,2025,16,Italian Grand Prix,2025_16
PIA,McLaren,12.0,1.0,MEDIUM,12.0,True,1,True,3.0,27.1,44.2,41.0,False,2.1,83.486,False,53,2025,16,Italian Grand Prix,2025_16
PIA,McLaren,13.0,1.0,MEDIUM,13.0,True,1,True,3.0,27.2,44.7,41.0,False,3.1,83.598,False,53,2025,16,Italian Grand Prix,2025_16
PIA,McLaren,14.0,1.0,MEDIUM,14.0,True,1,True,3.0,27.1,44.6,41.0,False,4.0,83.662,False,53,2025,16,Italian Grand Prix,2025_16
PIA,McLaren,15.0,1.0,MEDIUM,15.0,True,1,True,3.0,27.1,44.0,42.0,False,2.6,83.385,False,53,2025,16,Italian Grand Prix,2025_16
PIA,McLaren,16.0,1.0,MEDIUM,16.0,True,1,True,3.0,27.0,44.2,41.0,False,3.6,83.137,False,53,2025,16,Italian Grand Prix,2025_16
PIA,McLaren,17.0,1.0,MEDIUM,17.0,True,1,True,3.0,27.0,44.0,41.0,False,3.1,83.336,False,53,2025,16,Italian Grand Prix,2025_16
PIA,McLaren,18.0,1.0,MEDIUM,18.0,True,1,True,3.0,27.0,44.1,42.0,False,3.6,83.259,False,53,2025,16,Italian Grand Prix,2025_16
PIA,McLaren,19.0,1.0,MEDIUM,19.0,True,1,True,3.0,27.0,44.1,43.0,False,3.8,83.359,False,53,2025,16,Italian Grand Prix,2025_16
PIA,McLaren,20.0,1.0,MEDIUM,20.0,True,1,True,3.0,27.3,43.4,42.0,False,3.9,83.225,False,53,2025,16,Italian Grand Prix,2025_16
PIA,McLaren,21.0,1.0,MEDIUM,21.0,True,1,True,3.0,27.2,43.4,41.0,False,3.7,82.956,False,53,2025,16,Italian Grand Prix,2025_16
PIA,McLaren,22.0,1.0,MEDIUM,22.0,True,1,True,3.0,27.2,43.4,41.0,False,2.1,82.883,False,53,2025,16,Italian Grand Prix,2025_16
PIA,McLaren,23.0,1.0,MEDIUM,23.0,True,1,True,3.0,27.2,43.3,44.0,False,2.3,82.957,False,53,2025,16,Italian Grand Prix,2025_16
PIA,McLaren,24.0,1.0,MEDIUM,24.0,True,1,True,3.0,27.1,42.5,41.0,False,2.6,82.744,False,53,2025,16,Italian Grand Prix,2025_16
PIA,McLaren,25.0,1.0,MEDIUM,25.0,True,1,True,3.0,27.0,42.3,43.0,False,2.1,83.27,False,53,2025,16,Italian Grand Prix,2025_16
PIA,McLaren,26.0,1.0,MEDIUM,26.0,True,1,True,3.0,27.0,42.8,43.0,False,3.1,83.047,False,53,2025,16,Italian Grand Prix,2025_16
PIA,McLaren,27.0,1.0,MEDIUM,27.0,True,1,True,3.0,27.0,42.9,43.0,False,2.8,82.796,False,53,2025,16,Italian Grand Prix,2025_16
PIA,McLaren,28.0,1.0,MEDIUM,28.0,True,1,True,3.0,26.9,43.2,40.0,False,2.6,82.845,False,53,2025,16,Italian Grand Prix,2025_16
PIA,McLaren,29.0,1.0,MEDIUM,29.0,True,1,True,3.0,26.9,43.2,40.0,False,2.0,82.7,False,53,2025,16,Italian Grand Prix,2025_16
PIA,McLaren,30.0,1.0,MEDIUM,30.0,True,1,True,3.0,27.1,43.0,41.0,False,2.2,82.92,False,53,2025,16,Italian Grand Prix,2025_16
PIA,McLaren,31.0,1.0,MEDIUM,31.0,True,1,True,3.0,27.4,42.7,40.0,False,2.5,82.816,False,53,2025,16,Italian Grand Prix,2025_16
PIA,McLaren,32.0,1.0,MEDIUM,32.0,True,1,True,3.0,27.4,42.7,41.0,False,1.9,82.576,False,53,2025,16,Italian Grand Prix,2025_16
PIA,McLaren,33.0,1.0,MEDIUM,33.0,True,1,True,3.0,27.2,42.6,41.0,False,1.8,83.271,False,53,2025,16,Italian Grand Prix,2025_16
PIA,McLaren,34.0,1.0,MEDIUM,34.0,True,1,True,3.0,27.2,42.0,40.0,False,2.4,82.669,False,53,2025,16,Italian Grand Prix,2025_16
PIA,McLaren,35.0,1.0,MEDIUM,35.0,True,1,True,3.0,27.2,41.7,40.0,False,2.3,82.588,False,53,2025,16,Italian Grand Prix,2025_16
PIA,McLaren,36.0,1.0,MEDIUM,36.0,True,1,True,3.0,27.0,41.2,41.0,False,2.2,82.232,False,53,2025,16,Italian Grand Prix,2025_16
PIA,McLaren,37.0,1.0,MEDIUM,37.0,True,1,True,3.0,27.0,41.2,42.0,False,2.9,82.425,False,53,2025,16,Italian Grand Prix,2025_16
PIA,McLaren,38.0,1.0,MEDIUM,38.0,True,1,True,2.0,26.9,41.2,42.0,False,2.5,82.558,False,53,2025,16,Italian Grand Prix,2025_16
PIA,McLaren,39.0,1.0,MEDIUM,39.0,True,1,True,2.0,27.0,41.4,43.0,False,2.2,82.402,False,53,2025,16,Italian Grand Prix,2025_16
PIA,McLaren,40.0,1.0,MEDIUM,40.0,True,1,True,2.0,27.1,41.4,42.0,False,2.1,82.296,False,53,2025,16,Italian Grand Prix,2025_16
PIA,McLaren,41.0,1.0,MEDIUM,41.0,True,12,True,2.0,27.2,41.3,42.0,False,3.1,82.619,False,53,2025,16,Italian Grand Prix,2025_16
PIA,McLaren,42.0,1.0,MEDIUM,42.0,True,1,True,2.0,27.1,41.0,41.0,False,2.6,82.419,False,53,2025,16,Italian Grand Prix,2025_16
PIA,McLaren,43.0,1.0,MEDIUM,43.0,True,1,True,2.0,27.0,40.8,43.0,False,2.7,82.369,False,53,2025,16,Italian Grand Prix,2025_16
PIA,McLaren,44.0,1.0,MEDIUM,44.0,True,1,True,2.0,27.1,40.4,40.0,False,3.7,82.404,False,53,2025,16,Italian Grand Prix,2025_16
PIA,McLaren,45.0,1.0,MEDIUM,45.0,True,1,False,2.0,27.0,40.5,41.0,False,2.3,86.609,True,53,2025,16,Italian Grand Prix,2025_16
PIA,McLaren,46.0,2.0,SOFT,4.0,False,1,False,3.0,27.0,40.6,40.0,False,2.2,101.402,True,53,2025,16,Italian Grand Prix,2025_16
PIA,McLaren,47.0,2.0,SOFT,5.0,False,1,True,2.0,27.1,41.1,42.0,False,2.4,81.245,False,53,2025,16,Italian Grand Prix,2025_16
PIA,McLaren,48.0,2.0,SOFT,6.0,False,1,True,2.0,27.1,40.8,42.0,False,1.3,81.783,False,53,2025,16,Italian Grand Prix,2025_16
PIA,McLaren,49.0,2.0,SOFT,7.0,False,1,True,3.0,27.1,40.8,43.0,False,1.2,83.484,False,53,2025,16,Italian Grand Prix,2025_16
PIA,McLaren,50.0,2.0,SOFT,8.0,False,1,True,3.0,27.1,40.9,44.0,False,2.1,81.508,False,53,2025,16,Italian Grand Prix,2025_16
PIA,McLaren,51.0,2.0,SOFT,9.0,False,1,True,3.0,27.2,40.7,42.0,False,2.7,81.477,False,53,2025,16,Italian Grand Prix,2025_16
PIA,McLaren,52.0,2.0,SOFT,10.0,False,1,True,3.0,27.3,40.7,43.0,False,1.9,81.386,False,53,2025,16,Italian Grand Prix,2025_16
PIA,McLaren,53.0,2.0,SOFT,11.0,False,1,True,3.0,27.4,40.3,42.0,False,1.5,81.371,False,53,2025,16,Italian Grand Prix,2025_16
LEC,Ferrari,1.0,1.0,MEDIUM,1.0,True,1,False,4.0,26.6,43.7,42.0,False,0.6,88.28,False,53,2025,16,Italian Grand Prix,2025_16
LEC,Ferrari,2.0,1.0,MEDIUM,2.0,True,1,True,3.0,26.6,44.2,43.0,False,1.8,85.178,False,53,2025,16,Italian Grand Prix,2025_16
LEC,Ferrari,3.0,1.0,MEDIUM,3.0,True,1,True,3.0,26.6,44.5,42.0,False,1.4,84.965,False,53,2025,16,Italian Grand Prix,2025_16
LEC,Ferrari,4.0,1.0,MEDIUM,4.0,True,1,True,3.0,26.6,44.5,43.0,False,1.4,84.525,False,53,2025,16,Italian Grand Prix,2025_16
LEC,Ferrari,5.0,1.0,MEDIUM,5.0,True,1,True,3.0,26.6,44.1,41.0,False,1.8,84.441,False,53,2025,16,Italian Grand Prix,2025_16
LEC,Ferrari,6.0,1.0,MEDIUM,6.0,True,1,True,4.0,26.6,44.2,43.0,False,1.8,84.858,False,53,2025,16,Italian Grand Prix,2025_16
LEC,Ferrari,7.0,1.0,MEDIUM,7.0,True,1,True,4.0,26.7,44.2,43.0,False,1.8,83.974,False,53,2025,16,Italian Grand Prix,2025_16
LEC,Ferrari,8.0,1.0,MEDIUM,8.0,True,1,True,4.0,26.7,44.4,41.0,False,3.6,84.041,False,53,2025,16,Italian Grand Prix,2025_16
LEC,Ferrari,9.0,1.0,MEDIUM,9.0,True,1,True,4.0,26.8,44.4,42.0,False,3.0,84.052,False,53,2025,16,Italian Grand Prix,2025_16
LEC,Ferrari,10.0,1.0,MEDIUM,10.0,True,1,True,4.0,26.9,44.3,42.0,False,2.4,84.14,False,53,2025,16,Italian Grand Prix,2025_16
LEC,Ferrari,11.0,1.0,MEDIUM,11.0,True,1,True,4.0,27.0,44.3,43.0,False,1.6,84.036,False,53,2025,16,Italian Grand Prix,2025_16
LEC,Ferrari,12.0,1.0,MEDIUM,12.0,True,1,True,4.0,27.1,44.2,41.0,False,2.1,83.893,False,53,2025,16,Italian Grand Prix,2025_16
LEC,Ferrari,13.0,1.0,MEDIUM,13.0,True,1,True,4.0,27.2,44.7,41.0,False,3.1,83.683,False,53,2025,16,Italian Grand Prix,2025_16
LEC,Ferrari,14.0,1.0,MEDIUM,14.0,True,1,True,4.0,27.1,44.6,41.0,False,4.0,83.637,False,53,2025,16,Italian Grand Prix,2025_16
LEC,Ferrari,15.0,1.0,MEDIUM,15.0,True,1,True,4.0,27.1,44.0,42.0,False,2.6,83.635,False,53,2025,16,Italian Grand Prix,2025_16
LEC,Ferrari,16.0,1.0,MEDIUM,16.0,True,1,True,4.0,27.0,44.2,41.0,False,3.6,83.595,False,53,2025,16,Italian Grand Prix,2025_16
LEC,Ferrari,17.0,1.0,MEDIUM,17.0,True,1,True,4.0,27.0,43.8,43.0,False,3.0,83.67,False,53,2025,16,Italian Grand Prix,2025_16
LEC,Ferrari,18.0,1.0,MEDIUM,18.0,True,1,True,4.0,27.0,44.1,42.0,False,3.6,83.449,False,53,2025,16,Italian Grand Prix,2025_16
LEC,Ferrari,19.0,1.0,MEDIUM,19.0,True,1,True,4.0,27.0,44.1,43.0,False,3.8,83.491,False,53,2025,16,Italian Grand Prix,2025_16
LEC,Ferrari,20.0,1.0,MEDIUM,20.0,True,1,True,4.0,27.3,43.4,42.0,False,3.9,83.49,False,53,2025,16,Italian Grand Prix,2025_16
LEC,Ferrari,21.0,1.0,MEDIUM,21.0,True,1,True,4.0,27.2,43.4,41.0,False,3.7,83.494,False,53,2025,16,Italian Grand Prix,2025_16
LEC,Ferrari,22.0,1.0,MEDIUM,22.0,True,1,True,4.0,27.2,43.4,41.0,False,2.1,83.313,False,53,2025,16,Italian Grand Prix,2025_16
LEC,Ferrari,23.0,1.0,MEDIUM,23.0,True,1,True,4.0,27.2,43.3,44.0,False,2.3,83.152,False,53,2025,16,Italian Grand Prix,2025_16
LEC,Ferrari,24.0,1.0,MEDIUM,24.0,True,1,True,4.0,27.1,42.5,41.0,False,2.6,83.263,False,53,2025,16,Italian Grand Prix,2025_16
LEC,Ferrari,25.0,1.0,MEDIUM,25.0,True,1,True,4.0,27.0,42.3,43.0,False,2.1,83.111,False,53,2025,16,Italian Grand Prix,2025_16
LEC,Ferrari,26.0,1.0,MEDIUM,26.0,True,1,True,4.0,27.0,42.8,43.0,False,3.1,83.374,False,53,2025,16,Italian Grand Prix,2025_16
LEC,Ferrari,27.0,1.0,MEDIUM,27.0,True,1,True,4.0,27.0,42.9,43.0,False,2.8,82.98,False,53,2025,16,Italian Grand Prix,2025_16
LEC,Ferrari,28.0,1.0,MEDIUM,28.0,True,1,True,4.0,26.9,43.2,40.0,False,2.6,83.093,False,53,2025,16,Italian Grand Prix,2025_16
LEC,Ferrari,29.0,1.0,MEDIUM,29.0,True,1,True,4.0,26.9,43.2,40.0,False,2.0,82.736,False,53,2025,16,Italian Grand Prix,2025_16
LEC,Ferrari,30.0,1.0,MEDIUM,30.0,True,1,True,4.0,27.3,43.0,40.0,False,2.9,82.972,False,53,2025,16,Italian Grand Prix,2025_16
LEC,Ferrari,31.0,1.0,MEDIUM,31.0,True,1,True,4.0,27.4,42.7,40.0,False,2.5,82.857,False,53,2025,16,Italian Grand Prix,2025_16
LEC,Ferrari,32.0,1.0,MEDIUM,32.0,True,1,True,4.0,27.4,42.7,41.0,False,1.9,82.975,False,53,2025,16,Italian Grand Prix,2025_16
LEC,Ferrari,33.0,1.0,MEDIUM,33.0,True,1,False,4.0,27.2,42.6,41.0,False,1.8,87.019,True,53,2025,16,Italian Grand Prix,2025_16
LEC,Ferrari,34.0,2.0,HARD,1.0,True,1,False,6.0,27.2,42.0,40.0,False,2.4,102.973,True,53,2025,16,Italian Grand Prix,2025_16
LEC,Ferrari,35.0,2.0,HARD,2.0,True,1,True,6.0,27.2,41.2,40.0,False,1.6,82.17,False,53,2025,16,Italian Grand Prix,2025_16
LEC,Ferrari,36.0,2.0,HARD,3.0,True,1,True,6.0,27.0,41.2,41.0,False,2.2,82.361,False,53,2025,16,Italian Grand Prix,2025_16
LEC,Ferrari,37.0,2.0,HARD,4.0,True,1,True,6.0,26.9,41.2,42.0,False,2.5,82.374,False,53,2025,16,Italian Grand Prix,2025_16
LEC,Ferrari,38.0,2.0,HARD,5.0,True,1,True,6.0,26.9,41.2,42.0,False,3.0,82.125,False,53,2025,16,Italian Grand Prix,2025_16
LEC,Ferrari,39.0,2.0,HARD,6.0,True,1,True,5.0,27.0,41.4,43.0,False,2.2,82.431,False,53,2025,16,Italian Grand Prix,2025_16
LEC,Ferrari,40.0,2.0,HARD,7.0,True,12,True,5.0,27.1,41.3,42.0,False,3.9,82.298,False,53,2025,16,Italian Grand Prix,2025_16
LEC,Ferrari,41.0,2.0,HARD,8.0,True,1,True,4.0,27.2,41.3,42.0,False,3.1,82.272,False,53,2025,16,Italian Grand Prix,2025_16
LEC,Ferrari,42.0,2.0,HARD,9.0,True,1,True,4.0,27.1,41.0,41.0,False,2.6,82.035,False,53,2025,16,Italian Grand Prix,2025_16
LEC,Ferrari,43.0,2.0,HARD,10.0,True,1,True,4.0,27.1,40.4,41.0,False,3.5,81.818,False,53,2025,16,Italian Grand Prix,2025_16
LEC,Ferrari,44.0,2.0,HARD,11.0,True,1,True,4.0,27.1,40.4,40.0,False,3.7,81.738,False,53,2025,16,Italian Grand Prix,2025_16
LEC,Ferrari,45.0,2.0,HARD,12.0,True,1,True,4.0,27.0,40.6,41.0,False,2.5,81.673,False,53,2025,16,Italian Grand Prix,2025_16
LEC,Ferrari,46.0,2.0,HARD,13.0,True,1,True,4.0,27.0,40.6,40.0,False,2.2,81.975,False,53,2025,16,Italian Grand Prix,2025_16
LEC,Ferrari,47.0,2.0,HARD,14.0,True,1,True,4.0,27.1,41.1,42.0,False,2.4,81.846,False,53,2025,16,Italian Grand Prix,2025_16
LEC,Ferrari,48.0,2.0,HARD,15.0,True,1,True,4.0,27.1,40.8,42.0,False,1.3,81.586,False,53,2025,16,Italian Grand Prix,2025_16
LEC,Ferrari,49.0,2.0,HARD,16.0,True,1,True,4.0,27.1,40.8,43.0,False,1.2,82.219,False,53,2025,16,Italian Grand Prix,2025_16
LEC,Ferrari,50.0,2.0,HARD,17.0,True,1,True,4.0,27.1,40.9,44.0,False,2.1,81.575,False,53,2025,16,Italian Grand Prix,2025_16
LEC,Ferrari,51.0,2.0,HARD,18.0,True,1,True,4.0,27.2,40.7,42.0,False,2.7,81.901,False,53,2025,16,Italian Grand Prix,2025_16
LEC,Ferrari,52.0,2.0,HARD,19.0,True,1,True,4.0,27.3,40.7,43.0,False,1.9,81.913,False,53,2025,16,Italian Grand Prix,2025_16
LEC,Ferrari,53.0,2.0,HARD,20.0,True,1,True,4.0,27.4,40.3,42.0,False,1.5,81.294,False,53,2025,16,Italian Grand Prix,2025_16
RUS,Mercedes,1.0,1.0,MEDIUM,1.0,True,1,False,5.0,26.6,43.7,42.0,False,0.6,88.907,False,53,2025,16,Italian Grand Prix,2025_16
RUS,Mercedes,2.0,1.0,MEDIUM,2.0,True,1,True,5.0,26.7,44.4,42.0,False,1.3,85.309,False,53,2025,16,Italian Grand Prix,2025_16
RUS,Mercedes,3.0,1.0,MEDIUM,3.0,True,1,True,5.0,26.6,44.5,42.0,False,1.4,85.346,False,53,2025,16,Italian Grand Prix,2025_16
RUS,Mercedes,4.0,1.0,MEDIUM,4.0,True,1,True,5.0,26.6,44.5,43.0,False,1.4,84.513,False,53,2025,16,Italian Grand Prix,2025_16
RUS,Mercedes,5.0,1.0,MEDIUM,5.0,True,1,True,5.0,26.6,44.1,41.0,False,1.8,84.344,False,53,2025,16,Italian Grand Prix,2025_16
RUS,Mercedes,6.0,1.0,MEDIUM,6.0,True,1,True,5.0,26.6,44.2,43.0,False,1.8,84.457,False,53,2025,16,Italian Grand Prix,2025_16
RUS,Mercedes,7.0,1.0,MEDIUM,7.0,True,1,True,5.0,26.7,44.2,43.0,False,1.8,83.94,False,53,2025,16,Italian Grand Prix,2025_16
RUS,Mercedes,8.0,1.0,MEDIUM,8.0,True,1,True,5.0,26.7,44.4,41.0,False,3.6,83.88,False,53,2025,16,Italian Grand Prix,2025_16
RUS,Mercedes,9.0,1.0,MEDIUM,9.0,True,1,True,5.0,26.8,44.4,42.0,False,3.0,84.068,False,53,2025,16,Italian Grand Prix,2025_16
RUS,Mercedes,10.0,1.0,MEDIUM,10.0,True,1,True,5.0,26.9,44.3,42.0,False,2.4,84.347,False,53,2025,16,Italian Grand Prix,2025_16
RUS,Mercedes,11.0,1.0,MEDIUM,11.0,True,1,True,5.0,27.0,44.3,43.0,False,1.6,84.124,False,53,2025,16,Italian Grand Prix,2025_16
RUS,Mercedes,12.0,1.0,MEDIUM,12.0,True,1,True,5.0,27.1,44.2,41.0,False,2.1,83.83,False,53,2025,16,Italian Grand Prix,2025_16
RUS,Mercedes,13.0,1.0,MEDIUM,13.0,True,1,True,5.0,27.2,44.7,41.0,False,3.1,83.569,False,53,2025,16,Italian Grand Prix,2025_16
RUS,Mercedes,14.0,1.0,MEDIUM,14.0,True,1,True,5.0,27.1,44.6,41.0,False,4.0,83.932,False,53,2025,16,Italian Grand Prix,2025_16
RUS,Mercedes,15.0,1.0,MEDIUM,15.0,True,1,True,5.0,27.1,44.0,42.0,False,2.6,83.837,False,53,2025,16,Italian Grand Prix,2025_16
RUS,Mercedes,16.0,1.0,MEDIUM,16.0,True,1,True,5.0,27.0,44.2,41.0,False,3.6,83.876,False,53,2025,16,Italian Grand Prix,2025_16
RUS,Mercedes,17.0,1.0,MEDIUM,17.0,True,1,True,5.0,27.0,43.8,43.0,False,3.0,83.786,False,53,2025,16,Italian Grand Prix,2025_16
RUS,Mercedes,18.0,1.0,MEDIUM,18.0,True,1,True,5.0,27.0,44.1,42.0,False,3.6,83.656,False,53,2025,16,Italian Grand Prix,2025_16
RUS,Mercedes,19.0,1.0,MEDIUM,19.0,True,1,True,5.0,27.0,44.1,43.0,False,3.8,83.756,False,53,2025,16,Italian Grand Prix,2025_16
RUS,Mercedes,20.0,1.0,MEDIUM,20.0,True,1,True,5.0,27.3,43.4,42.0,False,3.9,83.588,False,53,2025,16,Italian Grand Prix,2025_16
RUS,Mercedes,21.0,1.0,MEDIUM,21.0,True,1,True,5.0,27.2,43.4,41.0,False,3.7,83.432,False,53,2025,16,Italian Grand Prix,2025_16
RUS,Mercedes,22.0,1.0,MEDIUM,22.0,True,1,True,5.0,27.2,43.3,41.0,False,3.2,83.479,False,53,2025,16,Italian Grand Prix,2025_16
RUS,Mercedes,23.0,1.0,MEDIUM,23.0,True,1,True,5.0,27.2,43.3,44.0,False,2.3,83.641,False,53,2025,16,Italian Grand Prix,2025_16
RUS,Mercedes,24.0,1.0,MEDIUM,24.0,True,1,True,5.0,27.1,42.5,41.0,False,2.6,83.638,False,53,2025,16,Italian Grand Prix,2025_16
RUS,Mercedes,25.0,1.0,MEDIUM,25.0,True,1,True,5.0,27.0,42.3,43.0,False,2.1,83.765,False,53,2025,16,Italian Grand Prix,2025_16
RUS,Mercedes,26.0,1.0,MEDIUM,26.0,True,1,True,5.0,27.0,42.8,43.0,False,3.1,83.98,False,53,2025,16,Italian Grand Prix,2025_16
RUS,Mercedes,27.0,1.0,MEDIUM,27.0,True,1,False,6.0,27.0,43.2,43.0,False,1.9,87.978,True,53,2025,16,Italian Grand Prix,2025_16
RUS,Mercedes,28.0,2.0,HARD,1.0,True,1,False,12.0,26.9,43.2,40.0,False,2.6,104.163,True,53,2025,16,Italian Grand Prix,2025_16
RUS,Mercedes,29.0,2.0,HARD,2.0,True,1,True,11.0,27.1,43.0,41.0,False,2.2,82.421,False,53,2025,16,Italian Grand Prix,2025_16
RUS,Mercedes,30.0,2.0,HARD,3.0,True,1,True,11.0,27.3,43.0,40.0,False,2.9,82.601,False,53,2025,16,Italian Grand Prix,2025_16
RUS,Mercedes,31.0,2.0,HARD,4.0,True,1,True,10.0,27.4,42.7,40.0,False,2.5,82.659,False,53,2025,16,Italian Grand Prix,2025_16
RUS,Mercedes,32.0,2.0,HARD,5.0,True,1,True,9.0,27.3,42.7,41.0,False,3.0,82.701,False,53,2025,16,Italian Grand Prix,2025_16
RUS,Mercedes,33.0,2.0,HARD,6.0,True,1,True,9.0,27.2,42.6,41.0,False,1.8,82.473,False,53,2025,16,Italian Grand Prix,2025_16
RUS,Mercedes,34.0,2.0,HARD,7.0,True,1,True,9.0,27.2,41.7,40.0,False,2.3,82.49,False,53,2025,16,Italian Grand Prix,2025_16
RUS,Mercedes,35.0,2.0,HARD,8.0,True,1,True,8.0,27.2,41.2,40.0,False,1.6,82.847,False,53,2025,16,Italian Grand Prix,2025_16
RUS,Mercedes,36.0,2.0,HARD,9.0,True,1,True,7.0,27.0,41.2,41.0,False,2.2,82.248,False,53,2025,16,Italian Grand Prix,2025_16
RUS,Mercedes,37.0,2.0,HARD,10.0,True,1,True,7.0,26.9,41.2,42.0,False,2.5,82.562,False,53,2025,16,Italian Grand Prix,2025_16
RUS,Mercedes,38.0,2.0,HARD,11.0,True,1,True,7.0,26.9,41.2,42.0,False,3.0,82.43,False,53,2025,16,Italian Grand Prix,2025_16
RUS,Mercedes,39.0,2.0,HARD,12.0,True,1,True,6.0,27.0,41.4,43.0,False,2.2,82.341,False,53,2025,16,Italian Grand Prix,2025_16
RUS,Mercedes,40.0,2.0,HARD,13.0,True,12,True,6.0,27.1,41.3,42.0,False,3.9,82.112,False,53,2025,16,Italian Grand Prix,2025_16
RUS,Mercedes,41.0,2.0,HARD,14.0,True,1,True,6.0,27.2,41.3,42.0,False,3.1,82.008,False,53,2025,16,Italian Grand Prix,2025_16
RUS,Mercedes,42.0,2.0,HARD,15.0,True,1,True,5.0,27.0,40.8,43.0,False,2.7,81.912,False,53,2025,16,Italian Grand Prix,2025_16
RUS,Mercedes,43.0,2.0,HARD,16.0,True,1,True,5.0,27.1,40.4,41.0,False,3.5,81.984,False,53,2025,16,Italian Grand Prix,2025_16
RUS,Mercedes,44.0,2.0,HARD,17.0,True,1,True,5.0,27.1,40.4,40.0,False,3.7,82.048,False,53,2025,16,Italian Grand Prix,2025_16
RUS,Mercedes,45.0,2.0,HARD,18.0,True,1,True,5.0,27.0,40.6,41.0,False,2.5,81.8,False,53,2025,16,Italian Grand Prix,2025_16
RUS,Mercedes,46.0,2.0,HARD,19.0,True,1,True,5.0,27.0,40.6,40.0,False,2.2,81.922,False,53,2025,16,Italian Grand Prix,2025_16
RUS,Mercedes,47.0,2.0,HARD,20.0,True,1,True,5.0,27.1,41.1,42.0,False,2.4,81.813,False,53,2025,16,Italian Grand Prix,2025_16
RUS,Mercedes,48.0,2.0,HARD,21.0,True,1,True,5.0,27.1,40.8,42.0,False,1.3,82.496,False,53,2025,16,Italian Grand Prix,2025_16
RUS,Mercedes,49.0,2.0,HARD,22.0,True,1,True,5.0,27.1,40.8,43.0,False,1.2,81.965,False,53,2025,16,Italian Grand Prix,2025_16
RUS,Mercedes,50.0,2.0,HARD,23.0,True,1,True,5.0,27.2,40.8,43.0,False,2.9,81.961,False,53,2025,16,Italian Grand Prix,2025_16
RUS,Mercedes,51.0,2.0,HARD,24.0,True,1,True,5.0,27.2,40.7,42.0,False,2.7,82.311,False,53,2025,16,Italian Grand Prix,2025_16
RUS,Mercedes,52.0,2.0,HARD,25.0,True,1,True,5.0,27.3,40.7,43.0,False,1.9,82.072,False,53,2025,16,Italian Grand Prix,2025_16
RUS,Mercedes,53.0,2.0,HARD,26.0,True,1,True,5.0,27.4,40.2,42.0,False,1.9,81.888,False,53,2025,16,Italian Grand Prix,2025_16
HAM,Ferrari,1.0,1.0,MEDIUM,1.0,True,1,False,8.0,26.6,43.7,42.0,False,0.6,90.49,False,53,2025,16,Italian Grand Prix,2025_16
HAM,Ferrari,2.0,1.0,MEDIUM,2.0,True,1,True,8.0,26.7,44.4,42.0,False,1.3,85.502,False,53,2025,16,Italian Grand Prix,2025_16
HAM,Ferrari,3.0,1.0,MEDIUM,3.0,True,1,True,8.0,26.6,44.5,42.0,False,1.4,85.486,False,53,2025,16,Italian Grand Prix,2025_16
HAM,Ferrari,4.0,1.0,MEDIUM,4.0,True,1,True,8.0,26.6,44.5,43.0,False,1.4,84.744,False,53,2025,16,Italian Grand Prix,2025_16
HAM,Ferrari,5.0,1.0,MEDIUM,5.0,True,1,True,7.0,26.6,44.1,41.0,False,1.8,83.942,False,53,2025,16,Italian Grand Prix,2025_16
HAM,Ferrari,6.0,1.0,MEDIUM,6.0,True,1,True,7.0,26.6,44.2,43.0,False,1.8,84.175,False,53,2025,16,Italian Grand Prix,2025_16
HAM,Ferrari,7.0,1.0,MEDIUM,7.0,True,1,True,6.0,26.7,44.2,43.0,False,1.8,84.057,False,53,2025,16,Italian Grand Prix,2025_16
HAM,Ferrari,8.0,1.0,MEDIUM,8.0,True,1,True,6.0,26.7,44.4,41.0,False,3.6,84.646,False,53,2025,16,Italian Grand Prix,2025_16
HAM,Ferrari,9.0,1.0,MEDIUM,9.0,True,1,True,6.0,26.8,44.4,42.0,False,3.0,83.894,False,53,2025,16,Italian Grand Prix,2025_16
HAM,Ferrari,10.0,1.0,MEDIUM,10.0,True,1,True,6.0,26.9,44.3,42.0,False,2.4,83.824,False,53,2025,16,Italian Grand Prix,2025_16
HAM,Ferrari,11.0,1.0,MEDIUM,11.0,True,1,True,6.0,27.0,44.3,43.0,False,1.6,83.876,False,53,2025,16,Italian Grand Prix,2025_16
HAM,Ferrari,12.0,1.0,MEDIUM,12.0,True,1,True,6.0,27.1,44.2,41.0,False,2.1,84.336,False,53,2025,16,Italian Grand Prix,2025_16
HAM,Ferrari,13.0,1.0,MEDIUM,13.0,True,1,True,6.0,27.2,44.7,41.0,False,3.1,84.591,False,53,2025,16,Italian Grand Prix,2025_16
HAM,Ferrari,14.0,1.0,MEDIUM,14.0,True,1,True,6.0,27.1,44.6,41.0,False,4.0,83.879,False,53,2025,16,Italian Grand Prix,2025_16
HAM,Ferrari,15.0,1.0,MEDIUM,15.0,True,1,True,6.0,27.1,44.0,42.0,False,2.6,83.54,False,53,2025,16,Italian Grand Prix,2025_16
HAM,Ferrari,16.0,1.0,MEDIUM,16.0,True,1,True,6.0,27.0,44.2,41.0,False,3.6,83.743,False,53,2025,16,Italian Grand Prix,2025_16
HAM,Ferrari,17.0,1.0,MEDIUM,17.0,True,1,True,6.0,27.0,43.8,43.0,False,3.0,83.689,False,53,2025,16,Italian Grand Prix,2025_16
HAM,Ferrari,18.0,1.0,MEDIUM,18.0,True,1,True,6.0,27.0,44.1,42.0,False,3.6,83.702,False,53,2025,16,Italian Grand Prix,2025_16
HAM,Ferrari,19.0,1.0,MEDIUM,19.0,True,1,True,6.0,27.0,44.1,43.0,False,3.8,83.513,False,53,2025,16,Italian Grand Prix,2025_16
HAM,Ferrari,20.0,1.0,MEDIUM,20.0,True,1,True,6.0,27.3,43.4,42.0,False,3.9,83.408,False,53,2025,16,Italian Grand Prix,2025_16
HAM,Ferrari,21.0,1.0,MEDIUM,21.0,True,1,True,6.0,27.2,43.4,41.0,False,3.7,83.472,False,53,2025,16,Italian Grand Prix,2025_16
HAM,Ferrari,22.0,1.0,MEDIUM,22.0,True,1,True,6.0,27.2,43.3,41.0,False,3.2,83.446,False,53,2025,16,Italian Grand Prix,2025_16
HAM,Ferrari,23.0,1.0,MEDIUM,23.0,True,1,True,6.0,27.2,43.3,44.0,False,2.3,83.406,False,53,2025,16,Italian Grand Prix,2025_16
HAM,Ferrari,24.0,1.0,MEDIUM,24.0,True,1,True,6.0,27.1,42.5,41.0,False,2.6,83.675,False,53,2025,16,Italian Grand Prix,2025_16
HAM,Ferrari,25.0,1.0,MEDIUM,25.0,True,1,True,6.0,27.0,42.3,43.0,False,2.1,83.518,False,53,2025,16,Italian Grand Prix,2025_16
HAM,Ferrari,26.0,1.0,MEDIUM,26.0,True,1,True,6.0,27.0,42.8,43.0,False,3.1,83.961,False,53,2025,16,Italian Grand Prix,2025_16
HAM,Ferrari,27.0,1.0,MEDIUM,27.0,True,1,True,5.0,27.0,43.2,43.0,False,1.9,83.412,False,53,2025,16,Italian Grand Prix,2025_16
HAM,Ferrari,28.0,1.0,MEDIUM,28.0,True,1,True,5.0,26.9,43.2,40.0,False,2.6,83.398,False,53,2025,16,Italian Grand Prix,2025_16
HAM,Ferrari,29.0,1.0,MEDIUM,29.0,True,1,True,5.0,26.9,43.2,40.0,False,2.0,83.044,False,53,2025,16,Italian Grand Prix,2025_16
HAM,Ferrari,30.0,1.0,MEDIUM,30.0,True,1,True,5.0,27.3,43.0,40.0,False,2.9,83.463,False,53,2025,16,Italian Grand Prix,2025_16
HAM,Ferrari,31.0,1.0,MEDIUM,31.0,True,1,True,5.0,27.4,42.7,40.0,False,2.5,83.636,False,53,2025,16,Italian Grand Prix,2025_16
HAM,Ferrari,32.0,1.0,MEDIUM,32.0,True,1,True,5.0,27.4,42.7,41.0,False,1.9,83.208,False,53,2025,16,Italian Grand Prix,2025_16
HAM,Ferrari,33.0,1.0,MEDIUM,33.0,True,1,True,5.0,27.2,42.6,41.0,False,1.8,83.01,False,53,2025,16,Italian Grand Prix,2025_16
HAM,Ferrari,34.0,1.0,MEDIUM,34.0,True,1,True,4.0,27.2,42.0,40.0,False,2.4,83.291,False,53,2025,16,Italian Grand Prix,2025_16
HAM,Ferrari,35.0,1.0,MEDIUM,35.0,True,1,True,4.0,27.2,41.2,40.0,False,1.6,82.992,False,53,2025,16,Italian Grand Prix,2025_16
HAM,Ferrari,36.0,1.0,MEDIUM,36.0,True,1,True,4.0,27.0,41.2,41.0,False,2.2,82.99,False,53,2025,16,Italian Grand Prix,2025_16
HAM,Ferrari,37.0,1.0,MEDIUM,37.0,True,1,True,4.0,27.0,41.2,42.0,False,2.9,82.878,False,53,2025,16,Italian Grand Prix,2025_16
HAM,Ferrari,38.0,1.0,MEDIUM,38.0,True,1,False,4.0,26.9,41.2,42.0,False,3.0,87.181,True,53,2025,16,Italian Grand Prix,2025_16
HAM,Ferrari,39.0,2.0,HARD,1.0,True,1,False,9.0,27.0,41.4,43.0,False,2.2,102.775,True,53,2025,16,Italian Grand Prix,2025_16
HAM,Ferrari,40.0,2.0,HARD,2.0,True,12,True,9.0,27.1,41.3,42.0,False,3.9,82.194,False,53,2025,16,Italian Grand Prix,2025_16
HAM,Ferrari,41.0,2.0,HARD,3.0,True,1,True,8.0,27.2,41.3,42.0,False,3.1,82.308,False,53,2025,16,Italian Grand Prix,2025_16
HAM,Ferrari,42.0,2.0,HARD,4.0,True,1,True,6.0,27.0,40.8,43.0,False,2.7,81.898,False,53,2025,16,Italian Grand Prix,2025_16
HAM,Ferrari,43.0,2.0,HARD,5.0,True,1,True,6.0,27.1,40.4,41.0,False,3.5,81.917,False,53,2025,16,Italian Grand Prix,2025_16
HAM,Ferrari,44.0,2.0,HARD,6.0,True,1,True,6.0,27.1,40.4,40.0,False,3.7,82.037,False,53,2025,16,Italian Grand Prix,2025_16
HAM,Ferrari,45.0,2.0,HARD,7.0,True,1,True,6.0,27.0,40.6,41.0,False,2.5,81.83,False,53,2025,16,Italian Grand Prix,2025_16
HAM,Ferrari,46.0,2.0,HARD,8.0,True,1,True,6.0,27.0,40.6,40.0,False,2.2,81.775,False,53,2025,16,Italian Grand Prix,2025_16
HAM,Ferrari,47.0,2.0,HARD,9.0,True,1,True,6.0,27.2,41.1,41.0,False,2.2,81.657,False,53,2025,16,Italian Grand Prix,2025_16
HAM,Ferrari,48.0,2.0,HARD,10.0,True,1,True,6.0,27.1,40.8,42.0,False,1.3,81.612,False,53,2025,16,Italian Grand Prix,2025_16
HAM,Ferrari,49.0,2.0,HARD,11.0,True,1,True,6.0,27.1,40.8,43.0,False,1.2,81.701,False,53,2025,16,Italian Grand Prix,2025_16
HAM,Ferrari,50.0,2.0,HARD,12.0,True,1,True,6.0,27.2,40.8,43.0,False,2.9,81.546,False,53,2025,16,Italian Grand Prix,2025_16
HAM,Ferrari,51.0,2.0,HARD,13.0,True,1,True,6.0,27.2,40.7,42.0,False,2.7,81.906,False,53,2025,16,Italian Grand Prix,2025_16
HAM,Ferrari,52.0,2.0,HARD,14.0,True,1,True,6.0,27.3,40.7,43.0,False,1.9,81.743,False,53,2025,16,Italian Grand Prix,2025_16
HAM,Ferrari,53.0,2.0,HARD,15.0,True,1,True,6.0,27.4,40.2,42.0,False,1.9,81.857,False,53,2025,16,Italian Grand Prix,2025_16
ALB,Williams,1.0,1.0,HARD,1.0,True,1,False,13.0,26.6,43.7,42.0,False,0.6,92.851,False,53,2025,16,Italian Grand Prix,2025_16
ALB,Williams,2.0,1.0,HARD,2.0,True,1,True,13.0,26.7,44.4,42.0,False,1.3,85.762,False,53,2025,16,Italian Grand Prix,2025_16
ALB,Williams,3.0,1.0,HARD,3.0,True,1,True,13.0,26.6,44.5,42.0,False,1.4,85.238,False,53,2025,16,Italian Grand Prix,2025_16
ALB,Williams,4.0,1.0,HARD,4.0,True,1,True,13.0,26.6,44.5,43.0,False,1.4,85.427,False,53,2025,16,Italian Grand Prix,2025_16
ALB,Williams,5.0,1.0,HARD,5.0,True,1,True,13.0,26.6,44.1,41.0,False,1.8,84.598,False,53,2025,16,Italian Grand Prix,2025_16
ALB,Williams,6.0,1.0,HARD,6.0,True,1,True,13.0,26.6,44.2,43.0,False,1.8,84.743,False,53,2025,16,Italian Grand Prix,2025_16
ALB,Williams,7.0,1.0,HARD,7.0,True,1,True,13.0,26.7,44.2,43.0,False,1.8,84.736,False,53,2025,16,Italian Grand Prix,2025_16
ALB,Williams,8.0,1.0,HARD,8.0,True,1,True,13.0,26.7,44.4,41.0,False,3.6,84.553,False,53,2025,16,Italian Grand Prix,2025_16
ALB,Williams,9.0,1.0,HARD,9.0,True,1,True,13.0,26.8,44.4,42.0,False,3.0,84.647,False,53,2025,16,Italian Grand Prix,2025_16
ALB,Williams,10.0,1.0,HARD,10.0,True,1,True,13.0,26.9,44.3,42.0,False,2.4,84.453,False,53,2025,16,Italian Grand Prix,2025_16
ALB,Williams,11.0,1.0,HARD,11.0,True,1,True,13.0,27.0,44.3,43.0,False,1.6,84.514,False,53,2025,16,Italian Grand Prix,2025_16
ALB,Williams,12.0,1.0,HARD,12.0,True,1,True,13.0,27.1,44.2,41.0,False,2.1,84.559,False,53,2025,16,Italian Grand Prix,2025_16
ALB,Williams,13.0,1.0,HARD,13.0,True,1,True,13.0,27.2,44.7,41.0,False,3.1,84.413,False,53,2025,16,Italian Grand Prix,2025_16
ALB,Williams,14.0,1.0,HARD,14.0,True,1,True,13.0,27.1,43.9,41.0,False,2.9,84.212,False,53,2025,16,Italian Grand Prix,2025_16
ALB,Williams,15.0,1.0,HARD,15.0,True,1,True,13.0,27.1,44.0,42.0,False,2.6,84.431,False,53,2025,16,Italian Grand Prix,2025_16
ALB,Williams,16.0,1.0,HARD,16.0,True,1,True,13.0,27.0,44.2,41.0,False,3.6,84.499,False,53,2025,16,Italian Grand Prix,2025_16
ALB,Williams,17.0,1.0,HARD,17.0,True,1,True,13.0,27.0,43.8,43.0,False,3.0,84.422,False,53,2025,16,Italian Grand Prix,2025_16
ALB,Williams,18.0,1.0,HARD,18.0,True,1,True,12.0,27.0,44.1,42.0,False,3.6,84.738,False,53,2025,16,Italian Grand Prix,2025_16
ALB,Williams,19.0,1.0,HARD,19.0,True,1,True,11.0,27.2,43.9,42.0,False,3.0,84.251,False,53,2025,16,Italian Grand Prix,2025_16
ALB,Williams,20.0,1.0,HARD,20.0,True,1,True,11.0,27.3,43.4,42.0,False,3.9,84.239,False,53,2025,16,Italian Grand Prix,2025_16
ALB,Williams,21.0,1.0,HARD,21.0,True,1,True,9.0,27.2,43.4,41.0,False,3.7,83.815,False,53,2025,16,Italian Grand Prix,2025_16
ALB,Williams,22.0,1.0,HARD,22.0,True,1,True,9.0,27.2,43.3,41.0,False,3.2,83.738,False,53,2025,16,Italian Grand Prix,2025_16
ALB,Williams,23.0,1.0,HARD,23.0,True,1,True,9.0,27.2,43.3,44.0,False,2.3,83.781,False,53,2025,16,Italian Grand Prix,2025_16
ALB,Williams,24.0,1.0,HARD,24.0,True,1,True,9.0,27.1,42.2,42.0,False,2.3,83.867,False,53,2025,16,Italian Grand Prix,2025_16
ALB,Williams,25.0,1.0,HARD,25.0,True,1,True,8.0,27.0,42.3,43.0,False,2.1,83.726,False,53,2025,16,Italian Grand Prix,2025_16
ALB,Williams,26.0,1.0,HARD,26.0,True,1,True,8.0,27.0,42.8,43.0,False,3.1,83.246,False,53,2025,16,Italian Grand Prix,2025_16
ALB,Williams,27.0,1.0,HARD,27.0,True,1,True,8.0,27.0,43.2,43.0,False,1.9,83.723,False,53,2025,16,Italian Grand Prix,2025_16
ALB,Williams,28.0,1.0,HARD,28.0,True,1,True,6.0,26.9,43.2,40.0,False,2.6,83.349,False,53,2025,16,Italian Grand Prix,2025_16
ALB,Williams,29.0,1.0,HARD,29.0,True,1,True,6.0,27.1,43.0,41.0,False,2.2,83.229,False,53,2025,16,Italian Grand Prix,2025_16
ALB,Williams,30.0,1.0,HARD,30.0,True,1,True,6.0,27.3,43.0,40.0,False,2.9,83.129,False,53,2025,16,Italian Grand Prix,2025_16
ALB,Williams,31.0,1.0,HARD,31.0,True,1,True,6.0,27.4,42.7,40.0,False,2.5,83.005,False,53,2025,16,Italian Grand Prix,2025_16
ALB,Williams,32.0,1.0,HARD,32.0,True,1,True,6.0,27.3,42.7,41.0,False,3.0,83.149,False,53,2025,16,Italian Grand Prix,2025_16
ALB,Williams,33.0,1.0,HARD,33.0,True,1,True,6.0,27.2,42.6,41.0,False,1.8,82.995,False,53,2025,16,Italian Grand Prix,2025_16
ALB,Williams,34.0,1.0,HARD,34.0,True,1,True,5.0,27.2,42.0,40.0,False,2.4,82.906,False,53,2025,16,Italian Grand Prix,2025_16
ALB,Williams,35.0,1.0,HARD,35.0,True,1,True,5.0,27.2,41.2,40.0,False,1.6,82.497,False,53,2025,16,Italian Grand Prix,2025_16
ALB,Williams,36.0,1.0,HARD,36.0,True,1,True,5.0,27.0,41.2,41.0,False,2.2,82.609,False,53,2025,16,Italian Grand Prix,2025_16
ALB,Williams,37.0,1.0,HARD,37.0,True,1,True,5.0,26.9,41.2,42.0,False,2.5,82.729,False,53,2025,16,Italian Grand Prix,2025_16
ALB,Williams,38.0,1.0,HARD,38.0,True,1,True,5.0,26.9,41.2,42.0,False,3.0,82.658,False,53,2025,16,Italian Grand Prix,2025_16
ALB,Williams,39.0,1.0,HARD,39.0,True,1,True,4.0,27.0,41.4,43.0,False,2.2,82.673,False,53,2025,16,Italian Grand Prix,2025_16
ALB,Williams,40.0,1.0,HARD,40.0,True,12,True,4.0,27.1,41.3,42.0,False,3.9,82.574,False,53,2025,16,Italian Grand Prix,2025_16
ALB,Williams,41.0,1.0,HARD,41.0,True,1,False,5.0,27.2,41.3,42.0,False,3.1,86.328,True,53,2025,16,Italian Grand Prix,2025_16
ALB,Williams,42.0,2.0,MEDIUM,1.0,True,1,False,10.0,27.0,40.8,43.0,False,2.7,102.767,True,53,2025,16,Italian Grand Prix,2025_16
ALB,Williams,43.0,2.0,MEDIUM,2.0,True,1,True,10.0,27.1,40.4,41.0,False,3.5,81.899,False,53,2025,16,Italian Grand Prix,2025_16
ALB,Williams,44.0,2.0,MEDIUM,3.0,True,1,True,9.0,27.0,40.5,41.0,False,2.3,82.126,False,53,2025,16,Italian Grand Prix,2025_16
ALB,Williams,45.0,2.0,MEDIUM,4.0,True,1,True,9.0,27.0,40.6,41.0,False,2.5,82.034,False,53,2025,16,Italian Grand Prix,2025_16
ALB,Williams,46.0,2.0,MEDIUM,5.0,True,1,True,9.0,27.0,40.6,40.0,False,2.2,81.745,False,53,2025,16,Italian Grand Prix,2025_16
ALB,Williams,47.0,2.0,MEDIUM,6.0,True,1,True,9.0,27.2,41.1,41.0,False,2.2,81.63,False,53,2025,16,Italian Grand Prix,2025_16
ALB,Williams,48.0,2.0,MEDIUM,7.0,True,1,True,9.0,27.1,40.8,42.0,False,1.3,81.96,False,53,2025,16,Italian Grand Prix,2025_16
ALB,Williams,49.0,2.0,MEDIUM,8.0,True,1,True,8.0,27.1,40.8,43.0,False,1.2,82.693,False,53,2025,16,Italian Grand Prix,2025_16
ALB,Williams,50.0,2.0,MEDIUM,9.0,True,1,True,8.0,27.2,40.8,43.0,False,2.9,81.727,False,53,2025,16,Italian Grand Prix,2025_16
ALB,Williams,51.0,2.0,MEDIUM,10.0,True,1,True,7.0,27.2,40.7,42.0,False,2.7,82.053,False,53,2025,16,Italian Grand Prix,2025_16
ALB,Williams,52.0,2.0,MEDIUM,11.0,True,1,True,7.0,27.4,40.3,42.0,False,1.5,81.848,False,53,2025,16,Italian Grand Prix,2025_16
ALB,Williams,53.0,2.0,MEDIUM,12.0,True,1,True,7.0,27.4,40.2,42.0,False,1.9,81.368,False,53,2025,16,Italian Grand Prix,2025_16
BOR,Kick Sauber,1.0,1.0,MEDIUM,1.0,True,1,False,7.0,26.6,43.7,42.0,False,0.6,90.149,False,53,2025,16,Italian Grand Prix,2025_16
BOR,Kick Sauber,2.0,1.0,MEDIUM,2.0,True,1,True,6.0,26.7,44.4,42.0,False,1.3,84.823,False,53,2025,16,Italian Grand Prix,2025_16
BOR,Kick Sauber,3.0,1.0,MEDIUM,3.0,True,1,True,6.0,26.6,44.5,42.0,False,1.4,85.354,False,53,2025,16,Italian Grand Prix,2025_16
BOR,Kick Sauber,4.0,1.0,MEDIUM,4.0,True,1,True,6.0,26.6,44.5,43.0,False,1.4,84.744,False,53,2025,16,Italian Grand Prix,2025_16
BOR,Kick Sauber,5.0,1.0,MEDIUM,5.0,True,1,True,6.0,26.6,44.1,41.0,False,1.8,84.329,False,53,2025,16,Italian Grand Prix,2025_16
BOR,Kick Sauber,6.0,1.0,MEDIUM,6.0,True,1,True,6.0,26.6,44.2,43.0,False,1.8,84.602,False,53,2025,16,Italian Grand Prix,2025_16
BOR,Kick Sauber,7.0,1.0,MEDIUM,7.0,True,1,True,7.0,26.7,44.2,43.0,False,1.8,85.041,False,53,2025,16,Italian Grand Prix,2025_16
BOR,Kick Sauber,8.0,1.0,MEDIUM,8.0,True,1,True,7.0,26.7,44.4,41.0,False,3.6,84.729,False,53,2025,16,Italian Grand Prix,2025_16
BOR,Kick Sauber,9.0,1.0,MEDIUM,9.0,True,1,True,7.0,26.8,44.4,42.0,False,3.0,84.431,False,53,2025,16,Italian Grand Prix,2025_16
BOR,Kick Sauber,10.0,1.0,MEDIUM,10.0,True,1,True,7.0,26.9,44.3,42.0,False,2.4,84.517,False,53,2025,16,Italian Grand Prix,2025_16
BOR,Kick Sauber,11.0,1.0,MEDIUM,11.0,True,1,True,7.0,27.0,44.3,43.0,False,1.6,84.549,False,53,2025,16,Italian Grand Prix,2025_16
BOR,Kick Sauber,12.0,1.0,MEDIUM,12.0,True,1,True,7.0,27.1,44.2,41.0,False,2.1,84.529,False,53,2025,16,Italian Grand Prix,2025_16
BOR,Kick Sauber,13.0,1.0,MEDIUM,13.0,True,1,True,7.0,27.2,44.7,41.0,False,3.1,84.638,False,53,2025,16,Italian Grand Prix,2025_16
BOR,Kick Sauber,14.0,1.0,MEDIUM,14.0,True,1,True,7.0,27.1,44.6,41.0,False,4.0,84.327,False,53,2025,16,Italian Grand Prix,2025_16
BOR,Kick Sauber,15.0,1.0,MEDIUM,15.0,True,1,True,7.0,27.1,44.0,42.0,False,2.6,84.385,False,53,2025,16,Italian Grand Prix,2025_16
BOR,Kick Sauber,16.0,1.0,MEDIUM,16.0,True,1,True,7.0,27.0,44.2,41.0,False,3.6,84.127,False,53,2025,16,Italian Grand Prix,2025_16
BOR,Kick Sauber,17.0,1.0,MEDIUM,17.0,True,1,True,7.0,27.0,43.8,43.0,False,3.0,84.202,False,53,2025,16,Italian Grand Prix,2025_16
BOR,Kick Sauber,18.0,1.0,MEDIUM,18.0,True,1,True,7.0,27.0,44.1,42.0,False,3.6,84.241,False,53,2025,16,Italian Grand Prix,2025_16
BOR,Kick Sauber,19.0,1.0,MEDIUM,19.0,True,1,True,7.0,27.0,44.1,43.0,False,3.8,84.232,False,53,2025,16,Italian Grand Prix,2025_16
BOR,Kick Sauber,20.0,1.0,MEDIUM,20.0,True,1,False,9.0,27.3,43.4,42.0,False,3.9,88.759,True,53,2025,16,Italian Grand Prix,2025_16
BOR,Kick Sauber,21.0,2.0,HARD,1.0,True,1,False,17.0,27.2,43.4,41.0,False,3.7,106.707,True,53,2025,16,Italian Grand Prix,2025_16
BOR,Kick Sauber,22.0,2.0,HARD,2.0,True,1,True,16.0,27.2,43.3,41.0,False,3.2,83.917,False,53,2025,16,Italian Grand Prix,2025_16
BOR,Kick Sauber,23.0,2.0,HARD,3.0,True,1,True,16.0,27.1,42.5,41.0,False,2.6,83.815,False,53,2025,16,Italian Grand Prix,2025_16
BOR,Kick Sauber,24.0,2.0,HARD,4.0,True,1,True,15.0,27.1,42.2,42.0,False,2.3,83.884,False,53,2025,16,Italian Grand Prix,2025_16
BOR,Kick Sauber,25.0,2.0,HARD,5.0,True,1,True,15.0,27.0,42.3,43.0,False,2.1,84.07,False,53,2025,16,Italian Grand Prix,2025_16
BOR,Kick Sauber,26.0,2.0,HARD,6.0,True,1,True,15.0,27.0,42.9,43.0,False,2.8,83.973,False,53,2025,16,Italian Grand Prix,2025_16
BOR,Kick Sauber,27.0,2.0,HARD,7.0,True,1,True,15.0,27.0,43.2,43.0,False,1.9,83.192,False,53,2025,16,Italian Grand Prix,2025_16
BOR,Kick Sauber,28.0,2.0,HARD,8.0,True,1,True,15.0,26.9,43.2,40.0,False,2.0,82.981,False,53,2025,16,Italian Grand Prix,2025_16
BOR,Kick Sauber,29.0,2.0,HARD,9.0,True,1,True,15.0,27.1,43.0,41.0,False,2.2,83.717,False,53,2025,16,Italian Grand Prix,2025_16
BOR,Kick Sauber,30.0,2.0,HARD,10.0,True,1,True,15.0,27.3,43.0,40.0,False,2.9,83.343,False,53,2025,16,Italian Grand Prix,2025_16
BOR,Kick Sauber,31.0,2.0,HARD,11.0,True,1,True,14.0,27.4,42.7,41.0,False,1.9,83.008,False,53,2025,16,Italian Grand Prix,2025_16
BOR,Kick Sauber,32.0,2.0,HARD,12.0,True,1,True,14.0,27.3,42.7,41.0,False,3.0,83.04,False,53,2025,16,Italian Grand Prix,2025_16
BOR,Kick Sauber,33.0,2.0,HARD,13.0,True,1,True,13.0,27.2,42.6,41.0,False,1.8,83.243,False,53,2025,16,Italian Grand Prix,2025_16
BOR,Kick Sauber,34.0,2.0,HARD,14.0,True,1,True,12.0,27.2,41.7,40.0,False,2.3,82.819,False,53,2025,16,Italian Grand Prix,2025_16
BOR,Kick Sauber,35.0,2.0,HARD,15.0,True,1,True,12.0,27.2,41.2,40.0,False,1.6,82.878,False,53,2025,16,Italian Grand Prix,2025_16
BOR,Kick Sauber,36.0,2.0,HARD,16.0,True,1,True,12.0,27.0,41.2,42.0,False,2.9,82.49,False,53,2025,16,Italian Grand Prix,2025_16
BOR,Kick Sauber,37.0,2.0,HARD,17.0,True,1,True,12.0,26.9,41.2,42.0,False,2.5,82.815,False,53,2025,16,Italian Grand Prix,2025_16
BOR,Kick Sauber,38.0,2.0,HARD,18.0,True,1,True,12.0,26.9,41.2,42.0,False,3.0,82.537,False,53,2025,16,Italian Grand Prix,2025_16
BOR,Kick Sauber,39.0,2.0,HARD,19.0,True,1,True,12.0,27.1,41.4,42.0,False,2.1,82.938,False,53,2025,16,Italian Grand Prix,2025_16
BOR,Kick Sauber,40.0,2.0,HARD,20.0,True,12,True,12.0,27.1,41.3,42.0,False,3.9,83.675,False,53,2025,16,Italian Grand Prix,2025_16
BOR,Kick Sauber,41.0,2.0,HARD,21.0,True,1,True,11.0,27.1,41.0,41.0,False,2.6,82.738,False,53,2025,16,Italian Grand Prix,2025_16
BOR,Kick Sauber,42.0,2.0,HARD,22.0,True,1,True,11.0,27.0,40.8,43.0,False,2.7,83.172,False,53,2025,16,Italian Grand Prix,2025_16
BOR,Kick Sauber,43.0,2.0,HARD,23.0,True,1,True,11.0,27.1,40.4,41.0,False,3.5,82.825,False,53,2025,16,Italian Grand Prix,2025_16
BOR,Kick Sauber,44.0,2.0,HARD,24.0,True,1,True,11.0,27.0,40.5,41.0,False,2.3,82.836,False,53,2025,16,Italian Grand Prix,2025_16
BOR,Kick Sauber,45.0,2.0,HARD,25.0,True,1,True,11.0,27.0,40.6,41.0,False,2.5,82.61,False,53,2025,16,Italian Grand Prix,2025_16
BOR,Kick Sauber,46.0,2.0,HARD,26.0,True,1,True,11.0,27.0,40.6,40.0,False,2.2,82.418,False,53,2025,16,Italian Grand Prix,2025_16
BOR,Kick Sauber,47.0,2.0,HARD,27.0,True,1,True,11.0,27.2,41.1,41.0,False,2.2,82.467,False,53,2025,16,Italian Grand Prix,2025_16
BOR,Kick Sauber,48.0,2.0,HARD,28.0,True,1,True,11.0,27.1,40.8,42.0,False,1.3,82.35,False,53,2025,16,Italian Grand Prix,2025_16
BOR,Kick Sauber,49.0,2.0,HARD,29.0,True,1,True,11.0,27.1,40.9,44.0,False,2.1,82.414,False,53,2025,16,Italian Grand Prix,2025_16
BOR,Kick Sauber,50.0,2.0,HARD,30.0,True,1,True,10.0,27.2,40.8,43.0,False,2.9,82.151,False,53,2025,16,Italian Grand Prix,2025_16
BOR,Kick Sauber,51.0,2.0,HARD,31.0,True,1,True,10.0,27.2,40.7,42.0,False,2.7,82.139,False,53,2025,16,Italian Grand Prix,2025_16
BOR,Kick Sauber,52.0,2.0,HARD,32.0,True,1,True,9.0,27.4,40.3,42.0,False,1.5,82.619,False,53,2025,16,Italian Grand Prix,2025_16
BOR,Kick Sauber,53.0,2.0,HARD,33.0,True,1,True,9.0,27.4,40.2,42.0,False,1.9,82.32,False,53,2025,16,Italian Grand Prix,2025_16
ANT,Mercedes,1.0,1.0,MEDIUM,1.0,True,1,False,10.0,26.6,43.7,42.0,False,0.6,91.686,False,53,2025,16,Italian Grand Prix,2025_16
ANT,Mercedes,2.0,1.0,MEDIUM,2.0,True,1,True,10.0,26.7,44.4,42.0,False,1.3,85.453,False,53,2025,16,Italian Grand Prix,2025_16
ANT,Mercedes,3.0,1.0,MEDIUM,3.0,True,1,True,10.0,26.6,44.5,42.0,False,1.4,85.461,False,53,2025,16,Italian Grand Prix,2025_16
ANT,Mercedes,4.0,1.0,MEDIUM,4.0,True,1,True,10.0,26.6,44.5,43.0,False,1.4,84.841,False,53,2025,16,Italian Grand Prix,2025_16
ANT,Mercedes,5.0,1.0,MEDIUM,5.0,True,1,True,10.0,26.6,44.1,41.0,False,1.8,84.65,False,53,2025,16,Italian Grand Prix,2025_16
ANT,Mercedes,6.0,1.0,MEDIUM,6.0,True,1,True,10.0,26.6,44.2,43.0,False,1.8,85.08,False,53,2025,16,Italian Grand Prix,2025_16
ANT,Mercedes,7.0,1.0,MEDIUM,7.0,True,1,True,10.0,26.7,44.2,43.0,False,1.8,84.501,False,53,2025,16,Italian Grand Prix,2025_16
ANT,Mercedes,8.0,1.0,MEDIUM,8.0,True,1,True,10.0,26.7,44.4,41.0,False,3.6,84.398,False,53,2025,16,Italian Grand Prix,2025_16
ANT,Mercedes,9.0,1.0,MEDIUM,9.0,True,1,True,10.0,26.8,44.4,42.0,False,3.0,84.566,False,53,2025,16,Italian Grand Prix,2025_16
ANT,Mercedes,10.0,1.0,MEDIUM,10.0,True,1,True,10.0,26.9,44.3,42.0,False,2.4,84.571,False,53,2025,16,Italian Grand Prix,2025_16
ANT,Mercedes,11.0,1.0,MEDIUM,11.0,True,1,True,10.0,27.0,44.3,43.0,False,1.6,84.51,False,53,2025,16,Italian Grand Prix,2025_16
ANT,Mercedes,12.0,1.0,MEDIUM,12.0,True,1,True,10.0,27.1,44.2,41.0,False,2.1,84.447,False,53,2025,16,Italian Grand Prix,2025_16
ANT,Mercedes,13.0,1.0,MEDIUM,13.0,True,1,True,10.0,27.2,44.7,41.0,False,3.1,84.535,False,53,2025,16,Italian Grand Prix,2025_16
ANT,Mercedes,14.0,1.0,MEDIUM,14.0,True,1,True,10.0,27.1,43.9,41.0,False,2.9,84.382,False,53,2025,16,Italian Grand Prix,2025_16
ANT,Mercedes,15.0,1.0,MEDIUM,15.0,True,1,True,10.0,27.1,44.0,42.0,False,2.6,84.456,False,53,2025,16,Italian Grand Prix,2025_16
ANT,Mercedes,16.0,1.0,MEDIUM,16.0,True,1,True,10.0,27.0,44.2,41.0,False,3.6,84.516,False,53,2025,16,Italian Grand Prix,2025_16
ANT,Mercedes,17.0,1.0,MEDIUM,17.0,True,1,True,10.0,27.0,43.8,43.0,False,3.0,84.227,False,53,2025,16,Italian Grand Prix,2025_16
ANT,Mercedes,18.0,1.0,MEDIUM,18.0,True,1,True,9.0,27.0,44.1,42.0,False,3.6,83.979,False,53,2025,16,Italian Grand Prix,2025_16
ANT,Mercedes,19.0,1.0,MEDIUM,19.0,True,1,True,9.0,27.2,43.9,42.0,False,3.0,83.94,False,53,2025,16,Italian Grand Prix,2025_16
ANT,Mercedes,20.0,1.0,MEDIUM,20.0,True,1,True,7.0,27.3,43.4,42.0,False,3.9,83.746,False,53,2025,16,Italian Grand Prix,2025_16
ANT,Mercedes,21.0,1.0,MEDIUM,21.0,True,1,True,7.0,27.2,43.4,41.0,False,3.7,83.688,False,53,2025,16,Italian Grand Prix,2025_16
ANT,Mercedes,22.0,1.0,MEDIUM,22.0,True,1,True,7.0,27.2,43.3,41.0,False,3.2,83.295,False,53,2025,16,Italian Grand Prix,2025_16
ANT,Mercedes,23.0,1.0,MEDIUM,23.0,True,1,True,7.0,27.2,43.3,44.0,False,2.3,83.671,False,53,2025,16,Italian Grand Prix,2025_16
ANT,Mercedes,24.0,1.0,MEDIUM,24.0,True,1,True,7.0,27.1,42.2,42.0,False,2.3,83.515,False,53,2025,16,Italian Grand Prix,2025_16
ANT,Mercedes,25.0,1.0,MEDIUM,25.0,True,1,True,7.0,27.0,42.3,43.0,False,2.1,83.449,False,53,2025,16,Italian Grand Prix,2025_16
ANT,Mercedes,26.0,1.0,MEDIUM,26.0,True,1,True,7.0,27.0,42.8,43.0,False,3.1,84.699,False,53,2025,16,Italian Grand Prix,2025_16
ANT,Mercedes,27.0,1.0,MEDIUM,27.0,True,1,True,7.0,27.0,43.2,43.0,False,1.9,83.7,False,53,2025,16,Italian Grand Prix,2025_16
ANT,Mercedes,28.0,1.0,MEDIUM,28.0,True,1,False,7.0,26.9,43.2,40.0,False,2.6,87.75,True,53,2025,16,Italian Grand Prix,2025_16
ANT,Mercedes,29.0,2.0,HARD,1.0,True,1,False,14.0,27.1,43.0,41.0,False,2.2,103.945,True,53,2025,16,Italian Grand Prix,2025_16
ANT,Mercedes,30.0,2.0,HARD,2.0,True,1,True,14.0,27.3,43.0,40.0,False,2.9,82.775,False,53,2025,16,Italian Grand Prix,2025_16
ANT,Mercedes,31.0,2.0,HARD,3.0,True,1,True,13.0,27.4,42.7,41.0,False,1.9,82.663,False,53,2025,16,Italian Grand Prix,2025_16
ANT,Mercedes,32.0,2.0,HARD,4.0,True,1,True,13.0,27.3,42.7,41.0,False,3.0,82.852,False,53,2025,16,Italian Grand Prix,2025_16
ANT,Mercedes,33.0,2.0,HARD,5.0,True,1,True,11.0,27.2,42.6,41.0,False,1.8,82.705,False,53,2025,16,Italian Grand Prix,2025_16
ANT,Mercedes,34.0,2.0,HARD,6.0,True,1,True,11.0,27.2,41.7,40.0,False,2.3,82.649,False,53,2025,16,Italian Grand Prix,2025_16
ANT,Mercedes,35.0,2.0,HARD,7.0,True,1,True,11.0,27.2,41.2,40.0,False,1.6,82.653,False,53,2025,16,Italian Grand Prix,2025_16
ANT,Mercedes,36.0,2.0,HARD,8.0,True,1,True,11.0,27.0,41.2,42.0,False,2.9,82.953,False,53,2025,16,Italian Grand Prix,2025_16
ANT,Mercedes,37.0,2.0,HARD,9.0,True,1,True,11.0,26.9,41.2,42.0,False,2.5,82.982,False,53,2025,16,Italian Grand Prix,2025_16
ANT,Mercedes,38.0,2.0,HARD,10.0,True,1,True,11.0,26.9,41.2,42.0,False,3.0,83.01,False,53,2025,16,Italian Grand Prix,2025_16
ANT,Mercedes,39.0,2.0,HARD,11.0,True,1,True,10.0,27.1,41.4,42.0,False,2.1,84.154,False,53,2025,16,Italian Grand Prix,2025_16
ANT,Mercedes,40.0,2.0,HARD,12.0,True,12,True,10.0,27.1,41.3,42.0,False,3.9,83.107,False,53,2025,16,Italian Grand Prix,2025_16
ANT,Mercedes,41.0,2.0,HARD,13.0,True,1,True,10.0,27.2,41.3,42.0,False,3.1,82.503,False,53,2025,16,Italian Grand Prix,2025_16
ANT,Mercedes,42.0,2.0,HARD,14.0,True,1,True,9.0,27.0,40.8,43.0,False,2.7,82.255,False,53,2025,16,Italian Grand Prix,2025_16
ANT,Mercedes,43.0,2.0,HARD,15.0,True,1,True,9.0,27.1,40.4,41.0,False,3.5,82.322,False,53,2025,16,Italian Grand Prix,2025_16
ANT,Mercedes,44.0,2.0,HARD,16.0,True,1,True,10.0,27.0,40.5,41.0,False,2.3,83.848,False,53,2025,16,Italian Grand Prix,2025_16
ANT,Mercedes,45.0,2.0,HARD,17.0,True,1,True,10.0,27.0,40.6,41.0,False,2.5,82.651,False,53,2025,16,Italian Grand Prix,2025_16
ANT,Mercedes,46.0,2.0,HARD,18.0,True,1,True,10.0,27.0,40.6,40.0,False,2.2,82.366,False,53,2025,16,Italian Grand Prix,2025_16
ANT,Mercedes,47.0,2.0,HARD,19.0,True,1,True,10.0,27.2,41.1,41.0,False,2.2,82.327,False,53,2025,16,Italian Grand Prix,2025_16
ANT,Mercedes,48.0,2.0,HARD,20.0,True,1,True,10.0,27.1,40.8,42.0,False,1.3,82.201,False,53,2025,16,Italian Grand Prix,2025_16
ANT,Mercedes,49.0,2.0,HARD,21.0,True,1,True,9.0,27.1,40.8,43.0,False,1.2,82.174,False,53,2025,16,Italian Grand Prix,2025_16
ANT,Mercedes,50.0,2.0,HARD,22.0,True,1,True,9.0,27.2,40.8,43.0,False,2.9,81.997,False,53,2025,16,Italian Grand Prix,2025_16
ANT,Mercedes,51.0,2.0,HARD,23.0,True,1,True,8.0,27.2,40.7,42.0,False,2.7,82.207,False,53,2025,16,Italian Grand Prix,2025_16
ANT,Mercedes,52.0,2.0,HARD,24.0,True,1,True,8.0,27.4,40.3,42.0,False,1.5,82.108,False,53,2025,16,Italian Grand Prix,2025_16
ANT,Mercedes,53.0,2.0,HARD,25.0,True,1,True,8.0,27.4,40.2,42.0,False,1.9,81.968,False,53,2025,16,Italian Grand Prix,2025_16
HAD,Racing Bulls,1.0,1.0,HARD,2.0,False,1,False,18.0,26.6,43.7,42.0,False,0.6,94.878,True,53,2025,16,Italian Grand Prix,2025_16
HAD,Racing Bulls,2.0,1.0,HARD,3.0,False,1,True,18.0,26.7,44.4,42.0,False,1.3,86.732,False,53,2025,16,Italian Grand Prix,2025_16
HAD,Racing Bulls,3.0,1.0,HARD,4.0,False,1,True,18.0,26.6,44.5,42.0,False,1.4,85.467,False,53,2025,16,Italian Grand Prix,2025_16
HAD,Racing Bulls,4.0,1.0,HARD,5.0,False,1,True,18.0,26.6,44.5,43.0,False,1.4,85.218,False,53,2025,16,Italian Grand Prix,2025_16
HAD,Racing Bulls,5.0,1.0,HARD,6.0,False,1,True,18.0,26.6,44.1,41.0,False,1.8,84.887,False,53,2025,16,Italian Grand Prix,2025_16
HAD,Racing Bulls,6.0,1.0,HARD,7.0,False,1,True,18.0,26.6,44.2,43.0,False,1.8,84.924,False,53,2025,16,Italian Grand Prix,2025_16
HAD,Racing Bulls,7.0,1.0,HARD,8.0,False,1,True,18.0,26.7,44.2,43.0,False,1.8,84.606,False,53,2025,16,Italian Grand Prix,2025_16
HAD,Racing Bulls,8.0,1.0,HARD,9.0,False,1,True,18.0,26.7,44.4,41.0,False,3.6,85.728,False,53,2025,16,Italian Grand Prix,2025_16
HAD,Racing Bulls,9.0,1.0,HARD,10.0,False,1,True,17.0,26.8,44.3,44.0,False,2.8,84.167,False,53,2025,16,Italian Grand Prix,2025_16
HAD,Racing Bulls,10.0,1.0,HARD,11.0,False,1,True,17.0,26.9,44.3,42.0,False,2.4,84.864,False,53,2025,16,Italian Grand Prix,2025_16
HAD,Racing Bulls,11.0,1.0,HARD,12.0,False,1,True,17.0,27.0,44.3,43.0,False,1.6,84.649,False,53,2025,16,Italian Grand Prix,2025_16
HAD,Racing Bulls,12.0,1.0,HARD,13.0,False,1,True,17.0,27.1,44.2,41.0,False,2.1,84.595,False,53,2025,16,Italian Grand Prix,2025_16
HAD,Racing Bulls,13.0,1.0,HARD,14.0,False,1,True,16.0,27.2,44.7,41.0,False,3.1,84.081,False,53,2025,16,Italian Grand Prix,2025_16
HAD,Racing Bulls,14.0,1.0,HARD,15.0,False,1,True,16.0,27.1,43.9,41.0,False,2.9,84.182,False,53,2025,16,Italian Grand Prix,2025_16
HAD,Racing Bulls,15.0,1.0,HARD,16.0,False,1,True,16.0,27.1,44.0,42.0,False,2.6,84.036,False,53,2025,16,Italian Grand Prix,2025_16
HAD,Racing Bulls,16.0,1.0,HARD,17.0,False,1,True,16.0,27.0,44.2,41.0,False,3.6,84.287,False,53,2025,16,Italian Grand Prix,2025_16
HAD,Racing Bulls,17.0,1.0,HARD,18.0,False,1,True,16.0,27.0,43.8,43.0,False,3.0,84.447,False,53,2025,16,Italian Grand Prix,2025_16
HAD,Racing Bulls,18.0,1.0,HARD,19.0,False,1,True,15.0,27.0,44.1,42.0,False,3.6,84.032,False,53,2025,16,Italian Grand Prix,2025_16
HAD,Racing Bulls,19.0,1.0,HARD,20.0,False,1,True,15.0,27.2,43.9,42.0,False,3.0,84.242,False,53,2025,16,Italian Grand Prix,2025_16
HAD,Racing Bulls,20.0,1.0,HARD,21.0,False,1,True,14.0,27.3,43.4,42.0,False,3.9,84.14,False,53,2025,16,Italian Grand Prix,2025_16
HAD,Racing Bulls,21.0,1.0,HARD,22.0,False,1,True,12.0,27.2,43.4,41.0,False,3.7,84.122,False,53,2025,16,Italian Grand Prix,2025_16
HAD,Racing Bulls,22.0,1.0,HARD,23.0,False,1,True,12.0,27.2,43.3,41.0,False,3.2,83.844,False,53,2025,16,Italian Grand Prix,2025_16
HAD,Racing Bulls,23.0,1.0,HARD,24.0,False,1,True,12.0,27.2,43.3,44.0,False,2.3,83.973,False,53,2025,16,Italian Grand Prix,2025_16
HAD,Racing Bulls,24.0,1.0,HARD,25.0,False,1,True,12.0,27.1,42.2,42.0,False,2.3,83.801,False,53,2025,16,Italian Grand Prix,2025_16
HAD,Racing Bulls,25.0,1.0,HARD,26.0,False,1,True,12.0,27.0,42.3,43.0,False,2.1,83.882,False,53,2025,16,Italian Grand Prix,2025_16
HAD,Racing Bulls,26.0,1.0,HARD,27.0,False,1,True,12.0,27.0,42.8,43.0,False,3.1,84.026,False,53,2025,16,Italian Grand Prix,2025_16
HAD,Racing Bulls,27.0,1.0,HARD,28.0,False,1,True,12.0,27.0,43.2,43.0,False,1.9,83.885,False,53,2025,16,Italian Grand Prix,2025_16
HAD,Racing Bulls,28.0,1.0,HARD,29.0,False,1,True,11.0,26.9,43.2,40.0,False,2.6,83.686,False,53,2025,16,Italian Grand Prix,2025_16
HAD,Racing Bulls,29.0,1.0,HARD,30.0,False,1,True,10.0,27.1,43.0,41.0,False,2.2,83.389,False,53,2025,16,Italian Grand Prix,2025_16
HAD,Racing Bulls,30.0,1.0,HARD,31.0,False,1,True,9.0,27.3,43.0,40.0,False,2.9,83.701,False,53,2025,16,Italian Grand Prix,2025_16
HAD,Racing Bulls,31.0,1.0,HARD,32.0,False,1,True,9.0,27.4,42.7,40.0,False,2.5,83.431,False,53,2025,16,Italian Grand Prix,2025_16
HAD,Racing Bulls,32.0,1.0,HARD,33.0,False,1,False,10.0,27.3,42.7,41.0,False,3.0,88.342,True,53,2025,16,Italian Grand Prix,2025_16
HAD,Racing Bulls,33.0,2.0,MEDIUM,1.0,True,1,False,16.0,27.2,42.6,41.0,False,1.8,102.992,True,53,2025,16,Italian Grand Prix,2025_16
HAD,Racing Bulls,34.0,2.0,MEDIUM,2.0,True,1,True,15.0,27.2,41.7,40.0,False,2.3,82.657,False,53,2025,16,Italian Grand Prix,2025_16
HAD,Racing Bulls,35.0,2.0,MEDIUM,3.0,True,1,True,15.0,27.2,41.2,40.0,False,1.6,82.581,False,53,2025,16,Italian Grand Prix,2025_16
HAD,Racing Bulls,36.0,2.0,MEDIUM,4.0,True,1,True,15.0,27.0,41.2,42.0,False,2.9,82.702,False,53,2025,16,Italian Grand Prix,2025_16
HAD,Racing Bulls,37.0,2.0,MEDIUM,5.0,True,1,True,15.0,26.9,41.2,42.0,False,2.5,82.998,False,53,2025,16,Italian Grand Prix,2025_16
HAD,Racing Bulls,38.0,2.0,MEDIUM,6.0,True,1,True,15.0,26.9,41.2,42.0,False,3.0,83.082,False,53,2025,16,Italian Grand Prix,2025_16
HAD,Racing Bulls,39.0,2.0,MEDIUM,7.0,True,1,True,15.0,27.1,41.4,42.0,False,2.1,82.745,False,53,2025,16,Italian Grand Prix,2025_16
HAD,Racing Bulls,40.0,2.0,MEDIUM,8.0,True,12,True,13.0,27.1,41.3,42.0,False,3.9,83.752,False,53,2025,16,Italian Grand Prix,2025_16
HAD,Racing Bulls,41.0,2.0,MEDIUM,9.0,True,1,True,13.0,27.1,41.0,41.0,False,2.6,82.525,False,53,2025,16,Italian Grand Prix,2025_16
HAD,Racing Bulls,42.0,2.0,MEDIUM,10.0,True,1,True,13.0,27.0,40.8,43.0,False,2.7,82.595,False,53,2025,16,Italian Grand Prix,2025_16
HAD,Racing Bulls,43.0,2.0,MEDIUM,11.0,True,1,True,13.0,27.1,40.4,41.0,False,3.5,82.448,False,53,2025,16,Italian Grand Prix,2025_16
HAD,Racing Bulls,44.0,2.0,MEDIUM,12.0,True,1,True,13.0,27.0,40.5,41.0,False,2.3,82.427,False,53,2025,16,Italian Grand Prix,2025_16
HAD,Racing Bulls,45.0,2.0,MEDIUM,13.0,True,1,True,13.0,27.0,40.6,41.0,False,2.5,82.33,False,53,2025,16,Italian Grand Prix,2025_16
HAD,Racing Bulls,46.0,2.0,MEDIUM,14.0,True,1,True,13.0,27.1,41.1,42.0,False,2.4,82.133,False,53,2025,16,Italian Grand Prix,2025_16
HAD,Racing Bulls,47.0,2.0,MEDIUM,15.0,True,1,True,13.0,27.2,41.1,41.0,False,2.2,82.209,False,53,2025,16,Italian Grand Prix,2025_16
HAD,Racing Bulls,48.0,2.0,MEDIUM,16.0,True,1,True,13.0,27.1,40.8,42.0,False,1.3,82.239,False,53,2025,16,Italian Grand Prix,2025_16
HAD,Racing Bulls,49.0,2.0,MEDIUM,17.0,True,1,True,12.0,27.1,40.9,44.0,False,2.1,82.269,False,53,2025,16,Italian Grand Prix,2025_16
HAD,Racing Bulls,50.0,2.0,MEDIUM,18.0,True,1,True,11.0,27.2,40.8,43.0,False,2.9,82.311,False,53,2025,16,Italian Grand Prix,2025_16
HAD,Racing Bulls,51.0,2.0,MEDIUM,19.0,True,1,True,11.0,27.2,40.7,42.0,False,2.7,82.226,False,53,2025,16,Italian Grand Prix,2025_16
HAD,Racing Bulls,52.0,2.0,MEDIUM,20.0,True,1,True,10.0,27.4,40.3,42.0,False,1.5,82.215,False,53,2025,16,Italian Grand Prix,2025_16
HAD,Racing Bulls,53.0,2.0,MEDIUM,21.0,True,1,True,10.0,27.4,40.2,42.0,False,1.9,82.536,False,53,2025,16,Italian Grand Prix,2025_16
SAI,Williams,1.0,1.0,MEDIUM,1.0,True,1,False,12.0,26.6,43.7,42.0,False,0.6,92.424,False,53,2025,16,Italian Grand Prix,2025_16
SAI,Williams,2.0,1.0,MEDIUM,2.0,True,1,True,12.0,26.7,44.4,42.0,False,1.3,85.628,False,53,2025,16,Italian Grand Prix,2025_16
SAI,Williams,3.0,1.0,MEDIUM,3.0,True,1,True,12.0,26.6,44.5,42.0,False,1.4,85.414,False,53,2025,16,Italian Grand Prix,2025_16
SAI,Williams,4.0,1.0,MEDIUM,4.0,True,1,True,12.0,26.6,44.5,43.0,False,1.4,85.204,False,53,2025,16,Italian Grand Prix,2025_16
SAI,Williams,5.0,1.0,MEDIUM,5.0,True,1,True,12.0,26.6,44.1,41.0,False,1.8,84.727,False,53,2025,16,Italian Grand Prix,2025_16
SAI,Williams,6.0,1.0,MEDIUM,6.0,True,1,True,12.0,26.6,44.2,43.0,False,1.8,84.704,False,53,2025,16,Italian Grand Prix,2025_16
SAI,Williams,7.0,1.0,MEDIUM,7.0,True,1,True,12.0,26.7,44.2,43.0,False,1.8,84.676,False,53,2025,16,Italian Grand Prix,2025_16
SAI,Williams,8.0,1.0,MEDIUM,8.0,True,1,True,12.0,26.7,44.4,41.0,False,3.6,84.704,False,53,2025,16,Italian Grand Prix,2025_16
SAI,Williams,9.0,1.0,MEDIUM,9.0,True,1,True,12.0,26.8,44.4,42.0,False,3.0,84.389,False,53,2025,16,Italian Grand Prix,2025_16
SAI,Williams,10.0,1.0,MEDIUM,10.0,True,1,True,12.0,26.9,44.3,42.0,False,2.4,84.483,False,53,2025,16,Italian Grand Prix,2025_16
SAI,Williams,11.0,1.0,MEDIUM,11.0,True,1,True,12.0,27.0,44.3,43.0,False,1.6,84.592,False,53,2025,16,Italian Grand Prix,2025_16
SAI,Williams,12.0,1.0,MEDIUM,12.0,True,1,True,12.0,27.1,44.2,41.0,False,2.1,84.557,False,53,2025,16,Italian Grand Prix,2025_16
SAI,Williams,13.0,1.0,MEDIUM,13.0,True,1,True,12.0,27.2,44.7,41.0,False,3.1,84.449,False,53,2025,16,Italian Grand Prix,2025_16
SAI,Williams,14.0,1.0,MEDIUM,14.0,True,1,True,12.0,27.1,43.9,41.0,False,2.9,84.327,False,53,2025,16,Italian Grand Prix,2025_16
SAI,Williams,15.0,1.0,MEDIUM,15.0,True,1,True,12.0,27.1,44.0,42.0,False,2.6,84.395,False,53,2025,16,Italian Grand Prix,2025_16
SAI,Williams,16.0,1.0,MEDIUM,16.0,True,1,True,12.0,27.0,44.2,41.0,False,3.6,84.478,False,53,2025,16,Italian Grand Prix,2025_16
SAI,Williams,17.0,1.0,MEDIUM,17.0,True,1,True,12.0,27.0,43.8,43.0,False,3.0,84.342,False,53,2025,16,Italian Grand Prix,2025_16
SAI,Williams,18.0,1.0,MEDIUM,18.0,True,1,True,11.0,27.0,44.1,42.0,False,3.6,84.788,False,53,2025,16,Italian Grand Prix,2025_16
SAI,Williams,19.0,1.0,MEDIUM,19.0,True,1,True,10.0,27.2,43.9,42.0,False,3.0,84.162,False,53,2025,16,Italian Grand Prix,2025_16
SAI,Williams,20.0,1.0,MEDIUM,20.0,True,1,True,8.0,27.3,43.4,42.0,False,3.9,84.213,False,53,2025,16,Italian Grand Prix,2025_16
SAI,Williams,21.0,1.0,MEDIUM,21.0,True,1,True,8.0,27.2,43.4,41.0,False,3.7,83.814,False,53,2025,16,Italian Grand Prix,2025_16
SAI,Williams,22.0,1.0,MEDIUM,22.0,True,1,True,8.0,27.2,43.3,41.0,False,3.2,83.702,False,53,2025,16,Italian Grand Prix,2025_16
SAI,Williams,23.0,1.0,MEDIUM,23.0,True,1,True,8.0,27.2,43.3,44.0,False,2.3,83.827,False,53,2025,16,Italian Grand Prix,2025_16
SAI,Williams,24.0,1.0,MEDIUM,24.0,True,1,True,8.0,27.1,42.2,42.0,False,2.3,83.837,False,53,2025,16,Italian Grand Prix,2025_16
SAI,Williams,25.0,1.0,MEDIUM,25.0,True,1,True,9.0,27.0,42.3,43.0,False,2.1,85.082,False,53,2025,16,Italian Grand Prix,2025_16
SAI,Williams,26.0,1.0,MEDIUM,26.0,True,1,True,9.0,27.0,42.8,43.0,False,3.1,83.886,False,53,2025,16,Italian Grand Prix,2025_16
SAI,Williams,27.0,1.0,MEDIUM,27.0,True,1,True,9.0,27.0,43.2,43.0,False,1.9,83.968,False,53,2025,16,Italian Grand Prix,2025_16
SAI,Williams,28.0,1.0,MEDIUM,28.0,True,1,True,8.0,26.9,43.2,40.0,False,2.6,83.552,False,53,2025,16,Italian Grand Prix,2025_16
SAI,Williams,29.0,1.0,MEDIUM,29.0,True,1,True,7.0,27.1,43.0,41.0,False,2.2,83.857,False,53,2025,16,Italian Grand Prix,2025_16
SAI,Williams,30.0,1.0,MEDIUM,30.0,True,1,False,10.0,27.3,43.0,40.0,False,2.9,87.825,True,53,2025,16,Italian Grand Prix,2025_16
SAI,Williams,31.0,2.0,HARD,1.0,True,1,False,16.0,27.4,42.7,40.0,False,2.5,103.832,True,53,2025,16,Italian Grand Prix,2025_16
SAI,Williams,32.0,2.0,HARD,2.0,True,1,True,16.0,27.3,42.7,41.0,False,3.0,82.625,False,53,2025,16,Italian Grand Prix,2025_16
SAI,Williams,33.0,2.0,HARD,3.0,True,1,True,15.0,27.2,42.0,40.0,False,2.4,82.515,False,53,2025,16,Italian Grand Prix,2025_16
SAI,Williams,34.0,2.0,HARD,4.0,True,1,True,14.0,27.2,41.7,40.0,False,2.3,82.465,False,53,2025,16,Italian Grand Prix,2025_16
SAI,Williams,35.0,2.0,HARD,5.0,True,1,True,14.0,27.2,41.2,40.0,False,1.6,82.68,False,53,2025,16,Italian Grand Prix,2025_16
SAI,Williams,36.0,2.0,HARD,6.0,True,1,True,14.0,27.0,41.2,42.0,False,2.9,82.635,False,53,2025,16,Italian Grand Prix,2025_16
SAI,Williams,37.0,2.0,HARD,7.0,True,1,True,14.0,26.9,41.2,42.0,False,2.5,82.821,False,53,2025,16,Italian Grand Prix,2025_16
SAI,Williams,38.0,2.0,HARD,8.0,True,1,True,14.0,26.9,41.2,42.0,False,3.0,82.564,False,53,2025,16,Italian Grand Prix,2025_16
SAI,Williams,39.0,2.0,HARD,9.0,True,1,True,14.0,27.1,41.4,42.0,False,2.1,82.991,False,53,2025,16,Italian Grand Prix,2025_16
SAI,Williams,40.0,2.0,HARD,10.0,True,12,True,14.0,27.1,41.3,42.0,False,3.9,89.703,False,53,2025,16,Italian Grand Prix,2025_16
SAI,Williams,41.0,2.0,HARD,11.0,True,1,True,14.0,27.1,41.0,41.0,False,2.6,82.738,False,53,2025,16,Italian Grand Prix,2025_16
SAI,Williams,42.0,2.0,HARD,12.0,True,1,True,14.0,27.0,40.8,43.0,False,2.7,82.482,False,53,2025,16,Italian Grand Prix,2025_16
SAI,Williams,43.0,2.0,HARD,13.0,True,1,True,14.0,27.1,40.4,41.0,False,3.5,82.524,False,53,2025,16,Italian Grand Prix,2025_16
SAI,Williams,44.0,2.0,HARD,14.0,True,1,True,14.0,27.0,40.5,41.0,False,2.3,82.523,False,53,2025,16,Italian Grand Prix,2025_16
SAI,Williams,45.0,2.0,HARD,15.0,True,1,True,14.0,27.0,40.6,41.0,False,2.5,82.323,False,53,2025,16,Italian Grand Prix,2025_16
SAI,Williams,46.0,2.0,HARD,16.0,True,1,True,14.0,27.1,41.1,42.0,False,2.4,82.101,False,53,2025,16,Italian Grand Prix,2025_16
SAI,Williams,47.0,2.0,HARD,17.0,True,1,True,14.0,27.2,41.1,41.0,False,2.2,81.74,False,53,2025,16,Italian Grand Prix,2025_16
SAI,Williams,48.0,2.0,HARD,18.0,True,1,True,14.0,27.1,40.8,42.0,False,1.3,82.364,False,53,2025,16,Italian Grand Prix,2025_16
SAI,Williams,49.0,2.0,HARD,19.0,True,1,True,13.0,27.1,40.9,44.0,False,2.1,82.155,False,53,2025,16,Italian Grand Prix,2025_16
SAI,Williams,50.0,2.0,HARD,20.0,True,1,True,12.0,27.2,40.8,43.0,False,2.9,82.379,False,53,2025,16,Italian Grand Prix,2025_16
SAI,Williams,51.0,2.0,HARD,21.0,True,1,True,12.0,27.2,40.7,42.0,False,2.7,82.198,False,53,2025,16,Italian Grand Prix,2025_16
SAI,Williams,52.0,2.0,HARD,22.0,True,1,True,11.0,27.4,40.3,42.0,False,1.5,82.048,False,53,2025,16,Italian Grand Prix,2025_16
SAI,Williams,53.0,2.0,HARD,23.0,True,1,True,11.0,27.4,40.2,42.0,False,1.9,82.382,False,53,2025,16,Italian Grand Prix,2025_16
BEA,Haas F1 Team,1.0,1.0,MEDIUM,1.0,True,1,False,11.0,26.6,43.7,42.0,False,0.6,91.914,False,53,2025,16,Italian Grand Prix,2025_16
BEA,Haas F1 Team,2.0,1.0,MEDIUM,2.0,True,1,True,11.0,26.7,44.4,42.0,False,1.3,85.671,False,53,2025,16,Italian Grand Prix,2025_16
BEA,Haas F1 Team,3.0,1.0,MEDIUM,3.0,True,1,True,11.0,26.6,44.5,42.0,False,1.4,85.42,False,53,2025,16,Italian Grand Prix,2025_16
BEA,Haas F1 Team,4.0,1.0,MEDIUM,4.0,True,1,True,11.0,26.6,44.5,43.0,False,1.4,84.885,False,53,2025,16,Italian Grand Prix,2025_16
BEA,Haas F1 Team,5.0,1.0,MEDIUM,5.0,True,1,True,11.0,26.6,44.1,41.0,False,1.8,84.829,False,53,2025,16,Italian Grand Prix,2025_16
BEA,Haas F1 Team,6.0,1.0,MEDIUM,6.0,True,1,True,11.0,26.6,44.2,43.0,False,1.8,84.745,False,53,2025,16,Italian Grand Prix,2025_16
BEA,Haas F1 Team,7.0,1.0,MEDIUM,7.0,True,1,True,11.0,26.7,44.2,43.0,False,1.8,84.625,False,53,2025,16,Italian Grand Prix,2025_16
BEA,Haas F1 Team,8.0,1.0,MEDIUM,8.0,True,1,True,11.0,26.7,44.4,41.0,False,3.6,84.494,False,53,2025,16,Italian Grand Prix,2025_16
BEA,Haas F1 Team,9.0,1.0,MEDIUM,9.0,True,1,True,11.0,26.8,44.4,42.0,False,3.0,84.52,False,53,2025,16,Italian Grand Prix,2025_16
BEA,Haas F1 Team,10.0,1.0,MEDIUM,10.0,True,1,True,11.0,26.9,44.3,42.0,False,2.4,84.534,False,53,2025,16,Italian Grand Prix,2025_16
BEA,Haas F1 Team,11.0,1.0,MEDIUM,11.0,True,1,True,11.0,27.0,44.3,43.0,False,1.6,84.662,False,53,2025,16,Italian Grand Prix,2025_16
BEA,Haas F1 Team,12.0,1.0,MEDIUM,12.0,True,1,True,11.0,27.1,44.2,41.0,False,2.1,84.559,False,53,2025,16,Italian Grand Prix,2025_16
BEA,Haas F1 Team,13.0,1.0,MEDIUM,13.0,True,1,True,11.0,27.2,44.7,41.0,False,3.1,84.423,False,53,2025,16,Italian Grand Prix,2025_16
BEA,Haas F1 Team,14.0,1.0,MEDIUM,14.0,True,1,True,11.0,27.1,43.9,41.0,False,2.9,84.296,False,53,2025,16,Italian Grand Prix,2025_16
BEA,Haas F1 Team,15.0,1.0,MEDIUM,15.0,True,1,True,11.0,27.1,44.0,42.0,False,2.6,84.514,False,53,2025,16,Italian Grand Prix,2025_16
BEA,Haas F1 Team,16.0,1.0,MEDIUM,16.0,True,1,True,11.0,27.0,44.2,41.0,False,3.6,84.385,False,53,2025,16,Italian Grand Prix,2025_16
BEA,Haas F1 Team,17.0,1.0,MEDIUM,17.0,True,1,True,11.0,27.0,43.8,43.0,False,3.0,84.301,False,53,2025,16,Italian Grand Prix,2025_16
BEA,Haas F1 Team,18.0,1.0,MEDIUM,18.0,True,1,False,16.0,27.0,44.1,42.0,False,3.6,89.433,True,53,2025,16,Italian Grand Prix,2025_16
BEA,Haas F1 Team,19.0,2.0,HARD,1.0,True,1,False,19.0,27.2,43.9,42.0,False,3.0,104.769,True,53,2025,16,Italian Grand Prix,2025_16
BEA,Haas F1 Team,20.0,2.0,HARD,2.0,True,1,True,18.0,27.3,43.4,42.0,False,3.9,83.028,False,53,2025,16,Italian Grand Prix,2025_16
BEA,Haas F1 Team,21.0,2.0,HARD,3.0,True,1,True,18.0,27.2,43.4,41.0,False,2.1,84.118,False,53,2025,16,Italian Grand Prix,2025_16
BEA,Haas F1 Team,22.0,2.0,HARD,4.0,True,1,True,18.0,27.2,43.3,41.0,False,3.2,84.474,False,53,2025,16,Italian Grand Prix,2025_16
BEA,Haas F1 Team,23.0,2.0,HARD,5.0,True,1,True,18.0,27.1,42.5,41.0,False,2.6,84.261,False,53,2025,16,Italian Grand Prix,2025_16
BEA,Haas F1 Team,24.0,2.0,HARD,6.0,True,1,True,17.0,27.1,42.2,42.0,False,2.3,84.118,False,53,2025,16,Italian Grand Prix,2025_16
BEA,Haas F1 Team,25.0,2.0,HARD,7.0,True,1,True,16.0,27.0,42.3,43.0,False,2.1,83.952,False,53,2025,16,Italian Grand Prix,2025_16
BEA,Haas F1 Team,26.0,2.0,HARD,8.0,True,1,True,16.0,27.0,42.9,43.0,False,2.8,83.879,False,53,2025,16,Italian Grand Prix,2025_16
BEA,Haas F1 Team,27.0,2.0,HARD,9.0,True,1,True,16.0,27.0,43.2,43.0,False,1.9,83.514,False,53,2025,16,Italian Grand Prix,2025_16
BEA,Haas F1 Team,28.0,2.0,HARD,10.0,True,1,True,16.0,26.9,43.2,40.0,False,2.0,83.334,False,53,2025,16,Italian Grand Prix,2025_16
BEA,Haas F1 Team,29.0,2.0,HARD,11.0,True,1,True,16.0,27.1,43.0,41.0,False,2.2,83.368,False,53,2025,16,Italian Grand Prix,2025_16
BEA,Haas F1 Team,30.0,2.0,HARD,12.0,True,1,True,16.0,27.3,43.0,40.0,False,2.9,83.22,False,53,2025,16,Italian Grand Prix,2025_16
BEA,Haas F1 Team,31.0,2.0,HARD,13.0,True,1,True,15.0,27.4,42.7,41.0,False,1.9,83.182,False,53,2025,16,Italian Grand Prix,2025_16
BEA,Haas F1 Team,32.0,2.0,HARD,14.0,True,1,True,15.0,27.3,42.7,41.0,False,3.0,83.182,False,53,2025,16,Italian Grand Prix,2025_16
BEA,Haas F1 Team,33.0,2.0,HARD,15.0,True,1,True,14.0,27.2,42.6,41.0,False,1.8,83.055,False,53,2025,16,Italian Grand Prix,2025_16
BEA,Haas F1 Team,34.0,2.0,HARD,16.0,True,1,True,13.0,27.2,41.7,40.0,False,2.3,82.911,False,53,2025,16,Italian Grand Prix,2025_16
BEA,Haas F1 Team,35.0,2.0,HARD,17.0,True,1,True,13.0,27.2,41.2,40.0,False,1.6,82.936,False,53,2025,16,Italian Grand Prix,2025_16
BEA,Haas F1 Team,36.0,2.0,HARD,18.0,True,1,True,13.0,27.0,41.2,42.0,False,2.9,82.645,False,53,2025,16,Italian Grand Prix,2025_16
BEA,Haas F1 Team,37.0,2.0,HARD,19.0,True,1,True,13.0,26.9,41.2,42.0,False,2.5,82.581,False,53,2025,16,Italian Grand Prix,2025_16
BEA,Haas F1 Team,38.0,2.0,HARD,20.0,True,1,True,13.0,26.9,41.2,42.0,False,3.0,82.803,False,53,2025,16,Italian Grand Prix,2025_16
BEA,Haas F1 Team,39.0,2.0,HARD,21.0,True,1,True,13.0,27.1,41.4,42.0,False,2.1,83.186,False,53,2025,16,Italian Grand Prix,2025_16
BEA,Haas F1 Team,40.0,2.0,HARD,22.0,True,12,True,15.0,27.1,41.3,42.0,False,3.9,93.514,False,53,2025,16,Italian Grand Prix,2025_16
BEA,Haas F1 Team,41.0,2.0,HARD,23.0,True,1,True,15.0,27.1,41.0,41.0,False,2.6,82.926,False,53,2025,16,Italian Grand Prix,2025_16
BEA,Haas F1 Team,42.0,2.0,HARD,24.0,True,1,True,15.0,27.0,40.8,43.0,False,2.7,82.82,False,53,2025,16,Italian Grand Prix,2025_16
BEA,Haas F1 Team,43.0,2.0,HARD,25.0,True,1,True,15.0,27.1,40.4,41.0,False,3.5,82.518,False,53,2025,16,Italian Grand Prix,2025_16
BEA,Haas F1 Team,44.0,2.0,HARD,26.0,True,1,True,15.0,27.0,40.5,41.0,False,2.3,82.709,False,53,2025,16,Italian Grand Prix,2025_16
BEA,Haas F1 Team,45.0,2.0,HARD,27.0,True,1,True,15.0,27.0,40.6,41.0,False,2.5,82.616,False,53,2025,16,Italian Grand Prix,2025_16
BEA,Haas F1 Team,46.0,2.0,HARD,28.0,True,1,True,15.0,27.1,41.1,42.0,False,2.4,82.319,False,53,2025,16,Italian Grand Prix,2025_16
BEA,Haas F1 Team,47.0,2.0,HARD,29.0,True,1,True,15.0,27.2,41.1,41.0,False,2.2,82.403,False,53,2025,16,Italian Grand Prix,2025_16
BEA,Haas F1 Team,48.0,2.0,HARD,30.0,True,1,True,15.0,27.1,40.8,42.0,False,1.3,82.378,False,53,2025,16,Italian Grand Prix,2025_16
BEA,Haas F1 Team,49.0,2.0,HARD,31.0,True,1,True,15.0,27.1,40.9,44.0,False,2.1,82.511,False,53,2025,16,Italian Grand Prix,2025_16
BEA,Haas F1 Team,50.0,2.0,HARD,32.0,True,1,True,13.0,27.2,40.8,43.0,False,2.9,82.066,False,53,2025,16,Italian Grand Prix,2025_16
BEA,Haas F1 Team,51.0,2.0,HARD,33.0,True,1,True,13.0,27.2,40.7,42.0,False,2.7,82.128,False,53,2025,16,Italian Grand Prix,2025_16
BEA,Haas F1 Team,52.0,2.0,HARD,34.0,True,1,True,12.0,27.4,40.3,42.0,False,1.5,82.159,False,53,2025,16,Italian Grand Prix,2025_16
BEA,Haas F1 Team,53.0,2.0,HARD,35.0,True,1,True,12.0,27.4,40.2,42.0,False,1.9,81.82,False,53,2025,16,Italian Grand Prix,2025_16
TSU,Red Bull Racing,1.0,1.0,MEDIUM,1.0,True,1,False,9.0,26.6,43.7,42.0,False,0.6,91.278,False,53,2025,16,Italian Grand Prix,2025_16
TSU,Red Bull Racing,2.0,1.0,MEDIUM,2.0,True,1,True,9.0,26.7,44.4,42.0,False,1.3,85.349,False,53,2025,16,Italian Grand Prix,2025_16
TSU,Red Bull Racing,3.0,1.0,MEDIUM,3.0,True,1,True,9.0,26.6,44.5,42.0,False,1.4,85.526,False,53,2025,16,Italian Grand Prix,2025_16
TSU,Red Bull Racing,4.0,1.0,MEDIUM,4.0,True,1,True,9.0,26.6,44.5,43.0,False,1.4,84.871,False,53,2025,16,Italian Grand Prix,2025_16
TSU,Red Bull Racing,5.0,1.0,MEDIUM,5.0,True,1,True,9.0,26.6,44.1,41.0,False,1.8,84.594,False,53,2025,16,Italian Grand Prix,2025_16
TSU,Red Bull Racing,6.0,1.0,MEDIUM,6.0,True,1,True,9.0,26.6,44.2,43.0,False,1.8,84.897,False,53,2025,16,Italian Grand Prix,2025_16
TSU,Red Bull Racing,7.0,1.0,MEDIUM,7.0,True,1,True,9.0,26.7,44.2,43.0,False,1.8,84.656,False,53,2025,16,Italian Grand Prix,2025_16
TSU,Red Bull Racing,8.0,1.0,MEDIUM,8.0,True,1,True,9.0,26.7,44.4,41.0,False,3.6,84.453,False,53,2025,16,Italian Grand Prix,2025_16
TSU,Red Bull Racing,9.0,1.0,MEDIUM,9.0,True,1,True,9.0,26.8,44.4,42.0,False,3.0,84.53,False,53,2025,16,Italian Grand Prix,2025_16
TSU,Red Bull Racing,10.0,1.0,MEDIUM,10.0,True,1,True,9.0,26.9,44.3,42.0,False,2.4,84.449,False,53,2025,16,Italian Grand Prix,2025_16
TSU,Red Bull Racing,11.0,1.0,MEDIUM,11.0,True,1,True,9.0,27.0,44.3,43.0,False,1.6,84.414,False,53,2025,16,Italian Grand Prix,2025_16
TSU,Red Bull Racing,12.0,1.0,MEDIUM,12.0,True,1,True,9.0,27.1,44.2,41.0,False,2.1,84.483,False,53,2025,16,Italian Grand Prix,2025_16
TSU,Red Bull Racing,13.0,1.0,MEDIUM,13.0,True,1,True,9.0,27.2,44.7,41.0,False,3.1,84.506,False,53,2025,16,Italian Grand Prix,2025_16
TSU,Red Bull Racing,14.0,1.0,MEDIUM,14.0,True,1,True,9.0,27.1,44.6,41.0,False,4.0,84.493,False,53,2025,16,Italian Grand Prix,2025_16
TSU,Red Bull Racing,15.0,1.0,MEDIUM,15.0,True,1,True,9.0,27.1,44.0,42.0,False,2.6,84.395,False,53,2025,16,Italian Grand Prix,2025_16
TSU,Red Bull Racing,16.0,1.0,MEDIUM,16.0,True,1,True,9.0,27.0,44.2,41.0,False,3.6,84.526,False,53,2025,16,Italian Grand Prix,2025_16
TSU,Red Bull Racing,17.0,1.0,MEDIUM,17.0,True,1,True,9.0,27.0,43.8,43.0,False,3.0,84.35,False,53,2025,16,Italian Grand Prix,2025_16
TSU,Red Bull Racing,18.0,1.0,MEDIUM,18.0,True,1,True,10.0,27.0,44.1,42.0,False,3.6,85.287,False,53,2025,16,Italian Grand Prix,2025_16
TSU,Red Bull Racing,19.0,1.0,MEDIUM,19.0,True,1,False,14.0,27.2,43.9,42.0,False,3.0,88.943,True,53,2025,16,Italian Grand Prix,2025_16
TSU,Red Bull Racing,20.0,2.0,HARD,1.0,True,1,False,19.0,27.3,43.4,42.0,False,3.9,105.127,True,53,2025,16,Italian Grand Prix,2025_16
TSU,Red Bull Racing,21.0,2.0,HARD,2.0,True,1,True,19.0,27.2,43.4,41.0,False,2.1,83.884,False,53,2025,16,Italian Grand Prix,2025_16
TSU,Red Bull Racing,22.0,2.0,HARD,3.0,True,1,True,19.0,27.2,43.3,41.0,False,3.2,84.099,False,53,2025,16,Italian Grand Prix,2025_16
TSU,Red Bull Racing,23.0,2.0,HARD,4.0,True,1,True,19.0,27.1,42.5,41.0,False,2.6,84.256,False,53,2025,16,Italian Grand Prix,2025_16
TSU,Red Bull Racing,24.0,2.0,HARD,5.0,True,1,True,18.0,27.1,42.2,42.0,False,2.3,84.238,False,53,2025,16,Italian Grand Prix,2025_16
TSU,Red Bull Racing,25.0,2.0,HARD,6.0,True,1,True,18.0,27.0,42.3,43.0,False,2.1,84.722,False,53,2025,16,Italian Grand Prix,2025_16
TSU,Red Bull Racing,26.0,2.0,HARD,7.0,True,1,True,18.0,27.0,42.9,43.0,False,2.8,84.384,False,53,2025,16,Italian Grand Prix,2025_16
TSU,Red Bull Racing,27.0,2.0,HARD,8.0,True,1,True,17.0,27.0,43.2,43.0,False,1.9,86.182,False,53,2025,16,Italian Grand Prix,2025_16
TSU,Red Bull Racing,28.0,2.0,HARD,9.0,True,1,True,17.0,26.9,43.2,40.0,False,2.0,84.258,False,53,2025,16,Italian Grand Prix,2025_16
TSU,Red Bull Racing,29.0,2.0,HARD,10.0,True,1,True,17.0,27.1,43.0,41.0,False,2.2,83.884,False,53,2025,16,Italian Grand Prix,2025_16
TSU,Red Bull Racing,30.0,2.0,HARD,11.0,True,1,True,17.0,27.3,43.0,40.0,False,2.9,83.732,False,53,2025,16,Italian Grand Prix,2025_16
TSU,Red Bull Racing,31.0,2.0,HARD,12.0,True,1,True,17.0,27.4,42.7,41.0,False,1.9,83.732,False,53,2025,16,Italian Grand Prix,2025_16
TSU,Red Bull Racing,32.0,2.0,HARD,13.0,True,1,True,17.0,27.3,42.7,41.0,False,3.0,83.682,False,53,2025,16,Italian Grand Prix,2025_16
TSU,Red Bull Racing,33.0,2.0,HARD,14.0,True,1,True,17.0,27.2,42.0,40.0,False,2.4,83.505,False,53,2025,16,Italian Grand Prix,2025_16
TSU,Red Bull Racing,34.0,2.0,HARD,15.0,True,1,True,16.0,27.2,41.7,40.0,False,2.3,83.647,False,53,2025,16,Italian Grand Prix,2025_16
TSU,Red Bull Racing,35.0,2.0,HARD,16.0,True,1,True,16.0,27.2,41.2,40.0,False,1.6,83.501,False,53,2025,16,Italian Grand Prix,2025_16
TSU,Red Bull Racing,36.0,2.0,HARD,17.0,True,1,True,16.0,27.0,41.2,42.0,False,2.9,83.619,False,53,2025,16,Italian Grand Prix,2025_16
TSU,Red Bull Racing,37.0,2.0,HARD,18.0,True,1,True,16.0,26.9,41.2,42.0,False,2.5,83.34,False,53,2025,16,Italian Grand Prix,2025_16
TSU,Red Bull Racing,38.0,2.0,HARD,19.0,True,1,True,16.0,27.0,41.4,43.0,False,2.2,83.793,False,53,2025,16,Italian Grand Prix,2025_16
TSU,Red Bull Racing,39.0,2.0,HARD,20.0,True,1,True,16.0,27.1,41.4,42.0,False,2.1,83.403,False,53,2025,16,Italian Grand Prix,2025_16
TSU,Red Bull Racing,40.0,2.0,HARD,21.0,True,12,True,16.0,27.1,41.3,42.0,False,3.9,84.648,False,53,2025,16,Italian Grand Prix,2025_16
TSU,Red Bull Racing,41.0,2.0,HARD,22.0,True,1,True,16.0,27.1,41.0,41.0,False,2.6,83.26,False,53,2025,16,Italian Grand Prix,2025_16
TSU,Red Bull Racing,42.0,2.0,HARD,23.0,True,1,True,16.0,27.0,40.8,43.0,False,2.7,83.277,False,53,2025,16,Italian Grand Prix,2025_16
TSU,Red Bull Racing,43.0,2.0,HARD,24.0,True,1,True,16.0,27.1,40.4,40.0,False,3.7,83.048,False,53,2025,16,Italian Grand Prix,2025_16
TSU,Red Bull Racing,44.0,2.0,HARD,25.0,True,1,True,16.0,27.0,40.5,41.0,False,2.3,83.091,False,53,2025,16,Italian Grand Prix,2025_16
TSU,Red Bull Racing,45.0,2.0,HARD,26.0,True,1,True,16.0,27.0,40.6,41.0,False,2.5,83.037,False,53,2025,16,Italian Grand Prix,2025_16
TSU,Red Bull Racing,46.0,2.0,HARD,27.0,True,1,True,16.0,27.1,41.1,42.0,False,2.4,83.236,False,53,2025,16,Italian Grand Prix,2025_16
TSU,Red Bull Racing,47.0,2.0,HARD,28.0,True,1,True,16.0,27.2,41.1,41.0,False,2.2,83.031,False,53,2025,16,Italian Grand Prix,2025_16
TSU,Red Bull Racing,48.0,2.0,HARD,29.0,True,1,True,16.0,27.1,40.8,42.0,False,1.3,82.8,False,53,2025,16,Italian Grand Prix,2025_16
TSU,Red Bull Racing,49.0,2.0,HARD,30.0,True,1,True,16.0,27.1,40.9,44.0,False,2.1,82.946,False,53,2025,16,Italian Grand Prix,2025_16
TSU,Red Bull Racing,50.0,2.0,HARD,31.0,True,1,True,14.0,27.2,40.8,43.0,False,2.9,82.83,False,53,2025,16,Italian Grand Prix,2025_16
TSU,Red Bull Racing,51.0,2.0,HARD,32.0,True,1,True,14.0,27.3,40.7,43.0,False,1.9,82.997,False,53,2025,16,Italian Grand Prix,2025_16
TSU,Red Bull Racing,52.0,2.0,HARD,33.0,True,1,True,13.0,27.4,40.3,42.0,False,1.5,82.712,False,53,2025,16,Italian Grand Prix,2025_16
TSU,Red Bull Racing,53.0,2.0,HARD,34.0,True,1,True,13.0,27.4,40.2,42.0,False,1.9,83.125,False,53,2025,16,Italian Grand Prix,2025_16
LAW,Racing Bulls,1.0,1.0,SOFT,1.0,True,1,False,15.0,26.6,43.7,42.0,False,0.6,93.554,False,53,2025,16,Italian Grand Prix,2025_16
LAW,Racing Bulls,2.0,1.0,SOFT,2.0,True,1,True,15.0,26.7,44.4,42.0,False,1.3,86.251,False,53,2025,16,Italian Grand Prix,2025_16
LAW,Racing Bulls,3.0,1.0,SOFT,3.0,True,1,True,15.0,26.6,44.5,42.0,False,1.4,84.942,False,53,2025,16,Italian Grand Prix,2025_16
LAW,Racing Bulls,4.0,1.0,SOFT,4.0,True,1,True,15.0,26.6,44.5,43.0,False,1.4,85.404,False,53,2025,16,Italian Grand Prix,2025_16
LAW,Racing Bulls,5.0,1.0,SOFT,5.0,True,1,True,15.0,26.6,44.1,41.0,False,1.8,84.828,False,53,2025,16,Italian Grand Prix,2025_16
LAW,Racing Bulls,6.0,1.0,SOFT,6.0,True,1,True,15.0,26.6,44.2,43.0,False,1.8,84.656,False,53,2025,16,Italian Grand Prix,2025_16
LAW,Racing Bulls,7.0,1.0,SOFT,7.0,True,1,True,15.0,26.7,44.2,43.0,False,1.8,84.85,False,53,2025,16,Italian Grand Prix,2025_16
LAW,Racing Bulls,8.0,1.0,SOFT,8.0,True,1,True,15.0,26.7,44.4,41.0,False,3.6,84.725,False,53,2025,16,Italian Grand Prix,2025_16
LAW,Racing Bulls,9.0,1.0,SOFT,9.0,True,1,False,18.0,26.8,44.3,44.0,False,2.8,88.824,True,53,2025,16,Italian Grand Prix,2025_16
LAW,Racing Bulls,10.0,2.0,HARD,1.0,True,1,False,19.0,26.9,44.3,42.0,False,2.4,105.148,True,53,2025,16,Italian Grand Prix,2025_16
LAW,Racing Bulls,11.0,2.0,HARD,2.0,True,1,True,19.0,27.0,43.9,43.0,False,2.5,83.879,False,53,2025,16,Italian Grand Prix,2025_16
LAW,Racing Bulls,12.0,2.0,HARD,3.0,True,1,True,19.0,27.1,44.2,41.0,False,2.1,84.214,False,53,2025,16,Italian Grand Prix,2025_16
LAW,Racing Bulls,13.0,2.0,HARD,4.0,True,1,True,19.0,27.1,44.6,41.0,False,4.0,83.95,False,53,2025,16,Italian Grand Prix,2025_16
LAW,Racing Bulls,14.0,2.0,HARD,5.0,True,1,True,19.0,27.1,43.9,41.0,False,2.9,83.849,False,53,2025,16,Italian Grand Prix,2025_16
LAW,Racing Bulls,15.0,2.0,HARD,6.0,True,1,True,19.0,27.1,44.0,42.0,False,2.6,83.949,False,53,2025,16,Italian Grand Prix,2025_16
LAW,Racing Bulls,16.0,2.0,HARD,7.0,True,1,True,19.0,27.0,44.0,41.0,False,3.1,83.753,False,53,2025,16,Italian Grand Prix,2025_16
LAW,Racing Bulls,17.0,2.0,HARD,8.0,True,1,True,19.0,27.0,43.8,43.0,False,3.0,83.821,False,53,2025,16,Italian Grand Prix,2025_16
LAW,Racing Bulls,18.0,2.0,HARD,9.0,True,1,True,19.0,27.0,44.1,43.0,False,3.8,84.044,False,53,2025,16,Italian Grand Prix,2025_16
LAW,Racing Bulls,19.0,2.0,HARD,10.0,True,1,True,18.0,27.2,43.9,42.0,False,3.0,83.877,False,53,2025,16,Italian Grand Prix,2025_16
LAW,Racing Bulls,20.0,2.0,HARD,11.0,True,1,True,17.0,27.3,43.4,42.0,False,3.9,83.764,False,53,2025,16,Italian Grand Prix,2025_16
LAW,Racing Bulls,21.0,2.0,HARD,12.0,True,1,True,16.0,27.2,43.4,41.0,False,2.1,84.735,False,53,2025,16,Italian Grand Prix,2025_16
LAW,Racing Bulls,22.0,2.0,HARD,13.0,True,1,True,17.0,27.2,43.3,41.0,False,3.2,85.2,False,53,2025,16,Italian Grand Prix,2025_16
LAW,Racing Bulls,23.0,2.0,HARD,14.0,True,1,True,17.0,27.1,42.5,41.0,False,2.6,84.165,False,53,2025,16,Italian Grand Prix,2025_16
LAW,Racing Bulls,24.0,2.0,HARD,15.0,True,1,True,16.0,27.1,42.2,42.0,False,2.3,84.185,False,53,2025,16,Italian Grand Prix,2025_16
LAW,Racing Bulls,25.0,2.0,HARD,16.0,True,1,True,17.0,27.0,42.3,43.0,False,2.1,85.332,False,53,2025,16,Italian Grand Prix,2025_16
LAW,Racing Bulls,26.0,2.0,HARD,17.0,True,1,True,17.0,27.0,42.9,43.0,False,2.8,84.202,False,53,2025,16,Italian Grand Prix,2025_16
LAW,Racing Bulls,27.0,2.0,HARD,18.0,True,1,True,18.0,27.0,43.2,43.0,False,1.9,87.448,False,53,2025,16,Italian Grand Prix,2025_16
LAW,Racing Bulls,28.0,2.0,HARD,19.0,True,1,True,18.0,26.9,43.2,40.0,False,2.0,84.5,False,53,2025,16,Italian Grand Prix,2025_16
LAW,Racing Bulls,29.0,2.0,HARD,20.0,True,1,True,18.0,27.1,43.0,41.0,False,2.2,83.939,False,53,2025,16,Italian Grand Prix,2025_16
LAW,Racing Bulls,30.0,2.0,HARD,21.0,True,1,True,18.0,27.3,43.0,40.0,False,2.9,83.69,False,53,2025,16,Italian Grand Prix,2025_16
LAW,Racing Bulls,31.0,2.0,HARD,22.0,True,1,True,18.0,27.4,42.7,41.0,False,1.9,83.652,False,53,2025,16,Italian Grand Prix,2025_16
LAW,Racing Bulls,32.0,2.0,HARD,23.0,True,1,True,18.0,27.3,42.7,41.0,False,3.0,83.657,False,53,2025,16,Italian Grand Prix,2025_16
LAW,Racing Bulls,33.0,2.0,HARD,24.0,True,1,True,18.0,27.2,42.0,40.0,False,2.4,83.656,False,53,2025,16,Italian Grand Prix,2025_16
LAW,Racing Bulls,34.0,2.0,HARD,25.0,True,1,True,17.0,27.2,41.7,40.0,False,2.3,83.574,False,53,2025,16,Italian Grand Prix,2025_16
LAW,Racing Bulls,35.0,2.0,HARD,26.0,True,1,True,17.0,27.2,41.2,40.0,False,1.6,83.415,False,53,2025,16,Italian Grand Prix,2025_16
LAW,Racing Bulls,36.0,2.0,HARD,27.0,True,1,True,17.0,27.0,41.2,42.0,False,2.9,83.615,False,53,2025,16,Italian Grand Prix,2025_16
LAW,Racing Bulls,37.0,2.0,HARD,28.0,True,1,True,17.0,26.9,41.2,42.0,False,2.5,83.347,False,53,2025,16,Italian Grand Prix,2025_16
LAW,Racing Bulls,38.0,2.0,HARD,29.0,True,1,True,17.0,27.0,41.4,43.0,False,2.2,83.802,False,53,2025,16,Italian Grand Prix,2025_16
LAW,Racing Bulls,39.0,2.0,HARD,30.0,True,1,True,17.0,27.1,41.4,42.0,False,2.1,83.386,False,53,2025,16,Italian Grand Prix,2025_16
LAW,Racing Bulls,40.0,2.0,HARD,31.0,True,12,True,17.0,27.1,41.3,42.0,False,3.9,84.504,False,53,2025,16,Italian Grand Prix,2025_16
LAW,Racing Bulls,41.0,2.0,HARD,32.0,True,1,True,17.0,27.1,41.0,41.0,False,2.6,83.487,False,53,2025,16,Italian Grand Prix,2025_16
LAW,Racing Bulls,42.0,2.0,HARD,33.0,True,1,True,17.0,27.0,40.8,43.0,False,2.7,83.334,False,53,2025,16,Italian Grand Prix,2025_16
LAW,Racing Bulls,43.0,2.0,HARD,34.0,True,1,True,17.0,27.1,40.4,40.0,False,3.7,82.985,False,53,2025,16,Italian Grand Prix,2025_16
LAW,Racing Bulls,44.0,2.0,HARD,35.0,True,1,True,17.0,27.0,40.5,41.0,False,2.3,83.09,False,53,2025,16,Italian Grand Prix,2025_16
LAW,Racing Bulls,45.0,2.0,HARD,36.0,True,1,True,17.0,27.0,40.6,41.0,False,2.5,83.08,False,53,2025,16,Italian Grand Prix,2025_16
LAW,Racing Bulls,46.0,2.0,HARD,37.0,True,1,True,17.0,27.1,41.1,42.0,False,2.4,83.189,False,53,2025,16,Italian Grand Prix,2025_16
LAW,Racing Bulls,47.0,2.0,HARD,38.0,True,1,True,17.0,27.2,41.1,41.0,False,2.2,83.003,False,53,2025,16,Italian Grand Prix,2025_16
LAW,Racing Bulls,48.0,2.0,HARD,39.0,True,1,True,17.0,27.1,40.8,42.0,False,1.3,82.798,False,53,2025,16,Italian Grand Prix,2025_16
LAW,Racing Bulls,49.0,2.0,HARD,40.0,True,1,True,17.0,27.1,40.9,44.0,False,2.1,82.777,False,53,2025,16,Italian Grand Prix,2025_16
LAW,Racing Bulls,50.0,2.0,HARD,41.0,True,1,True,15.0,27.2,40.8,43.0,False,2.9,83.051,False,53,2025,16,Italian Grand Prix,2025_16
LAW,Racing Bulls,51.0,2.0,HARD,42.0,True,1,True,15.0,27.3,40.7,43.0,False,1.9,83.059,False,53,2025,16,Italian Grand Prix,2025_16
LAW,Racing Bulls,52.0,2.0,HARD,43.0,True,1,True,14.0,27.4,40.3,42.0,False,1.5,82.914,False,53,2025,16,Italian Grand Prix,2025_16
LAW,Racing Bulls,53.0,2.0,HARD,44.0,True,1,True,14.0,27.4,40.2,42.0,False,1.9,83.623,False,53,2025,16,Italian Grand Prix,2025_16
OCO,Haas F1 Team,1.0,1.0,HARD,1.0,True,1,False,14.0,26.6,43.7,42.0,False,0.6,93.184,False,53,2025,16,Italian Grand Prix,2025_16
OCO,Haas F1 Team,2.0,1.0,HARD,2.0,True,1,True,14.0,26.7,44.4,42.0,False,1.3,85.897,False,53,2025,16,Italian Grand Prix,2025_16
OCO,Haas F1 Team,3.0,1.0,HARD,3.0,True,1,True,14.0,26.6,44.5,42.0,False,1.4,85.155,False,53,2025,16,Italian Grand Prix,2025_16
OCO,Haas F1 Team,4.0,1.0,HARD,4.0,True,1,True,14.0,26.6,44.5,43.0,False,1.4,85.435,False,53,2025,16,Italian Grand Prix,2025_16
OCO,Haas F1 Team,5.0,1.0,HARD,5.0,True,1,True,14.0,26.6,44.1,41.0,False,1.8,84.685,False,53,2025,16,Italian Grand Prix,2025_16
OCO,Haas F1 Team,6.0,1.0,HARD,6.0,True,1,True,14.0,26.6,44.2,43.0,False,1.8,84.65,False,53,2025,16,Italian Grand Prix,2025_16
OCO,Haas F1 Team,7.0,1.0,HARD,7.0,True,1,True,14.0,26.7,44.2,43.0,False,1.8,84.85,False,53,2025,16,Italian Grand Prix,2025_16
OCO,Haas F1 Team,8.0,1.0,HARD,8.0,True,1,True,14.0,26.7,44.4,41.0,False,3.6,84.608,False,53,2025,16,Italian Grand Prix,2025_16
OCO,Haas F1 Team,9.0,1.0,HARD,9.0,True,1,True,14.0,26.8,44.4,42.0,False,3.0,84.657,False,53,2025,16,Italian Grand Prix,2025_16
OCO,Haas F1 Team,10.0,1.0,HARD,10.0,True,1,True,14.0,26.9,44.3,42.0,False,2.4,84.466,False,53,2025,16,Italian Grand Prix,2025_16
OCO,Haas F1 Team,11.0,1.0,HARD,11.0,True,1,True,14.0,27.0,44.3,43.0,False,1.6,84.489,False,53,2025,16,Italian Grand Prix,2025_16
OCO,Haas F1 Team,12.0,1.0,HARD,12.0,True,1,True,14.0,27.1,44.2,41.0,False,2.1,84.509,False,53,2025,16,Italian Grand Prix,2025_16
OCO,Haas F1 Team,13.0,1.0,HARD,13.0,True,1,True,14.0,27.2,44.7,41.0,False,3.1,84.474,False,53,2025,16,Italian Grand Prix,2025_16
OCO,Haas F1 Team,14.0,1.0,HARD,14.0,True,1,True,14.0,27.1,43.9,41.0,False,2.9,84.203,False,53,2025,16,Italian Grand Prix,2025_16
OCO,Haas F1 Team,15.0,1.0,HARD,15.0,True,1,True,14.0,27.1,44.0,42.0,False,2.6,84.494,False,53,2025,16,Italian Grand Prix,2025_16
OCO,Haas F1 Team,16.0,1.0,HARD,16.0,True,1,True,14.0,27.0,44.2,41.0,False,3.6,84.481,False,53,2025,16,Italian Grand Prix,2025_16
OCO,Haas F1 Team,17.0,1.0,HARD,17.0,True,1,True,14.0,27.0,43.8,43.0,False,3.0,84.394,False,53,2025,16,Italian Grand Prix,2025_16
OCO,Haas F1 Team,18.0,1.0,HARD,18.0,True,1,True,13.0,27.0,44.1,42.0,False,3.6,84.639,False,53,2025,16,Italian Grand Prix,2025_16
OCO,Haas F1 Team,19.0,1.0,HARD,19.0,True,1,True,12.0,27.2,43.9,42.0,False,3.0,84.425,False,53,2025,16,Italian Grand Prix,2025_16
OCO,Haas F1 Team,20.0,1.0,HARD,20.0,True,1,True,12.0,27.3,43.4,42.0,False,3.9,84.21,False,53,2025,16,Italian Grand Prix,2025_16
OCO,Haas F1 Team,21.0,1.0,HARD,21.0,True,1,True,10.0,27.2,43.4,41.0,False,3.7,84.006,False,53,2025,16,Italian Grand Prix,2025_16
OCO,Haas F1 Team,22.0,1.0,HARD,22.0,True,1,True,10.0,27.2,43.3,41.0,False,3.2,83.713,False,53,2025,16,Italian Grand Prix,2025_16
OCO,Haas F1 Team,23.0,1.0,HARD,23.0,True,1,True,10.0,27.2,43.3,44.0,False,2.3,83.79,False,53,2025,16,Italian Grand Prix,2025_16
OCO,Haas F1 Team,24.0,1.0,HARD,24.0,True,1,True,10.0,27.1,42.2,42.0,False,2.3,83.998,False,53,2025,16,Italian Grand Prix,2025_16
OCO,Haas F1 Team,25.0,1.0,HARD,25.0,True,1,True,10.0,27.0,42.3,43.0,False,2.1,84.249,False,53,2025,16,Italian Grand Prix,2025_16
OCO,Haas F1 Team,26.0,1.0,HARD,26.0,True,1,True,10.0,27.0,42.8,43.0,False,3.1,83.974,False,53,2025,16,Italian Grand Prix,2025_16
OCO,Haas F1 Team,27.0,1.0,HARD,27.0,True,1,True,10.0,27.0,43.2,43.0,False,1.9,83.945,False,53,2025,16,Italian Grand Prix,2025_16
OCO,Haas F1 Team,28.0,1.0,HARD,28.0,True,1,True,9.0,26.9,43.2,40.0,False,2.6,83.74,False,53,2025,16,Italian Grand Prix,2025_16
OCO,Haas F1 Team,29.0,1.0,HARD,29.0,True,1,True,8.0,27.1,43.0,41.0,False,2.2,83.649,False,53,2025,16,Italian Grand Prix,2025_16
OCO,Haas F1 Team,30.0,1.0,HARD,30.0,True,1,True,7.0,27.3,43.0,40.0,False,2.9,83.632,False,53,2025,16,Italian Grand Prix,2025_16
OCO,Haas F1 Team,31.0,1.0,HARD,31.0,True,1,True,7.0,27.4,42.7,40.0,False,2.5,83.849,False,53,2025,16,Italian Grand Prix,2025_16
OCO,Haas F1 Team,32.0,1.0,HARD,32.0,True,1,True,7.0,27.3,42.7,41.0,False,3.0,83.916,False,53,2025,16,Italian Grand Prix,2025_16
OCO,Haas F1 Team,33.0,1.0,HARD,33.0,True,1,True,7.0,27.2,42.6,41.0,False,1.8,83.711,False,53,2025,16,Italian Grand Prix,2025_16
OCO,Haas F1 Team,34.0,1.0,HARD,34.0,True,1,True,7.0,27.2,41.7,40.0,False,2.3,83.592,False,53,2025,16,Italian Grand Prix,2025_16
OCO,Haas F1 Team,35.0,1.0,HARD,35.0,True,1,True,7.0,27.2,41.2,40.0,False,1.6,83.408,False,53,2025,16,Italian Grand Prix,2025_16
OCO,Haas F1 Team,36.0,1.0,HARD,36.0,True,1,True,8.0,27.0,41.2,41.0,False,2.2,83.703,False,53,2025,16,Italian Grand Prix,2025_16
OCO,Haas F1 Team,37.0,1.0,HARD,37.0,True,1,True,8.0,26.9,41.2,42.0,False,2.5,83.457,False,53,2025,16,Italian Grand Prix,2025_16
OCO,Haas F1 Team,38.0,1.0,HARD,38.0,True,1,True,8.0,26.9,41.2,42.0,False,3.0,83.384,False,53,2025,16,Italian Grand Prix,2025_16
OCO,Haas F1 Team,39.0,1.0,HARD,39.0,True,1,True,7.0,27.1,41.4,42.0,False,2.1,83.377,False,53,2025,16,Italian Grand Prix,2025_16
OCO,Haas F1 Team,40.0,1.0,HARD,40.0,True,12,True,7.0,27.1,41.3,42.0,False,3.9,83.346,False,53,2025,16,Italian Grand Prix,2025_16
OCO,Haas F1 Team,41.0,1.0,HARD,41.0,True,1,True,7.0,27.2,41.3,42.0,False,3.1,83.491,False,53,2025,16,Italian Grand Prix,2025_16
OCO,Haas F1 Team,42.0,1.0,HARD,42.0,True,1,True,7.0,27.0,40.8,43.0,False,2.7,83.541,False,53,2025,16,Italian Grand Prix,2025_16
OCO,Haas F1 Team,43.0,1.0,HARD,43.0,True,1,True,7.0,27.1,40.4,41.0,False,3.5,83.187,False,53,2025,16,Italian Grand Prix,2025_16
OCO,Haas F1 Team,44.0,1.0,HARD,44.0,True,1,True,7.0,27.1,40.4,40.0,False,3.7,83.124,False,53,2025,16,Italian Grand Prix,2025_16
OCO,Haas F1 Team,45.0,1.0,HARD,45.0,True,1,True,7.0,27.0,40.6,41.0,False,2.5,83.136,False,53,2025,16,Italian Grand Prix,2025_16
OCO,Haas F1 Team,46.0,1.0,HARD,46.0,True,1,True,7.0,27.0,40.6,40.0,False,2.2,82.997,False,53,2025,16,Italian Grand Prix,2025_16
OCO,Haas F1 Team,47.0,1.0,HARD,47.0,True,1,True,7.0,27.2,41.1,41.0,False,2.2,83.121,False,53,2025,16,Italian Grand Prix,2025_16
OCO,Haas F1 Team,48.0,1.0,HARD,48.0,True,1,True,7.0,27.1,40.8,42.0,False,1.3,82.892,False,53,2025,16,Italian Grand Prix,2025_16
OCO,Haas F1 Team,49.0,1.0,HARD,49.0,True,1,True,7.0,27.1,40.8,43.0,False,1.2,83.064,False,53,2025,16,Italian Grand Prix,2025_16
OCO,Haas F1 Team,50.0,1.0,HARD,50.0,True,1,True,7.0,27.2,40.8,43.0,False,2.9,83.151,False,53,2025,16,Italian Grand Prix,2025_16
OCO,Haas F1 Team,51.0,1.0,HARD,51.0,True,1,False,9.0,27.2,40.7,42.0,False,2.7,87.687,True,53,2025,16,Italian Grand Prix,2025_16
OCO,Haas F1 Team,52.0,2.0,SOFT,1.0,True,1,False,15.0,27.4,40.3,42.0,False,1.5,110.725,True,53,2025,16,Italian Grand Prix,2025_16
GAS,Alpine,1.0,1.0,HARD,1.0,True,1,False,19.0,26.6,43.7,42.0,False,0.6,95.676,True,53,2025,16,Italian Grand Prix,2025_16
GAS,Alpine,2.0,1.0,HARD,2.0,True,1,True,19.0,26.7,44.4,42.0,False,1.3,86.563,False,53,2025,16,Italian Grand Prix,2025_16
GAS,Alpine,3.0,1.0,HARD,3.0,True,1,True,19.0,26.6,44.5,42.0,False,1.4,85.506,False,53,2025,16,Italian Grand Prix,2025_16
GAS,Alpine,4.0,1.0,HARD,4.0,True,1,True,19.0,26.6,44.5,43.0,False,1.4,85.32,False,53,2025,16,Italian Grand Prix,2025_16
GAS,Alpine,5.0,1.0,HARD,5.0,True,1,True,19.0,26.6,44.1,41.0,False,1.8,85.991,False,53,2025,16,Italian Grand Prix,2025_16
GAS,Alpine,6.0,1.0,HARD,6.0,True,1,True,19.0,26.6,44.2,43.0,False,1.8,84.987,False,53,2025,16,Italian Grand Prix,2025_16
GAS,Alpine,7.0,1.0,HARD,7.0,True,1,True,19.0,26.7,44.2,43.0,False,1.8,84.772,False,53,2025,16,Italian Grand Prix,2025_16
GAS,Alpine,8.0,1.0,HARD,8.0,True,1,True,19.0,26.7,44.4,41.0,False,3.6,85.158,False,53,2025,16,Italian Grand Prix,2025_16
GAS,Alpine,9.0,1.0,HARD,9.0,True,1,True,19.0,26.8,44.3,44.0,False,2.8,84.868,False,53,2025,16,Italian Grand Prix,2025_16
GAS,Alpine,10.0,1.0,HARD,10.0,True,1,True,18.0,26.9,44.3,42.0,False,2.4,84.56,False,53,2025,16,Italian Grand Prix,2025_16
GAS,Alpine,11.0,1.0,HARD,11.0,True,1,True,18.0,27.0,44.3,43.0,False,1.6,84.667,False,53,2025,16,Italian Grand Prix,2025_16
GAS,Alpine,12.0,1.0,HARD,12.0,True,1,True,18.0,27.1,44.2,41.0,False,2.1,84.863,False,53,2025,16,Italian Grand Prix,2025_16
GAS,Alpine,13.0,1.0,HARD,13.0,True,1,True,18.0,27.2,44.7,41.0,False,3.1,84.784,False,53,2025,16,Italian Grand Prix,2025_16
GAS,Alpine,14.0,1.0,HARD,14.0,True,1,True,18.0,27.1,43.9,41.0,False,2.9,85.114,False,53,2025,16,Italian Grand Prix,2025_16
GAS,Alpine,15.0,1.0,HARD,15.0,True,1,True,18.0,27.1,44.0,42.0,False,2.6,85.448,False,53,2025,16,Italian Grand Prix,2025_16
GAS,Alpine,16.0,1.0,HARD,16.0,True,1,True,18.0,27.0,44.2,41.0,False,3.6,84.524,False,53,2025,16,Italian Grand Prix,2025_16
GAS,Alpine,17.0,1.0,HARD,17.0,True,1,True,18.0,27.0,43.8,43.0,False,3.0,84.373,False,53,2025,16,Italian Grand Prix,2025_16
GAS,Alpine,18.0,1.0,HARD,18.0,True,1,True,18.0,27.0,44.1,42.0,False,3.6,84.841,False,53,2025,16,Italian Grand Prix,2025_16
GAS,Alpine,19.0,1.0,HARD,19.0,True,1,True,17.0,27.2,43.9,42.0,False,3.0,84.294,False,53,2025,16,Italian Grand Prix,2025_16
GAS,Alpine,20.0,1.0,HARD,20.0,True,1,True,16.0,27.3,43.4,42.0,False,3.9,84.249,False,53,2025,16,Italian Grand Prix,2025_16
GAS,Alpine,21.0,1.0,HARD,21.0,True,1,True,14.0,27.2,43.4,41.0,False,2.1,84.125,False,53,2025,16,Italian Grand Prix,2025_16
GAS,Alpine,22.0,1.0,HARD,22.0,True,1,True,14.0,27.2,43.3,41.0,False,3.2,84.103,False,53,2025,16,Italian Grand Prix,2025_16
GAS,Alpine,23.0,1.0,HARD,23.0,True,1,True,14.0,27.2,43.3,44.0,False,2.3,84.419,False,53,2025,16,Italian Grand Prix,2025_16
GAS,Alpine,24.0,1.0,HARD,24.0,True,1,True,14.0,27.1,42.2,42.0,False,2.3,84.292,False,53,2025,16,Italian Grand Prix,2025_16
GAS,Alpine,25.0,1.0,HARD,25.0,True,1,True,14.0,27.0,42.3,43.0,False,2.1,84.106,False,53,2025,16,Italian Grand Prix,2025_16
GAS,Alpine,26.0,1.0,HARD,26.0,True,1,True,14.0,27.0,42.9,43.0,False,2.8,84.113,False,53,2025,16,Italian Grand Prix,2025_16
GAS,Alpine,27.0,1.0,HARD,27.0,True,1,True,14.0,27.0,43.2,43.0,False,1.9,83.997,False,53,2025,16,Italian Grand Prix,2025_16
GAS,Alpine,28.0,1.0,HARD,28.0,True,1,True,14.0,26.9,43.2,40.0,False,2.6,84.133,False,53,2025,16,Italian Grand Prix,2025_16
GAS,Alpine,29.0,1.0,HARD,29.0,True,1,True,13.0,27.1,43.0,41.0,False,2.2,83.927,False,53,2025,16,Italian Grand Prix,2025_16
GAS,Alpine,30.0,1.0,HARD,30.0,True,1,True,12.0,27.3,43.0,40.0,False,2.9,83.751,False,53,2025,16,Italian Grand Prix,2025_16
GAS,Alpine,31.0,1.0,HARD,31.0,True,1,True,11.0,27.4,42.7,41.0,False,1.9,83.893,False,53,2025,16,Italian Grand Prix,2025_16
GAS,Alpine,32.0,1.0,HARD,32.0,True,1,True,11.0,27.3,42.7,41.0,False,3.0,83.761,False,53,2025,16,Italian Grand Prix,2025_16
GAS,Alpine,33.0,1.0,HARD,33.0,True,1,True,10.0,27.2,42.6,41.0,False,1.8,84.437,False,53,2025,16,Italian Grand Prix,2025_16
GAS,Alpine,34.0,1.0,HARD,34.0,True,1,True,10.0,27.2,41.7,40.0,False,2.3,83.672,False,53,2025,16,Italian Grand Prix,2025_16
GAS,Alpine,35.0,1.0,HARD,35.0,True,1,True,10.0,27.2,41.2,40.0,False,1.6,83.32,False,53,2025,16,Italian Grand Prix,2025_16
GAS,Alpine,36.0,1.0,HARD,36.0,True,1,True,10.0,27.0,41.2,42.0,False,2.9,83.193,False,53,2025,16,Italian Grand Prix,2025_16
GAS,Alpine,37.0,1.0,HARD,37.0,True,1,True,10.0,26.9,41.2,42.0,False,2.5,83.394,False,53,2025,16,Italian Grand Prix,2025_16
GAS,Alpine,38.0,1.0,HARD,38.0,True,1,True,10.0,26.9,41.2,42.0,False,3.0,83.166,False,53,2025,16,Italian Grand Prix,2025_16
GAS,Alpine,39.0,1.0,HARD,39.0,True,1,True,11.0,27.1,41.4,42.0,False,2.1,85.273,False,53,2025,16,Italian Grand Prix,2025_16
GAS,Alpine,40.0,1.0,HARD,40.0,True,12,True,11.0,27.1,41.3,42.0,False,3.9,83.782,False,53,2025,16,Italian Grand Prix,2025_16
GAS,Alpine,41.0,1.0,HARD,41.0,True,1,True,12.0,27.1,41.0,41.0,False,2.6,83.877,False,53,2025,16,Italian Grand Prix,2025_16
GAS,Alpine,42.0,1.0,HARD,42.0,True,1,True,12.0,27.0,40.8,43.0,False,2.7,83.447,False,53,2025,16,Italian Grand Prix,2025_16
GAS,Alpine,43.0,1.0,HARD,43.0,True,1,True,12.0,27.1,40.4,41.0,False,3.5,83.363,False,53,2025,16,Italian Grand Prix,2025_16
GAS,Alpine,44.0,1.0,HARD,44.0,True,1,True,12.0,27.0,40.5,41.0,False,2.3,83.185,False,53,2025,16,Italian Grand Prix,2025_16
GAS,Alpine,45.0,1.0,HARD,45.0,True,1,True,12.0,27.0,40.6,41.0,False,2.5,82.9,False,53,2025,16,Italian Grand Prix,2025_16
GAS,Alpine,46.0,1.0,HARD,46.0,True,1,True,12.0,27.0,40.6,40.0,False,2.2,82.797,False,53,2025,16,Italian Grand Prix,2025_16
GAS,Alpine,47.0,1.0,HARD,47.0,True,1,True,12.0,27.2,41.1,41.0,False,2.2,82.951,False,53,2025,16,Italian Grand Prix,2025_16
GAS,Alpine,48.0,1.0,HARD,48.0,True,1,True,12.0,27.1,40.8,42.0,False,1.3,82.81,False,53,2025,16,Italian Grand Prix,2025_16
GAS,Alpine,49.0,1.0,HARD,49.0,True,1,False,14.0,27.1,40.9,44.0,False,2.1,87.335,True,53,2025,16,Italian Grand Prix,2025_16
GAS,Alpine,50.0,2.0,SOFT,1.0,True,1,False,17.0,27.2,40.8,43.0,False,2.9,103.573,True,53,2025,16,Italian Grand Prix,2025_16
GAS,Alpine,51.0,2.0,SOFT,2.0,True,1,True,16.0,27.3,40.7,43.0,False,1.9,82.324,False,53,2025,16,Italian Grand Prix,2025_16
GAS,Alpine,52.0,2.0,SOFT,3.0,True,1,True,16.0,27.4,40.3,42.0,False,1.5,82.185,False,53,2025,16,Italian Grand Prix,2025_16
COL,Alpine,1.0,1.0,MEDIUM,1.0,True,1,False,17.0,26.6,43.7,42.0,False,0.6,94.322,False,53,2025,16,Italian Grand Prix,2025_16
COL,Alpine,2.0,1.0,MEDIUM,2.0,True,1,True,17.0,26.7,44.4,42.0,False,1.3,86.775,False,53,2025,16,Italian Grand Prix,2025_16
COL,Alpine,3.0,1.0,MEDIUM,3.0,True,1,True,17.0,26.6,44.5,42.0,False,1.4,85.346,False,53,2025,16,Italian Grand Prix,2025_16
COL,Alpine,4.0,1.0,MEDIUM,4.0,True,1,True,17.0,26.6,44.5,43.0,False,1.4,85.04,False,53,2025,16,Italian Grand Prix,2025_16
COL,Alpine,5.0,1.0,MEDIUM,5.0,True,1,True,17.0,26.6,44.1,41.0,False,1.8,84.945,False,53,2025,16,Italian Grand Prix,2025_16
COL,Alpine,6.0,1.0,MEDIUM,6.0,True,1,True,17.0,26.6,44.2,43.0,False,1.8,84.944,False,53,2025,16,Italian Grand Prix,2025_16
COL,Alpine,7.0,1.0,MEDIUM,7.0,True,1,True,17.0,26.7,44.2,43.0,False,1.8,84.886,False,53,2025,16,Italian Grand Prix,2025_16
COL,Alpine,8.0,1.0,MEDIUM,8.0,True,1,True,17.0,26.7,44.4,41.0,False,3.6,85.104,False,53,2025,16,Italian Grand Prix,2025_16
COL,Alpine,9.0,1.0,MEDIUM,9.0,True,1,True,16.0,26.8,44.3,44.0,False,2.8,84.816,False,53,2025,16,Italian Grand Prix,2025_16
COL,Alpine,10.0,1.0,MEDIUM,10.0,True,1,True,16.0,26.9,44.3,42.0,False,2.4,84.728,False,53,2025,16,Italian Grand Prix,2025_16
COL,Alpine,11.0,1.0,MEDIUM,11.0,True,1,True,16.0,27.0,44.3,43.0,False,1.6,84.768,False,53,2025,16,Italian Grand Prix,2025_16
COL,Alpine,12.0,1.0,MEDIUM,12.0,True,1,True,16.0,27.1,44.2,41.0,False,2.1,84.706,False,53,2025,16,Italian Grand Prix,2025_16
COL,Alpine,13.0,1.0,MEDIUM,13.0,True,1,True,17.0,27.2,44.7,41.0,False,3.1,85.813,False,53,2025,16,Italian Grand Prix,2025_16
COL,Alpine,14.0,1.0,MEDIUM,14.0,True,1,True,17.0,27.1,43.9,41.0,False,2.9,84.952,False,53,2025,16,Italian Grand Prix,2025_16
COL,Alpine,15.0,1.0,MEDIUM,15.0,True,1,True,17.0,27.1,44.0,42.0,False,2.6,84.773,False,53,2025,16,Italian Grand Prix,2025_16
COL,Alpine,16.0,1.0,MEDIUM,16.0,True,1,True,17.0,27.0,44.2,41.0,False,3.6,85.019,False,53,2025,16,Italian Grand Prix,2025_16
COL,Alpine,17.0,1.0,MEDIUM,17.0,True,1,True,17.0,27.0,43.8,43.0,False,3.0,84.434,False,53,2025,16,Italian Grand Prix,2025_16
COL,Alpine,18.0,1.0,MEDIUM,18.0,True,1,True,17.0,27.0,44.1,42.0,False,3.6,84.414,False,53,2025,16,Italian Grand Prix,2025_16
COL,Alpine,19.0,1.0,MEDIUM,19.0,True,1,True,16.0,27.2,43.9,42.0,False,3.0,84.427,False,53,2025,16,Italian Grand Prix,2025_16
COL,Alpine,20.0,1.0,MEDIUM,20.0,True,1,True,15.0,27.3,43.4,42.0,False,3.9,84.292,False,53,2025,16,Italian Grand Prix,2025_16
COL,Alpine,21.0,1.0,MEDIUM,21.0,True,1,True,13.0,27.2,43.4,41.0,False,3.7,84.399,False,53,2025,16,Italian Grand Prix,2025_16
COL,Alpine,22.0,1.0,MEDIUM,22.0,True,1,True,13.0,27.2,43.3,41.0,False,3.2,84.111,False,53,2025,16,Italian Grand Prix,2025_16
COL,Alpine,23.0,1.0,MEDIUM,23.0,True,1,True,13.0,27.2,43.3,44.0,False,2.3,84.458,False,53,2025,16,Italian Grand Prix,2025_16
COL,Alpine,24.0,1.0,MEDIUM,24.0,True,1,True,13.0,27.1,42.2,42.0,False,2.3,84.334,False,53,2025,16,Italian Grand Prix,2025_16
COL,Alpine,25.0,1.0,MEDIUM,25.0,True,1,True,13.0,27.0,42.3,43.0,False,2.1,84.168,False,53,2025,16,Italian Grand Prix,2025_16
COL,Alpine,26.0,1.0,MEDIUM,26.0,True,1,True,13.0,27.0,42.9,43.0,False,2.8,84.215,False,53,2025,16,Italian Grand Prix,2025_16
COL,Alpine,27.0,1.0,MEDIUM,27.0,True,1,True,13.0,27.0,43.2,43.0,False,1.9,83.949,False,53,2025,16,Italian Grand Prix,2025_16
COL,Alpine,28.0,1.0,MEDIUM,28.0,True,1,True,13.0,26.9,43.2,40.0,False,2.6,84.844,False,53,2025,16,Italian Grand Prix,2025_16
COL,Alpine,29.0,1.0,MEDIUM,29.0,True,1,True,12.0,27.1,43.0,41.0,False,2.2,83.793,False,53,2025,16,Italian Grand Prix,2025_16
COL,Alpine,30.0,1.0,MEDIUM,30.0,True,1,True,13.0,27.3,43.0,40.0,False,2.9,85.753,False,53,2025,16,Italian Grand Prix,2025_16
COL,Alpine,31.0,1.0,MEDIUM,31.0,True,1,True,12.0,27.4,42.7,41.0,False,1.9,84.216,False,53,2025,16,Italian Grand Prix,2025_16
COL,Alpine,32.0,1.0,MEDIUM,32.0,True,1,True,12.0,27.3,42.7,41.0,False,3.0,84.319,False,53,2025,16,Italian Grand Prix,2025_16
COL,Alpine,33.0,1.0,MEDIUM,33.0,True,1,False,12.0,27.2,42.6,41.0,False,1.8,88.479,True,53,2025,16,Italian Grand Prix,2025_16
COL,Alpine,34.0,2.0,HARD,1.0,True,1,False,18.0,27.2,41.7,40.0,False,2.3,104.819,True,53,2025,16,Italian Grand Prix,2025_16
COL,Alpine,35.0,2.0,HARD,2.0,True,1,True,18.0,27.0,41.2,41.0,False,2.2,83.089,False,53,2025,16,Italian Grand Prix,2025_16
COL,Alpine,36.0,2.0,HARD,3.0,True,1,True,18.0,27.0,41.2,42.0,False,2.9,82.919,False,53,2025,16,Italian Grand Prix,2025_16
COL,Alpine,37.0,2.0,HARD,4.0,True,1,True,18.0,26.9,41.2,42.0,False,2.5,83.058,False,53,2025,16,Italian Grand Prix,2025_16
COL,Alpine,38.0,2.0,HARD,5.0,True,1,True,18.0,27.0,41.4,43.0,False,2.2,82.894,False,53,2025,16,Italian Grand Prix,2025_16
COL,Alpine,39.0,2.0,HARD,6.0,True,1,True,18.0,27.1,41.4,42.0,False,2.1,85.047,False,53,2025,16,Italian Grand Prix,2025_16
COL,Alpine,40.0,2.0,HARD,7.0,True,12,True,18.0,27.2,41.3,42.0,False,3.1,83.171,False,53,2025,16,Italian Grand Prix,2025_16
COL,Alpine,41.0,2.0,HARD,8.0,True,1,True,18.0,27.1,41.0,41.0,False,2.6,83.2,False,53,2025,16,Italian Grand Prix,2025_16
COL,Alpine,42.0,2.0,HARD,9.0,True,1,True,18.0,27.0,40.8,43.0,False,2.7,83.07,False,53,2025,16,Italian Grand Prix,2025_16
COL,Alpine,43.0,2.0,HARD,10.0,True,1,True,18.0,27.1,40.4,40.0,False,3.7,82.622,False,53,2025,16,Italian Grand Prix,2025_16
COL,Alpine,44.0,2.0,HARD,11.0,True,1,True,18.0,27.0,40.5,41.0,False,2.3,82.64,False,53,2025,16,Italian Grand Prix,2025_16
COL,Alpine,45.0,2.0,HARD,12.0,True,1,True,18.0,27.0,40.6,41.0,False,2.5,82.573,False,53,2025,16,Italian Grand Prix,2025_16
COL,Alpine,46.0,2.0,HARD,13.0,True,1,True,18.0,27.1,41.1,42.0,False,2.4,82.818,False,53,2025,16,Italian Grand Prix,2025_16
COL,Alpine,47.0,2.0,HARD,14.0,True,1,True,18.0,27.2,41.1,41.0,False,2.2,82.833,False,53,2025,16,Italian Grand Prix,2025_16
COL,Alpine,48.0,2.0,HARD,15.0,True,1,True,18.0,27.1,40.8,43.0,False,1.2,82.239,False,53,2025,16,Italian Grand Prix,2025_16
COL,Alpine,49.0,2.0,HARD,16.0,True,1,True,18.0,27.1,40.9,44.0,False,2.1,83.22,False,53,2025,16,Italian Grand Prix,2025_16
COL,Alpine,50.0,2.0,HARD,17.0,True,1,True,16.0,27.2,40.8,43.0,False,2.9,85.035,False,53,2025,16,Italian Grand Prix,2025_16
COL,Alpine,51.0,2.0,HARD,18.0,True,1,True,17.0,27.3,40.7,43.0,False,1.9,84.26,False,53,2025,16,Italian Grand Prix,2025_16
COL,Alpine,52.0,2.0,HARD,19.0,True,1,True,17.0,27.4,40.3,42.0,False,1.5,82.724,False,53,2025,16,Italian Grand Prix,2025_16
STR,Aston Martin,1.0,1.0,HARD,2.0,False,1,False,16.0,26.6,43.7,42.0,False,0.6,93.936,False,53,2025,16,Italian Grand Prix,2025_16
STR,Aston Martin,2.0,1.0,HARD,3.0,False,1,True,16.0,26.7,44.4,42.0,False,1.3,86.506,False,53,2025,16,Italian Grand Prix,2025_16
STR,Aston Martin,3.0,1.0,HARD,4.0,False,1,True,16.0,26.6,44.5,42.0,False,1.4,85.064,False,53,2025,16,Italian Grand Prix,2025_16
STR,Aston Martin,4.0,1.0,HARD,5.0,False,1,True,16.0,26.6,44.5,43.0,False,1.4,85.209,False,53,2025,16,Italian Grand Prix,2025_16
STR,Aston Martin,5.0,1.0,HARD,6.0,False,1,True,16.0,26.6,44.1,41.0,False,1.8,84.915,False,53,2025,16,Italian Grand Prix,2025_16
STR,Aston Martin,6.0,1.0,HARD,7.0,False,1,True,16.0,26.6,44.2,43.0,False,1.8,84.813,False,53,2025,16,Italian Grand Prix,2025_16
STR,Aston Martin,7.0,1.0,HARD,8.0,False,1,True,16.0,26.7,44.2,43.0,False,1.8,84.678,False,53,2025,16,Italian Grand Prix,2025_16
STR,Aston Martin,8.0,1.0,HARD,9.0,False,1,True,16.0,26.7,44.4,41.0,False,3.6,84.835,False,53,2025,16,Italian Grand Prix,2025_16
STR,Aston Martin,9.0,1.0,HARD,10.0,False,1,True,15.0,26.8,44.3,44.0,False,2.8,84.541,False,53,2025,16,Italian Grand Prix,2025_16
STR,Aston Martin,10.0,1.0,HARD,11.0,False,1,True,15.0,26.9,44.3,42.0,False,2.4,84.209,False,53,2025,16,Italian Grand Prix,2025_16
STR,Aston Martin,11.0,1.0,HARD,12.0,False,1,True,15.0,27.0,44.3,43.0,False,1.6,84.362,False,53,2025,16,Italian Grand Prix,2025_16
STR,Aston Martin,12.0,1.0,HARD,13.0,False,1,True,15.0,27.1,44.2,41.0,False,2.1,84.528,False,53,2025,16,Italian Grand Prix,2025_16
STR,Aston Martin,13.0,1.0,HARD,14.0,False,1,True,15.0,27.2,44.7,41.0,False,3.1,84.253,False,53,2025,16,Italian Grand Prix,2025_16
STR,Aston Martin,14.0,1.0,HARD,15.0,False,1,True,15.0,27.1,43.9,41.0,False,2.9,84.301,False,53,2025,16,Italian Grand Prix,2025_16
STR,Aston Martin,15.0,1.0,HARD,16.0,False,1,True,15.0,27.1,44.0,42.0,False,2.6,84.405,False,53,2025,16,Italian Grand Prix,2025_16
STR,Aston Martin,16.0,1.0,HARD,17.0,False,1,True,15.0,27.0,44.2,41.0,False,3.6,84.429,False,53,2025,16,Italian Grand Prix,2025_16
STR,Aston Martin,17.0,1.0,HARD,18.0,False,1,True,15.0,27.0,43.8,43.0,False,3.0,84.365,False,53,2025,16,Italian Grand Prix,2025_16
STR,Aston Martin,18.0,1.0,HARD,19.0,False,1,True,14.0,27.0,44.1,42.0,False,3.6,84.522,False,53,2025,16,Italian Grand Prix,2025_16
STR,Aston Martin,19.0,1.0,HARD,20.0,False,1,True,13.0,27.2,43.9,42.0,False,3.0,84.615,False,53,2025,16,Italian Grand Prix,2025_16
STR,Aston Martin,20.0,1.0,HARD,21.0,False,1,True,13.0,27.3,43.4,42.0,False,3.9,84.197,False,53,2025,16,Italian Grand Prix,2025_16
STR,Aston Martin,21.0,1.0,HARD,22.0,False,1,True,11.0,27.2,43.4,41.0,False,3.7,84.116,False,53,2025,16,Italian Grand Prix,2025_16
STR,Aston Martin,22.0,1.0,HARD,23.0,False,1,True,11.0,27.2,43.3,41.0,False,3.2,83.927,False,53,2025,16,Italian Grand Prix,2025_16
STR,Aston Martin,23.0,1.0,HARD,24.0,False,1,True,11.0,27.2,43.3,44.0,False,2.3,83.991,False,53,2025,16,Italian Grand Prix,2025_16
STR,Aston Martin,24.0,1.0,HARD,25.0,False,1,True,11.0,27.1,42.2,42.0,False,2.3,83.878,False,53,2025,16,Italian Grand Prix,2025_16
STR,Aston Martin,25.0,1.0,HARD,26.0,False,1,True,11.0,27.0,42.3,43.0,False,2.1,83.871,False,53,2025,16,Italian Grand Prix,2025_16
STR,Aston Martin,26.0,1.0,HARD,27.0,False,1,True,11.0,27.0,42.8,43.0,False,3.1,84.187,False,53,2025,16,Italian Grand Prix,2025_16
STR,Aston Martin,27.0,1.0,HARD,28.0,False,1,True,11.0,27.0,43.2,43.0,False,1.9,83.768,False,53,2025,16,Italian Grand Prix,2025_16
STR,Aston Martin,28.0,1.0,HARD,29.0,False,1,True,10.0,26.9,43.2,40.0,False,2.6,83.861,False,53,2025,16,Italian Grand Prix,2025_16
STR,Aston Martin,29.0,1.0,HARD,30.0,False,1,True,9.0,27.1,43.0,41.0,False,2.2,83.673,False,53,2025,16,Italian Grand Prix,2025_16
STR,Aston Martin,30.0,1.0,HARD,31.0,False,1,True,8.0,27.3,43.0,40.0,False,2.9,83.585,False,53,2025,16,Italian Grand Prix,2025_16
STR,Aston Martin,31.0,1.0,HARD,32.0,False,1,True,8.0,27.4,42.7,40.0,False,2.5,83.571,False,53,2025,16,Italian Grand Prix,2025_16
STR,Aston Martin,32.0,1.0,HARD,33.0,False,1,True,8.0,27.3,42.7,41.0,False,3.0,84.081,False,53,2025,16,Italian Grand Prix,2025_16
STR,Aston Martin,33.0,1.0,HARD,34.0,False,1,True,8.0,27.2,42.6,41.0,False,1.8,83.719,False,53,2025,16,Italian Grand Prix,2025_16
STR,Aston Martin,34.0,1.0,HARD,35.0,False,1,True,8.0,27.2,41.7,40.0,False,2.3,83.459,False,53,2025,16,Italian Grand Prix,2025_16
STR,Aston Martin,35.0,1.0,HARD,36.0,False,1,True,9.0,27.2,41.2,40.0,False,1.6,84.333,False,53,2025,16,Italian Grand Prix,2025_16
STR,Aston Martin,36.0,1.0,HARD,37.0,False,1,True,9.0,27.0,41.2,41.0,False,2.2,83.589,False,53,2025,16,Italian Grand Prix,2025_16
STR,Aston Martin,37.0,1.0,HARD,38.0,False,1,True,9.0,26.9,41.2,42.0,False,2.5,83.569,False,53,2025,16,Italian Grand Prix,2025_16
STR,Aston Martin,38.0,1.0,HARD,39.0,False,1,True,9.0,26.9,41.2,42.0,False,3.0,83.224,False,53,2025,16,Italian Grand Prix,2025_16
STR,Aston Martin,39.0,1.0,HARD,40.0,False,1,True,8.0,27.1,41.4,42.0,False,2.1,83.348,False,53,2025,16,Italian Grand Prix,2025_16
STR,Aston Martin,40.0,1.0,HARD,41.0,False,12,True,8.0,27.1,41.3,42.0,False,3.9,83.183,False,53,2025,16,Italian Grand Prix,2025_16
STR,Aston Martin,41.0,1.0,HARD,42.0,False,1,True,9.0,27.2,41.3,42.0,False,3.1,83.926,False,53,2025,16,Italian Grand Prix,2025_16
STR,Aston Martin,42.0,1.0,HARD,43.0,False,1,True,8.0,27.0,40.8,43.0,False,2.7,83.424,False,53,2025,16,Italian Grand Prix,2025_16
STR,Aston Martin,43.0,1.0,HARD,44.0,False,1,True,8.0,27.1,40.4,41.0,False,3.5,83.417,False,53,2025,16,Italian Grand Prix,2025_16
STR,Aston Martin,44.0,1.0,HARD,45.0,False,1,True,8.0,27.1,40.4,40.0,False,3.7,83.314,False,53,2025,16,Italian Grand Prix,2025_16
STR,Aston Martin,45.0,1.0,HARD,46.0,False,1,True,8.0,27.0,40.6,41.0,False,2.5,83.11,False,53,2025,16,Italian Grand Prix,2025_16
STR,Aston Martin,46.0,1.0,HARD,47.0,False,1,True,8.0,27.0,40.6,40.0,False,2.2,83.166,False,53,2025,16,Italian Grand Prix,2025_16
STR,Aston Martin,47.0,1.0,HARD,48.0,False,1,True,8.0,27.2,41.1,41.0,False,2.2,83.003,False,53,2025,16,Italian Grand Prix,2025_16
STR,Aston Martin,48.0,1.0,HARD,49.0,False,1,True,8.0,27.1,40.8,42.0,False,1.3,83.123,False,53,2025,16,Italian Grand Prix,2025_16
STR,Aston Martin,49.0,1.0,HARD,50.0,False,1,False,10.0,27.1,40.8,43.0,False,1.2,88.053,True,53,2025,16,Italian Grand Prix,2025_16
STR,Aston Martin,50.0,2.0,SOFT,1.0,True,1,False,18.0,27.2,40.8,43.0,False,2.9,117.028,True,53,2025,16,Italian Grand Prix,2025_16
STR,Aston Martin,51.0,2.0,SOFT,2.0,True,1,True,18.0,27.3,40.7,43.0,False,1.9,82.164,False,53,2025,16,Italian Grand Prix,2025_16
STR,Aston Martin,52.0,2.0,SOFT,3.0,True,1,True,18.0,27.4,40.3,42.0,False,1.5,82.282,False,53,2025,16,Italian Grand Prix,2025_16
ALO,Aston Martin,1.0,1.0,MEDIUM,2.0,False,1,False,6.0,26.6,43.7,42.0,False,0.6,89.645,False,53,2025,16,Italian Grand Prix,2025_16
ALO,Aston Martin,2.0,1.0,MEDIUM,3.0,False,1,True,7.0,26.7,44.4,42.0,False,1.3,85.926,False,53,2025,16,Italian Grand Prix,2025_16
ALO,Aston Martin,3.0,1.0,MEDIUM,4.0,False,1,True,7.0,26.6,44.5,42.0,False,1.4,85.403,False,53,2025,16,Italian Grand Prix,2025_16
ALO,Aston Martin,4.0,1.0,MEDIUM,5.0,False,1,True,7.0,26.6,44.5,43.0,False,1.4,84.861,False,53,2025,16,Italian Grand Prix,2025_16
ALO,Aston Martin,5.0,1.0,MEDIUM,6.0,False,1,True,8.0,26.6,44.1,41.0,False,1.8,85.129,False,53,2025,16,Italian Grand Prix,2025_16
ALO,Aston Martin,6.0,1.0,MEDIUM,7.0,False,1,True,8.0,26.6,44.2,43.0,False,1.8,84.196,False,53,2025,16,Italian Grand Prix,2025_16
ALO,Aston Martin,7.0,1.0,MEDIUM,8.0,False,1,True,8.0,26.7,44.2,43.0,False,1.8,84.623,False,53,2025,16,Italian Grand Prix,2025_16
ALO,Aston Martin,8.0,1.0,MEDIUM,9.0,False,1,True,8.0,26.7,44.4,41.0,False,3.6,84.724,False,53,2025,16,Italian Grand Prix,2025_16
ALO,Aston Martin,9.0,1.0,MEDIUM,10.0,False,1,True,8.0,26.8,44.4,42.0,False,3.0,84.485,False,53,2025,16,Italian Grand Prix,2025_16
ALO,Aston Martin,10.0,1.0,MEDIUM,11.0,False,1,True,8.0,26.9,44.3,42.0,False,2.4,84.506,False,53,2025,16,Italian Grand Prix,2025_16
ALO,Aston Martin,11.0,1.0,MEDIUM,12.0,False,1,True,8.0,27.0,44.3,43.0,False,1.6,84.46,False,53,2025,16,Italian Grand Prix,2025_16
ALO,Aston Martin,12.0,1.0,MEDIUM,13.0,False,1,True,8.0,27.1,44.2,41.0,False,2.1,84.624,False,53,2025,16,Italian Grand Prix,2025_16
ALO,Aston Martin,13.0,1.0,MEDIUM,14.0,False,1,True,8.0,27.2,44.7,41.0,False,3.1,84.577,False,53,2025,16,Italian Grand Prix,2025_16
ALO,Aston Martin,14.0,1.0,MEDIUM,15.0,False,1,True,8.0,27.1,44.6,41.0,False,4.0,84.396,False,53,2025,16,Italian Grand Prix,2025_16
ALO,Aston Martin,15.0,1.0,MEDIUM,16.0,False,1,True,8.0,27.1,44.0,42.0,False,2.6,84.276,False,53,2025,16,Italian Grand Prix,2025_16
ALO,Aston Martin,16.0,1.0,MEDIUM,17.0,False,1,True,8.0,27.0,44.2,41.0,False,3.6,84.206,False,53,2025,16,Italian Grand Prix,2025_16
ALO,Aston Martin,17.0,1.0,MEDIUM,18.0,False,1,True,8.0,27.0,43.8,43.0,False,3.0,84.224,False,53,2025,16,Italian Grand Prix,2025_16
ALO,Aston Martin,18.0,1.0,MEDIUM,19.0,False,1,True,8.0,27.0,44.1,42.0,False,3.6,84.146,False,53,2025,16,Italian Grand Prix,2025_16
ALO,Aston Martin,19.0,1.0,MEDIUM,20.0,False,1,True,8.0,27.0,44.1,43.0,False,3.8,84.185,False,53,2025,16,Italian Grand Prix,2025_16
ALO,Aston Martin,20.0,1.0,MEDIUM,21.0,False,1,False,10.0,27.3,43.4,42.0,False,3.9,88.466,True,53,2025,16,Italian Grand Prix,2025_16
ALO,Aston Martin,21.0,2.0,HARD,2.0,False,1,False,15.0,27.2,43.4,41.0,False,3.7,105.19,True,53,2025,16,Italian Grand Prix,2025_16
ALO,Aston Martin,22.0,2.0,HARD,3.0,False,1,True,15.0,27.2,43.3,41.0,False,3.2,84.078,False,53,2025,16,Italian Grand Prix,2025_16
ALO,Aston Martin,23.0,2.0,HARD,4.0,False,1,True,15.0,27.1,42.5,41.0,False,2.6,83.757,False,53,2025,16,Italian Grand Prix,2025_16
ALO,Aston Martin,24.0,2.0,HARD,5.0,False,1,False,19.0,27.1,42.2,42.0,False,2.3,107.419,True,53,2025,16,Italian Grand Prix,2025_16
