Driver,Team,LapNumber,Stint,Compound,TyreLife,FreshTyre,TrackStatus,IsAccurate,Position,AirTemp,TrackTemp,Humidity,Rainfall,WindSpeed,LapTimeSeconds,IsPitLap,TotalLaps,Year,Round,Event,RaceId
VER,Red Bull Racing,1.0,1.0,INTERMEDIATE,1.0,True,124,False,2.0,15.7,19.2,74.0,False,3.9,119.392,False,57,2025,1,Australian Grand Prix,2025_01
VER,Red Bull Racing,2.0,1.0,INTERMEDIATE,2.0,True,4,False,2.0,15.8,19.2,75.0,False,3.7,,True,57,2025,1,Australian Grand Prix,2025_01
VER,Red Bull Racing,3.0,2.0,INTERMEDIATE,3.0,False,4,False,2.0,15.8,19.2,76.0,False,3.0,,True,57,2025,1,Australian Grand Prix,2025_01
VER,Red Bull Racing,4.0,3.0,INTERMEDIATE,4.0,False,4,False,2.0,15.8,19.0,74.0,True,3.3,,True,57,2025,1,Australian Grand Prix,2025_01
VER,Red Bull Racing,5.0,4.0,INTERMEDIATE,5.0,False,4,False,2.0,15.8,19.0,76.0,True,3.4,143.609,True,57,2025,1,Australian Grand Prix,2025_01
VER,Red Bull Racing,6.0,4.0,INTERMEDIATE,6.0,False,4,False,2.0,15.8,19.0,75.0,False,3.9,139.654,False,57,2025,1,Australian Grand Prix,2025_01
VER,Red Bull Racing,7.0,4.0,INTERMEDIATE,7.0,False,41,False,2.0,15.9,19.0,76.0,False,3.3,136.447,False,57,2025,1,Australian Grand Prix,2025_01
VER,Red Bull Racing,8.0,4.0,INTERMEDIATE,8.0,False,1,True,2.0,15.9,19.1,75.0,False,4.5,96.83,False,57,2025,1,Australian Grand Prix,2025_01
VER,Red Bull Racing,9.0,4.0,INTERMEDIATE,9.0,False,1,True,2.0,15.9,19.1,74.0,False,3.4,94.315,False,57,2025,1,Australian Grand Prix,2025_01
VER,Red Bull Racing,10.0,4.0,INTERMEDIATE,10.0,False,1,True,2.0,15.9,19.1,76.0,False,2.5,92.65,False,57,2025,1,Australian Grand Prix,2025_01
VER,Red Bull Racing,11.0,4.0,INTERMEDIATE,11.0,False,1,True,2.0,15.9,19.1,74.0,False,4.3,92.453,False,57,2025,1,Australian Grand Prix,2025_01
VER,Red Bull Racing,12.0,4.0,INTERMEDIATE,12.0,False,1,True,2.0,16.0,19.3,75.0,False,2.6,91.591,False,57,2025,1,Australian Grand Prix,2025_01
VER,Red Bull Racing,13.0,4.0,INTERMEDIATE,13.0,False,1,True,2.0,15.9,19.3,74.0,False,3.1,91.271,False,57,2025,1,Australian Grand Prix,2025_01
VER,Red Bull Racing,14.0,4.0,INTERMEDIATE,14.0,False,1,True,2.0,16.0,19.3,74.0,True,3.4,90.639,False,57,2025,1,Australian Grand Prix,2025_01
VER,Red Bull Racing,15.0,4.0,INTERMEDIATE,15.0,False,1,True,2.0,16.0,19.3,75.0,True,2.8,90.328,False,57,2025,1,Australian Grand Prix,2025_01
VER,Red Bull Racing,16.0,4.0,INTERMEDIATE,16.0,False,1,True,2.0,16.0,19.3,73.0,True,2.6,90.592,False,57,2025,1,Australian Grand Prix,2025_01
VER,Red Bull Racing,17.0,4.0,INTERMEDIATE,17.0,False,1,True,3.0,16.0,19.3,74.0,True,2.2,93.392,False,57,2025,1,Australian Grand Prix,2025_01
VER,Red Bull Racing,18.0,4.0,INTERMEDIATE,18.0,False,1,True,3.0,16.0,19.4,73.0,True,3.8,92.169,False,57,2025,1,Australian Grand Prix,2025_01
VER,Red Bull Racing,19.0,4.0,INTERMEDIATE,19.0,False,1,True,3.0,16.0,19.4,74.0,True,3.9,91.939,False,57,2025,1,Australian Grand Prix,2025_01
VER,Red Bull Racing,20.0,4.0,INTERMEDIATE,20.0,False,1,True,3.0,16.0,19.4,74.0,True,3.0,91.598,False,57,2025,1,Australian Grand Prix,2025_01
VER,Red Bull Racing,21.0,4.0,INTERMEDIATE,21.0,False,1,True,3.0,16.0,19.4,74.0,True,3.7,91.177,False,57,2025,1,Australian Grand Prix,2025_01
VER,Red Bull Racing,22.0,4.0,INTERMEDIATE,22.0,False,1,True,3.0,16.0,19.2,76.0,True,3.8,91.04,False,57,2025,1,Australian Grand Prix,2025_01
VER,Red Bull Racing,23.0,4.0,INTERMEDIATE,23.0,False,1,True,3.0,15.9,19.2,76.0,True,2.4,90.686,False,57,2025,1,Australian Grand Prix,2025_01
VER,Red Bull Racing,24.0,4.0,INTERMEDIATE,24.0,False,1,True,3.0,15.9,19.2,76.0,True,2.0,90.978,False,57,2025,1,Australian Grand Prix,2025_01
VER,Red Bull Racing,25.0,4.0,INTERMEDIATE,25.0,False,1,True,3.0,15.7,19.2,75.0,False,3.6,90.845,False,57,2025,1,Australian Grand Prix,2025_01
VER,Red Bull Racing,26.0,4.0,INTERMEDIATE,26.0,False,1,True,3.0,15.7,19.2,76.0,False,3.7,90.293,False,57,2025,1,Australian Grand Prix,2025_01
VER,Red Bull Racing,27.0,4.0,INTERMEDIATE,27.0,False,1,True,3.0,15.8,19.2,77.0,False,3.1,89.731,False,57,2025,1,Australian Grand Prix,2025_01
VER,Red Bull Racing,28.0,4.0,INTERMEDIATE,28.0,False,1,True,3.0,15.7,19.1,77.0,False,3.2,89.411,False,57,2025,1,Australian Grand Prix,2025_01
VER,Red Bull Racing,29.0,4.0,INTERMEDIATE,29.0,False,1,True,3.0,15.7,19.1,78.0,False,2.3,89.043,False,57,2025,1,Australian Grand Prix,2025_01
VER,Red Bull Racing,30.0,4.0,INTERMEDIATE,30.0,False,1,True,3.0,15.7,19.1,77.0,False,2.7,88.237,False,57,2025,1,Australian Grand Prix,2025_01
VER,Red Bull Racing,31.0,4.0,INTERMEDIATE,31.0,False,1,True,3.0,15.7,19.1,77.0,False,3.1,88.127,False,57,2025,1,Australian Grand Prix,2025_01
VER,Red Bull Racing,32.0,4.0,INTERMEDIATE,32.0,False,1,True,3.0,15.8,19.1,77.0,False,2.1,88.208,False,57,2025,1,Australian Grand Prix,2025_01
VER,Red Bull Racing,33.0,4.0,INTERMEDIATE,33.0,False,12,True,3.0,15.8,19.1,71.0,False,4.4,88.046,False,57,2025,1,Australian Grand Prix,2025_01
VER,Red Bull Racing,34.0,4.0,INTERMEDIATE,34.0,False,24,False,3.0,15.9,19.0,71.0,False,1.2,128.598,True,57,2025,1,Australian Grand Prix,2025_01
VER,Red Bull Racing,35.0,5.0,MEDIUM,1.0,True,4,False,3.0,16.1,19.0,71.0,False,2.9,124.508,True,57,2025,1,Australian Grand Prix,2025_01
VER,Red Bull Racing,36.0,5.0,MEDIUM,2.0,True,4,False,3.0,16.1,19.0,72.0,False,2.5,116.334,False,57,2025,1,Australian Grand Prix,2025_01
VER,Red Bull Racing,37.0,5.0,MEDIUM,3.0,True,4,False,3.0,16.1,19.2,71.0,False,3.7,,False,57,2025,1,Australian Grand Prix,2025_01
VER,Red Bull Racing,38.0,5.0,MEDIUM,4.0,True,4,False,3.0,16.3,19.2,71.0,False,4.0,137.91,False,57,2025,1,Australian Grand Prix,2025_01
VER,Red Bull Racing,39.0,5.0,MEDIUM,5.0,True,4,False,3.0,16.3,19.2,68.0,False,3.9,132.714,False,57,2025,1,Australian Grand Prix,2025_01
VER,Red Bull Racing,40.0,5.0,MEDIUM,6.0,True,4,False,3.0,16.4,19.2,69.0,False,4.6,131.498,False,57,2025,1,Australian Grand Prix,2025_01
VER,Red Bull Racing,41.0,5.0,MEDIUM,7.0,True,41,False,3.0,16.4,19.2,68.0,False,4.8,132.004,False,57,2025,1,Australian Grand Prix,2025_01
VER,Red Bull Racing,42.0,5.0,MEDIUM,8.0,True,1,True,3.0,16.5,19.3,69.0,False,3.9,85.317,False,57,2025,1,Australian Grand Prix,2025_01
VER,Red Bull Racing,43.0,5.0,MEDIUM,9.0,True,1,True,3.0,16.6,19.3,68.0,False,5.1,83.081,False,57,2025,1,Australian Grand Prix,2025_01
VER,Red Bull Racing,44.0,5.0,MEDIUM,10.0,True,12,True,1.0,16.6,19.3,71.0,False,2.2,86.789,False,57,2025,1,Australian Grand Prix,2025_01
VER,Red Bull Racing,45.0,5.0,MEDIUM,11.0,True,21,True,1.0,16.4,19.3,76.0,True,2.5,92.874,False,57,2025,1,Australian Grand Prix,2025_01
VER,Red Bull Racing,46.0,5.0,MEDIUM,12.0,True,1,False,5.0,16.1,19.3,77.0,True,3.5,112.606,True,57,2025,1,Australian Grand Prix,2025_01
VER,Red Bull Racing,47.0,6.0,INTERMEDIATE,1.0,True,124,False,2.0,15.7,19.3,80.0,True,1.8,127.213,True,57,2025,1,Australian Grand Prix,2025_01
VER,Red Bull Racing,48.0,6.0,INTERMEDIATE,2.0,True,4,False,2.0,15.3,19.3,80.0,True,1.6,122.406,False,57,2025,1,Australian Grand Prix,2025_01
VER,Red Bull Racing,49.0,6.0,INTERMEDIATE,3.0,True,4,False,2.0,15.1,18.8,83.0,True,0.7,144.892,False,57,2025,1,Australian Grand Prix,2025_01
VER,Red Bull Racing,50.0,6.0,INTERMEDIATE,4.0,True,4,False,2.0,15.1,18.8,83.0,False,1.3,142.085,False,57,2025,1,Australian Grand Prix,2025_01
VER,Red Bull Racing,51.0,6.0,INTERMEDIATE,5.0,True,41,False,2.0,15.2,18.8,83.0,False,1.5,133.879,False,57,2025,1,Australian Grand Prix,2025_01
VER,Red Bull Racing,52.0,6.0,INTERMEDIATE,6.0,True,1,True,2.0,15.1,18.7,78.0,False,1.4,93.864,False,57,2025,1,Australian Grand Prix,2025_01
VER,Red Bull Racing,53.0,6.0,INTERMEDIATE,7.0,True,1,True,2.0,15.2,18.7,77.0,False,1.6,90.859,False,57,2025,1,Australian Grand Prix,2025_01
VER,Red Bull Racing,54.0,6.0,INTERMEDIATE,8.0,True,1,True,2.0,15.6,18.7,75.0,False,2.6,89.1,False,57,2025,1,Australian Grand Prix,2025_01
VER,Red Bull Racing,55.0,6.0,INTERMEDIATE,9.0,True,1,True,2.0,15.8,18.7,76.0,False,1.3,88.538,False,57,2025,1,Australian Grand Prix,2025_01
VER,Red Bull Racing,56.0,6.0,INTERMEDIATE,10.0,True,1,True,2.0,16.0,18.7,71.0,False,1.2,87.921,False,57,2025,1,Australian Grand Prix,2025_01
VER,Red Bull Racing,57.0,6.0,INTERMEDIATE,11.0,True,1,True,2.0,16.1,18.7,72.0,False,0.8,87.4,False,57,2025,1,Australian Grand Prix,2025_01
GAS,Alpine,1.0,1.0,INTERMEDIATE,1.0,True,124,False,9.0,15.7,19.2,74.0,False,3.9,134.132,False,57,2025,1,Australian Grand Prix,2025_01
GAS,Alpine,2.0,1.0,INTERMEDIATE,2.0,True,4,False,9.0,15.8,19.2,75.0,True,5.2,,True,57,2025,1,Australian Grand Prix,2025_01
GAS,Alpine,3.0,2.0,INTERMEDIATE,3.0,False,4,False,9.0,15.8,19.2,76.0,False,3.0,,True,57,2025,1,Australian Grand Prix,2025_01
GAS,Alpine,4.0,3.0,INTERMEDIATE,4.0,False,4,False,9.0,15.8,19.0,74.0,True,3.3,,True,57,2025,1,Australian Grand Prix,2025_01
GAS,Alpine,5.0,4.0,INTERMEDIATE,5.0,False,4,False,9.0,15.9,19.0,76.0,True,3.5,141.36,True,57,2025,1,Australian Grand Prix,2025_01
GAS,Alpine,6.0,4.0,INTERMEDIATE,6.0,False,4,False,9.0,15.8,19.0,75.0,False,3.9,139.952,False,57,2025,1,Australian Grand Prix,2025_01
GAS,Alpine,7.0,4.0,INTERMEDIATE,7.0,False,41,False,9.0,15.9,19.0,76.0,False,3.3,126.733,False,57,2025,1,Australian Grand Prix,2025_01
GAS,Alpine,8.0,4.0,INTERMEDIATE,8.0,False,1,True,9.0,15.9,19.1,76.0,False,1.9,98.441,False,57,2025,1,Australian Grand Prix,2025_01
GAS,Alpine,9.0,4.0,INTERMEDIATE,9.0,False,1,True,9.0,15.9,19.1,74.0,False,3.4,96.062,False,57,2025,1,Australian Grand Prix,2025_01
GAS,Alpine,10.0,4.0,INTERMEDIATE,10.0,False,1,True,9.0,15.9,19.1,76.0,False,2.5,95.527,False,57,2025,1,Australian Grand Prix,2025_01
GAS,Alpine,11.0,4.0,INTERMEDIATE,11.0,False,1,True,9.0,15.9,19.1,74.0,False,4.3,94.702,False,57,2025,1,Australian Grand Prix,2025_01
GAS,Alpine,12.0,4.0,INTERMEDIATE,12.0,False,1,True,9.0,16.0,19.3,75.0,False,2.6,94.227,False,57,2025,1,Australian Grand Prix,2025_01
GAS,Alpine,13.0,4.0,INTERMEDIATE,13.0,False,1,True,9.0,16.0,19.3,75.0,False,3.3,93.275,False,57,2025,1,Australian Grand Prix,2025_01
GAS,Alpine,14.0,4.0,INTERMEDIATE,14.0,False,1,True,9.0,16.0,19.3,74.0,True,3.4,92.859,False,57,2025,1,Australian Grand Prix,2025_01
GAS,Alpine,15.0,4.0,INTERMEDIATE,15.0,False,1,True,9.0,16.0,19.3,75.0,False,2.3,92.744,False,57,2025,1,Australian Grand Prix,2025_01
GAS,Alpine,16.0,4.0,INTERMEDIATE,16.0,False,1,True,9.0,16.0,19.3,73.0,True,2.6,92.445,False,57,2025,1,Australian Grand Prix,2025_01
GAS,Alpine,17.0,4.0,INTERMEDIATE,17.0,False,1,True,9.0,16.1,19.4,74.0,True,2.6,92.795,False,57,2025,1,Australian Grand Prix,2025_01
GAS,Alpine,18.0,4.0,INTERMEDIATE,18.0,False,1,True,9.0,16.0,19.4,73.0,True,3.8,93.124,False,57,2025,1,Australian Grand Prix,2025_01
GAS,Alpine,19.0,4.0,INTERMEDIATE,19.0,False,1,True,9.0,16.1,19.4,75.0,True,1.9,92.462,False,57,2025,1,Australian Grand Prix,2025_01
GAS,Alpine,20.0,4.0,INTERMEDIATE,20.0,False,1,True,9.0,16.0,19.4,74.0,True,3.0,92.327,False,57,2025,1,Australian Grand Prix,2025_01
GAS,Alpine,21.0,4.0,INTERMEDIATE,21.0,False,1,True,9.0,16.0,19.4,75.0,True,2.5,92.323,False,57,2025,1,Australian Grand Prix,2025_01
GAS,Alpine,22.0,4.0,INTERMEDIATE,22.0,False,1,True,9.0,16.0,19.2,76.0,True,3.8,92.355,False,57,2025,1,Australian Grand Prix,2025_01
GAS,Alpine,23.0,4.0,INTERMEDIATE,23.0,False,1,True,9.0,15.9,19.2,76.0,True,2.4,92.438,False,57,2025,1,Australian Grand Prix,2025_01
GAS,Alpine,24.0,4.0,INTERMEDIATE,24.0,False,1,True,9.0,15.8,19.2,77.0,False,2.6,92.035,False,57,2025,1,Australian Grand Prix,2025_01
GAS,Alpine,25.0,4.0,INTERMEDIATE,25.0,False,1,True,9.0,15.7,19.2,75.0,False,3.6,91.622,False,57,2025,1,Australian Grand Prix,2025_01
GAS,Alpine,26.0,4.0,INTERMEDIATE,26.0,False,1,True,9.0,15.7,19.2,78.0,True,2.4,90.928,False,57,2025,1,Australian Grand Prix,2025_01
GAS,Alpine,27.0,4.0,INTERMEDIATE,27.0,False,1,True,9.0,15.8,19.2,77.0,False,3.1,90.635,False,57,2025,1,Australian Grand Prix,2025_01
GAS,Alpine,28.0,4.0,INTERMEDIATE,28.0,False,1,True,9.0,15.7,19.1,77.0,False,2.5,90.382,False,57,2025,1,Australian Grand Prix,2025_01
GAS,Alpine,29.0,4.0,INTERMEDIATE,29.0,False,1,True,9.0,15.7,19.1,78.0,False,2.3,90.051,False,57,2025,1,Australian Grand Prix,2025_01
GAS,Alpine,30.0,4.0,INTERMEDIATE,30.0,False,1,True,9.0,15.7,19.1,77.0,False,3.1,90.124,False,57,2025,1,Australian Grand Prix,2025_01
GAS,Alpine,31.0,4.0,INTERMEDIATE,31.0,False,1,True,9.0,15.8,19.1,77.0,False,2.5,89.299,False,57,2025,1,Australian Grand Prix,2025_01
GAS,Alpine,32.0,4.0,INTERMEDIATE,32.0,False,1,True,9.0,15.8,19.1,71.0,False,4.4,89.383,False,57,2025,1,Australian Grand Prix,2025_01
GAS,Alpine,33.0,4.0,INTERMEDIATE,33.0,False,124,False,9.0,15.9,19.0,71.0,False,4.3,111.3,True,57,2025,1,Australian Grand Prix,2025_01
GAS,Alpine,34.0,5.0,HARD,1.0,True,4,False,9.0,16.1,19.0,71.0,False,3.6,145.049,True,57,2025,1,Australian Grand Prix,2025_01
GAS,Alpine,35.0,5.0,HARD,2.0,True,4,False,9.0,16.1,19.0,70.0,False,4.9,105.531,False,57,2025,1,Australian Grand Prix,2025_01
GAS,Alpine,36.0,5.0,HARD,3.0,True,4,False,9.0,16.1,19.0,71.0,False,3.9,101.62,False,57,2025,1,Australian Grand Prix,2025_01
GAS,Alpine,37.0,5.0,HARD,4.0,True,4,False,9.0,16.2,19.2,70.0,False,3.1,127.218,False,57,2025,1,Australian Grand Prix,2025_01
GAS,Alpine,38.0,5.0,HARD,5.0,True,4,False,9.0,16.3,19.2,71.0,False,4.0,139.376,False,57,2025,1,Australian Grand Prix,2025_01
GAS,Alpine,39.0,5.0,HARD,6.0,True,4,False,9.0,16.3,19.2,68.0,False,3.9,131.226,False,57,2025,1,Australian Grand Prix,2025_01
GAS,Alpine,40.0,5.0,HARD,7.0,True,4,False,9.0,16.4,19.2,69.0,False,4.6,130.476,False,57,2025,1,Australian Grand Prix,2025_01
GAS,Alpine,41.0,5.0,HARD,8.0,True,41,False,9.0,16.4,19.3,69.0,False,3.6,126.368,False,57,2025,1,Australian Grand Prix,2025_01
GAS,Alpine,42.0,5.0,HARD,9.0,True,1,True,9.0,16.5,19.3,69.0,False,3.9,87.942,False,57,2025,1,Australian Grand Prix,2025_01
GAS,Alpine,43.0,5.0,HARD,10.0,True,1,True,9.0,16.6,19.3,68.0,False,5.1,85.02,False,57,2025,1,Australian Grand Prix,2025_01
GAS,Alpine,44.0,5.0,HARD,11.0,True,12,True,4.0,16.6,19.3,75.0,False,1.3,88.332,False,57,2025,1,Australian Grand Prix,2025_01
GAS,Alpine,45.0,5.0,HARD,12.0,True,21,True,4.0,16.4,19.3,76.0,True,2.5,92.969,False,57,2025,1,Australian Grand Prix,2025_01
GAS,Alpine,46.0,5.0,HARD,13.0,True,1,False,11.0,15.9,19.3,80.0,True,1.4,116.069,True,57,2025,1,Australian Grand Prix,2025_01
GAS,Alpine,47.0,6.0,INTERMEDIATE,1.0,True,124,False,8.0,15.5,19.3,80.0,True,2.1,126.74,True,57,2025,1,Australian Grand Prix,2025_01
GAS,Alpine,48.0,6.0,INTERMEDIATE,2.0,True,4,False,8.0,15.2,18.8,81.0,True,1.3,121.785,False,57,2025,1,Australian Grand Prix,2025_01
GAS,Alpine,49.0,6.0,INTERMEDIATE,3.0,True,4,False,8.0,15.1,18.8,83.0,True,0.7,144.669,False,57,2025,1,Australian Grand Prix,2025_01
GAS,Alpine,50.0,6.0,INTERMEDIATE,4.0,True,4,False,8.0,15.1,18.8,83.0,False,1.3,137.754,False,57,2025,1,Australian Grand Prix,2025_01
GAS,Alpine,51.0,6.0,INTERMEDIATE,5.0,True,41,False,8.0,15.2,18.8,83.0,False,1.5,131.745,False,57,2025,1,Australian Grand Prix,2025_01
GAS,Alpine,52.0,6.0,INTERMEDIATE,6.0,True,1,True,8.0,15.1,18.7,78.0,False,1.4,96.326,False,57,2025,1,Australian Grand Prix,2025_01
GAS,Alpine,53.0,6.0,INTERMEDIATE,7.0,True,1,True,8.0,15.2,18.7,77.0,False,1.6,92.297,False,57,2025,1,Australian Grand Prix,2025_01
GAS,Alpine,54.0,6.0,INTERMEDIATE,8.0,True,1,True,10.0,15.6,18.7,75.0,False,2.6,94.967,False,57,2025,1,Australian Grand Prix,2025_01
GAS,Alpine,55.0,6.0,INTERMEDIATE,9.0,True,1,True,11.0,15.8,18.7,76.0,False,1.3,92.316,False,57,2025,1,Australian Grand Prix,2025_01
GAS,Alpine,56.0,6.0,INTERMEDIATE,10.0,True,1,True,11.0,16.0,18.7,71.0,False,1.2,90.866,False,57,2025,1,Australian Grand Prix,2025_01
GAS,Alpine,57.0,6.0,INTERMEDIATE,11.0,True,1,True,11.0,16.1,18.7,72.0,False,0.8,91.312,False,57,2025,1,Australian Grand Prix,2025_01
ANT,Mercedes,1.0,1.0,INTERMEDIATE,1.0,True,124,False,13.0,15.7,19.2,74.0,False,3.9,142.352,False,57,2025,1,Australian Grand Prix,2025_01
ANT,Mercedes,2.0,1.0,INTERMEDIATE,2.0,True,4,False,13.0,15.8,19.2,75.0,True,5.2,,True,57,2025,1,Australian Grand Prix,2025_01
ANT,Mercedes,3.0,2.0,INTERMEDIATE,3.0,False,4,False,13.0,15.8,19.2,75.0,True,5.1,,True,57,2025,1,Australian Grand Prix,2025_01
ANT,Mercedes,4.0,3.0,INTERMEDIATE,4.0,False,4,False,13.0,15.8,19.0,74.0,True,3.3,,True,57,2025,1,Australian Grand Prix,2025_01
ANT,Mercedes,5.0,4.0,INTERMEDIATE,5.0,False,4,False,13.0,15.9,19.0,76.0,True,3.5,139.163,True,57,2025,1,Australian Grand Prix,2025_01
ANT,Mercedes,6.0,4.0,INTERMEDIATE,6.0,False,4,False,13.0,15.8,19.0,75.0,False,3.9,141.111,False,57,2025,1,Australian Grand Prix,2025_01
ANT,Mercedes,7.0,4.0,INTERMEDIATE,7.0,False,41,False,13.0,15.9,19.1,75.0,False,4.7,123.412,False,57,2025,1,Australian Grand Prix,2025_01
ANT,Mercedes,8.0,4.0,INTERMEDIATE,8.0,False,1,True,13.0,15.9,19.1,76.0,False,1.9,98.729,False,57,2025,1,Australian Grand Prix,2025_01
ANT,Mercedes,9.0,4.0,INTERMEDIATE,9.0,False,1,True,13.0,15.9,19.1,74.0,False,3.4,96.312,False,57,2025,1,Australian Grand Prix,2025_01
ANT,Mercedes,10.0,4.0,INTERMEDIATE,10.0,False,1,True,13.0,15.9,19.1,76.0,False,2.5,95.27,False,57,2025,1,Australian Grand Prix,2025_01
ANT,Mercedes,11.0,4.0,INTERMEDIATE,11.0,False,1,True,13.0,15.9,19.1,74.0,False,4.3,94.678,False,57,2025,1,Australian Grand Prix,2025_01
ANT,Mercedes,12.0,4.0,INTERMEDIATE,12.0,False,1,True,13.0,16.0,19.3,75.0,False,2.6,95.385,False,57,2025,1,Australian Grand Prix,2025_01
ANT,Mercedes,13.0,4.0,INTERMEDIATE,13.0,False,1,True,13.0,16.0,19.3,75.0,False,3.3,93.697,False,57,2025,1,Australian Grand Prix,2025_01
ANT,Mercedes,14.0,4.0,INTERMEDIATE,14.0,False,1,True,12.0,16.0,19.3,74.0,True,3.4,93.802,False,57,2025,1,Australian Grand Prix,2025_01
ANT,Mercedes,15.0,4.0,INTERMEDIATE,15.0,False,1,True,12.0,16.0,19.3,75.0,False,2.3,92.212,False,57,2025,1,Australian Grand Prix,2025_01
ANT,Mercedes,16.0,4.0,INTERMEDIATE,16.0,False,1,True,13.0,16.0,19.3,73.0,True,2.6,97.326,False,57,2025,1,Australian Grand Prix,2025_01
ANT,Mercedes,17.0,4.0,INTERMEDIATE,17.0,False,1,True,12.0,16.1,19.4,74.0,True,2.6,92.312,False,57,2025,1,Australian Grand Prix,2025_01
ANT,Mercedes,18.0,4.0,INTERMEDIATE,18.0,False,1,True,12.0,16.0,19.4,73.0,True,3.8,92.181,False,57,2025,1,Australian Grand Prix,2025_01
ANT,Mercedes,19.0,4.0,INTERMEDIATE,19.0,False,1,True,12.0,16.1,19.4,75.0,True,1.9,91.942,False,57,2025,1,Australian Grand Prix,2025_01
ANT,Mercedes,20.0,4.0,INTERMEDIATE,20.0,False,1,True,12.0,16.0,19.4,74.0,True,3.7,91.319,False,57,2025,1,Australian Grand Prix,2025_01
ANT,Mercedes,21.0,4.0,INTERMEDIATE,21.0,False,1,True,12.0,16.0,19.4,75.0,True,2.5,91.042,False,57,2025,1,Australian Grand Prix,2025_01
ANT,Mercedes,22.0,4.0,INTERMEDIATE,22.0,False,1,True,11.0,15.9,19.2,75.0,True,3.4,91.887,False,57,2025,1,Australian Grand Prix,2025_01
ANT,Mercedes,23.0,4.0,INTERMEDIATE,23.0,False,1,True,11.0,15.9,19.2,76.0,True,2.4,91.324,False,57,2025,1,Australian Grand Prix,2025_01
ANT,Mercedes,24.0,4.0,INTERMEDIATE,24.0,False,1,True,11.0,15.8,19.2,77.0,False,2.6,90.822,False,57,2025,1,Australian Grand Prix,2025_01
ANT,Mercedes,25.0,4.0,INTERMEDIATE,25.0,False,1,True,11.0,15.7,19.2,75.0,False,3.6,90.706,False,57,2025,1,Australian Grand Prix,2025_01
ANT,Mercedes,26.0,4.0,INTERMEDIATE,26.0,False,1,True,11.0,15.7,19.2,78.0,True,2.4,91.299,False,57,2025,1,Australian Grand Prix,2025_01
ANT,Mercedes,27.0,4.0,INTERMEDIATE,27.0,False,1,True,11.0,15.8,19.2,77.0,False,3.1,90.463,False,57,2025,1,Australian Grand Prix,2025_01
ANT,Mercedes,28.0,4.0,INTERMEDIATE,28.0,False,1,True,11.0,15.7,19.1,77.0,False,2.5,90.716,False,57,2025,1,Australian Grand Prix,2025_01
ANT,Mercedes,29.0,4.0,INTERMEDIATE,29.0,False,1,True,11.0,15.7,19.1,78.0,False,2.3,89.919,False,57,2025,1,Australian Grand Prix,2025_01
ANT,Mercedes,30.0,4.0,INTERMEDIATE,30.0,False,1,True,11.0,15.7,19.1,77.0,False,3.1,89.794,False,57,2025,1,Australian Grand Prix,2025_01
ANT,Mercedes,31.0,4.0,INTERMEDIATE,31.0,False,1,True,11.0,15.8,19.1,77.0,False,2.5,89.245,False,57,2025,1,Australian Grand Prix,2025_01
ANT,Mercedes,32.0,4.0,INTERMEDIATE,32.0,False,1,True,11.0,15.8,19.1,71.0,False,4.4,89.032,False,57,2025,1,Australian Grand Prix,2025_01
ANT,Mercedes,33.0,4.0,INTERMEDIATE,33.0,False,124,False,10.0,15.9,19.0,71.0,False,4.3,112.635,True,57,2025,1,Australian Grand Prix,2025_01
ANT,Mercedes,34.0,5.0,HARD,1.0,True,4,False,10.0,16.1,19.0,71.0,False,3.6,142.596,True,57,2025,1,Australian Grand Prix,2025_01
ANT,Mercedes,35.0,5.0,HARD,2.0,True,4,False,10.0,16.1,19.0,70.0,False,4.9,104.67,False,57,2025,1,Australian Grand Prix,2025_01
ANT,Mercedes,36.0,5.0,HARD,3.0,True,4,False,10.0,16.1,19.0,71.0,False,3.9,101.655,False,57,2025,1,Australian Grand Prix,2025_01
ANT,Mercedes,37.0,5.0,HARD,4.0,True,4,False,10.0,16.2,19.2,70.0,False,3.1,127.298,False,57,2025,1,Australian Grand Prix,2025_01
ANT,Mercedes,38.0,5.0,HARD,5.0,True,4,False,10.0,16.3,19.2,71.0,False,4.0,139.681,False,57,2025,1,Australian Grand Prix,2025_01
ANT,Mercedes,39.0,5.0,HARD,6.0,True,4,False,10.0,16.3,19.2,68.0,False,3.9,131.642,False,57,2025,1,Australian Grand Prix,2025_01
ANT,Mercedes,40.0,5.0,HARD,7.0,True,4,False,10.0,16.4,19.2,69.0,False,4.6,129.615,False,57,2025,1,Australian Grand Prix,2025_01
ANT,Mercedes,41.0,5.0,HARD,8.0,True,41,False,10.0,16.4,19.3,69.0,False,3.6,126.22,False,57,2025,1,Australian Grand Prix,2025_01
ANT,Mercedes,42.0,5.0,HARD,9.0,True,1,True,10.0,16.5,19.3,69.0,False,3.9,87.505,False,57,2025,1,Australian Grand Prix,2025_01
ANT,Mercedes,43.0,5.0,HARD,10.0,True,1,True,10.0,16.6,19.3,68.0,False,5.1,84.901,False,57,2025,1,Australian Grand Prix,2025_01
ANT,Mercedes,44.0,5.0,HARD,11.0,True,12,False,11.0,16.6,19.3,75.0,False,1.3,108.276,True,57,2025,1,Australian Grand Prix,2025_01
ANT,Mercedes,45.0,6.0,INTERMEDIATE,1.0,True,21,False,11.0,16.4,19.3,76.0,True,2.5,95.593,True,57,2025,1,Australian Grand Prix,2025_01
ANT,Mercedes,46.0,6.0,INTERMEDIATE,2.0,True,1,True,8.0,15.9,19.3,80.0,True,1.4,90.78,False,57,2025,1,Australian Grand Prix,2025_01
ANT,Mercedes,47.0,6.0,INTERMEDIATE,3.0,True,124,False,5.0,15.5,19.3,80.0,True,2.1,125.75,False,57,2025,1,Australian Grand Prix,2025_01
ANT,Mercedes,48.0,6.0,INTERMEDIATE,4.0,True,4,False,5.0,15.2,18.8,81.0,True,1.3,118.429,False,57,2025,1,Australian Grand Prix,2025_01
ANT,Mercedes,49.0,6.0,INTERMEDIATE,5.0,True,4,False,5.0,15.1,18.8,83.0,True,0.7,144.964,False,57,2025,1,Australian Grand Prix,2025_01
ANT,Mercedes,50.0,6.0,INTERMEDIATE,6.0,True,4,False,5.0,15.1,18.8,83.0,False,1.3,140.284,False,57,2025,1,Australian Grand Prix,2025_01
ANT,Mercedes,51.0,6.0,INTERMEDIATE,7.0,True,41,False,5.0,15.2,18.8,83.0,False,1.5,132.971,False,57,2025,1,Australian Grand Prix,2025_01
ANT,Mercedes,52.0,6.0,INTERMEDIATE,8.0,True,1,True,5.0,15.1,18.7,78.0,False,1.4,95.008,False,57,2025,1,Australian Grand Prix,2025_01
ANT,Mercedes,53.0,6.0,INTERMEDIATE,9.0,True,1,True,5.0,15.2,18.7,77.0,False,1.6,91.398,False,57,2025,1,Australian Grand Prix,2025_01
ANT,Mercedes,54.0,6.0,INTERMEDIATE,10.0,True,1,True,5.0,15.6,18.7,75.0,False,2.6,90.562,False,57,2025,1,Australian Grand Prix,2025_01
ANT,Mercedes,55.0,6.0,INTERMEDIATE,11.0,True,1,True,5.0,15.8,18.7,76.0,False,1.3,90.602,False,57,2025,1,Australian Grand Prix,2025_01
ANT,Mercedes,56.0,6.0,INTERMEDIATE,12.0,True,1,True,4.0,16.0,18.7,71.0,False,1.2,88.149,False,57,2025,1,Australian Grand Prix,2025_01
ANT,Mercedes,57.0,6.0,INTERMEDIATE,13.0,True,1,True,4.0,16.1,18.7,72.0,False,0.8,88.65,False,57,2025,1,Australian Grand Prix,2025_01
ALO,Aston Martin,1.0,1.0,INTERMEDIATE,1.0,True,124,False,10.0,15.7,19.2,74.0,False,3.9,137.178,False,57,2025,1,Australian Grand Prix,2025_01
ALO,Aston Martin,2.0,1.0,INTERMEDIATE,2.0,True,4,False,10.0,15.8,19.2,75.0,True,5.2,,True,57,2025,1,Australian Grand Prix,2025_01
ALO,Aston Martin,3.0,2.0,INTERMEDIATE,3.0,False,4,False,10.0,15.8,19.2,76.0,False,3.0,,True,57,2025,1,Australian Grand Prix,2025_01
ALO,Aston Martin,4.0,3.0,INTERMEDIATE,4.0,False,4,False,10.0,15.8,19.0,74.0,True,3.3,,True,57,2025,1,Australian Grand Prix,2025_01
ALO,Aston Martin,5.0,4.0,INTERMEDIATE,5.0,False,4,False,10.0,15.9,19.0,76.0,True,3.5,142.181,True,57,2025,1,Australian Grand Prix,2025_01
ALO,Aston Martin,6.0,4.0,INTERMEDIATE,6.0,False,4,False,10.0,15.8,19.0,75.0,False,3.9,139.493,False,57,2025,1,Australian Grand Prix,2025_01
ALO,Aston Martin,7.0,4.0,INTERMEDIATE,7.0,False,41,False,10.0,15.9,19.0,76.0,False,3.3,125.594,False,57,2025,1,Australian Grand Prix,2025_01
ALO,Aston Martin,8.0,4.0,INTERMEDIATE,8.0,False,1,True,10.0,15.9,19.1,76.0,False,1.9,98.354,False,57,2025,1,Australian Grand Prix,2025_01
ALO,Aston Martin,9.0,4.0,INTERMEDIATE,9.0,False,1,True,10.0,15.9,19.1,74.0,False,3.4,96.267,False,57,2025,1,Australian Grand Prix,2025_01
ALO,Aston Martin,10.0,4.0,INTERMEDIATE,10.0,False,1,True,10.0,15.9,19.1,76.0,False,2.5,95.569,False,57,2025,1,Australian Grand Prix,2025_01
ALO,Aston Martin,11.0,4.0,INTERMEDIATE,11.0,False,1,True,10.0,15.9,19.1,74.0,False,4.3,95.3,False,57,2025,1,Australian Grand Prix,2025_01
ALO,Aston Martin,12.0,4.0,INTERMEDIATE,12.0,False,1,True,10.0,16.0,19.3,75.0,False,2.6,94.076,False,57,2025,1,Australian Grand Prix,2025_01
ALO,Aston Martin,13.0,4.0,INTERMEDIATE,13.0,False,1,True,10.0,16.0,19.3,75.0,False,3.3,93.515,False,57,2025,1,Australian Grand Prix,2025_01
ALO,Aston Martin,14.0,4.0,INTERMEDIATE,14.0,False,1,True,10.0,16.0,19.3,74.0,True,3.4,92.664,False,57,2025,1,Australian Grand Prix,2025_01
ALO,Aston Martin,15.0,4.0,INTERMEDIATE,15.0,False,1,True,10.0,16.0,19.3,75.0,False,2.3,92.324,False,57,2025,1,Australian Grand Prix,2025_01
ALO,Aston Martin,16.0,4.0,INTERMEDIATE,16.0,False,1,True,10.0,16.0,19.3,73.0,True,2.6,92.521,False,57,2025,1,Australian Grand Prix,2025_01
ALO,Aston Martin,17.0,4.0,INTERMEDIATE,17.0,False,1,True,10.0,16.1,19.4,74.0,True,2.6,92.966,False,57,2025,1,Australian Grand Prix,2025_01
ALO,Aston Martin,18.0,4.0,INTERMEDIATE,18.0,False,1,True,10.0,16.0,19.4,73.0,True,3.8,92.698,False,57,2025,1,Australian Grand Prix,2025_01
ALO,Aston Martin,19.0,4.0,INTERMEDIATE,19.0,False,1,True,10.0,16.1,19.4,75.0,True,1.9,92.28,False,57,2025,1,Australian Grand Prix,2025_01
ALO,Aston Martin,20.0,4.0,INTERMEDIATE,20.0,False,1,True,10.0,16.0,19.4,74.0,True,3.0,92.61,False,57,2025,1,Australian Grand Prix,2025_01
ALO,Aston Martin,21.0,4.0,INTERMEDIATE,21.0,False,1,True,10.0,16.0,19.4,75.0,True,2.5,92.545,False,57,2025,1,Australian Grand Prix,2025_01
ALO,Aston Martin,22.0,4.0,INTERMEDIATE,22.0,False,1,True,10.0,16.0,19.2,76.0,True,3.8,93.282,False,57,2025,1,Australian Grand Prix,2025_01
ALO,Aston Martin,23.0,4.0,INTERMEDIATE,23.0,False,1,True,10.0,15.9,19.2,76.0,True,2.4,92.51,False,57,2025,1,Australian Grand Prix,2025_01
ALO,Aston Martin,24.0,4.0,INTERMEDIATE,24.0,False,1,True,10.0,15.8,19.2,77.0,False,2.6,91.665,False,57,2025,1,Australian Grand Prix,2025_01
ALO,Aston Martin,25.0,4.0,INTERMEDIATE,25.0,False,1,True,10.0,15.7,19.2,75.0,False,3.6,91.761,False,57,2025,1,Australian Grand Prix,2025_01
ALO,Aston Martin,26.0,4.0,INTERMEDIATE,26.0,False,1,True,10.0,15.7,19.2,78.0,True,2.4,91.343,False,57,2025,1,Australian Grand Prix,2025_01
ALO,Aston Martin,27.0,4.0,INTERMEDIATE,27.0,False,1,True,10.0,15.8,19.2,77.0,False,3.1,90.895,False,57,2025,1,Australian Grand Prix,2025_01
ALO,Aston Martin,28.0,4.0,INTERMEDIATE,28.0,False,1,True,10.0,15.7,19.1,77.0,False,2.5,90.652,False,57,2025,1,Australian Grand Prix,2025_01
ALO,Aston Martin,29.0,4.0,INTERMEDIATE,29.0,False,1,True,10.0,15.7,19.1,78.0,False,2.3,89.718,False,57,2025,1,Australian Grand Prix,2025_01
ALO,Aston Martin,30.0,4.0,INTERMEDIATE,30.0,False,1,True,10.0,15.7,19.1,77.0,False,3.1,89.374,False,57,2025,1,Australian Grand Prix,2025_01
ALO,Aston Martin,31.0,4.0,INTERMEDIATE,31.0,False,1,True,10.0,15.8,19.1,77.0,False,2.5,88.85,False,57,2025,1,Australian Grand Prix,2025_01
ALO,Aston Martin,32.0,4.0,INTERMEDIATE,32.0,False,1,True,10.0,15.8,19.1,71.0,False,4.4,88.819,False,57,2025,1,Australian Grand Prix,2025_01
ALO,Aston Martin,33.0,4.0,INTERMEDIATE,33.0,False,124,False,,15.9,19.0,71.0,False,4.3,,False,57,2025,1,Australian Grand Prix,2025_01
LEC,Ferrari,1.0,1.0,INTERMEDIATE,1.0,True,124,False,5.0,15.7,19.2,74.0,False,3.9,128.48,False,57,2025,1,Australian Grand Prix,2025_01
LEC,Ferrari,2.0,1.0,INTERMEDIATE,2.0,True,4,False,5.0,15.8,19.2,75.0,True,5.2,,True,57,2025,1,Australian Grand Prix,2025_01
LEC,Ferrari,3.0,2.0,INTERMEDIATE,3.0,False,4,False,5.0,15.8,19.2,76.0,False,3.0,,True,57,2025,1,Australian Grand Prix,2025_01
LEC,Ferrari,4.0,3.0,INTERMEDIATE,4.0,False,4,False,5.0,15.8,19.0,74.0,True,3.3,,True,57,2025,1,Australian Grand Prix,2025_01
LEC,Ferrari,5.0,4.0,INTERMEDIATE,5.0,False,4,False,5.0,15.9,19.0,76.0,True,3.5,142.597,True,57,2025,1,Australian Grand Prix,2025_01
LEC,Ferrari,6.0,4.0,INTERMEDIATE,6.0,False,4,False,5.0,15.8,19.0,75.0,False,3.9,138.85,False,57,2025,1,Australian Grand Prix,2025_01
LEC,Ferrari,7.0,4.0,INTERMEDIATE,7.0,False,41,False,5.0,15.9,19.0,76.0,False,3.3,133.209,False,57,2025,1,Australian Grand Prix,2025_01
LEC,Ferrari,8.0,4.0,INTERMEDIATE,8.0,False,1,True,5.0,15.9,19.1,76.0,False,1.9,98.19,False,57,2025,1,Australian Grand Prix,2025_01
LEC,Ferrari,9.0,4.0,INTERMEDIATE,9.0,False,1,True,5.0,15.9,19.1,74.0,False,3.4,94.933,False,57,2025,1,Australian Grand Prix,2025_01
LEC,Ferrari,10.0,4.0,INTERMEDIATE,10.0,False,1,True,5.0,15.9,19.1,76.0,False,2.5,93.539,False,57,2025,1,Australian Grand Prix,2025_01
LEC,Ferrari,11.0,4.0,INTERMEDIATE,11.0,False,1,True,5.0,15.9,19.1,74.0,False,4.3,94.251,False,57,2025,1,Australian Grand Prix,2025_01
LEC,Ferrari,12.0,4.0,INTERMEDIATE,12.0,False,1,True,5.0,16.0,19.3,75.0,False,2.6,93.536,False,57,2025,1,Australian Grand Prix,2025_01
LEC,Ferrari,13.0,4.0,INTERMEDIATE,13.0,False,1,True,5.0,15.9,19.3,74.0,False,3.1,92.198,False,57,2025,1,Australian Grand Prix,2025_01
LEC,Ferrari,14.0,4.0,INTERMEDIATE,14.0,False,1,True,5.0,16.0,19.3,74.0,True,3.4,92.448,False,57,2025,1,Australian Grand Prix,2025_01
LEC,Ferrari,15.0,4.0,INTERMEDIATE,15.0,False,1,True,5.0,16.0,19.3,75.0,True,2.8,91.846,False,57,2025,1,Australian Grand Prix,2025_01
LEC,Ferrari,16.0,4.0,INTERMEDIATE,16.0,False,1,True,5.0,16.0,19.3,73.0,True,2.6,91.832,False,57,2025,1,Australian Grand Prix,2025_01
LEC,Ferrari,17.0,4.0,INTERMEDIATE,17.0,False,1,True,5.0,16.1,19.4,74.0,True,2.6,92.502,False,57,2025,1,Australian Grand Prix,2025_01
LEC,Ferrari,18.0,4.0,INTERMEDIATE,18.0,False,1,True,5.0,16.0,19.4,73.0,True,3.8,92.614,False,57,2025,1,Australian Grand Prix,2025_01
LEC,Ferrari,19.0,4.0,INTERMEDIATE,19.0,False,1,True,5.0,16.1,19.4,75.0,True,1.9,91.861,False,57,2025,1,Australian Grand Prix,2025_01
LEC,Ferrari,20.0,4.0,INTERMEDIATE,20.0,False,1,True,5.0,16.0,19.4,74.0,True,3.0,91.756,False,57,2025,1,Australian Grand Prix,2025_01
LEC,Ferrari,21.0,4.0,INTERMEDIATE,21.0,False,1,True,5.0,16.0,19.4,75.0,True,2.5,91.159,False,57,2025,1,Australian Grand Prix,2025_01
LEC,Ferrari,22.0,4.0,INTERMEDIATE,22.0,False,1,True,5.0,16.0,19.2,76.0,True,3.8,90.695,False,57,2025,1,Australian Grand Prix,2025_01
LEC,Ferrari,23.0,4.0,INTERMEDIATE,23.0,False,1,True,5.0,15.9,19.2,76.0,True,2.4,91.551,False,57,2025,1,Australian Grand Prix,2025_01
LEC,Ferrari,24.0,4.0,INTERMEDIATE,24.0,False,1,True,5.0,15.9,19.2,76.0,True,2.0,90.732,False,57,2025,1,Australian Grand Prix,2025_01
LEC,Ferrari,25.0,4.0,INTERMEDIATE,25.0,False,1,True,5.0,15.7,19.2,75.0,False,3.6,90.251,False,57,2025,1,Australian Grand Prix,2025_01
LEC,Ferrari,26.0,4.0,INTERMEDIATE,26.0,False,1,True,5.0,15.7,19.2,76.0,False,3.7,90.34,False,57,2025,1,Australian Grand Prix,2025_01
LEC,Ferrari,27.0,4.0,INTERMEDIATE,27.0,False,1,True,5.0,15.8,19.2,77.0,False,3.1,90.563,False,57,2025,1,Australian Grand Prix,2025_01
LEC,Ferrari,28.0,4.0,INTERMEDIATE,28.0,False,1,True,5.0,15.7,19.1,77.0,False,3.2,89.723,False,57,2025,1,Australian Grand Prix,2025_01
LEC,Ferrari,29.0,4.0,INTERMEDIATE,29.0,False,1,True,5.0,15.7,19.1,78.0,False,2.3,89.492,False,57,2025,1,Australian Grand Prix,2025_01
LEC,Ferrari,30.0,4.0,INTERMEDIATE,30.0,False,1,True,5.0,15.7,19.1,77.0,False,2.7,89.367,False,57,2025,1,Australian Grand Prix,2025_01
LEC,Ferrari,31.0,4.0,INTERMEDIATE,31.0,False,1,True,5.0,15.8,19.1,77.0,False,2.5,89.546,False,57,2025,1,Australian Grand Prix,2025_01
LEC,Ferrari,32.0,4.0,INTERMEDIATE,32.0,False,1,True,5.0,15.8,19.1,77.0,False,2.1,89.337,False,57,2025,1,Australian Grand Prix,2025_01
LEC,Ferrari,33.0,4.0,INTERMEDIATE,33.0,False,124,False,5.0,15.9,19.0,71.0,False,4.3,93.966,False,57,2025,1,Australian Grand Prix,2025_01
LEC,Ferrari,34.0,4.0,INTERMEDIATE,34.0,False,4,False,5.0,15.9,19.0,71.0,False,1.2,133.905,True,57,2025,1,Australian Grand Prix,2025_01
LEC,Ferrari,35.0,5.0,HARD,2.0,False,4,False,5.0,16.1,19.0,70.0,False,4.9,126.872,True,57,2025,1,Australian Grand Prix,2025_01
LEC,Ferrari,36.0,5.0,HARD,3.0,False,4,False,5.0,16.1,19.0,71.0,False,3.9,102.406,False,57,2025,1,Australian Grand Prix,2025_01
LEC,Ferrari,37.0,5.0,HARD,4.0,False,4,False,5.0,16.1,19.2,71.0,False,3.7,148.223,False,57,2025,1,Australian Grand Prix,2025_01
LEC,Ferrari,38.0,5.0,HARD,5.0,False,4,False,5.0,16.3,19.2,71.0,False,4.0,139.475,False,57,2025,1,Australian Grand Prix,2025_01
LEC,Ferrari,39.0,5.0,HARD,6.0,False,4,False,5.0,16.3,19.2,68.0,False,3.9,131.723,False,57,2025,1,Australian Grand Prix,2025_01
LEC,Ferrari,40.0,5.0,HARD,7.0,False,4,False,5.0,16.4,19.2,69.0,False,4.6,131.985,False,57,2025,1,Australian Grand Prix,2025_01
LEC,Ferrari,41.0,5.0,HARD,8.0,False,41,False,5.0,16.4,19.3,69.0,False,3.6,128.829,False,57,2025,1,Australian Grand Prix,2025_01
LEC,Ferrari,42.0,5.0,HARD,9.0,False,1,True,5.0,16.5,19.3,69.0,False,3.9,86.831,False,57,2025,1,Australian Grand Prix,2025_01
LEC,Ferrari,43.0,5.0,HARD,10.0,False,1,True,6.0,16.6,19.3,68.0,False,5.1,85.271,False,57,2025,1,Australian Grand Prix,2025_01
LEC,Ferrari,44.0,5.0,HARD,11.0,False,12,True,5.0,16.6,19.3,75.0,False,1.3,96.363,False,57,2025,1,Australian Grand Prix,2025_01
LEC,Ferrari,45.0,5.0,HARD,12.0,False,21,True,5.0,16.4,19.3,76.0,True,2.5,91.269,False,57,2025,1,Australian Grand Prix,2025_01
LEC,Ferrari,46.0,5.0,HARD,13.0,False,1,True,2.0,15.9,19.3,80.0,True,1.4,96.429,False,57,2025,1,Australian Grand Prix,2025_01
LEC,Ferrari,47.0,5.0,HARD,14.0,False,124,False,10.0,15.7,19.3,80.0,True,1.8,,True,57,2025,1,Australian Grand Prix,2025_01
LEC,Ferrari,48.0,6.0,INTERMEDIATE,1.0,True,4,False,10.0,15.2,18.8,81.0,True,1.3,116.044,True,57,2025,1,Australian Grand Prix,2025_01
LEC,Ferrari,49.0,6.0,INTERMEDIATE,2.0,True,4,False,10.0,15.1,18.8,83.0,True,0.7,142.777,False,57,2025,1,Australian Grand Prix,2025_01
LEC,Ferrari,50.0,6.0,INTERMEDIATE,3.0,True,4,False,10.0,15.1,18.8,83.0,False,1.3,139.782,False,57,2025,1,Australian Grand Prix,2025_01
LEC,Ferrari,51.0,6.0,INTERMEDIATE,4.0,True,41,False,10.0,15.2,18.8,83.0,False,1.5,127.996,False,57,2025,1,Australian Grand Prix,2025_01
LEC,Ferrari,52.0,6.0,INTERMEDIATE,5.0,True,1,True,9.0,15.1,18.7,78.0,False,1.4,96.38,False,57,2025,1,Australian Grand Prix,2025_01
LEC,Ferrari,53.0,6.0,INTERMEDIATE,6.0,True,1,True,9.0,15.2,18.7,77.0,False,1.6,92.731,False,57,2025,1,Australian Grand Prix,2025_01
LEC,Ferrari,54.0,6.0,INTERMEDIATE,7.0,True,1,True,8.0,15.6,18.7,75.0,False,2.6,91.082,False,57,2025,1,Australian Grand Prix,2025_01
LEC,Ferrari,55.0,6.0,INTERMEDIATE,8.0,True,1,True,8.0,15.8,18.7,76.0,False,1.3,89.975,False,57,2025,1,Australian Grand Prix,2025_01
LEC,Ferrari,56.0,6.0,INTERMEDIATE,9.0,True,1,True,8.0,16.0,18.7,71.0,False,1.2,89.801,False,57,2025,1,Australian Grand Prix,2025_01
LEC,Ferrari,57.0,6.0,INTERMEDIATE,10.0,True,1,True,8.0,16.1,18.7,72.0,False,0.8,90.964,False,57,2025,1,Australian Grand Prix,2025_01
STR,Aston Martin,1.0,1.0,INTERMEDIATE,1.0,True,124,False,11.0,15.7,19.2,74.0,False,3.9,139.485,False,57,2025,1,Australian Grand Prix,2025_01
STR,Aston Martin,2.0,1.0,INTERMEDIATE,2.0,True,4,False,11.0,15.8,19.2,75.0,True,5.2,,True,57,2025,1,Australian Grand Prix,2025_01
STR,Aston Martin,3.0,2.0,INTERMEDIATE,1.0,True,4,False,11.0,15.8,19.2,75.0,True,5.1,,True,57,2025,1,Australian Grand Prix,2025_01
STR,Aston Martin,4.0,3.0,INTERMEDIATE,1.0,True,4,False,11.0,15.8,19.0,74.0,True,3.3,,True,57,2025,1,Australian Grand Prix,2025_01
STR,Aston Martin,5.0,4.0,INTERMEDIATE,1.0,True,4,False,11.0,15.9,19.0,76.0,True,3.5,140.409,True,57,2025,1,Australian Grand Prix,2025_01
STR,Aston Martin,6.0,4.0,INTERMEDIATE,2.0,True,4,False,11.0,15.8,19.0,75.0,False,3.9,140.973,False,57,2025,1,Australian Grand Prix,2025_01
STR,Aston Martin,7.0,4.0,INTERMEDIATE,3.0,True,41,False,11.0,15.9,19.1,75.0,False,4.7,124.687,False,57,2025,1,Australian Grand Prix,2025_01
STR,Aston Martin,8.0,4.0,INTERMEDIATE,4.0,True,1,True,11.0,15.9,19.1,76.0,False,1.9,98.664,False,57,2025,1,Australian Grand Prix,2025_01
STR,Aston Martin,9.0,4.0,INTERMEDIATE,5.0,True,1,True,11.0,15.9,19.1,74.0,False,3.4,96.253,False,57,2025,1,Australian Grand Prix,2025_01
STR,Aston Martin,10.0,4.0,INTERMEDIATE,6.0,True,1,True,11.0,15.9,19.1,76.0,False,2.5,95.14,False,57,2025,1,Australian Grand Prix,2025_01
STR,Aston Martin,11.0,4.0,INTERMEDIATE,7.0,True,1,True,11.0,15.9,19.1,74.0,False,4.3,94.972,False,57,2025,1,Australian Grand Prix,2025_01
STR,Aston Martin,12.0,4.0,INTERMEDIATE,8.0,True,1,True,11.0,16.0,19.3,75.0,False,2.6,94.426,False,57,2025,1,Australian Grand Prix,2025_01
STR,Aston Martin,13.0,4.0,INTERMEDIATE,9.0,True,1,True,11.0,16.0,19.3,75.0,False,3.3,93.899,False,57,2025,1,Australian Grand Prix,2025_01
STR,Aston Martin,14.0,4.0,INTERMEDIATE,10.0,True,1,True,11.0,16.0,19.3,74.0,True,3.4,93.097,False,57,2025,1,Australian Grand Prix,2025_01
STR,Aston Martin,15.0,4.0,INTERMEDIATE,11.0,True,1,True,11.0,16.0,19.3,75.0,False,2.3,92.382,False,57,2025,1,Australian Grand Prix,2025_01
STR,Aston Martin,16.0,4.0,INTERMEDIATE,12.0,True,1,True,11.0,16.0,19.3,73.0,True,2.6,92.554,False,57,2025,1,Australian Grand Prix,2025_01
STR,Aston Martin,17.0,4.0,INTERMEDIATE,13.0,True,1,True,11.0,16.1,19.4,74.0,True,2.6,93.388,False,57,2025,1,Australian Grand Prix,2025_01
STR,Aston Martin,18.0,4.0,INTERMEDIATE,14.0,True,1,True,11.0,16.0,19.4,73.0,True,3.8,93.631,False,57,2025,1,Australian Grand Prix,2025_01
STR,Aston Martin,19.0,4.0,INTERMEDIATE,15.0,True,1,True,11.0,16.1,19.4,75.0,True,1.9,92.684,False,57,2025,1,Australian Grand Prix,2025_01
STR,Aston Martin,20.0,4.0,INTERMEDIATE,16.0,True,1,True,11.0,16.0,19.4,74.0,True,3.0,92.58,False,57,2025,1,Australian Grand Prix,2025_01
STR,Aston Martin,21.0,4.0,INTERMEDIATE,17.0,True,1,True,11.0,16.0,19.4,75.0,True,2.5,92.429,False,57,2025,1,Australian Grand Prix,2025_01
STR,Aston Martin,22.0,4.0,INTERMEDIATE,18.0,True,1,True,12.0,15.9,19.2,75.0,True,3.4,94.269,False,57,2025,1,Australian Grand Prix,2025_01
STR,Aston Martin,23.0,4.0,INTERMEDIATE,19.0,True,1,True,12.0,15.9,19.2,76.0,True,2.4,92.643,False,57,2025,1,Australian Grand Prix,2025_01
STR,Aston Martin,24.0,4.0,INTERMEDIATE,20.0,True,1,True,12.0,15.8,19.2,77.0,False,2.6,92.102,False,57,2025,1,Australian Grand Prix,2025_01
STR,Aston Martin,25.0,4.0,INTERMEDIATE,21.0,True,1,True,12.0,15.7,19.2,75.0,False,3.6,92.092,False,57,2025,1,Australian Grand Prix,2025_01
STR,Aston Martin,26.0,4.0,INTERMEDIATE,22.0,True,1,True,12.0,15.7,19.2,78.0,True,2.4,91.547,False,57,2025,1,Australian Grand Prix,2025_01
STR,Aston Martin,27.0,4.0,INTERMEDIATE,23.0,True,1,True,12.0,15.8,19.2,77.0,False,3.1,91.408,False,57,2025,1,Australian Grand Prix,2025_01
STR,Aston Martin,28.0,4.0,INTERMEDIATE,24.0,True,1,True,12.0,15.7,19.1,77.0,False,2.5,90.725,False,57,2025,1,Australian Grand Prix,2025_01
STR,Aston Martin,29.0,4.0,INTERMEDIATE,25.0,True,1,True,12.0,15.7,19.1,78.0,False,2.3,90.935,False,57,2025,1,Australian Grand Prix,2025_01
STR,Aston Martin,30.0,4.0,INTERMEDIATE,26.0,True,1,True,12.0,15.7,19.1,77.0,False,3.1,90.853,False,57,2025,1,Australian Grand Prix,2025_01
STR,Aston Martin,31.0,4.0,INTERMEDIATE,27.0,True,1,True,12.0,15.8,19.1,77.0,False,2.5,91.077,False,57,2025,1,Australian Grand Prix,2025_01
STR,Aston Martin,32.0,4.0,INTERMEDIATE,28.0,True,1,True,12.0,15.8,19.1,71.0,False,4.4,90.657,False,57,2025,1,Australian Grand Prix,2025_01
STR,Aston Martin,33.0,4.0,INTERMEDIATE,29.0,True,124,False,11.0,15.9,19.0,71.0,False,4.3,122.766,True,57,2025,1,Australian Grand Prix,2025_01
STR,Aston Martin,34.0,5.0,HARD,2.0,False,4,False,11.0,16.1,19.0,71.0,False,3.6,124.993,True,57,2025,1,Australian Grand Prix,2025_01
STR,Aston Martin,35.0,5.0,HARD,3.0,False,4,False,11.0,16.1,19.0,70.0,False,4.9,105.462,False,57,2025,1,Australian Grand Prix,2025_01
STR,Aston Martin,36.0,5.0,HARD,4.0,False,4,False,11.0,16.1,19.0,71.0,False,3.9,99.85,False,57,2025,1,Australian Grand Prix,2025_01
STR,Aston Martin,37.0,5.0,HARD,5.0,False,4,False,11.0,16.2,19.2,70.0,False,3.1,126.301,False,57,2025,1,Australian Grand Prix,2025_01
STR,Aston Martin,38.0,5.0,HARD,6.0,False,4,False,11.0,16.3,19.2,71.0,False,4.0,140.07,False,57,2025,1,Australian Grand Prix,2025_01
STR,Aston Martin,39.0,5.0,HARD,7.0,False,4,False,11.0,16.3,19.2,68.0,False,3.9,131.9,False,57,2025,1,Australian Grand Prix,2025_01
STR,Aston Martin,40.0,5.0,HARD,8.0,False,4,False,11.0,16.4,19.2,68.0,False,3.7,129.9,False,57,2025,1,Australian Grand Prix,2025_01
STR,Aston Martin,41.0,5.0,HARD,9.0,False,41,False,11.0,16.4,19.3,69.0,False,3.6,124.101,False,57,2025,1,Australian Grand Prix,2025_01
STR,Aston Martin,42.0,5.0,HARD,10.0,False,1,True,11.0,16.5,19.3,69.0,False,3.9,87.301,False,57,2025,1,Australian Grand Prix,2025_01
STR,Aston Martin,43.0,5.0,HARD,11.0,False,1,True,11.0,16.6,19.3,68.0,False,5.1,85.538,False,57,2025,1,Australian Grand Prix,2025_01
STR,Aston Martin,44.0,5.0,HARD,12.0,False,12,False,10.0,16.6,19.3,75.0,False,1.3,104.738,True,57,2025,1,Australian Grand Prix,2025_01
STR,Aston Martin,45.0,6.0,INTERMEDIATE,1.0,True,21,False,10.0,16.4,19.3,76.0,True,2.5,97.256,True,57,2025,1,Australian Grand Prix,2025_01
STR,Aston Martin,46.0,6.0,INTERMEDIATE,2.0,True,1,True,10.0,15.9,19.3,80.0,True,1.4,92.361,False,57,2025,1,Australian Grand Prix,2025_01
STR,Aston Martin,47.0,6.0,INTERMEDIATE,3.0,True,124,False,6.0,15.5,19.3,80.0,True,2.1,125.678,False,57,2025,1,Australian Grand Prix,2025_01
STR,Aston Martin,48.0,6.0,INTERMEDIATE,4.0,True,4,False,6.0,15.2,18.8,81.0,True,1.3,119.297,False,57,2025,1,Australian Grand Prix,2025_01
STR,Aston Martin,49.0,6.0,INTERMEDIATE,5.0,True,4,False,6.0,15.1,18.8,83.0,True,0.7,145.123,False,57,2025,1,Australian Grand Prix,2025_01
STR,Aston Martin,50.0,6.0,INTERMEDIATE,6.0,True,4,False,6.0,15.1,18.8,83.0,False,1.3,139.57,False,57,2025,1,Australian Grand Prix,2025_01
STR,Aston Martin,51.0,6.0,INTERMEDIATE,7.0,True,41,False,6.0,15.2,18.8,83.0,False,1.5,133.847,False,57,2025,1,Australian Grand Prix,2025_01
STR,Aston Martin,52.0,6.0,INTERMEDIATE,8.0,True,1,True,6.0,15.1,18.7,78.0,False,1.4,95.395,False,57,2025,1,Australian Grand Prix,2025_01
STR,Aston Martin,53.0,6.0,INTERMEDIATE,9.0,True,1,True,6.0,15.2,18.7,77.0,False,1.6,91.558,False,57,2025,1,Australian Grand Prix,2025_01
STR,Aston Martin,54.0,6.0,INTERMEDIATE,10.0,True,1,True,6.0,15.6,18.7,75.0,False,2.6,90.794,False,57,2025,1,Australian Grand Prix,2025_01
STR,Aston Martin,55.0,6.0,INTERMEDIATE,11.0,True,1,True,6.0,15.8,18.7,76.0,False,1.3,90.387,False,57,2025,1,Australian Grand Prix,2025_01
STR,Aston Martin,56.0,6.0,INTERMEDIATE,12.0,True,1,True,6.0,16.0,18.7,71.0,False,1.2,90.323,False,57,2025,1,Australian Grand Prix,2025_01
STR,Aston Martin,57.0,6.0,INTERMEDIATE,13.0,True,1,True,6.0,16.1,18.7,72.0,False,0.8,90.957,False,57,2025,1,Australian Grand Prix,2025_01
TSU,Racing Bulls,1.0,1.0,INTERMEDIATE,1.0,True,124,False,6.0,15.7,19.2,74.0,False,3.9,130.655,False,57,2025,1,Australian Grand Prix,2025_01
TSU,Racing Bulls,2.0,1.0,INTERMEDIATE,2.0,True,4,False,6.0,15.8,19.2,75.0,True,5.2,,True,57,2025,1,Australian Grand Prix,2025_01
TSU,Racing Bulls,3.0,2.0,INTERMEDIATE,3.0,False,4,False,6.0,15.8,19.2,76.0,False,3.0,,True,57,2025,1,Australian Grand Prix,2025_01
TSU,Racing Bulls,4.0,3.0,INTERMEDIATE,4.0,False,4,False,6.0,15.8,19.0,74.0,True,3.3,,True,57,2025,1,Australian Grand Prix,2025_01
TSU,Racing Bulls,5.0,4.0,INTERMEDIATE,5.0,False,4,False,6.0,15.9,19.0,76.0,True,3.5,141.441,True,57,2025,1,Australian Grand Prix,2025_01
TSU,Racing Bulls,6.0,4.0,INTERMEDIATE,6.0,False,4,False,6.0,15.8,19.0,75.0,False,3.9,139.381,False,57,2025,1,Australian Grand Prix,2025_01
TSU,Racing Bulls,7.0,4.0,INTERMEDIATE,7.0,False,41,False,6.0,15.9,19.0,76.0,False,3.3,131.451,False,57,2025,1,Australian Grand Prix,2025_01
TSU,Racing Bulls,8.0,4.0,INTERMEDIATE,8.0,False,1,True,6.0,15.9,19.1,76.0,False,1.9,98.464,False,57,2025,1,Australian Grand Prix,2025_01
TSU,Racing Bulls,9.0,4.0,INTERMEDIATE,9.0,False,1,True,6.0,15.9,19.1,74.0,False,3.4,95.409,False,57,2025,1,Australian Grand Prix,2025_01
TSU,Racing Bulls,10.0,4.0,INTERMEDIATE,10.0,False,1,True,6.0,15.9,19.1,76.0,False,2.5,94.433,False,57,2025,1,Australian Grand Prix,2025_01
TSU,Racing Bulls,11.0,4.0,INTERMEDIATE,11.0,False,1,True,6.0,15.9,19.1,74.0,False,4.3,94.136,False,57,2025,1,Australian Grand Prix,2025_01
TSU,Racing Bulls,12.0,4.0,INTERMEDIATE,12.0,False,1,True,6.0,16.0,19.3,75.0,False,2.6,93.273,False,57,2025,1,Australian Grand Prix,2025_01
TSU,Racing Bulls,13.0,4.0,INTERMEDIATE,13.0,False,1,True,6.0,15.9,19.3,74.0,False,3.1,92.762,False,57,2025,1,Australian Grand Prix,2025_01
TSU,Racing Bulls,14.0,4.0,INTERMEDIATE,14.0,False,1,True,6.0,16.0,19.3,74.0,True,3.4,92.434,False,57,2025,1,Australian Grand Prix,2025_01
TSU,Racing Bulls,15.0,4.0,INTERMEDIATE,15.0,False,1,True,6.0,16.0,19.3,75.0,False,2.3,92.545,False,57,2025,1,Australian Grand Prix,2025_01
TSU,Racing Bulls,16.0,4.0,INTERMEDIATE,16.0,False,1,True,6.0,16.0,19.3,73.0,True,2.6,92.133,False,57,2025,1,Australian Grand Prix,2025_01
TSU,Racing Bulls,17.0,4.0,INTERMEDIATE,17.0,False,1,True,6.0,16.1,19.4,74.0,True,2.6,92.645,False,57,2025,1,Australian Grand Prix,2025_01
TSU,Racing Bulls,18.0,4.0,INTERMEDIATE,18.0,False,1,True,6.0,16.0,19.4,73.0,True,3.8,93.444,False,57,2025,1,Australian Grand Prix,2025_01
TSU,Racing Bulls,19.0,4.0,INTERMEDIATE,19.0,False,1,True,6.0,16.1,19.4,75.0,True,1.9,93.496,False,57,2025,1,Australian Grand Prix,2025_01
TSU,Racing Bulls,20.0,4.0,INTERMEDIATE,20.0,False,1,True,6.0,16.0,19.4,74.0,True,3.0,92.549,False,57,2025,1,Australian Grand Prix,2025_01
TSU,Racing Bulls,21.0,4.0,INTERMEDIATE,21.0,False,1,True,6.0,16.0,19.4,75.0,True,2.5,92.012,False,57,2025,1,Australian Grand Prix,2025_01
TSU,Racing Bulls,22.0,4.0,INTERMEDIATE,22.0,False,1,True,6.0,16.0,19.2,76.0,True,3.8,91.567,False,57,2025,1,Australian Grand Prix,2025_01
TSU,Racing Bulls,23.0,4.0,INTERMEDIATE,23.0,False,1,True,6.0,15.9,19.2,76.0,True,2.4,91.793,False,57,2025,1,Australian Grand Prix,2025_01
TSU,Racing Bulls,24.0,4.0,INTERMEDIATE,24.0,False,1,True,6.0,15.9,19.2,76.0,True,2.0,91.38,False,57,2025,1,Australian Grand Prix,2025_01
TSU,Racing Bulls,25.0,4.0,INTERMEDIATE,25.0,False,1,True,6.0,15.7,19.2,75.0,False,3.6,91.38,False,57,2025,1,Australian Grand Prix,2025_01
TSU,Racing Bulls,26.0,4.0,INTERMEDIATE,26.0,False,1,True,6.0,15.7,19.2,76.0,False,3.7,91.205,False,57,2025,1,Australian Grand Prix,2025_01
TSU,Racing Bulls,27.0,4.0,INTERMEDIATE,27.0,False,1,True,6.0,15.8,19.2,77.0,False,3.1,91.066,False,57,2025,1,Australian Grand Prix,2025_01
TSU,Racing Bulls,28.0,4.0,INTERMEDIATE,28.0,False,1,True,6.0,15.7,19.1,77.0,False,3.2,90.709,False,57,2025,1,Australian Grand Prix,2025_01
TSU,Racing Bulls,29.0,4.0,INTERMEDIATE,29.0,False,1,True,6.0,15.7,19.1,78.0,False,2.3,90.031,False,57,2025,1,Australian Grand Prix,2025_01
TSU,Racing Bulls,30.0,4.0,INTERMEDIATE,30.0,False,1,True,6.0,15.7,19.1,77.0,False,3.1,90.184,False,57,2025,1,Australian Grand Prix,2025_01
TSU,Racing Bulls,31.0,4.0,INTERMEDIATE,31.0,False,1,True,6.0,15.8,19.1,77.0,False,2.5,90.082,False,57,2025,1,Australian Grand Prix,2025_01
TSU,Racing Bulls,32.0,4.0,INTERMEDIATE,32.0,False,1,True,6.0,15.8,19.1,71.0,False,4.4,90.492,False,57,2025,1,Australian Grand Prix,2025_01
TSU,Racing Bulls,33.0,4.0,INTERMEDIATE,33.0,False,124,False,6.0,15.9,19.0,71.0,False,4.3,110.651,True,57,2025,1,Australian Grand Prix,2025_01
TSU,Racing Bulls,34.0,5.0,MEDIUM,1.0,True,4,False,6.0,16.1,19.0,71.0,False,3.6,146.811,True,57,2025,1,Australian Grand Prix,2025_01
TSU,Racing Bulls,35.0,5.0,MEDIUM,2.0,True,4,False,6.0,16.1,19.0,70.0,False,4.9,102.362,False,57,2025,1,Australian Grand Prix,2025_01
TSU,Racing Bulls,36.0,5.0,MEDIUM,3.0,True,4,False,6.0,16.1,19.0,71.0,False,3.9,99.366,False,57,2025,1,Australian Grand Prix,2025_01
TSU,Racing Bulls,37.0,5.0,MEDIUM,4.0,True,4,False,6.0,16.2,19.2,70.0,False,3.1,131.741,False,57,2025,1,Australian Grand Prix,2025_01
TSU,Racing Bulls,38.0,5.0,MEDIUM,5.0,True,4,False,6.0,16.3,19.2,71.0,False,4.0,139.231,False,57,2025,1,Australian Grand Prix,2025_01
TSU,Racing Bulls,39.0,5.0,MEDIUM,6.0,True,4,False,6.0,16.3,19.2,68.0,False,3.9,131.98,False,57,2025,1,Australian Grand Prix,2025_01
TSU,Racing Bulls,40.0,5.0,MEDIUM,7.0,True,4,False,6.0,16.4,19.2,69.0,False,4.6,131.829,False,57,2025,1,Australian Grand Prix,2025_01
TSU,Racing Bulls,41.0,5.0,MEDIUM,8.0,True,41,False,6.0,16.4,19.3,69.0,False,3.6,127.526,False,57,2025,1,Australian Grand Prix,2025_01
TSU,Racing Bulls,42.0,5.0,MEDIUM,9.0,True,1,True,6.0,16.5,19.3,69.0,False,3.9,87.146,False,57,2025,1,Australian Grand Prix,2025_01
TSU,Racing Bulls,43.0,5.0,MEDIUM,10.0,True,1,True,5.0,16.6,19.3,68.0,False,5.1,84.194,False,57,2025,1,Australian Grand Prix,2025_01
TSU,Racing Bulls,44.0,5.0,MEDIUM,11.0,True,12,True,2.0,16.6,19.3,75.0,False,1.3,88.252,False,57,2025,1,Australian Grand Prix,2025_01
TSU,Racing Bulls,45.0,5.0,MEDIUM,12.0,True,21,True,3.0,16.4,19.3,76.0,True,2.5,95.983,False,57,2025,1,Australian Grand Prix,2025_01
TSU,Racing Bulls,46.0,5.0,MEDIUM,13.0,True,1,True,4.0,15.9,19.3,80.0,True,1.4,100.978,False,57,2025,1,Australian Grand Prix,2025_01
TSU,Racing Bulls,47.0,5.0,MEDIUM,14.0,True,124,False,11.0,15.7,19.3,80.0,True,1.8,,True,57,2025,1,Australian Grand Prix,2025_01
TSU,Racing Bulls,48.0,6.0,INTERMEDIATE,1.0,True,4,False,11.0,15.2,18.8,81.0,True,1.3,116.286,True,57,2025,1,Australian Grand Prix,2025_01
TSU,Racing Bulls,49.0,6.0,INTERMEDIATE,2.0,True,4,False,11.0,15.1,18.8,83.0,True,0.7,142.564,False,57,2025,1,Australian Grand Prix,2025_01
TSU,Racing Bulls,50.0,6.0,INTERMEDIATE,3.0,True,4,False,11.0,15.1,18.8,83.0,False,1.3,140.101,False,57,2025,1,Australian Grand Prix,2025_01
TSU,Racing Bulls,51.0,6.0,INTERMEDIATE,4.0,True,41,False,11.0,15.1,18.8,81.0,False,1.8,127.055,False,57,2025,1,Australian Grand Prix,2025_01
TSU,Racing Bulls,52.0,6.0,INTERMEDIATE,5.0,True,1,True,11.0,15.1,18.7,78.0,False,1.4,97.809,False,57,2025,1,Australian Grand Prix,2025_01
TSU,Racing Bulls,53.0,6.0,INTERMEDIATE,6.0,True,1,True,12.0,15.2,18.7,77.0,False,1.6,94.836,False,57,2025,1,Australian Grand Prix,2025_01
TSU,Racing Bulls,54.0,6.0,INTERMEDIATE,7.0,True,1,True,12.0,15.6,18.7,75.0,False,2.6,92.363,False,57,2025,1,Australian Grand Prix,2025_01
TSU,Racing Bulls,55.0,6.0,INTERMEDIATE,8.0,True,1,True,12.0,15.8,18.7,76.0,False,1.3,91.891,False,57,2025,1,Australian Grand Prix,2025_01
TSU,Racing Bulls,56.0,6.0,INTERMEDIATE,9.0,True,1,True,12.0,16.0,18.7,71.0,False,1.2,91.524,False,57,2025,1,Australian Grand Prix,2025_01
TSU,Racing Bulls,57.0,6.0,INTERMEDIATE,10.0,True,1,True,12.0,16.1,18.7,72.0,False,0.8,91.511,False,57,2025,1,Australian Grand Prix,2025_01
ALB,Williams,1.0,1.0,INTERMEDIATE,1.0,True,124,False,7.0,15.7,19.2,74.0,False,3.9,132.195,False,57,2025,1,Australian Grand Prix,2025_01
ALB,Williams,2.0,1.0,INTERMEDIATE,2.0,True,4,False,7.0,15.8,19.2,75.0,True,5.2,,True,57,2025,1,Australian Grand Prix,2025_01
ALB,Williams,3.0,2.0,INTERMEDIATE,1.0,True,4,False,7.0,15.8,19.2,76.0,False,3.0,,True,57,2025,1,Australian Grand Prix,2025_01
ALB,Williams,4.0,3.0,INTERMEDIATE,2.0,False,4,False,7.0,15.8,19.0,74.0,True,3.3,,True,57,2025,1,Australian Grand Prix,2025_01
ALB,Williams,5.0,4.0,INTERMEDIATE,3.0,False,4,False,7.0,15.9,19.0,76.0,True,3.5,142.084,True,57,2025,1,Australian Grand Prix,2025_01
ALB,Williams,6.0,4.0,INTERMEDIATE,4.0,False,4,False,7.0,15.8,19.0,75.0,False,3.9,139.612,False,57,2025,1,Australian Grand Prix,2025_01
ALB,Williams,7.0,4.0,INTERMEDIATE,5.0,False,41,False,7.0,15.9,19.0,76.0,False,3.3,129.065,False,57,2025,1,Australian Grand Prix,2025_01
ALB,Williams,8.0,4.0,INTERMEDIATE,6.0,False,1,True,7.0,15.9,19.1,76.0,False,1.9,98.281,False,57,2025,1,Australian Grand Prix,2025_01
ALB,Williams,9.0,4.0,INTERMEDIATE,7.0,False,1,True,7.0,15.9,19.1,74.0,False,3.4,96.3,False,57,2025,1,Australian Grand Prix,2025_01
ALB,Williams,10.0,4.0,INTERMEDIATE,8.0,False,1,True,7.0,15.9,19.1,76.0,False,2.5,94.494,False,57,2025,1,Australian Grand Prix,2025_01
ALB,Williams,11.0,4.0,INTERMEDIATE,9.0,False,1,True,7.0,15.9,19.1,74.0,False,4.3,94.206,False,57,2025,1,Australian Grand Prix,2025_01
ALB,Williams,12.0,4.0,INTERMEDIATE,10.0,False,1,True,7.0,16.0,19.3,75.0,False,2.6,93.713,False,57,2025,1,Australian Grand Prix,2025_01
ALB,Williams,13.0,4.0,INTERMEDIATE,11.0,False,1,True,7.0,15.9,19.3,74.0,False,3.1,93.153,False,57,2025,1,Australian Grand Prix,2025_01
ALB,Williams,14.0,4.0,INTERMEDIATE,12.0,False,1,True,7.0,16.0,19.3,74.0,True,3.4,92.717,False,57,2025,1,Australian Grand Prix,2025_01
ALB,Williams,15.0,4.0,INTERMEDIATE,13.0,False,1,True,7.0,16.0,19.3,75.0,False,2.3,92.733,False,57,2025,1,Australian Grand Prix,2025_01
ALB,Williams,16.0,4.0,INTERMEDIATE,14.0,False,1,True,7.0,16.0,19.3,73.0,True,2.6,92.464,False,57,2025,1,Australian Grand Prix,2025_01
ALB,Williams,17.0,4.0,INTERMEDIATE,15.0,False,1,True,7.0,16.1,19.4,74.0,True,2.6,93.088,False,57,2025,1,Australian Grand Prix,2025_01
ALB,Williams,18.0,4.0,INTERMEDIATE,16.0,False,1,True,7.0,16.0,19.4,73.0,True,3.8,92.981,False,57,2025,1,Australian Grand Prix,2025_01
ALB,Williams,19.0,4.0,INTERMEDIATE,17.0,False,1,True,7.0,16.1,19.4,75.0,True,1.9,93.051,False,57,2025,1,Australian Grand Prix,2025_01
ALB,Williams,20.0,4.0,INTERMEDIATE,18.0,False,1,True,7.0,16.0,19.4,74.0,True,3.0,92.356,False,57,2025,1,Australian Grand Prix,2025_01
ALB,Williams,21.0,4.0,INTERMEDIATE,19.0,False,1,True,7.0,16.0,19.4,75.0,True,2.5,92.036,False,57,2025,1,Australian Grand Prix,2025_01
ALB,Williams,22.0,4.0,INTERMEDIATE,20.0,False,1,True,7.0,16.0,19.2,76.0,True,3.8,92.053,False,57,2025,1,Australian Grand Prix,2025_01
ALB,Williams,23.0,4.0,INTERMEDIATE,21.0,False,1,True,7.0,15.9,19.2,76.0,True,2.4,91.75,False,57,2025,1,Australian Grand Prix,2025_01
ALB,Williams,24.0,4.0,INTERMEDIATE,22.0,False,1,True,7.0,15.9,19.2,76.0,True,2.0,91.868,False,57,2025,1,Australian Grand Prix,2025_01
ALB,Williams,25.0,4.0,INTERMEDIATE,23.0,False,1,True,7.0,15.7,19.2,75.0,False,3.6,91.014,False,57,2025,1,Australian Grand Prix,2025_01
ALB,Williams,26.0,4.0,INTERMEDIATE,24.0,False,1,True,7.0,15.7,19.2,78.0,True,2.4,91.309,False,57,2025,1,Australian Grand Prix,2025_01
ALB,Williams,27.0,4.0,INTERMEDIATE,25.0,False,1,True,7.0,15.8,19.2,77.0,False,3.1,90.452,False,57,2025,1,Australian Grand Prix,2025_01
ALB,Williams,28.0,4.0,INTERMEDIATE,26.0,False,1,True,7.0,15.7,19.1,77.0,False,2.5,90.332,False,57,2025,1,Australian Grand Prix,2025_01
ALB,Williams,29.0,4.0,INTERMEDIATE,27.0,False,1,True,7.0,15.7,19.1,78.0,False,2.3,90.023,False,57,2025,1,Australian Grand Prix,2025_01
ALB,Williams,30.0,4.0,INTERMEDIATE,28.0,False,1,True,7.0,15.7,19.1,77.0,False,3.1,89.628,False,57,2025,1,Australian Grand Prix,2025_01
ALB,Williams,31.0,4.0,INTERMEDIATE,29.0,False,1,True,7.0,15.8,19.1,77.0,False,2.5,90.053,False,57,2025,1,Australian Grand Prix,2025_01
ALB,Williams,32.0,4.0,INTERMEDIATE,30.0,False,1,True,7.0,15.8,19.1,71.0,False,4.4,90.186,False,57,2025,1,Australian Grand Prix,2025_01
ALB,Williams,33.0,4.0,INTERMEDIATE,31.0,False,124,False,7.0,15.9,19.0,71.0,False,4.3,110.179,True,57,2025,1,Australian Grand Prix,2025_01
ALB,Williams,34.0,5.0,MEDIUM,1.0,True,4,False,7.0,16.1,19.0,71.0,False,3.6,147.472,True,57,2025,1,Australian Grand Prix,2025_01
ALB,Williams,35.0,5.0,MEDIUM,2.0,True,4,False,7.0,16.1,19.0,70.0,False,4.9,102.979,False,57,2025,1,Australian Grand Prix,2025_01
ALB,Williams,36.0,5.0,MEDIUM,3.0,True,4,False,7.0,16.1,19.0,71.0,False,3.9,102.745,False,57,2025,1,Australian Grand Prix,2025_01
ALB,Williams,37.0,5.0,MEDIUM,4.0,True,4,False,7.0,16.2,19.2,70.0,False,3.1,127.286,False,57,2025,1,Australian Grand Prix,2025_01
ALB,Williams,38.0,5.0,MEDIUM,5.0,True,4,False,7.0,16.3,19.2,71.0,False,4.0,139.137,False,57,2025,1,Australian Grand Prix,2025_01
ALB,Williams,39.0,5.0,MEDIUM,6.0,True,4,False,7.0,16.3,19.2,68.0,False,3.9,132.043,False,57,2025,1,Australian Grand Prix,2025_01
ALB,Williams,40.0,5.0,MEDIUM,7.0,True,4,False,7.0,16.4,19.2,69.0,False,4.6,131.839,False,57,2025,1,Australian Grand Prix,2025_01
ALB,Williams,41.0,5.0,MEDIUM,8.0,True,41,False,7.0,16.4,19.3,69.0,False,3.6,127.143,False,57,2025,1,Australian Grand Prix,2025_01
ALB,Williams,42.0,5.0,MEDIUM,9.0,True,1,True,7.0,16.5,19.3,69.0,False,3.9,87.127,False,57,2025,1,Australian Grand Prix,2025_01
ALB,Williams,43.0,5.0,MEDIUM,10.0,True,1,True,7.0,16.6,19.3,68.0,False,5.1,84.597,False,57,2025,1,Australian Grand Prix,2025_01
ALB,Williams,44.0,5.0,MEDIUM,11.0,True,12,False,9.0,16.6,19.3,75.0,False,1.3,105.335,True,57,2025,1,Australian Grand Prix,2025_01
ALB,Williams,45.0,6.0,INTERMEDIATE,1.0,True,21,False,9.0,16.4,19.3,76.0,True,2.5,96.573,True,57,2025,1,Australian Grand Prix,2025_01
ALB,Williams,46.0,6.0,INTERMEDIATE,2.0,True,1,True,7.0,15.9,19.3,80.0,True,1.4,92.795,False,57,2025,1,Australian Grand Prix,2025_01
ALB,Williams,47.0,6.0,INTERMEDIATE,3.0,True,124,False,4.0,15.7,19.3,80.0,True,1.8,125.49,False,57,2025,1,Australian Grand Prix,2025_01
ALB,Williams,48.0,6.0,INTERMEDIATE,4.0,True,4,False,4.0,15.2,18.8,81.0,True,1.3,119.008,False,57,2025,1,Australian Grand Prix,2025_01
ALB,Williams,49.0,6.0,INTERMEDIATE,5.0,True,4,False,4.0,15.1,18.8,83.0,True,0.7,144.662,False,57,2025,1,Australian Grand Prix,2025_01
ALB,Williams,50.0,6.0,INTERMEDIATE,6.0,True,4,False,4.0,15.1,18.8,83.0,False,1.3,141.482,False,57,2025,1,Australian Grand Prix,2025_01
ALB,Williams,51.0,6.0,INTERMEDIATE,7.0,True,41,False,4.0,15.2,18.8,83.0,False,1.5,133.177,False,57,2025,1,Australian Grand Prix,2025_01
ALB,Williams,52.0,6.0,INTERMEDIATE,8.0,True,1,True,4.0,15.1,18.7,78.0,False,1.4,94.996,False,57,2025,1,Australian Grand Prix,2025_01
ALB,Williams,53.0,6.0,INTERMEDIATE,9.0,True,1,True,4.0,15.2,18.7,77.0,False,1.6,91.917,False,57,2025,1,Australian Grand Prix,2025_01
ALB,Williams,54.0,6.0,INTERMEDIATE,10.0,True,1,True,4.0,15.6,18.7,75.0,False,2.6,90.587,False,57,2025,1,Australian Grand Prix,2025_01
ALB,Williams,55.0,6.0,INTERMEDIATE,11.0,True,1,True,4.0,15.8,18.7,76.0,False,1.3,90.301,False,57,2025,1,Australian Grand Prix,2025_01
ALB,Williams,56.0,6.0,INTERMEDIATE,12.0,True,1,True,5.0,16.0,18.7,71.0,False,1.2,90.298,False,57,2025,1,Australian Grand Prix,2025_01
ALB,Williams,57.0,6.0,INTERMEDIATE,13.0,True,1,True,5.0,16.1,18.7,72.0,False,0.8,89.944,False,57,2025,1,Australian Grand Prix,2025_01
HUL,Kick Sauber,1.0,1.0,INTERMEDIATE,1.0,True,124,False,12.0,15.7,19.2,74.0,False,3.9,141.221,False,57,2025,1,Australian Grand Prix,2025_01
HUL,Kick Sauber,2.0,1.0,INTERMEDIATE,2.0,True,4,False,12.0,15.8,19.2,75.0,True,5.2,,True,57,2025,1,Australian Grand Prix,2025_01
HUL,Kick Sauber,3.0,2.0,INTERMEDIATE,3.0,False,4,False,12.0,15.8,19.2,75.0,True,5.1,,True,57,2025,1,Australian Grand Prix,2025_01
HUL,Kick Sauber,4.0,3.0,INTERMEDIATE,4.0,False,4,False,12.0,15.8,19.0,74.0,True,3.3,,True,57,2025,1,Australian Grand Prix,2025_01
HUL,Kick Sauber,5.0,4.0,INTERMEDIATE,5.0,False,4,False,12.0,15.9,19.0,76.0,True,3.5,139.058,True,57,2025,1,Australian Grand Prix,2025_01
HUL,Kick Sauber,6.0,4.0,INTERMEDIATE,6.0,False,4,False,12.0,15.8,19.0,75.0,False,3.9,141.111,False,57,2025,1,Australian Grand Prix,2025_01
HUL,Kick Sauber,7.0,4.0,INTERMEDIATE,7.0,False,41,False,12.0,15.9,19.1,75.0,False,4.7,124.116,False,57,2025,1,Australian Grand Prix,2025_01
HUL,Kick Sauber,8.0,4.0,INTERMEDIATE,8.0,False,1,True,12.0,15.9,19.1,76.0,False,1.9,98.959,False,57,2025,1,Australian Grand Prix,2025_01
HUL,Kick Sauber,9.0,4.0,INTERMEDIATE,9.0,False,1,True,12.0,15.9,19.1,74.0,False,3.4,96.51,False,57,2025,1,Australian Grand Prix,2025_01
HUL,Kick Sauber,10.0,4.0,INTERMEDIATE,10.0,False,1,True,12.0,15.9,19.1,76.0,False,2.5,95.044,False,57,2025,1,Australian Grand Prix,2025_01
HUL,Kick Sauber,11.0,4.0,INTERMEDIATE,11.0,False,1,True,12.0,15.9,19.1,74.0,False,4.3,94.99,False,57,2025,1,Australian Grand Prix,2025_01
HUL,Kick Sauber,12.0,4.0,INTERMEDIATE,12.0,False,1,True,12.0,16.0,19.3,75.0,False,2.6,94.989,False,57,2025,1,Australian Grand Prix,2025_01
HUL,Kick Sauber,13.0,4.0,INTERMEDIATE,13.0,False,1,True,12.0,16.0,19.3,75.0,False,3.3,94.064,False,57,2025,1,Australian Grand Prix,2025_01
HUL,Kick Sauber,14.0,4.0,INTERMEDIATE,14.0,False,1,True,13.0,16.0,19.3,74.0,True,3.4,95.018,False,57,2025,1,Australian Grand Prix,2025_01
HUL,Kick Sauber,15.0,4.0,INTERMEDIATE,15.0,False,1,True,13.0,16.0,19.3,75.0,False,2.3,93.611,False,57,2025,1,Australian Grand Prix,2025_01
HUL,Kick Sauber,16.0,4.0,INTERMEDIATE,16.0,False,1,True,12.0,16.0,19.3,73.0,True,2.6,93.856,False,57,2025,1,Australian Grand Prix,2025_01
HUL,Kick Sauber,17.0,4.0,INTERMEDIATE,17.0,False,1,True,13.0,16.1,19.4,74.0,True,2.6,94.817,False,57,2025,1,Australian Grand Prix,2025_01
HUL,Kick Sauber,18.0,4.0,INTERMEDIATE,18.0,False,1,True,13.0,16.0,19.4,73.0,True,3.8,93.796,False,57,2025,1,Australian Grand Prix,2025_01
HUL,Kick Sauber,19.0,4.0,INTERMEDIATE,19.0,False,1,True,13.0,16.1,19.4,75.0,True,1.9,93.52,False,57,2025,1,Australian Grand Prix,2025_01
HUL,Kick Sauber,20.0,4.0,INTERMEDIATE,20.0,False,1,True,13.0,16.0,19.4,74.0,True,3.7,93.867,False,57,2025,1,Australian Grand Prix,2025_01
HUL,Kick Sauber,21.0,4.0,INTERMEDIATE,21.0,False,1,True,13.0,16.0,19.4,75.0,True,2.5,93.22,False,57,2025,1,Australian Grand Prix,2025_01
HUL,Kick Sauber,22.0,4.0,INTERMEDIATE,22.0,False,1,True,13.0,15.9,19.2,75.0,True,3.4,93.185,False,57,2025,1,Australian Grand Prix,2025_01
HUL,Kick Sauber,23.0,4.0,INTERMEDIATE,23.0,False,1,True,13.0,15.9,19.2,76.0,True,2.4,92.765,False,57,2025,1,Australian Grand Prix,2025_01
HUL,Kick Sauber,24.0,4.0,INTERMEDIATE,24.0,False,1,True,13.0,15.8,19.2,77.0,False,2.6,92.469,False,57,2025,1,Australian Grand Prix,2025_01
HUL,Kick Sauber,25.0,4.0,INTERMEDIATE,25.0,False,1,True,13.0,15.7,19.2,75.0,False,3.6,91.975,False,57,2025,1,Australian Grand Prix,2025_01
HUL,Kick Sauber,26.0,4.0,INTERMEDIATE,26.0,False,1,True,13.0,15.7,19.2,78.0,True,2.4,91.81,False,57,2025,1,Australian Grand Prix,2025_01
HUL,Kick Sauber,27.0,4.0,INTERMEDIATE,27.0,False,1,True,13.0,15.8,19.2,77.0,False,3.1,91.118,False,57,2025,1,Australian Grand Prix,2025_01
HUL,Kick Sauber,28.0,4.0,INTERMEDIATE,28.0,False,1,True,13.0,15.7,19.1,77.0,False,2.5,90.801,False,57,2025,1,Australian Grand Prix,2025_01
HUL,Kick Sauber,29.0,4.0,INTERMEDIATE,29.0,False,1,True,13.0,15.7,19.1,78.0,False,2.3,90.378,False,57,2025,1,Australian Grand Prix,2025_01
HUL,Kick Sauber,30.0,4.0,INTERMEDIATE,30.0,False,1,True,13.0,15.7,19.1,77.0,False,3.1,90.691,False,57,2025,1,Australian Grand Prix,2025_01
HUL,Kick Sauber,31.0,4.0,INTERMEDIATE,31.0,False,1,True,13.0,15.8,19.1,77.0,False,2.5,90.071,False,57,2025,1,Australian Grand Prix,2025_01
HUL,Kick Sauber,32.0,4.0,INTERMEDIATE,32.0,False,1,True,13.0,15.8,19.1,71.0,False,4.4,90.109,False,57,2025,1,Australian Grand Prix,2025_01
HUL,Kick Sauber,33.0,4.0,INTERMEDIATE,33.0,False,124,False,12.0,15.9,19.0,71.0,False,4.3,125.643,True,57,2025,1,Australian Grand Prix,2025_01
HUL,Kick Sauber,34.0,5.0,MEDIUM,1.0,True,4,False,12.0,16.1,19.0,71.0,False,2.9,124.547,True,57,2025,1,Australian Grand Prix,2025_01
HUL,Kick Sauber,35.0,5.0,MEDIUM,2.0,True,4,False,12.0,16.1,19.0,72.0,False,2.5,103.738,False,57,2025,1,Australian Grand Prix,2025_01
HUL,Kick Sauber,36.0,5.0,MEDIUM,3.0,True,4,False,12.0,16.1,19.0,71.0,False,3.9,99.268,False,57,2025,1,Australian Grand Prix,2025_01
HUL,Kick Sauber,37.0,5.0,MEDIUM,4.0,True,4,False,12.0,16.2,19.2,70.0,False,3.1,120.019,False,57,2025,1,Australian Grand Prix,2025_01
HUL,Kick Sauber,38.0,5.0,MEDIUM,5.0,True,4,False,12.0,16.3,19.2,71.0,False,4.0,139.971,False,57,2025,1,Australian Grand Prix,2025_01
HUL,Kick Sauber,39.0,5.0,MEDIUM,6.0,True,4,False,12.0,16.3,19.2,68.0,False,3.9,131.714,False,57,2025,1,Australian Grand Prix,2025_01
HUL,Kick Sauber,40.0,5.0,MEDIUM,7.0,True,4,False,12.0,16.4,19.2,68.0,False,3.7,130.024,False,57,2025,1,Australian Grand Prix,2025_01
HUL,Kick Sauber,41.0,5.0,MEDIUM,8.0,True,41,False,12.0,16.4,19.3,69.0,False,3.6,123.528,False,57,2025,1,Australian Grand Prix,2025_01
HUL,Kick Sauber,42.0,5.0,MEDIUM,9.0,True,1,True,12.0,16.5,19.3,69.0,False,3.9,87.472,False,57,2025,1,Australian Grand Prix,2025_01
HUL,Kick Sauber,43.0,5.0,MEDIUM,10.0,True,1,True,12.0,16.6,19.3,68.0,False,5.1,85.243,False,57,2025,1,Australian Grand Prix,2025_01
HUL,Kick Sauber,44.0,5.0,MEDIUM,11.0,True,12,False,12.0,16.6,19.3,75.0,False,1.3,106.696,True,57,2025,1,Australian Grand Prix,2025_01
HUL,Kick Sauber,45.0,6.0,INTERMEDIATE,1.0,True,21,False,12.0,16.4,19.3,76.0,True,2.5,97.137,True,57,2025,1,Australian Grand Prix,2025_01
HUL,Kick Sauber,46.0,6.0,INTERMEDIATE,2.0,True,1,True,12.0,15.9,19.3,80.0,True,1.4,91.21,False,57,2025,1,Australian Grand Prix,2025_01
HUL,Kick Sauber,47.0,6.0,INTERMEDIATE,3.0,True,124,False,7.0,15.5,19.3,80.0,True,2.1,125.179,False,57,2025,1,Australian Grand Prix,2025_01
HUL,Kick Sauber,48.0,6.0,INTERMEDIATE,4.0,True,4,False,7.0,15.2,18.8,81.0,True,1.3,120.075,False,57,2025,1,Australian Grand Prix,2025_01
HUL,Kick Sauber,49.0,6.0,INTERMEDIATE,5.0,True,4,False,7.0,15.1,18.8,83.0,True,0.7,144.804,False,57,2025,1,Australian Grand Prix,2025_01
HUL,Kick Sauber,50.0,6.0,INTERMEDIATE,6.0,True,4,False,7.0,15.1,18.8,83.0,False,1.3,139.444,False,57,2025,1,Australian Grand Prix,2025_01
HUL,Kick Sauber,51.0,6.0,INTERMEDIATE,7.0,True,41,False,7.0,15.2,18.8,83.0,False,1.5,132.717,False,57,2025,1,Australian Grand Prix,2025_01
HUL,Kick Sauber,52.0,6.0,INTERMEDIATE,8.0,True,1,True,7.0,15.1,18.7,78.0,False,1.4,95.935,False,57,2025,1,Australian Grand Prix,2025_01
HUL,Kick Sauber,53.0,6.0,INTERMEDIATE,9.0,True,1,True,7.0,15.2,18.7,77.0,False,1.6,91.815,False,57,2025,1,Australian Grand Prix,2025_01
HUL,Kick Sauber,54.0,6.0,INTERMEDIATE,10.0,True,1,True,7.0,15.6,18.7,75.0,False,2.6,90.994,False,57,2025,1,Australian Grand Prix,2025_01
HUL,Kick Sauber,55.0,6.0,INTERMEDIATE,11.0,True,1,True,7.0,15.8,18.7,76.0,False,1.3,90.437,False,57,2025,1,Australian Grand Prix,2025_01
HUL,Kick Sauber,56.0,6.0,INTERMEDIATE,12.0,True,1,True,7.0,16.0,18.7,71.0,False,1.2,90.36,False,57,2025,1,Australian Grand Prix,2025_01
HUL,Kick Sauber,57.0,6.0,INTERMEDIATE,13.0,True,1,True,7.0,16.1,18.7,72.0,False,0.8,90.86,False,57,2025,1,Australian Grand Prix,2025_01
LAW,Red Bull Racing,1.0,1.0,INTERMEDIATE,1.0,False,124,False,16.0,15.7,19.2,74.0,False,3.9,148.795,True,57,2025,1,Australian Grand Prix,2025_01
LAW,Red Bull Racing,2.0,1.0,INTERMEDIATE,2.0,False,4,False,16.0,15.8,19.2,75.0,True,5.2,,True,57,2025,1,Australian Grand Prix,2025_01
LAW,Red Bull Racing,3.0,2.0,INTERMEDIATE,3.0,False,4,False,16.0,15.8,19.2,75.0,True,5.1,,True,57,2025,1,Australian Grand Prix,2025_01
LAW,Red Bull Racing,4.0,3.0,INTERMEDIATE,1.0,False,4,False,16.0,15.8,19.0,74.0,True,3.3,,True,57,2025,1,Australian Grand Prix,2025_01
LAW,Red Bull Racing,5.0,4.0,INTERMEDIATE,4.0,False,4,False,16.0,15.9,19.0,76.0,True,3.5,131.293,True,57,2025,1,Australian Grand Prix,2025_01
LAW,Red Bull Racing,6.0,4.0,INTERMEDIATE,5.0,False,4,False,16.0,15.8,19.0,75.0,False,3.9,141.609,False,57,2025,1,Australian Grand Prix,2025_01
LAW,Red Bull Racing,7.0,4.0,INTERMEDIATE,6.0,False,41,False,16.0,15.9,19.1,75.0,False,4.7,122.216,False,57,2025,1,Australian Grand Prix,2025_01
LAW,Red Bull Racing,8.0,4.0,INTERMEDIATE,7.0,False,1,True,16.0,15.9,19.1,76.0,False,1.9,100.582,False,57,2025,1,Australian Grand Prix,2025_01
LAW,Red Bull Racing,9.0,4.0,INTERMEDIATE,8.0,False,1,True,16.0,15.9,19.1,74.0,False,3.4,98.439,False,57,2025,1,Australian Grand Prix,2025_01
LAW,Red Bull Racing,10.0,4.0,INTERMEDIATE,9.0,False,1,True,16.0,15.9,19.1,76.0,False,2.5,96.614,False,57,2025,1,Australian Grand Prix,2025_01
LAW,Red Bull Racing,11.0,4.0,INTERMEDIATE,10.0,False,1,True,16.0,16.0,19.1,74.0,False,3.6,95.174,False,57,2025,1,Australian Grand Prix,2025_01
LAW,Red Bull Racing,12.0,4.0,INTERMEDIATE,11.0,False,1,True,16.0,16.0,19.3,75.0,False,2.6,94.064,False,57,2025,1,Australian Grand Prix,2025_01
LAW,Red Bull Racing,13.0,4.0,INTERMEDIATE,12.0,False,1,True,16.0,16.0,19.3,75.0,False,3.3,94.316,False,57,2025,1,Australian Grand Prix,2025_01
LAW,Red Bull Racing,14.0,4.0,INTERMEDIATE,13.0,False,1,True,16.0,16.0,19.3,74.0,True,3.4,93.617,False,57,2025,1,Australian Grand Prix,2025_01
LAW,Red Bull Racing,15.0,4.0,INTERMEDIATE,14.0,False,1,True,16.0,16.0,19.3,75.0,False,2.3,93.502,False,57,2025,1,Australian Grand Prix,2025_01
LAW,Red Bull Racing,16.0,4.0,INTERMEDIATE,15.0,False,1,True,16.0,16.0,19.3,73.0,True,2.6,93.915,False,57,2025,1,Australian Grand Prix,2025_01
LAW,Red Bull Racing,17.0,4.0,INTERMEDIATE,16.0,False,1,True,16.0,16.1,19.4,74.0,True,2.6,94.575,False,57,2025,1,Australian Grand Prix,2025_01
LAW,Red Bull Racing,18.0,4.0,INTERMEDIATE,17.0,False,1,True,16.0,16.0,19.4,74.0,True,3.9,95.002,False,57,2025,1,Australian Grand Prix,2025_01
LAW,Red Bull Racing,19.0,4.0,INTERMEDIATE,18.0,False,1,True,15.0,16.1,19.4,75.0,True,1.9,94.695,False,57,2025,1,Australian Grand Prix,2025_01
LAW,Red Bull Racing,20.0,4.0,INTERMEDIATE,19.0,False,1,True,15.0,16.0,19.4,74.0,True,3.7,93.497,False,57,2025,1,Australian Grand Prix,2025_01
LAW,Red Bull Racing,21.0,4.0,INTERMEDIATE,20.0,False,1,True,15.0,16.0,19.4,75.0,True,2.5,92.883,False,57,2025,1,Australian Grand Prix,2025_01
LAW,Red Bull Racing,22.0,4.0,INTERMEDIATE,21.0,False,1,True,15.0,15.9,19.2,75.0,True,3.4,92.08,False,57,2025,1,Australian Grand Prix,2025_01
LAW,Red Bull Racing,23.0,4.0,INTERMEDIATE,22.0,False,1,True,15.0,15.9,19.2,76.0,True,2.4,92.622,False,57,2025,1,Australian Grand Prix,2025_01
LAW,Red Bull Racing,24.0,4.0,INTERMEDIATE,23.0,False,1,True,15.0,15.8,19.2,77.0,False,2.6,92.155,False,57,2025,1,Australian Grand Prix,2025_01
LAW,Red Bull Racing,25.0,4.0,INTERMEDIATE,24.0,False,1,True,15.0,15.7,19.2,75.0,False,3.6,91.959,False,57,2025,1,Australian Grand Prix,2025_01
LAW,Red Bull Racing,26.0,4.0,INTERMEDIATE,25.0,False,1,True,15.0,15.7,19.2,78.0,True,2.4,91.129,False,57,2025,1,Australian Grand Prix,2025_01
LAW,Red Bull Racing,27.0,4.0,INTERMEDIATE,26.0,False,1,True,15.0,15.7,19.1,77.0,False,3.2,91.094,False,57,2025,1,Australian Grand Prix,2025_01
LAW,Red Bull Racing,28.0,4.0,INTERMEDIATE,27.0,False,1,True,15.0,15.7,19.1,77.0,False,2.5,91.084,False,57,2025,1,Australian Grand Prix,2025_01
LAW,Red Bull Racing,29.0,4.0,INTERMEDIATE,28.0,False,1,True,15.0,15.7,19.1,77.0,False,2.7,90.803,False,57,2025,1,Australian Grand Prix,2025_01
LAW,Red Bull Racing,30.0,4.0,INTERMEDIATE,29.0,False,1,True,15.0,15.7,19.1,77.0,False,3.1,91.312,False,57,2025,1,Australian Grand Prix,2025_01
LAW,Red Bull Racing,31.0,4.0,INTERMEDIATE,30.0,False,1,True,15.0,15.8,19.1,77.0,False,2.1,91.649,False,57,2025,1,Australian Grand Prix,2025_01
LAW,Red Bull Racing,32.0,4.0,INTERMEDIATE,31.0,False,1,True,15.0,15.8,19.1,71.0,False,4.4,93.76,False,57,2025,1,Australian Grand Prix,2025_01
LAW,Red Bull Racing,33.0,4.0,INTERMEDIATE,32.0,False,124,False,15.0,15.9,19.0,71.0,False,1.2,128.342,True,57,2025,1,Australian Grand Prix,2025_01
LAW,Red Bull Racing,34.0,5.0,MEDIUM,1.0,True,4,False,16.0,16.1,19.0,71.0,False,2.9,124.275,True,57,2025,1,Australian Grand Prix,2025_01
LAW,Red Bull Racing,35.0,5.0,MEDIUM,2.0,True,4,False,16.0,16.1,19.0,72.0,False,2.5,128.71,False,57,2025,1,Australian Grand Prix,2025_01
LAW,Red Bull Racing,36.0,5.0,MEDIUM,3.0,True,4,False,16.0,16.1,19.2,71.0,False,3.7,,False,57,2025,1,Australian Grand Prix,2025_01
LAW,Red Bull Racing,37.0,5.0,MEDIUM,4.0,True,4,False,16.0,16.3,19.2,71.0,False,4.0,137.76,False,57,2025,1,Australian Grand Prix,2025_01
LAW,Red Bull Racing,38.0,5.0,MEDIUM,5.0,True,4,False,16.0,16.3,19.2,68.0,False,3.9,133.353,False,57,2025,1,Australian Grand Prix,2025_01
LAW,Red Bull Racing,39.0,5.0,MEDIUM,6.0,True,4,False,14.0,16.4,19.2,69.0,False,4.6,108.534,False,57,2025,1,Australian Grand Prix,2025_01
LAW,Red Bull Racing,40.0,5.0,MEDIUM,7.0,True,4,False,14.0,16.4,19.2,68.0,False,4.8,91.05,False,57,2025,1,Australian Grand Prix,2025_01
LAW,Red Bull Racing,41.0,5.0,MEDIUM,8.0,True,41,False,14.0,16.5,19.3,70.0,False,4.7,86.446,False,57,2025,1,Australian Grand Prix,2025_01
LAW,Red Bull Racing,42.0,5.0,MEDIUM,9.0,True,1,True,14.0,16.5,19.3,69.0,False,3.9,84.098,False,57,2025,1,Australian Grand Prix,2025_01
LAW,Red Bull Racing,43.0,5.0,MEDIUM,10.0,True,1,True,14.0,16.6,19.3,68.0,False,5.1,82.97,False,57,2025,1,Australian Grand Prix,2025_01
LAW,Red Bull Racing,44.0,5.0,MEDIUM,11.0,True,12,True,7.0,16.6,19.3,75.0,False,1.3,86.332,False,57,2025,1,Australian Grand Prix,2025_01
LAW,Red Bull Racing,45.0,5.0,MEDIUM,12.0,True,21,True,7.0,16.4,19.3,76.0,True,2.5,97.844,False,57,2025,1,Australian Grand Prix,2025_01
LAW,Red Bull Racing,46.0,5.0,MEDIUM,13.0,True,1,True,9.0,15.9,19.3,80.0,True,1.4,99.457,False,57,2025,1,Australian Grand Prix,2025_01
LAW,Red Bull Racing,47.0,5.0,MEDIUM,14.0,True,124,False,,15.5,19.3,80.0,True,2.1,,False,57,2025,1,Australian Grand Prix,2025_01
OCO,Haas F1 Team,1.0,1.0,INTERMEDIATE,1.0,True,124,False,15.0,15.7,19.2,74.0,False,3.9,145.769,False,57,2025,1,Australian Grand Prix,2025_01
OCO,Haas F1 Team,2.0,1.0,INTERMEDIATE,2.0,True,4,False,15.0,15.8,19.2,75.0,True,5.2,,True,57,2025,1,Australian Grand Prix,2025_01
OCO,Haas F1 Team,3.0,2.0,INTERMEDIATE,3.0,False,4,False,15.0,15.8,19.2,75.0,True,5.1,,True,57,2025,1,Australian Grand Prix,2025_01
OCO,Haas F1 Team,4.0,3.0,INTERMEDIATE,4.0,False,4,False,15.0,15.8,19.0,74.0,True,3.3,,True,57,2025,1,Australian Grand Prix,2025_01
OCO,Haas F1 Team,5.0,4.0,INTERMEDIATE,1.0,True,4,False,15.0,15.9,19.0,76.0,True,3.5,130.528,True,57,2025,1,Australian Grand Prix,2025_01
OCO,Haas F1 Team,6.0,4.0,INTERMEDIATE,2.0,True,4,False,15.0,15.8,19.0,75.0,False,3.9,140.986,False,57,2025,1,Australian Grand Prix,2025_01
OCO,Haas F1 Team,7.0,4.0,INTERMEDIATE,3.0,True,41,False,15.0,15.9,19.1,75.0,False,4.7,123.018,False,57,2025,1,Australian Grand Prix,2025_01
OCO,Haas F1 Team,8.0,4.0,INTERMEDIATE,4.0,True,1,True,15.0,15.9,19.1,76.0,False,1.9,100.522,False,57,2025,1,Australian Grand Prix,2025_01
OCO,Haas F1 Team,9.0,4.0,INTERMEDIATE,5.0,True,1,True,15.0,15.9,19.1,74.0,False,3.4,98.049,False,57,2025,1,Australian Grand Prix,2025_01
OCO,Haas F1 Team,10.0,4.0,INTERMEDIATE,6.0,True,1,True,15.0,15.9,19.1,76.0,False,2.5,96.474,False,57,2025,1,Australian Grand Prix,2025_01
OCO,Haas F1 Team,11.0,4.0,INTERMEDIATE,7.0,True,1,True,15.0,16.0,19.1,74.0,False,3.6,95.696,False,57,2025,1,Australian Grand Prix,2025_01
OCO,Haas F1 Team,12.0,4.0,INTERMEDIATE,8.0,True,1,True,15.0,16.0,19.3,75.0,False,2.6,94.577,False,57,2025,1,Australian Grand Prix,2025_01
OCO,Haas F1 Team,13.0,4.0,INTERMEDIATE,9.0,True,1,True,15.0,16.0,19.3,75.0,False,3.3,93.936,False,57,2025,1,Australian Grand Prix,2025_01
OCO,Haas F1 Team,14.0,4.0,INTERMEDIATE,10.0,True,1,True,15.0,16.0,19.3,74.0,True,3.4,93.526,False,57,2025,1,Australian Grand Prix,2025_01
OCO,Haas F1 Team,15.0,4.0,INTERMEDIATE,11.0,True,1,True,15.0,16.0,19.3,75.0,False,2.3,93.703,False,57,2025,1,Australian Grand Prix,2025_01
OCO,Haas F1 Team,16.0,4.0,INTERMEDIATE,12.0,True,1,True,15.0,16.0,19.3,73.0,True,2.6,93.951,False,57,2025,1,Australian Grand Prix,2025_01
OCO,Haas F1 Team,17.0,4.0,INTERMEDIATE,13.0,True,1,True,15.0,16.1,19.4,74.0,True,2.6,94.737,False,57,2025,1,Australian Grand Prix,2025_01
OCO,Haas F1 Team,18.0,4.0,INTERMEDIATE,14.0,True,1,True,15.0,16.0,19.4,74.0,True,3.9,95.309,False,57,2025,1,Australian Grand Prix,2025_01
OCO,Haas F1 Team,19.0,4.0,INTERMEDIATE,15.0,True,1,True,16.0,16.1,19.4,75.0,True,1.9,96.266,False,57,2025,1,Australian Grand Prix,2025_01
OCO,Haas F1 Team,20.0,4.0,INTERMEDIATE,16.0,True,1,True,16.0,16.0,19.4,74.0,True,3.7,94.392,False,57,2025,1,Australian Grand Prix,2025_01
OCO,Haas F1 Team,21.0,4.0,INTERMEDIATE,17.0,True,1,True,16.0,16.0,19.4,75.0,True,2.5,93.391,False,57,2025,1,Australian Grand Prix,2025_01
OCO,Haas F1 Team,22.0,4.0,INTERMEDIATE,18.0,True,1,True,16.0,15.9,19.2,75.0,True,3.4,93.533,False,57,2025,1,Australian Grand Prix,2025_01
OCO,Haas F1 Team,23.0,4.0,INTERMEDIATE,19.0,True,1,True,16.0,15.9,19.2,76.0,True,2.4,93.338,False,57,2025,1,Australian Grand Prix,2025_01
OCO,Haas F1 Team,24.0,4.0,INTERMEDIATE,20.0,True,1,True,16.0,15.8,19.2,77.0,False,2.6,93.048,False,57,2025,1,Australian Grand Prix,2025_01
OCO,Haas F1 Team,25.0,4.0,INTERMEDIATE,21.0,True,1,True,16.0,15.7,19.2,76.0,False,3.7,92.538,False,57,2025,1,Australian Grand Prix,2025_01
OCO,Haas F1 Team,26.0,4.0,INTERMEDIATE,22.0,True,1,True,16.0,15.7,19.2,78.0,True,2.4,92.54,False,57,2025,1,Australian Grand Prix,2025_01
OCO,Haas F1 Team,27.0,4.0,INTERMEDIATE,23.0,True,1,True,16.0,15.7,19.1,77.0,False,3.2,92.302,False,57,2025,1,Australian Grand Prix,2025_01
OCO,Haas F1 Team,28.0,4.0,INTERMEDIATE,24.0,True,1,True,16.0,15.7,19.1,77.0,False,2.5,92.21,False,57,2025,1,Australian Grand Prix,2025_01
OCO,Haas F1 Team,29.0,4.0,INTERMEDIATE,25.0,True,1,True,16.0,15.7,19.1,77.0,False,2.7,93.743,False,57,2025,1,Australian Grand Prix,2025_01
OCO,Haas F1 Team,30.0,4.0,INTERMEDIATE,26.0,True,1,True,16.0,15.7,19.1,77.0,False,3.1,91.501,False,57,2025,1,Australian Grand Prix,2025_01
OCO,Haas F1 Team,31.0,4.0,INTERMEDIATE,27.0,True,1,True,16.0,15.8,19.1,77.0,False,2.1,91.624,False,57,2025,1,Australian Grand Prix,2025_01
OCO,Haas F1 Team,32.0,4.0,INTERMEDIATE,28.0,True,12,True,16.0,15.8,19.1,71.0,False,4.4,91.155,False,57,2025,1,Australian Grand Prix,2025_01
OCO,Haas F1 Team,33.0,4.0,INTERMEDIATE,29.0,True,24,False,14.0,15.9,19.0,71.0,False,1.2,115.932,False,57,2025,1,Australian Grand Prix,2025_01
OCO,Haas F1 Team,34.0,4.0,INTERMEDIATE,30.0,True,4,False,14.0,16.1,19.0,71.0,False,2.9,120.551,False,57,2025,1,Australian Grand Prix,2025_01
OCO,Haas F1 Team,35.0,4.0,INTERMEDIATE,31.0,True,4,False,14.0,16.1,19.0,72.0,False,2.5,132.165,False,57,2025,1,Australian Grand Prix,2025_01
OCO,Haas F1 Team,36.0,4.0,INTERMEDIATE,32.0,True,4,False,14.0,16.1,19.2,71.0,False,3.7,,False,57,2025,1,Australian Grand Prix,2025_01
OCO,Haas F1 Team,37.0,4.0,INTERMEDIATE,33.0,True,4,False,14.0,16.3,19.2,71.0,False,4.0,140.137,False,57,2025,1,Australian Grand Prix,2025_01
OCO,Haas F1 Team,38.0,4.0,INTERMEDIATE,34.0,True,4,False,14.0,16.3,19.2,68.0,False,3.9,132.933,False,57,2025,1,Australian Grand Prix,2025_01
OCO,Haas F1 Team,39.0,4.0,INTERMEDIATE,35.0,True,4,False,15.0,16.4,19.2,69.0,False,4.6,124.201,True,57,2025,1,Australian Grand Prix,2025_01
OCO,Haas F1 Team,40.0,5.0,MEDIUM,1.0,True,4,False,15.0,16.4,19.2,68.0,False,4.8,102.035,True,57,2025,1,Australian Grand Prix,2025_01
OCO,Haas F1 Team,41.0,5.0,MEDIUM,2.0,True,41,False,15.0,16.5,19.3,70.0,False,4.7,89.339,False,57,2025,1,Australian Grand Prix,2025_01
OCO,Haas F1 Team,42.0,5.0,MEDIUM,3.0,True,1,True,15.0,16.5,19.3,69.0,False,3.9,86.764,False,57,2025,1,Australian Grand Prix,2025_01
OCO,Haas F1 Team,43.0,5.0,MEDIUM,4.0,True,1,True,15.0,16.6,19.3,71.0,False,2.2,88.505,False,57,2025,1,Australian Grand Prix,2025_01
OCO,Haas F1 Team,44.0,5.0,MEDIUM,5.0,True,12,True,14.0,16.6,19.3,75.0,False,1.3,93.574,False,57,2025,1,Australian Grand Prix,2025_01
OCO,Haas F1 Team,45.0,5.0,MEDIUM,6.0,True,21,True,14.0,16.1,19.3,77.0,True,3.5,96.259,False,57,2025,1,Australian Grand Prix,2025_01
OCO,Haas F1 Team,46.0,5.0,MEDIUM,7.0,True,124,False,13.0,15.7,19.3,80.0,True,1.8,141.745,True,57,2025,1,Australian Grand Prix,2025_01
OCO,Haas F1 Team,47.0,6.0,INTERMEDIATE,1.0,True,4,False,12.0,15.3,19.3,80.0,True,1.6,127.226,True,57,2025,1,Australian Grand Prix,2025_01
OCO,Haas F1 Team,48.0,6.0,INTERMEDIATE,2.0,True,4,False,12.0,15.1,18.8,81.0,True,1.3,106.416,False,57,2025,1,Australian Grand Prix,2025_01
OCO,Haas F1 Team,49.0,6.0,INTERMEDIATE,3.0,True,4,False,12.0,15.1,18.8,82.0,False,2.2,101.743,False,57,2025,1,Australian Grand Prix,2025_01
OCO,Haas F1 Team,50.0,6.0,INTERMEDIATE,4.0,True,4,False,12.0,15.1,18.8,83.0,False,1.3,122.853,False,57,2025,1,Australian Grand Prix,2025_01
OCO,Haas F1 Team,51.0,6.0,INTERMEDIATE,5.0,True,41,False,13.0,15.1,18.8,81.0,False,1.8,127.663,False,57,2025,1,Australian Grand Prix,2025_01
OCO,Haas F1 Team,52.0,6.0,INTERMEDIATE,6.0,True,1,True,13.0,15.1,18.7,78.0,False,1.4,98.747,False,57,2025,1,Australian Grand Prix,2025_01
OCO,Haas F1 Team,53.0,6.0,INTERMEDIATE,7.0,True,1,True,13.0,15.2,18.7,77.0,False,1.6,94.582,False,57,2025,1,Australian Grand Prix,2025_01
OCO,Haas F1 Team,54.0,6.0,INTERMEDIATE,8.0,True,1,True,13.0,15.6,18.7,75.0,False,2.6,93.152,False,57,2025,1,Australian Grand Prix,2025_01
OCO,Haas F1 Team,55.0,6.0,INTERMEDIATE,9.0,True,1,True,13.0,15.8,18.7,76.0,False,1.3,92.26,False,57,2025,1,Australian Grand Prix,2025_01
OCO,Haas F1 Team,56.0,6.0,INTERMEDIATE,10.0,True,1,True,13.0,16.0,18.7,71.0,False,1.2,91.913,False,57,2025,1,Australian Grand Prix,2025_01
OCO,Haas F1 Team,57.0,6.0,INTERMEDIATE,11.0,True,1,True,13.0,16.1,18.7,72.0,False,1.4,90.924,False,57,2025,1,Australian Grand Prix,2025_01
NOR,McLaren,1.0,1.0,INTERMEDIATE,1.0,True,124,False,1.0,15.7,19.2,74.0,False,3.9,117.099,False,57,2025,1,Australian Grand Prix,2025_01
NOR,McLaren,2.0,1.0,INTERMEDIATE,2.0,True,4,False,1.0,15.8,19.2,75.0,False,3.7,,True,57,2025,1,Australian Grand Prix,2025_01
NOR,McLaren,3.0,2.0,INTERMEDIATE,3.0,False,4,False,1.0,15.8,19.2,76.0,False,3.0,,True,57,2025,1,Australian Grand Prix,2025_01
NOR,McLaren,4.0,3.0,INTERMEDIATE,4.0,False,4,False,1.0,15.8,19.0,74.0,True,3.3,,True,57,2025,1,Australian Grand Prix,2025_01
NOR,McLaren,5.0,4.0,INTERMEDIATE,5.0,False,4,False,1.0,15.8,19.0,76.0,True,3.4,143.648,True,57,2025,1,Australian Grand Prix,2025_01
NOR,McLaren,6.0,4.0,INTERMEDIATE,6.0,False,4,False,1.0,15.8,19.0,75.0,False,3.9,140.423,False,57,2025,1,Australian Grand Prix,2025_01
NOR,McLaren,7.0,4.0,INTERMEDIATE,7.0,False,41,False,1.0,15.9,19.0,76.0,False,3.3,137.108,False,57,2025,1,Australian Grand Prix,2025_01
NOR,McLaren,8.0,4.0,INTERMEDIATE,8.0,False,1,True,1.0,15.9,19.1,75.0,False,4.5,96.278,False,57,2025,1,Australian Grand Prix,2025_01
NOR,McLaren,9.0,4.0,INTERMEDIATE,9.0,False,1,True,1.0,15.9,19.1,74.0,False,3.4,94.638,False,57,2025,1,Australian Grand Prix,2025_01
NOR,McLaren,10.0,4.0,INTERMEDIATE,10.0,False,1,True,1.0,15.9,19.1,76.0,False,2.5,92.13,False,57,2025,1,Australian Grand Prix,2025_01
NOR,McLaren,11.0,4.0,INTERMEDIATE,11.0,False,1,True,1.0,15.9,19.1,74.0,False,4.3,92.189,False,57,2025,1,Australian Grand Prix,2025_01
NOR,McLaren,12.0,4.0,INTERMEDIATE,12.0,False,1,True,1.0,16.0,19.3,75.0,False,2.6,91.778,False,57,2025,1,Australian Grand Prix,2025_01
NOR,McLaren,13.0,4.0,INTERMEDIATE,13.0,False,1,True,1.0,15.9,19.3,74.0,False,3.1,91.318,False,57,2025,1,Australian Grand Prix,2025_01
NOR,McLaren,14.0,4.0,INTERMEDIATE,14.0,False,1,True,1.0,16.0,19.3,74.0,True,3.4,90.795,False,57,2025,1,Australian Grand Prix,2025_01
NOR,McLaren,15.0,4.0,INTERMEDIATE,15.0,False,1,True,1.0,16.0,19.3,75.0,True,2.8,90.226,False,57,2025,1,Australian Grand Prix,2025_01
NOR,McLaren,16.0,4.0,INTERMEDIATE,16.0,False,1,True,1.0,16.0,19.3,73.0,True,2.6,89.952,False,57,2025,1,Australian Grand Prix,2025_01
NOR,McLaren,17.0,4.0,INTERMEDIATE,17.0,False,1,True,1.0,16.0,19.3,74.0,True,2.2,90.264,False,57,2025,1,Australian Grand Prix,2025_01
NOR,McLaren,18.0,4.0,INTERMEDIATE,18.0,False,1,True,1.0,16.0,19.4,73.0,True,3.8,90.146,False,57,2025,1,Australian Grand Prix,2025_01
NOR,McLaren,19.0,4.0,INTERMEDIATE,19.0,False,1,True,1.0,16.0,19.4,74.0,True,3.9,90.551,False,57,2025,1,Australian Grand Prix,2025_01
NOR,McLaren,20.0,4.0,INTERMEDIATE,20.0,False,1,True,1.0,16.0,19.4,74.0,True,3.0,90.71,False,57,2025,1,Australian Grand Prix,2025_01
NOR,McLaren,21.0,4.0,INTERMEDIATE,21.0,False,1,True,1.0,16.0,19.4,74.0,True,3.7,90.234,False,57,2025,1,Australian Grand Prix,2025_01
NOR,McLaren,22.0,4.0,INTERMEDIATE,22.0,False,1,True,1.0,16.0,19.2,76.0,True,3.8,90.3,False,57,2025,1,Australian Grand Prix,2025_01
NOR,McLaren,23.0,4.0,INTERMEDIATE,23.0,False,1,True,1.0,15.9,19.2,75.0,True,3.4,89.922,False,57,2025,1,Australian Grand Prix,2025_01
NOR,McLaren,24.0,4.0,INTERMEDIATE,24.0,False,1,True,1.0,15.9,19.2,76.0,True,2.0,89.687,False,57,2025,1,Australian Grand Prix,2025_01
NOR,McLaren,25.0,4.0,INTERMEDIATE,25.0,False,1,True,1.0,15.8,19.2,77.0,False,2.6,89.601,False,57,2025,1,Australian Grand Prix,2025_01
NOR,McLaren,26.0,4.0,INTERMEDIATE,26.0,False,1,True,1.0,15.7,19.2,76.0,False,3.7,89.16,False,57,2025,1,Australian Grand Prix,2025_01
NOR,McLaren,27.0,4.0,INTERMEDIATE,27.0,False,1,True,1.0,15.7,19.2,78.0,True,2.4,89.25,False,57,2025,1,Australian Grand Prix,2025_01
NOR,McLaren,28.0,4.0,INTERMEDIATE,28.0,False,1,True,1.0,15.7,19.1,77.0,False,3.2,89.097,False,57,2025,1,Australian Grand Prix,2025_01
NOR,McLaren,29.0,4.0,INTERMEDIATE,29.0,False,1,True,1.0,15.7,19.1,77.0,False,2.5,88.357,False,57,2025,1,Australian Grand Prix,2025_01
NOR,McLaren,30.0,4.0,INTERMEDIATE,30.0,False,1,True,1.0,15.7,19.1,77.0,False,2.7,88.032,False,57,2025,1,Australian Grand Prix,2025_01
NOR,McLaren,31.0,4.0,INTERMEDIATE,31.0,False,1,True,1.0,15.7,19.1,77.0,False,3.1,87.695,False,57,2025,1,Australian Grand Prix,2025_01
NOR,McLaren,32.0,4.0,INTERMEDIATE,32.0,False,1,True,1.0,15.8,19.1,77.0,False,2.1,87.8,False,57,2025,1,Australian Grand Prix,2025_01
NOR,McLaren,33.0,4.0,INTERMEDIATE,33.0,False,1,True,1.0,15.8,19.1,71.0,False,4.4,87.495,False,57,2025,1,Australian Grand Prix,2025_01
NOR,McLaren,34.0,4.0,INTERMEDIATE,34.0,False,124,False,1.0,15.9,19.0,71.0,False,1.2,122.273,True,57,2025,1,Australian Grand Prix,2025_01
NOR,McLaren,35.0,5.0,HARD,2.0,False,4,False,1.0,16.1,19.0,71.0,False,2.9,123.448,True,57,2025,1,Australian Grand Prix,2025_01
NOR,McLaren,36.0,5.0,HARD,3.0,False,4,False,1.0,16.1,19.0,72.0,False,2.5,136.883,False,57,2025,1,Australian Grand Prix,2025_01
NOR,McLaren,37.0,5.0,HARD,4.0,False,4,False,1.0,16.1,19.2,71.0,False,3.7,,False,57,2025,1,Australian Grand Prix,2025_01
NOR,McLaren,38.0,5.0,HARD,5.0,False,4,False,1.0,16.3,19.2,71.0,False,4.0,141.02,False,57,2025,1,Australian Grand Prix,2025_01
NOR,McLaren,39.0,5.0,HARD,6.0,False,4,False,1.0,16.3,19.2,68.0,False,3.9,133.694,False,57,2025,1,Australian Grand Prix,2025_01
NOR,McLaren,40.0,5.0,HARD,7.0,False,4,False,1.0,16.4,19.2,69.0,False,4.6,135.337,False,57,2025,1,Australian Grand Prix,2025_01
NOR,McLaren,41.0,5.0,HARD,8.0,False,41,False,1.0,16.4,19.2,68.0,False,4.8,133.937,False,57,2025,1,Australian Grand Prix,2025_01
NOR,McLaren,42.0,5.0,HARD,9.0,False,1,True,1.0,16.5,19.3,69.0,False,3.9,83.797,False,57,2025,1,Australian Grand Prix,2025_01
NOR,McLaren,43.0,5.0,HARD,10.0,False,1,True,1.0,16.6,19.3,68.0,False,5.1,82.167,False,57,2025,1,Australian Grand Prix,2025_01
NOR,McLaren,44.0,5.0,HARD,11.0,False,12,False,6.0,16.6,19.3,71.0,False,2.2,105.587,True,57,2025,1,Australian Grand Prix,2025_01
NOR,McLaren,45.0,6.0,INTERMEDIATE,1.0,True,21,False,6.0,16.4,19.3,76.0,True,2.5,96.407,True,57,2025,1,Australian Grand Prix,2025_01
NOR,McLaren,46.0,6.0,INTERMEDIATE,2.0,True,1,True,3.0,15.9,19.3,80.0,True,1.4,91.567,False,57,2025,1,Australian Grand Prix,2025_01
NOR,McLaren,47.0,6.0,INTERMEDIATE,3.0,True,124,False,1.0,15.7,19.3,80.0,True,1.8,113.728,False,57,2025,1,Australian Grand Prix,2025_01
NOR,McLaren,48.0,6.0,INTERMEDIATE,4.0,True,4,False,1.0,15.3,19.3,80.0,True,1.6,136.995,False,57,2025,1,Australian Grand Prix,2025_01
NOR,McLaren,49.0,6.0,INTERMEDIATE,5.0,True,4,False,1.0,15.1,18.8,81.0,True,1.3,144.979,False,57,2025,1,Australian Grand Prix,2025_01
NOR,McLaren,50.0,6.0,INTERMEDIATE,6.0,True,4,False,1.0,15.1,18.8,83.0,False,1.3,142.395,False,57,2025,1,Australian Grand Prix,2025_01
NOR,McLaren,51.0,6.0,INTERMEDIATE,7.0,True,41,False,1.0,15.2,18.8,83.0,False,1.5,134.178,False,57,2025,1,Australian Grand Prix,2025_01
NOR,McLaren,52.0,6.0,INTERMEDIATE,8.0,True,1,True,1.0,15.1,18.7,78.0,False,1.4,93.198,False,57,2025,1,Australian Grand Prix,2025_01
NOR,McLaren,53.0,6.0,INTERMEDIATE,9.0,True,1,True,1.0,15.2,18.7,77.0,False,1.6,90.482,False,57,2025,1,Australian Grand Prix,2025_01
NOR,McLaren,54.0,6.0,INTERMEDIATE,10.0,True,1,True,1.0,15.6,18.7,75.0,False,2.6,89.428,False,57,2025,1,Australian Grand Prix,2025_01
NOR,McLaren,55.0,6.0,INTERMEDIATE,11.0,True,1,True,1.0,15.8,18.7,76.0,False,1.3,89.195,False,57,2025,1,Australian Grand Prix,2025_01
NOR,McLaren,56.0,6.0,INTERMEDIATE,12.0,True,1,True,1.0,16.0,18.7,71.0,False,1.2,87.996,False,57,2025,1,Australian Grand Prix,2025_01
NOR,McLaren,57.0,6.0,INTERMEDIATE,13.0,True,1,True,1.0,16.1,18.7,72.0,False,0.8,87.126,False,57,2025,1,Australian Grand Prix,2025_01
HAM,Ferrari,1.0,1.0,INTERMEDIATE,1.0,True,124,False,8.0,15.7,19.2,74.0,False,3.9,132.883,False,57,2025,1,Australian Grand Prix,2025_01
HAM,Ferrari,2.0,1.0,INTERMEDIATE,2.0,True,4,False,8.0,15.8,19.2,75.0,True,5.2,,True,57,2025,1,Australian Grand Prix,2025_01
HAM,Ferrari,3.0,2.0,INTERMEDIATE,3.0,False,4,False,8.0,15.8,19.2,76.0,False,3.0,,True,57,2025,1,Australian Grand Prix,2025_01
HAM,Ferrari,4.0,3.0,INTERMEDIATE,4.0,False,4,False,8.0,15.8,19.0,74.0,True,3.3,,True,57,2025,1,Australian Grand Prix,2025_01
HAM,Ferrari,5.0,4.0,INTERMEDIATE,5.0,False,4,False,8.0,15.9,19.0,76.0,True,3.5,141.772,True,57,2025,1,Australian Grand Prix,2025_01
HAM,Ferrari,6.0,4.0,INTERMEDIATE,6.0,False,4,False,8.0,15.8,19.0,75.0,False,3.9,140.418,False,57,2025,1,Australian Grand Prix,2025_01
HAM,Ferrari,7.0,4.0,INTERMEDIATE,7.0,False,41,False,8.0,15.9,19.0,76.0,False,3.3,127.498,False,57,2025,1,Australian Grand Prix,2025_01
HAM,Ferrari,8.0,4.0,INTERMEDIATE,8.0,False,1,True,8.0,15.9,19.1,76.0,False,1.9,98.311,False,57,2025,1,Australian Grand Prix,2025_01
HAM,Ferrari,9.0,4.0,INTERMEDIATE,9.0,False,1,True,8.0,15.9,19.1,74.0,False,3.4,96.242,False,57,2025,1,Australian Grand Prix,2025_01
HAM,Ferrari,10.0,4.0,INTERMEDIATE,10.0,False,1,True,8.0,15.9,19.1,76.0,False,2.5,95.107,False,57,2025,1,Australian Grand Prix,2025_01
HAM,Ferrari,11.0,4.0,INTERMEDIATE,11.0,False,1,True,8.0,15.9,19.1,74.0,False,4.3,94.299,False,57,2025,1,Australian Grand Prix,2025_01
HAM,Ferrari,12.0,4.0,INTERMEDIATE,12.0,False,1,True,8.0,16.0,19.3,75.0,False,2.6,93.255,False,57,2025,1,Australian Grand Prix,2025_01
HAM,Ferrari,13.0,4.0,INTERMEDIATE,13.0,False,1,True,8.0,15.9,19.3,74.0,False,3.1,93.017,False,57,2025,1,Australian Grand Prix,2025_01
HAM,Ferrari,14.0,4.0,INTERMEDIATE,14.0,False,1,True,8.0,16.0,19.3,74.0,True,3.4,92.992,False,57,2025,1,Australian Grand Prix,2025_01
HAM,Ferrari,15.0,4.0,INTERMEDIATE,15.0,False,1,True,8.0,16.0,19.3,75.0,False,2.3,92.763,False,57,2025,1,Australian Grand Prix,2025_01
HAM,Ferrari,16.0,4.0,INTERMEDIATE,16.0,False,1,True,8.0,16.0,19.3,73.0,True,2.6,92.749,False,57,2025,1,Australian Grand Prix,2025_01
HAM,Ferrari,17.0,4.0,INTERMEDIATE,17.0,False,1,True,8.0,16.1,19.4,74.0,True,2.6,92.83,False,57,2025,1,Australian Grand Prix,2025_01
HAM,Ferrari,18.0,4.0,INTERMEDIATE,18.0,False,1,True,8.0,16.0,19.4,73.0,True,3.8,92.877,False,57,2025,1,Australian Grand Prix,2025_01
HAM,Ferrari,19.0,4.0,INTERMEDIATE,19.0,False,1,True,8.0,16.1,19.4,75.0,True,1.9,92.914,False,57,2025,1,Australian Grand Prix,2025_01
HAM,Ferrari,20.0,4.0,INTERMEDIATE,20.0,False,1,True,8.0,16.0,19.4,74.0,True,3.0,92.341,False,57,2025,1,Australian Grand Prix,2025_01
HAM,Ferrari,21.0,4.0,INTERMEDIATE,21.0,False,1,True,8.0,16.0,19.4,75.0,True,2.5,92.079,False,57,2025,1,Australian Grand Prix,2025_01
HAM,Ferrari,22.0,4.0,INTERMEDIATE,22.0,False,1,True,8.0,16.0,19.2,76.0,True,3.8,92.041,False,57,2025,1,Australian Grand Prix,2025_01
HAM,Ferrari,23.0,4.0,INTERMEDIATE,23.0,False,1,True,8.0,15.9,19.2,76.0,True,2.4,91.771,False,57,2025,1,Australian Grand Prix,2025_01
HAM,Ferrari,24.0,4.0,INTERMEDIATE,24.0,False,1,True,8.0,15.9,19.2,76.0,True,2.0,91.852,False,57,2025,1,Australian Grand Prix,2025_01
HAM,Ferrari,25.0,4.0,INTERMEDIATE,25.0,False,1,True,8.0,15.7,19.2,75.0,False,3.6,90.86,False,57,2025,1,Australian Grand Prix,2025_01
HAM,Ferrari,26.0,4.0,INTERMEDIATE,26.0,False,1,True,8.0,15.7,19.2,78.0,True,2.4,91.302,False,57,2025,1,Australian Grand Prix,2025_01
HAM,Ferrari,27.0,4.0,INTERMEDIATE,27.0,False,1,True,8.0,15.8,19.2,77.0,False,3.1,90.755,False,57,2025,1,Australian Grand Prix,2025_01
HAM,Ferrari,28.0,4.0,INTERMEDIATE,28.0,False,1,True,8.0,15.7,19.1,77.0,False,2.5,90.143,False,57,2025,1,Australian Grand Prix,2025_01
HAM,Ferrari,29.0,4.0,INTERMEDIATE,29.0,False,1,True,8.0,15.7,19.1,78.0,False,2.3,90.127,False,57,2025,1,Australian Grand Prix,2025_01
HAM,Ferrari,30.0,4.0,INTERMEDIATE,30.0,False,1,True,8.0,15.7,19.1,77.0,False,3.1,89.737,False,57,2025,1,Australian Grand Prix,2025_01
HAM,Ferrari,31.0,4.0,INTERMEDIATE,31.0,False,1,True,8.0,15.8,19.1,77.0,False,2.5,90.422,False,57,2025,1,Australian Grand Prix,2025_01
HAM,Ferrari,32.0,4.0,INTERMEDIATE,32.0,False,1,True,8.0,15.8,19.1,71.0,False,4.4,90.234,False,57,2025,1,Australian Grand Prix,2025_01
HAM,Ferrari,33.0,4.0,INTERMEDIATE,33.0,False,124,False,8.0,15.9,19.0,71.0,False,4.3,110.479,True,57,2025,1,Australian Grand Prix,2025_01
HAM,Ferrari,34.0,5.0,HARD,2.0,False,4,False,8.0,16.1,19.0,71.0,False,3.6,146.885,True,57,2025,1,Australian Grand Prix,2025_01
HAM,Ferrari,35.0,5.0,HARD,3.0,False,4,False,8.0,16.1,19.0,70.0,False,4.9,103.401,False,57,2025,1,Australian Grand Prix,2025_01
HAM,Ferrari,36.0,5.0,HARD,4.0,False,4,False,8.0,16.1,19.0,71.0,False,3.9,102.431,False,57,2025,1,Australian Grand Prix,2025_01
HAM,Ferrari,37.0,5.0,HARD,5.0,False,4,False,8.0,16.2,19.2,70.0,False,3.1,128.079,False,57,2025,1,Australian Grand Prix,2025_01
HAM,Ferrari,38.0,5.0,HARD,6.0,False,4,False,8.0,16.3,19.2,71.0,False,4.0,138.415,False,57,2025,1,Australian Grand Prix,2025_01
HAM,Ferrari,39.0,5.0,HARD,7.0,False,4,False,8.0,16.3,19.2,68.0,False,3.9,132.085,False,57,2025,1,Australian Grand Prix,2025_01
HAM,Ferrari,40.0,5.0,HARD,8.0,False,4,False,8.0,16.4,19.2,69.0,False,4.6,131.407,False,57,2025,1,Australian Grand Prix,2025_01
HAM,Ferrari,41.0,5.0,HARD,9.0,False,41,False,8.0,16.4,19.3,69.0,False,3.6,126.607,False,57,2025,1,Australian Grand Prix,2025_01
HAM,Ferrari,42.0,5.0,HARD,10.0,False,1,True,8.0,16.5,19.3,69.0,False,3.9,87.508,False,57,2025,1,Australian Grand Prix,2025_01
HAM,Ferrari,43.0,5.0,HARD,11.0,False,1,True,8.0,16.6,19.3,68.0,False,5.1,84.218,False,57,2025,1,Australian Grand Prix,2025_01
HAM,Ferrari,44.0,5.0,HARD,12.0,False,12,True,3.0,16.6,19.3,75.0,False,1.3,89.454,False,57,2025,1,Australian Grand Prix,2025_01
HAM,Ferrari,45.0,5.0,HARD,13.0,False,21,True,2.0,16.4,19.3,76.0,True,2.5,93.045,False,57,2025,1,Australian Grand Prix,2025_01
HAM,Ferrari,46.0,5.0,HARD,14.0,False,1,True,1.0,15.9,19.3,80.0,True,1.4,96.714,False,57,2025,1,Australian Grand Prix,2025_01
HAM,Ferrari,47.0,5.0,HARD,15.0,False,124,False,9.0,15.7,19.3,80.0,True,1.8,,True,57,2025,1,Australian Grand Prix,2025_01
HAM,Ferrari,48.0,6.0,INTERMEDIATE,1.0,True,4,False,9.0,15.2,18.8,81.0,True,1.3,119.219,True,57,2025,1,Australian Grand Prix,2025_01
HAM,Ferrari,49.0,6.0,INTERMEDIATE,2.0,True,4,False,9.0,15.1,18.8,83.0,True,0.7,144.575,False,57,2025,1,Australian Grand Prix,2025_01
HAM,Ferrari,50.0,6.0,INTERMEDIATE,3.0,True,4,False,9.0,15.1,18.8,83.0,False,1.3,137.095,False,57,2025,1,Australian Grand Prix,2025_01
HAM,Ferrari,51.0,6.0,INTERMEDIATE,4.0,True,41,False,9.0,15.2,18.8,83.0,False,1.5,131.311,False,57,2025,1,Australian Grand Prix,2025_01
HAM,Ferrari,52.0,6.0,INTERMEDIATE,5.0,True,1,True,10.0,15.1,18.7,78.0,False,1.4,97.051,False,57,2025,1,Australian Grand Prix,2025_01
HAM,Ferrari,53.0,6.0,INTERMEDIATE,6.0,True,1,True,10.0,15.2,18.7,77.0,False,1.6,93.039,False,57,2025,1,Australian Grand Prix,2025_01
HAM,Ferrari,54.0,6.0,INTERMEDIATE,7.0,True,1,True,9.0,15.6,18.7,75.0,False,2.6,91.265,False,57,2025,1,Australian Grand Prix,2025_01
HAM,Ferrari,55.0,6.0,INTERMEDIATE,8.0,True,1,True,9.0,15.8,18.7,76.0,False,1.3,89.874,False,57,2025,1,Australian Grand Prix,2025_01
HAM,Ferrari,56.0,6.0,INTERMEDIATE,9.0,True,1,True,9.0,16.0,18.7,71.0,False,1.2,90.095,False,57,2025,1,Australian Grand Prix,2025_01
HAM,Ferrari,57.0,6.0,INTERMEDIATE,10.0,True,1,True,10.0,16.1,18.7,72.0,False,0.8,92.418,False,57,2025,1,Australian Grand Prix,2025_01
BOR,Kick Sauber,1.0,1.0,INTERMEDIATE,1.0,True,124,False,14.0,15.7,19.2,74.0,False,3.9,144.063,False,57,2025,1,Australian Grand Prix,2025_01
BOR,Kick Sauber,2.0,1.0,INTERMEDIATE,2.0,True,4,False,14.0,15.8,19.2,75.0,True,5.2,,True,57,2025,1,Australian Grand Prix,2025_01
BOR,Kick Sauber,3.0,2.0,INTERMEDIATE,3.0,False,4,False,14.0,15.8,19.2,75.0,True,5.1,,True,57,2025,1,Australian Grand Prix,2025_01
BOR,Kick Sauber,4.0,3.0,INTERMEDIATE,4.0,False,4,False,14.0,15.8,19.0,74.0,True,3.3,,True,57,2025,1,Australian Grand Prix,2025_01
BOR,Kick Sauber,5.0,4.0,INTERMEDIATE,5.0,False,4,False,14.0,15.9,19.0,76.0,True,3.5,138.316,True,57,2025,1,Australian Grand Prix,2025_01
BOR,Kick Sauber,6.0,4.0,INTERMEDIATE,6.0,False,4,False,14.0,15.8,19.0,75.0,False,3.9,140.976,False,57,2025,1,Australian Grand Prix,2025_01
BOR,Kick Sauber,7.0,4.0,INTERMEDIATE,7.0,False,41,False,14.0,15.9,19.1,75.0,False,4.7,123.467,False,57,2025,1,Australian Grand Prix,2025_01
BOR,Kick Sauber,8.0,4.0,INTERMEDIATE,8.0,False,1,True,14.0,15.9,19.1,76.0,False,1.9,100.265,False,57,2025,1,Australian Grand Prix,2025_01
BOR,Kick Sauber,9.0,4.0,INTERMEDIATE,9.0,False,1,True,14.0,15.9,19.1,74.0,False,3.4,96.663,False,57,2025,1,Australian Grand Prix,2025_01
BOR,Kick Sauber,10.0,4.0,INTERMEDIATE,10.0,False,1,True,14.0,15.9,19.1,76.0,False,2.5,95.625,False,57,2025,1,Australian Grand Prix,2025_01
BOR,Kick Sauber,11.0,4.0,INTERMEDIATE,11.0,False,1,True,14.0,16.0,19.1,74.0,False,3.6,94.655,False,57,2025,1,Australian Grand Prix,2025_01
BOR,Kick Sauber,12.0,4.0,INTERMEDIATE,12.0,False,1,True,14.0,16.0,19.3,75.0,False,2.6,94.382,False,57,2025,1,Australian Grand Prix,2025_01
BOR,Kick Sauber,13.0,4.0,INTERMEDIATE,13.0,False,1,True,14.0,16.0,19.3,75.0,False,3.3,94.383,False,57,2025,1,Australian Grand Prix,2025_01
BOR,Kick Sauber,14.0,4.0,INTERMEDIATE,14.0,False,1,True,14.0,16.0,19.3,74.0,True,3.4,94.102,False,57,2025,1,Australian Grand Prix,2025_01
BOR,Kick Sauber,15.0,4.0,INTERMEDIATE,15.0,False,1,True,14.0,16.0,19.3,75.0,False,2.3,93.692,False,57,2025,1,Australian Grand Prix,2025_01
BOR,Kick Sauber,16.0,4.0,INTERMEDIATE,16.0,False,1,True,14.0,16.0,19.3,73.0,True,2.6,94.111,False,57,2025,1,Australian Grand Prix,2025_01
BOR,Kick Sauber,17.0,4.0,INTERMEDIATE,17.0,False,1,True,14.0,16.1,19.4,74.0,True,2.6,94.756,False,57,2025,1,Australian Grand Prix,2025_01
BOR,Kick Sauber,18.0,4.0,INTERMEDIATE,18.0,False,1,True,14.0,16.0,19.4,74.0,True,3.9,93.892,False,57,2025,1,Australian Grand Prix,2025_01
BOR,Kick Sauber,19.0,4.0,INTERMEDIATE,19.0,False,1,True,14.0,16.1,19.4,75.0,True,1.9,93.906,False,57,2025,1,Australian Grand Prix,2025_01
BOR,Kick Sauber,20.0,4.0,INTERMEDIATE,20.0,False,1,True,14.0,16.0,19.4,74.0,True,3.7,93.328,False,57,2025,1,Australian Grand Prix,2025_01
BOR,Kick Sauber,21.0,4.0,INTERMEDIATE,21.0,False,1,True,14.0,16.0,19.4,75.0,True,2.5,93.35,False,57,2025,1,Australian Grand Prix,2025_01
BOR,Kick Sauber,22.0,4.0,INTERMEDIATE,22.0,False,1,True,14.0,15.9,19.2,75.0,True,3.4,92.734,False,57,2025,1,Australian Grand Prix,2025_01
BOR,Kick Sauber,23.0,4.0,INTERMEDIATE,23.0,False,1,True,14.0,15.9,19.2,76.0,True,2.4,92.966,False,57,2025,1,Australian Grand Prix,2025_01
BOR,Kick Sauber,24.0,4.0,INTERMEDIATE,24.0,False,1,True,14.0,15.8,19.2,77.0,False,2.6,92.369,False,57,2025,1,Australian Grand Prix,2025_01
BOR,Kick Sauber,25.0,4.0,INTERMEDIATE,25.0,False,1,True,14.0,15.7,19.2,75.0,False,3.6,92.235,False,57,2025,1,Australian Grand Prix,2025_01
BOR,Kick Sauber,26.0,4.0,INTERMEDIATE,26.0,False,1,True,14.0,15.7,19.2,78.0,True,2.4,91.425,False,57,2025,1,Australian Grand Prix,2025_01
BOR,Kick Sauber,27.0,4.0,INTERMEDIATE,27.0,False,1,True,14.0,15.8,19.2,77.0,False,3.1,91.406,False,57,2025,1,Australian Grand Prix,2025_01
BOR,Kick Sauber,28.0,4.0,INTERMEDIATE,28.0,False,1,True,14.0,15.7,19.1,77.0,False,2.5,90.755,False,57,2025,1,Australian Grand Prix,2025_01
BOR,Kick Sauber,29.0,4.0,INTERMEDIATE,29.0,False,1,True,14.0,15.7,19.1,78.0,False,2.3,91.329,False,57,2025,1,Australian Grand Prix,2025_01
BOR,Kick Sauber,30.0,4.0,INTERMEDIATE,30.0,False,1,True,14.0,15.7,19.1,77.0,False,3.1,91.146,False,57,2025,1,Australian Grand Prix,2025_01
BOR,Kick Sauber,31.0,4.0,INTERMEDIATE,31.0,False,1,True,14.0,15.8,19.1,77.0,False,2.1,90.446,False,57,2025,1,Australian Grand Prix,2025_01
BOR,Kick Sauber,32.0,4.0,INTERMEDIATE,32.0,False,1,True,14.0,15.8,19.1,71.0,False,4.4,89.83,False,57,2025,1,Australian Grand Prix,2025_01
BOR,Kick Sauber,33.0,4.0,INTERMEDIATE,33.0,False,124,False,13.0,15.9,19.0,71.0,False,1.2,130.326,True,57,2025,1,Australian Grand Prix,2025_01
BOR,Kick Sauber,34.0,5.0,MEDIUM,1.0,True,4,False,13.0,16.1,19.0,71.0,False,2.9,124.556,True,57,2025,1,Australian Grand Prix,2025_01
BOR,Kick Sauber,35.0,5.0,MEDIUM,2.0,True,4,False,13.0,16.1,19.0,72.0,False,2.5,132.146,False,57,2025,1,Australian Grand Prix,2025_01
BOR,Kick Sauber,36.0,5.0,MEDIUM,3.0,True,4,False,13.0,16.1,19.2,71.0,False,3.7,,False,57,2025,1,Australian Grand Prix,2025_01
BOR,Kick Sauber,37.0,5.0,MEDIUM,4.0,True,4,False,13.0,16.3,19.2,71.0,False,4.0,140.921,False,57,2025,1,Australian Grand Prix,2025_01
BOR,Kick Sauber,38.0,5.0,MEDIUM,5.0,True,4,False,13.0,16.3,19.2,68.0,False,3.9,133.374,False,57,2025,1,Australian Grand Prix,2025_01
BOR,Kick Sauber,39.0,5.0,MEDIUM,6.0,True,4,False,13.0,16.4,19.2,69.0,False,4.6,108.623,False,57,2025,1,Australian Grand Prix,2025_01
BOR,Kick Sauber,40.0,5.0,MEDIUM,7.0,True,4,False,13.0,16.4,19.2,68.0,False,4.8,92.438,False,57,2025,1,Australian Grand Prix,2025_01
BOR,Kick Sauber,41.0,5.0,MEDIUM,8.0,True,41,False,13.0,16.5,19.3,70.0,False,4.7,88.125,False,57,2025,1,Australian Grand Prix,2025_01
BOR,Kick Sauber,42.0,5.0,MEDIUM,9.0,True,1,True,13.0,16.5,19.3,69.0,False,3.9,84.77,False,57,2025,1,Australian Grand Prix,2025_01
BOR,Kick Sauber,43.0,5.0,MEDIUM,10.0,True,1,True,13.0,16.6,19.3,68.0,False,5.1,84.192,False,57,2025,1,Australian Grand Prix,2025_01
BOR,Kick Sauber,44.0,5.0,MEDIUM,11.0,True,12,False,13.0,16.6,19.3,75.0,False,1.3,112.582,True,57,2025,1,Australian Grand Prix,2025_01
BOR,Kick Sauber,45.0,6.0,INTERMEDIATE,1.0,True,21,False,13.0,16.1,19.3,77.0,True,3.5,96.255,True,57,2025,1,Australian Grand Prix,2025_01
BOR,Kick Sauber,46.0,6.0,INTERMEDIATE,2.0,True,124,False,,15.9,19.3,80.0,True,1.4,,False,57,2025,1,Australian Grand Prix,2025_01
SAI,Williams,1.0,1.0,INTERMEDIATE,1.0,True,124,False,,15.7,19.2,74.0,False,3.9,,False,57,2025,1,Australian Grand Prix,2025_01
HAD,Racing Bulls,1.0,1.0,INTERMEDIATE,1.0,True,124,False,,15.7,19.2,74.0,False,3.9,,False,57,2025,1,Australian Grand Prix,2025_01
RUS,Mercedes,1.0,1.0,INTERMEDIATE,1.0,True,124,False,4.0,15.7,19.2,74.0,False,3.9,124.644,False,57,2025,1,Australian Grand Prix,2025_01
RUS,Mercedes,2.0,1.0,INTERMEDIATE,2.0,True,4,False,4.0,15.8,19.2,75.0,False,3.7,,True,57,2025,1,Australian Grand Prix,2025_01
RUS,Mercedes,3.0,2.0,INTERMEDIATE,3.0,False,4,False,4.0,15.8,19.2,76.0,False,3.0,,True,57,2025,1,Australian Grand Prix,2025_01
RUS,Mercedes,4.0,3.0,INTERMEDIATE,4.0,False,4,False,4.0,15.8,19.0,74.0,True,3.3,,True,57,2025,1,Australian Grand Prix,2025_01
RUS,Mercedes,5.0,4.0,INTERMEDIATE,5.0,False,4,False,4.0,15.9,19.0,76.0,True,3.5,141.712,True,57,2025,1,Australian Grand Prix,2025_01
RUS,Mercedes,6.0,4.0,INTERMEDIATE,6.0,False,4,False,4.0,15.8,19.0,75.0,False,3.9,139.485,False,57,2025,1,Australian Grand Prix,2025_01
RUS,Mercedes,7.0,4.0,INTERMEDIATE,7.0,False,41,False,4.0,15.9,19.0,76.0,False,3.3,134.684,False,57,2025,1,Australian Grand Prix,2025_01
RUS,Mercedes,8.0,4.0,INTERMEDIATE,8.0,False,1,True,4.0,15.9,19.1,75.0,False,4.5,97.824,False,57,2025,1,Australian Grand Prix,2025_01
RUS,Mercedes,9.0,4.0,INTERMEDIATE,9.0,False,1,True,4.0,15.9,19.1,74.0,False,3.4,94.873,False,57,2025,1,Australian Grand Prix,2025_01
RUS,Mercedes,10.0,4.0,INTERMEDIATE,10.0,False,1,True,4.0,15.9,19.1,76.0,False,2.5,93.587,False,57,2025,1,Australian Grand Prix,2025_01
RUS,Mercedes,11.0,4.0,INTERMEDIATE,11.0,False,1,True,4.0,15.9,19.1,74.0,False,4.3,93.347,False,57,2025,1,Australian Grand Prix,2025_01
RUS,Mercedes,12.0,4.0,INTERMEDIATE,12.0,False,1,True,4.0,16.0,19.3,75.0,False,2.6,92.803,False,57,2025,1,Australian Grand Prix,2025_01
RUS,Mercedes,13.0,4.0,INTERMEDIATE,13.0,False,1,True,4.0,15.9,19.3,74.0,False,3.1,92.364,False,57,2025,1,Australian Grand Prix,2025_01
RUS,Mercedes,14.0,4.0,INTERMEDIATE,14.0,False,1,True,4.0,16.0,19.3,74.0,True,3.4,91.856,False,57,2025,1,Australian Grand Prix,2025_01
RUS,Mercedes,15.0,4.0,INTERMEDIATE,15.0,False,1,True,4.0,16.0,19.3,75.0,True,2.8,91.885,False,57,2025,1,Australian Grand Prix,2025_01
RUS,Mercedes,16.0,4.0,INTERMEDIATE,16.0,False,1,True,4.0,16.0,19.3,73.0,True,2.6,91.739,False,57,2025,1,Australian Grand Prix,2025_01
RUS,Mercedes,17.0,4.0,INTERMEDIATE,17.0,False,1,True,4.0,16.1,19.4,74.0,True,2.6,91.597,False,57,2025,1,Australian Grand Prix,2025_01
RUS,Mercedes,18.0,4.0,INTERMEDIATE,18.0,False,1,True,4.0,16.0,19.4,73.0,True,3.8,91.74,False,57,2025,1,Australian Grand Prix,2025_01
RUS,Mercedes,19.0,4.0,INTERMEDIATE,19.0,False,1,True,4.0,16.1,19.4,75.0,True,1.9,92.189,False,57,2025,1,Australian Grand Prix,2025_01
RUS,Mercedes,20.0,4.0,INTERMEDIATE,20.0,False,1,True,4.0,16.0,19.4,74.0,True,3.0,91.315,False,57,2025,1,Australian Grand Prix,2025_01
RUS,Mercedes,21.0,4.0,INTERMEDIATE,21.0,False,1,True,4.0,16.0,19.4,75.0,True,2.5,91.127,False,57,2025,1,Australian Grand Prix,2025_01
RUS,Mercedes,22.0,4.0,INTERMEDIATE,22.0,False,1,True,4.0,16.0,19.2,76.0,True,3.8,91.029,False,57,2025,1,Australian Grand Prix,2025_01
RUS,Mercedes,23.0,4.0,INTERMEDIATE,23.0,False,1,True,4.0,15.9,19.2,76.0,True,2.4,90.975,False,57,2025,1,Australian Grand Prix,2025_01
RUS,Mercedes,24.0,4.0,INTERMEDIATE,24.0,False,1,True,4.0,15.9,19.2,76.0,True,2.0,90.673,False,57,2025,1,Australian Grand Prix,2025_01
RUS,Mercedes,25.0,4.0,INTERMEDIATE,25.0,False,1,True,4.0,15.7,19.2,75.0,False,3.6,90.488,False,57,2025,1,Australian Grand Prix,2025_01
RUS,Mercedes,26.0,4.0,INTERMEDIATE,26.0,False,1,True,4.0,15.7,19.2,76.0,False,3.7,90.111,False,57,2025,1,Australian Grand Prix,2025_01
RUS,Mercedes,27.0,4.0,INTERMEDIATE,27.0,False,1,True,4.0,15.8,19.2,77.0,False,3.1,89.863,False,57,2025,1,Australian Grand Prix,2025_01
RUS,Mercedes,28.0,4.0,INTERMEDIATE,28.0,False,1,True,4.0,15.7,19.1,77.0,False,3.2,89.696,False,57,2025,1,Australian Grand Prix,2025_01
RUS,Mercedes,29.0,4.0,INTERMEDIATE,29.0,False,1,True,4.0,15.7,19.1,78.0,False,2.3,89.488,False,57,2025,1,Australian Grand Prix,2025_01
RUS,Mercedes,30.0,4.0,INTERMEDIATE,30.0,False,1,True,4.0,15.7,19.1,77.0,False,2.7,89.789,False,57,2025,1,Australian Grand Prix,2025_01
RUS,Mercedes,31.0,4.0,INTERMEDIATE,31.0,False,1,True,4.0,15.8,19.1,77.0,False,2.5,89.041,False,57,2025,1,Australian Grand Prix,2025_01
RUS,Mercedes,32.0,4.0,INTERMEDIATE,32.0,False,1,True,4.0,15.8,19.1,77.0,False,2.1,89.361,False,57,2025,1,Australian Grand Prix,2025_01
RUS,Mercedes,33.0,4.0,INTERMEDIATE,33.0,False,124,False,4.0,15.9,19.0,71.0,False,4.3,90.553,False,57,2025,1,Australian Grand Prix,2025_01
RUS,Mercedes,34.0,4.0,INTERMEDIATE,34.0,False,4,False,4.0,15.9,19.0,71.0,False,1.2,135.518,True,57,2025,1,Australian Grand Prix,2025_01
RUS,Mercedes,35.0,5.0,HARD,1.0,True,4,False,4.0,16.1,19.0,71.0,False,2.9,125.981,True,57,2025,1,Australian Grand Prix,2025_01
RUS,Mercedes,36.0,5.0,HARD,2.0,True,4,False,4.0,16.1,19.0,71.0,False,3.9,104.906,False,57,2025,1,Australian Grand Prix,2025_01
RUS,Mercedes,37.0,5.0,HARD,3.0,True,4,False,4.0,16.1,19.2,71.0,False,3.7,,False,57,2025,1,Australian Grand Prix,2025_01
RUS,Mercedes,38.0,5.0,HARD,4.0,True,4,False,4.0,16.3,19.2,71.0,False,4.0,138.272,False,57,2025,1,Australian Grand Prix,2025_01
RUS,Mercedes,39.0,5.0,HARD,5.0,True,4,False,4.0,16.3,19.2,68.0,False,3.9,132.784,False,57,2025,1,Australian Grand Prix,2025_01
RUS,Mercedes,40.0,5.0,HARD,6.0,True,4,False,4.0,16.4,19.2,69.0,False,4.6,131.368,False,57,2025,1,Australian Grand Prix,2025_01
RUS,Mercedes,41.0,5.0,HARD,7.0,True,41,False,4.0,16.4,19.2,68.0,False,4.8,131.214,False,57,2025,1,Australian Grand Prix,2025_01
RUS,Mercedes,42.0,5.0,HARD,8.0,True,1,True,4.0,16.5,19.3,69.0,False,3.9,86.239,False,57,2025,1,Australian Grand Prix,2025_01
RUS,Mercedes,43.0,5.0,HARD,9.0,True,1,True,4.0,16.6,19.3,68.0,False,5.1,85.065,False,57,2025,1,Australian Grand Prix,2025_01
RUS,Mercedes,44.0,5.0,HARD,10.0,True,12,False,8.0,16.6,19.3,75.0,False,1.3,106.238,True,57,2025,1,Australian Grand Prix,2025_01
RUS,Mercedes,45.0,6.0,INTERMEDIATE,1.0,True,21,False,8.0,16.4,19.3,76.0,True,2.5,96.33,True,57,2025,1,Australian Grand Prix,2025_01
RUS,Mercedes,46.0,6.0,INTERMEDIATE,2.0,True,1,True,6.0,15.9,19.3,80.0,True,1.4,91.87,False,57,2025,1,Australian Grand Prix,2025_01
RUS,Mercedes,47.0,6.0,INTERMEDIATE,3.0,True,124,False,3.0,15.7,19.3,80.0,True,1.8,122.439,False,57,2025,1,Australian Grand Prix,2025_01
RUS,Mercedes,48.0,6.0,INTERMEDIATE,4.0,True,4,False,3.0,15.3,19.3,80.0,True,1.6,123.129,False,57,2025,1,Australian Grand Prix,2025_01
RUS,Mercedes,49.0,6.0,INTERMEDIATE,5.0,True,4,False,3.0,15.1,18.8,83.0,True,0.7,144.163,False,57,2025,1,Australian Grand Prix,2025_01
RUS,Mercedes,50.0,6.0,INTERMEDIATE,6.0,True,4,False,3.0,15.1,18.8,83.0,False,1.3,142.305,False,57,2025,1,Australian Grand Prix,2025_01
RUS,Mercedes,51.0,6.0,INTERMEDIATE,7.0,True,41,False,3.0,15.2,18.8,83.0,False,1.5,133.149,False,57,2025,1,Australian Grand Prix,2025_01
RUS,Mercedes,52.0,6.0,INTERMEDIATE,8.0,True,1,True,3.0,15.1,18.7,78.0,False,1.4,94.334,False,57,2025,1,Australian Grand Prix,2025_01
RUS,Mercedes,53.0,6.0,INTERMEDIATE,9.0,True,1,True,3.0,15.2,18.7,77.0,False,1.6,91.177,False,57,2025,1,Australian Grand Prix,2025_01
RUS,Mercedes,54.0,6.0,INTERMEDIATE,10.0,True,1,True,3.0,15.6,18.7,75.0,False,2.6,90.41,False,57,2025,1,Australian Grand Prix,2025_01
RUS,Mercedes,55.0,6.0,INTERMEDIATE,11.0,True,1,True,3.0,15.8,18.7,76.0,False,1.3,90.076,False,57,2025,1,Australian Grand Prix,2025_01
RUS,Mercedes,56.0,6.0,INTERMEDIATE,12.0,True,1,True,3.0,16.0,18.7,71.0,False,1.2,89.454,False,57,2025,1,Australian Grand Prix,2025_01
RUS,Mercedes,57.0,6.0,INTERMEDIATE,13.0,True,1,True,3.0,16.1,18.7,72.0,False,0.8,89.117,False,57,2025,1,Australian Grand Prix,2025_01
DOO,Alpine,1.0,1.0,INTERMEDIATE,1.0,True,124,False,,15.7,19.2,74.0,False,3.9,,False,57,2025,1,Australian Grand Prix,2025_01
PIA,McLaren,1.0,1.0,INTERMEDIATE,1.0,True,124,False,3.0,15.7,19.2,74.0,False,3.9,120.807,False,57,2025,1,Australian Grand Prix,2025_01
PIA,McLaren,2.0,1.0,INTERMEDIATE,2.0,True,4,False,3.0,15.8,19.2,75.0,False,3.7,,True,57,2025,1,Australian Grand Prix,2025_01
PIA,McLaren,3.0,2.0,INTERMEDIATE,3.0,False,4,False,3.0,15.8,19.2,76.0,False,3.0,,True,57,2025,1,Australian Grand Prix,2025_01
PIA,McLaren,4.0,3.0,INTERMEDIATE,4.0,False,4,False,3.0,15.8,19.0,74.0,True,3.3,,True,57,2025,1,Australian Grand Prix,2025_01
PIA,McLaren,5.0,4.0,INTERMEDIATE,5.0,False,4,False,3.0,15.9,19.0,76.0,True,3.5,143.155,True,57,2025,1,Australian Grand Prix,2025_01
PIA,McLaren,6.0,4.0,INTERMEDIATE,6.0,False,4,False,3.0,15.8,19.0,75.0,False,3.9,139.873,False,57,2025,1,Australian Grand Prix,2025_01
PIA,McLaren,7.0,4.0,INTERMEDIATE,7.0,False,41,False,3.0,15.9,19.0,76.0,False,3.3,135.569,False,57,2025,1,Australian Grand Prix,2025_01
PIA,McLaren,8.0,4.0,INTERMEDIATE,8.0,False,1,True,3.0,15.9,19.1,75.0,False,4.5,97.251,False,57,2025,1,Australian Grand Prix,2025_01
PIA,McLaren,9.0,4.0,INTERMEDIATE,9.0,False,1,True,3.0,15.9,19.1,74.0,False,3.4,94.578,False,57,2025,1,Australian Grand Prix,2025_01
PIA,McLaren,10.0,4.0,INTERMEDIATE,10.0,False,1,True,3.0,15.9,19.1,76.0,False,2.5,92.672,False,57,2025,1,Australian Grand Prix,2025_01
PIA,McLaren,11.0,4.0,INTERMEDIATE,11.0,False,1,True,3.0,15.9,19.1,74.0,False,4.3,91.959,False,57,2025,1,Australian Grand Prix,2025_01
PIA,McLaren,12.0,4.0,INTERMEDIATE,12.0,False,1,True,3.0,16.0,19.3,75.0,False,2.6,91.29,False,57,2025,1,Australian Grand Prix,2025_01
PIA,McLaren,13.0,4.0,INTERMEDIATE,13.0,False,1,True,3.0,15.9,19.3,74.0,False,3.1,91.377,False,57,2025,1,Australian Grand Prix,2025_01
PIA,McLaren,14.0,4.0,INTERMEDIATE,14.0,False,1,True,3.0,16.0,19.3,74.0,True,3.4,90.555,False,57,2025,1,Australian Grand Prix,2025_01
PIA,McLaren,15.0,4.0,INTERMEDIATE,15.0,False,1,True,3.0,16.0,19.3,75.0,True,2.8,90.343,False,57,2025,1,Australian Grand Prix,2025_01
PIA,McLaren,16.0,4.0,INTERMEDIATE,16.0,False,1,True,3.0,16.0,19.3,73.0,True,2.6,90.722,False,57,2025,1,Australian Grand Prix,2025_01
PIA,McLaren,17.0,4.0,INTERMEDIATE,17.0,False,1,True,2.0,16.0,19.3,74.0,True,2.2,90.696,False,57,2025,1,Australian Grand Prix,2025_01
PIA,McLaren,18.0,4.0,INTERMEDIATE,18.0,False,1,True,2.0,16.0,19.4,73.0,True,3.8,90.143,False,57,2025,1,Australian Grand Prix,2025_01
PIA,McLaren,19.0,4.0,INTERMEDIATE,19.0,False,1,True,2.0,16.0,19.4,74.0,True,3.9,90.816,False,57,2025,1,Australian Grand Prix,2025_01
PIA,McLaren,20.0,4.0,INTERMEDIATE,20.0,False,1,True,2.0,16.0,19.4,74.0,True,3.0,90.159,False,57,2025,1,Australian Grand Prix,2025_01
PIA,McLaren,21.0,4.0,INTERMEDIATE,21.0,False,1,True,2.0,16.0,19.4,74.0,True,3.7,89.727,False,57,2025,1,Australian Grand Prix,2025_01
PIA,McLaren,22.0,4.0,INTERMEDIATE,22.0,False,1,True,2.0,16.0,19.2,76.0,True,3.8,90.214,False,57,2025,1,Australian Grand Prix,2025_01
PIA,McLaren,23.0,4.0,INTERMEDIATE,23.0,False,1,True,2.0,15.9,19.2,75.0,True,3.4,89.739,False,57,2025,1,Australian Grand Prix,2025_01
PIA,McLaren,24.0,4.0,INTERMEDIATE,24.0,False,1,True,2.0,15.9,19.2,76.0,True,2.0,89.626,False,57,2025,1,Australian Grand Prix,2025_01
PIA,McLaren,25.0,4.0,INTERMEDIATE,25.0,False,1,True,2.0,15.8,19.2,77.0,False,2.6,89.295,False,57,2025,1,Australian Grand Prix,2025_01
PIA,McLaren,26.0,4.0,INTERMEDIATE,26.0,False,1,True,2.0,15.7,19.2,76.0,False,3.7,89.133,False,57,2025,1,Australian Grand Prix,2025_01
PIA,McLaren,27.0,4.0,INTERMEDIATE,27.0,False,1,True,2.0,15.7,19.2,78.0,True,2.4,89.037,False,57,2025,1,Australian Grand Prix,2025_01
PIA,McLaren,28.0,4.0,INTERMEDIATE,28.0,False,1,True,2.0,15.7,19.1,77.0,False,3.2,88.629,False,57,2025,1,Australian Grand Prix,2025_01
PIA,McLaren,29.0,4.0,INTERMEDIATE,29.0,False,1,True,2.0,15.7,19.1,77.0,False,2.5,88.188,False,57,2025,1,Australian Grand Prix,2025_01
PIA,McLaren,30.0,4.0,INTERMEDIATE,30.0,False,1,True,2.0,15.7,19.1,77.0,False,2.7,88.331,False,57,2025,1,Australian Grand Prix,2025_01
PIA,McLaren,31.0,4.0,INTERMEDIATE,31.0,False,1,True,2.0,15.7,19.1,77.0,False,3.1,87.916,False,57,2025,1,Australian Grand Prix,2025_01
PIA,McLaren,32.0,4.0,INTERMEDIATE,32.0,False,1,True,2.0,15.8,19.1,77.0,False,2.1,89.379,False,57,2025,1,Australian Grand Prix,2025_01
PIA,McLaren,33.0,4.0,INTERMEDIATE,33.0,False,1,True,2.0,15.8,19.1,71.0,False,4.4,88.226,False,57,2025,1,Australian Grand Prix,2025_01
PIA,McLaren,34.0,4.0,INTERMEDIATE,34.0,False,124,False,2.0,15.9,19.0,71.0,False,1.2,127.025,True,57,2025,1,Australian Grand Prix,2025_01
PIA,McLaren,35.0,5.0,HARD,2.0,False,4,False,2.0,16.1,19.0,71.0,False,2.9,123.781,True,57,2025,1,Australian Grand Prix,2025_01
PIA,McLaren,36.0,5.0,HARD,3.0,False,4,False,2.0,16.1,19.0,72.0,False,2.5,131.212,False,57,2025,1,Australian Grand Prix,2025_01
PIA,McLaren,37.0,5.0,HARD,4.0,False,4,False,2.0,16.1,19.2,71.0,False,3.7,,False,57,2025,1,Australian Grand Prix,2025_01
PIA,McLaren,38.0,5.0,HARD,5.0,False,4,False,2.0,16.3,19.2,71.0,False,4.0,138.892,False,57,2025,1,Australian Grand Prix,2025_01
PIA,McLaren,39.0,5.0,HARD,6.0,False,4,False,2.0,16.3,19.2,68.0,False,3.9,133.78,False,57,2025,1,Australian Grand Prix,2025_01
PIA,McLaren,40.0,5.0,HARD,7.0,False,4,False,2.0,16.4,19.2,69.0,False,4.6,133.016,False,57,2025,1,Australian Grand Prix,2025_01
PIA,McLaren,41.0,5.0,HARD,8.0,False,41,False,2.0,16.4,19.2,68.0,False,4.8,133.553,False,57,2025,1,Australian Grand Prix,2025_01
PIA,McLaren,42.0,5.0,HARD,9.0,False,1,True,2.0,16.5,19.3,69.0,False,3.9,84.583,False,57,2025,1,Australian Grand Prix,2025_01
PIA,McLaren,43.0,5.0,HARD,10.0,False,1,True,2.0,16.6,19.3,68.0,False,5.1,83.242,False,57,2025,1,Australian Grand Prix,2025_01
PIA,McLaren,44.0,5.0,HARD,11.0,False,12,False,15.0,16.6,19.3,71.0,False,2.2,,True,57,2025,1,Australian Grand Prix,2025_01
PIA,McLaren,45.0,6.0,INTERMEDIATE,1.0,True,1,False,15.0,15.9,19.3,80.0,True,1.4,98.184,True,57,2025,1,Australian Grand Prix,2025_01
PIA,McLaren,46.0,6.0,INTERMEDIATE,2.0,True,124,False,14.0,15.7,19.3,80.0,True,1.8,111.022,False,57,2025,1,Australian Grand Prix,2025_01
PIA,McLaren,47.0,6.0,INTERMEDIATE,3.0,True,4,False,13.0,15.3,19.3,80.0,True,1.6,120.17,False,57,2025,1,Australian Grand Prix,2025_01
PIA,McLaren,48.0,6.0,INTERMEDIATE,4.0,True,4,False,13.0,15.1,18.8,81.0,True,1.3,102.413,False,57,2025,1,Australian Grand Prix,2025_01
PIA,McLaren,49.0,6.0,INTERMEDIATE,5.0,True,4,False,13.0,15.1,18.8,82.0,False,2.2,100.44,False,57,2025,1,Australian Grand Prix,2025_01
PIA,McLaren,50.0,6.0,INTERMEDIATE,6.0,True,4,False,13.0,15.1,18.8,83.0,False,2.2,123.732,False,57,2025,1,Australian Grand Prix,2025_01
PIA,McLaren,51.0,6.0,INTERMEDIATE,7.0,True,41,False,12.0,15.1,18.8,81.0,False,1.8,124.275,False,57,2025,1,Australian Grand Prix,2025_01
PIA,McLaren,52.0,6.0,INTERMEDIATE,8.0,True,1,True,12.0,15.1,18.7,78.0,False,1.4,97.224,False,57,2025,1,Australian Grand Prix,2025_01
PIA,McLaren,53.0,6.0,INTERMEDIATE,9.0,True,1,True,11.0,15.2,18.7,77.0,False,1.6,91.809,False,57,2025,1,Australian Grand Prix,2025_01
PIA,McLaren,54.0,6.0,INTERMEDIATE,10.0,True,1,True,11.0,15.6,18.7,75.0,False,2.6,92.507,False,57,2025,1,Australian Grand Prix,2025_01
PIA,McLaren,55.0,6.0,INTERMEDIATE,11.0,True,1,True,10.0,15.8,18.7,76.0,False,1.3,90.051,False,57,2025,1,Australian Grand Prix,2025_01
PIA,McLaren,56.0,6.0,INTERMEDIATE,12.0,True,1,True,10.0,16.0,18.7,71.0,False,1.2,88.559,False,57,2025,1,Australian Grand Prix,2025_01
PIA,McLaren,57.0,6.0,INTERMEDIATE,13.0,True,1,True,9.0,16.1,18.7,72.0,False,0.8,89.517,False,57,2025,1,Australian Grand Prix,2025_01
BEA,Haas F1 Team,1.0,1.0,INTERMEDIATE,1.0,False,124,False,17.0,15.7,19.2,74.0,False,3.9,149.413,True,57,2025,1,Australian Grand Prix,2025_01
BEA,Haas F1 Team,2.0,1.0,INTERMEDIATE,2.0,False,4,False,17.0,15.8,19.2,75.0,True,5.2,,True,57,2025,1,Australian Grand Prix,2025_01
BEA,Haas F1 Team,3.0,2.0,INTERMEDIATE,3.0,False,4,False,17.0,15.8,19.2,75.0,True,5.1,,True,57,2025,1,Australian Grand Prix,2025_01
BEA,Haas F1 Team,4.0,3.0,INTERMEDIATE,4.0,False,4,False,17.0,15.8,19.0,74.0,True,3.3,,True,57,2025,1,Australian Grand Prix,2025_01
BEA,Haas F1 Team,5.0,4.0,INTERMEDIATE,1.0,False,4,False,17.0,15.9,19.0,76.0,True,3.5,125.412,True,57,2025,1,Australian Grand Prix,2025_01
BEA,Haas F1 Team,6.0,4.0,INTERMEDIATE,2.0,False,4,False,17.0,15.8,19.0,75.0,False,3.9,142.075,False,57,2025,1,Australian Grand Prix,2025_01
BEA,Haas F1 Team,7.0,4.0,INTERMEDIATE,3.0,False,41,False,17.0,15.9,19.1,75.0,False,4.7,122.192,False,57,2025,1,Australian Grand Prix,2025_01
BEA,Haas F1 Team,8.0,4.0,INTERMEDIATE,4.0,False,1,True,17.0,15.9,19.1,76.0,False,1.9,102.054,False,57,2025,1,Australian Grand Prix,2025_01
BEA,Haas F1 Team,9.0,4.0,INTERMEDIATE,5.0,False,1,True,17.0,15.9,19.1,74.0,False,3.4,98.564,False,57,2025,1,Australian Grand Prix,2025_01
BEA,Haas F1 Team,10.0,4.0,INTERMEDIATE,6.0,False,1,True,17.0,15.9,19.1,76.0,False,2.5,96.411,False,57,2025,1,Australian Grand Prix,2025_01
BEA,Haas F1 Team,11.0,4.0,INTERMEDIATE,7.0,False,1,True,17.0,16.0,19.1,74.0,False,3.6,95.416,False,57,2025,1,Australian Grand Prix,2025_01
BEA,Haas F1 Team,12.0,4.0,INTERMEDIATE,8.0,False,1,True,17.0,16.0,19.3,75.0,False,2.6,95.002,False,57,2025,1,Australian Grand Prix,2025_01
BEA,Haas F1 Team,13.0,4.0,INTERMEDIATE,9.0,False,1,True,17.0,16.0,19.3,75.0,False,3.3,94.25,False,57,2025,1,Australian Grand Prix,2025_01
BEA,Haas F1 Team,14.0,4.0,INTERMEDIATE,10.0,False,1,True,17.0,16.0,19.3,74.0,True,3.4,93.732,False,57,2025,1,Australian Grand Prix,2025_01
BEA,Haas F1 Team,15.0,4.0,INTERMEDIATE,11.0,False,1,True,17.0,16.0,19.3,75.0,False,2.3,93.885,False,57,2025,1,Australian Grand Prix,2025_01
BEA,Haas F1 Team,16.0,4.0,INTERMEDIATE,12.0,False,1,True,17.0,16.0,19.3,74.0,True,2.2,93.395,False,57,2025,1,Australian Grand Prix,2025_01
BEA,Haas F1 Team,17.0,4.0,INTERMEDIATE,13.0,False,1,True,17.0,16.1,19.4,74.0,True,2.6,94.527,False,57,2025,1,Australian Grand Prix,2025_01
BEA,Haas F1 Team,18.0,4.0,INTERMEDIATE,14.0,False,1,True,17.0,16.0,19.4,74.0,True,3.9,94.527,False,57,2025,1,Australian Grand Prix,2025_01
BEA,Haas F1 Team,19.0,4.0,INTERMEDIATE,15.0,False,1,True,17.0,16.1,19.4,75.0,True,1.9,94.065,False,57,2025,1,Australian Grand Prix,2025_01
BEA,Haas F1 Team,20.0,4.0,INTERMEDIATE,16.0,False,1,True,17.0,16.0,19.4,74.0,True,3.7,94.094,False,57,2025,1,Australian Grand Prix,2025_01
BEA,Haas F1 Team,21.0,4.0,INTERMEDIATE,17.0,False,1,True,17.0,16.0,19.4,75.0,True,2.5,93.818,False,57,2025,1,Australian Grand Prix,2025_01
BEA,Haas F1 Team,22.0,4.0,INTERMEDIATE,18.0,False,1,True,17.0,15.9,19.2,75.0,True,3.4,93.59,False,57,2025,1,Australian Grand Prix,2025_01
BEA,Haas F1 Team,23.0,4.0,INTERMEDIATE,19.0,False,1,True,17.0,15.9,19.2,76.0,True,2.4,93.342,False,57,2025,1,Australian Grand Prix,2025_01
BEA,Haas F1 Team,24.0,4.0,INTERMEDIATE,20.0,False,1,True,17.0,15.8,19.2,77.0,False,2.6,93.042,False,57,2025,1,Australian Grand Prix,2025_01
BEA,Haas F1 Team,25.0,4.0,INTERMEDIATE,21.0,False,1,True,17.0,15.7,19.2,76.0,False,3.7,92.613,False,57,2025,1,Australian Grand Prix,2025_01
BEA,Haas F1 Team,26.0,4.0,INTERMEDIATE,22.0,False,1,True,17.0,15.7,19.2,78.0,True,2.4,92.577,False,57,2025,1,Australian Grand Prix,2025_01
BEA,Haas F1 Team,27.0,4.0,INTERMEDIATE,23.0,False,1,True,17.0,15.7,19.1,77.0,False,3.2,92.507,False,57,2025,1,Australian Grand Prix,2025_01
BEA,Haas F1 Team,28.0,4.0,INTERMEDIATE,24.0,False,1,True,17.0,15.7,19.1,77.0,False,2.5,94.505,False,57,2025,1,Australian Grand Prix,2025_01
BEA,Haas F1 Team,29.0,4.0,INTERMEDIATE,25.0,False,1,True,17.0,15.7,19.1,77.0,False,2.7,91.267,False,57,2025,1,Australian Grand Prix,2025_01
BEA,Haas F1 Team,30.0,4.0,INTERMEDIATE,26.0,False,1,True,17.0,15.7,19.1,77.0,False,3.1,91.377,False,57,2025,1,Australian Grand Prix,2025_01
BEA,Haas F1 Team,31.0,4.0,INTERMEDIATE,27.0,False,1,True,17.0,15.8,19.1,77.0,False,2.1,91.257,False,57,2025,1,Australian Grand Prix,2025_01
BEA,Haas F1 Team,32.0,4.0,INTERMEDIATE,28.0,False,12,True,17.0,15.8,19.1,71.0,False,4.4,91.3,False,57,2025,1,Australian Grand Prix,2025_01
BEA,Haas F1 Team,33.0,4.0,INTERMEDIATE,29.0,False,24,False,16.0,15.9,19.0,71.0,False,1.2,117.148,False,57,2025,1,Australian Grand Prix,2025_01
BEA,Haas F1 Team,34.0,4.0,INTERMEDIATE,30.0,False,4,False,15.0,16.1,19.0,71.0,False,2.9,120.646,False,57,2025,1,Australian Grand Prix,2025_01
BEA,Haas F1 Team,35.0,4.0,INTERMEDIATE,31.0,False,4,False,15.0,16.1,19.0,72.0,False,2.5,131.067,False,57,2025,1,Australian Grand Prix,2025_01
BEA,Haas F1 Team,36.0,4.0,INTERMEDIATE,32.0,False,4,False,15.0,16.1,19.2,71.0,False,3.7,,False,57,2025,1,Australian Grand Prix,2025_01
BEA,Haas F1 Team,37.0,4.0,INTERMEDIATE,33.0,False,4,False,15.0,16.3,19.2,71.0,False,4.0,138.672,False,57,2025,1,Australian Grand Prix,2025_01
BEA,Haas F1 Team,38.0,4.0,INTERMEDIATE,34.0,False,4,False,15.0,16.3,19.2,68.0,False,3.9,132.858,False,57,2025,1,Australian Grand Prix,2025_01
BEA,Haas F1 Team,39.0,4.0,INTERMEDIATE,35.0,False,4,False,16.0,16.4,19.2,69.0,False,4.6,130.476,True,57,2025,1,Australian Grand Prix,2025_01
BEA,Haas F1 Team,40.0,5.0,MEDIUM,,True,4,False,16.0,16.4,19.2,68.0,False,4.8,113.822,True,57,2025,1,Australian Grand Prix,2025_01
BEA,Haas F1 Team,41.0,5.0,MEDIUM,,True,41,False,16.0,16.5,19.3,70.0,False,4.7,89.149,False,57,2025,1,Australian Grand Prix,2025_01
BEA,Haas F1 Team,42.0,5.0,MEDIUM,,True,1,True,16.0,16.6,19.3,68.0,False,5.1,87.603,False,57,2025,1,Australian Grand Prix,2025_01
BEA,Haas F1 Team,43.0,5.0,MEDIUM,,True,1,True,16.0,16.6,19.3,71.0,False,2.2,91.057,False,57,2025,1,Australian Grand Prix,2025_01
BEA,Haas F1 Team,44.0,5.0,MEDIUM,,True,12,False,16.0,16.4,19.3,76.0,True,2.5,122.961,True,57,2025,1,Australian Grand Prix,2025_01
BEA,Haas F1 Team,45.0,6.0,INTERMEDIATE,1.0,True,1,False,16.0,15.9,19.3,80.0,True,1.4,101.777,True,57,2025,1,Australian Grand Prix,2025_01
BEA,Haas F1 Team,46.0,6.0,INTERMEDIATE,2.0,True,124,False,15.0,15.5,19.3,80.0,True,2.1,125.498,False,57,2025,1,Australian Grand Prix,2025_01
BEA,Haas F1 Team,47.0,6.0,INTERMEDIATE,3.0,True,4,False,14.0,15.2,18.8,81.0,True,1.3,118.594,False,57,2025,1,Australian Grand Prix,2025_01
BEA,Haas F1 Team,48.0,6.0,INTERMEDIATE,4.0,True,4,False,14.0,15.1,18.8,83.0,True,0.7,144.788,False,57,2025,1,Australian Grand Prix,2025_01
BEA,Haas F1 Team,49.0,6.0,INTERMEDIATE,5.0,True,4,False,14.0,15.1,18.8,83.0,False,1.3,110.488,False,57,2025,1,Australian Grand Prix,2025_01
BEA,Haas F1 Team,50.0,6.0,INTERMEDIATE,6.0,True,4,False,14.0,15.2,18.8,83.0,False,1.5,96.187,False,57,2025,1,Australian Grand Prix,2025_01
BEA,Haas F1 Team,51.0,6.0,INTERMEDIATE,7.0,True,41,False,14.0,15.1,18.8,81.0,False,1.8,94.937,False,57,2025,1,Australian Grand Prix,2025_01
BEA,Haas F1 Team,52.0,6.0,INTERMEDIATE,8.0,True,1,True,14.0,15.1,18.7,78.0,False,1.4,93.258,False,57,2025,1,Australian Grand Prix,2025_01
BEA,Haas F1 Team,53.0,6.0,INTERMEDIATE,9.0,True,1,True,14.0,15.4,18.7,77.0,False,2.3,91.366,False,57,2025,1,Australian Grand Prix,2025_01
BEA,Haas F1 Team,54.0,6.0,INTERMEDIATE,10.0,True,1,True,14.0,15.6,18.7,75.0,False,2.6,90.49,False,57,2025,1,Australian Grand Prix,2025_01
BEA,Haas F1 Team,55.0,6.0,INTERMEDIATE,11.0,True,1,True,14.0,15.9,18.7,74.0,False,1.5,91.284,False,57,2025,1,Australian Grand Prix,2025_01
BEA,Haas F1 Team,56.0,6.0,INTERMEDIATE,12.0,True,1,True,14.0,16.0,18.7,71.0,False,1.2,90.226,False,57,2025,1,Australian Grand Prix,2025_01
BEA,Haas F1 Team,57.0,6.0,INTERMEDIATE,13.0,True,1,True,14.0,16.1,18.7,72.0,False,1.4,90.553,False,57,2025,1,Australian Grand Prix,2025_01
