Driver,Team,LapNumber,Stint,Compound,TyreLife,FreshTyre,TrackStatus,IsAccurate,Position,AirTemp,TrackTemp,Humidity,Rainfall,WindSpeed,LapTimeSeconds,IsPitLap,TotalLaps,Year,Round,Event,RaceId
VER,Red Bull Racing,1.0,,nan,,True,12,False,1.0,26.3,39.7,65.0,False,1.2,95.669,False,57,2025,6,Miami Grand Prix,2025_06
VER,Red Bull Racing,2.0,,nan,,True,126,False,1.0,26.4,40.3,64.0,False,1.2,111.128,False,57,2025,6,Miami Grand Prix,2025_06
VER,Red Bull Racing,3.0,,nan,,True,671,False,1.0,26.7,39.8,63.0,False,0.8,125.946,False,57,2025,6,Miami Grand Prix,2025_06
VER,Red Bull Racing,4.0,,nan,,True,1,True,1.0,26.6,39.0,63.0,False,0.4,92.569,False,57,2025,6,Miami Grand Prix,2025_06
VER,Red Bull Racing,5.0,,nan,,True,1,True,1.0,26.4,38.5,64.0,False,1.3,92.133,False,57,2025,6,Miami Grand Prix,2025_06
VER,Red Bull Racing,6.0,,nan,,True,1,True,1.0,26.4,38.4,64.0,False,0.0,92.096,False,57,2025,6,Miami Grand Prix,2025_06
VER,Red Bull Racing,7.0,,nan,,True,1,True,1.0,26.6,38.9,64.0,False,0.8,92.083,False,57,2025,6,Miami Grand Prix,2025_06
VER,Red Bull Racing,8.0,,nan,,True,1,True,1.0,26.6,38.9,63.0,False,0.7,92.583,False,57,2025,6,Miami Grand Prix,2025_06
VER,Red Bull Racing,9.0,,nan,,True,1,True,1.0,26.7,38.9,62.0,False,1.0,92.406,False,57,2025,6,Miami Grand Prix,2025_06
VER,Red Bull Racing,10.0,,nan,,True,1,True,1.0,26.7,39.0,61.0,False,1.0,92.392,False,57,2025,6,Miami Grand Prix,2025_06
VER,Red Bull Racing,11.0,,nan,,True,1,True,1.0,26.6,38.5,62.0,False,1.3,92.595,False,57,2025,6,Miami Grand Prix,2025_06
VER,Red Bull Racing,12.0,,nan,,True,1,True,1.0,26.6,38.5,62.0,False,1.1,92.236,False,57,2025,6,Miami Grand Prix,2025_06
VER,Red Bull Racing,13.0,,nan,,True,1,True,1.0,26.8,38.2,62.0,False,0.5,92.272,False,57,2025,6,Miami Grand Prix,2025_06
VER,Red Bull Racing,14.0,,nan,,True,1,True,2.0,26.7,38.2,62.0,False,1.4,94.727,False,57,2025,6,Miami Grand Prix,2025_06
VER,Red Bull Racing,15.0,,nan,,True,1,True,2.0,26.6,37.6,63.0,False,0.8,93.736,False,57,2025,6,Miami Grand Prix,2025_06
VER,Red Bull Racing,16.0,,nan,,True,1,True,2.0,26.5,37.7,63.0,False,0.6,93.178,False,57,2025,6,Miami Grand Prix,2025_06
VER,Red Bull Racing,17.0,,nan,,True,1,True,2.0,26.6,37.7,62.0,False,0.6,94.857,False,57,2025,6,Miami Grand Prix,2025_06
VER,Red Bull Racing,18.0,,nan,,True,1,True,3.0,26.7,37.6,63.0,False,0.7,93.253,False,57,2025,6,Miami Grand Prix,2025_06
VER,Red Bull Racing,19.0,,nan,,True,1,True,3.0,26.8,37.8,61.0,False,0.6,92.824,False,57,2025,6,Miami Grand Prix,2025_06
VER,Red Bull Racing,20.0,,nan,,True,1,True,3.0,26.8,37.9,61.0,False,0.8,93.284,False,57,2025,6,Miami Grand Prix,2025_06
VER,Red Bull Racing,21.0,,nan,,True,1,True,3.0,26.6,37.6,61.0,False,0.6,92.693,False,57,2025,6,Miami Grand Prix,2025_06
VER,Red Bull Racing,22.0,,nan,,True,1,True,3.0,26.6,37.8,61.0,False,0.9,92.472,False,57,2025,6,Miami Grand Prix,2025_06
VER,Red Bull Racing,23.0,,nan,,True,1,True,3.0,26.7,37.8,61.0,False,0.7,92.636,False,57,2025,6,Miami Grand Prix,2025_06
VER,Red Bull Racing,24.0,,nan,,True,1,True,3.0,26.8,37.9,59.0,False,0.0,92.44,False,57,2025,6,Miami Grand Prix,2025_06
VER,Red Bull Racing,25.0,1.0,MEDIUM,1.0,True,1,True,3.0,26.8,37.7,59.0,False,0.8,92.523,False,57,2025,6,Miami Grand Prix,2025_06
VER,Red Bull Racing,26.0,1.0,MEDIUM,2.0,True,1,False,4.0,26.8,37.5,60.0,False,0.9,96.935,True,57,2025,6,Miami Grand Prix,2025_06
VER,Red Bull Racing,27.0,1.0,MEDIUM,3.0,True,1,False,5.0,26.6,37.2,60.0,False,0.8,105.511,True,57,2025,6,Miami Grand Prix,2025_06
VER,Red Bull Racing,28.0,1.0,MEDIUM,4.0,True,16,False,5.0,26.6,37.0,59.0,False,1.3,96.612,False,57,2025,6,Miami Grand Prix,2025_06
VER,Red Bull Racing,29.0,1.0,MEDIUM,5.0,True,67,False,5.0,26.6,36.6,60.0,False,1.4,124.704,False,57,2025,6,Miami Grand Prix,2025_06
VER,Red Bull Racing,30.0,1.0,MEDIUM,6.0,True,71,False,4.0,26.6,36.4,61.0,True,1.0,91.899,False,57,2025,6,Miami Grand Prix,2025_06
VER,Red Bull Racing,31.0,1.0,MEDIUM,7.0,True,1,True,4.0,26.5,36.0,60.0,False,1.1,91.025,False,57,2025,6,Miami Grand Prix,2025_06
VER,Red Bull Racing,32.0,1.0,MEDIUM,8.0,True,1,True,4.0,26.5,36.0,60.0,False,1.2,91.781,False,57,2025,6,Miami Grand Prix,2025_06
VER,Red Bull Racing,33.0,2.0,HARD,1.0,True,167,False,4.0,26.4,35.8,60.0,True,1.4,119.077,False,57,2025,6,Miami Grand Prix,2025_06
VER,Red Bull Racing,34.0,2.0,HARD,2.0,True,1,True,4.0,26.2,36.1,61.0,False,0.9,90.879,False,57,2025,6,Miami Grand Prix,2025_06
VER,Red Bull Racing,35.0,2.0,HARD,3.0,True,1,True,4.0,26.2,36.1,61.0,False,0.9,90.68,False,57,2025,6,Miami Grand Prix,2025_06
VER,Red Bull Racing,36.0,2.0,HARD,4.0,True,1,True,4.0,26.1,35.8,62.0,False,1.1,90.829,False,57,2025,6,Miami Grand Prix,2025_06
VER,Red Bull Racing,37.0,2.0,HARD,5.0,True,1,True,4.0,26.1,35.5,63.0,False,1.8,90.751,False,57,2025,6,Miami Grand Prix,2025_06
VER,Red Bull Racing,38.0,2.0,HARD,6.0,True,1,True,4.0,26.1,36.0,62.0,False,0.9,90.992,False,57,2025,6,Miami Grand Prix,2025_06
VER,Red Bull Racing,39.0,2.0,HARD,7.0,True,1,True,4.0,26.2,36.0,62.0,False,0.9,90.793,False,57,2025,6,Miami Grand Prix,2025_06
VER,Red Bull Racing,40.0,2.0,HARD,8.0,True,1,True,4.0,26.2,35.7,63.0,False,1.0,90.743,False,57,2025,6,Miami Grand Prix,2025_06
VER,Red Bull Racing,41.0,2.0,HARD,9.0,True,1,True,4.0,26.2,35.5,63.0,False,1.2,90.466,False,57,2025,6,Miami Grand Prix,2025_06
VER,Red Bull Racing,42.0,2.0,HARD,10.0,True,1,True,4.0,26.1,34.9,64.0,False,0.8,90.685,False,57,2025,6,Miami Grand Prix,2025_06
VER,Red Bull Racing,43.0,2.0,HARD,11.0,True,1,True,4.0,26.1,34.9,64.0,False,0.0,90.775,False,57,2025,6,Miami Grand Prix,2025_06
VER,Red Bull Racing,44.0,2.0,HARD,12.0,True,1,True,4.0,26.0,35.3,64.0,False,0.9,90.822,False,57,2025,6,Miami Grand Prix,2025_06
VER,Red Bull Racing,45.0,2.0,HARD,13.0,True,1,True,4.0,26.0,35.6,64.0,False,0.6,90.643,False,57,2025,6,Miami Grand Prix,2025_06
VER,Red Bull Racing,46.0,2.0,HARD,14.0,True,1,True,4.0,26.0,35.7,64.0,False,0.4,90.977,False,57,2025,6,Miami Grand Prix,2025_06
VER,Red Bull Racing,47.0,2.0,HARD,15.0,True,1,True,4.0,26.0,35.4,64.0,False,0.8,91.136,False,57,2025,6,Miami Grand Prix,2025_06
VER,Red Bull Racing,48.0,2.0,HARD,16.0,True,1,True,4.0,26.0,35.3,64.0,False,1.1,90.879,False,57,2025,6,Miami Grand Prix,2025_06
VER,Red Bull Racing,49.0,2.0,HARD,17.0,True,1,True,4.0,26.0,35.3,64.0,False,1.1,90.59,False,57,2025,6,Miami Grand Prix,2025_06
VER,Red Bull Racing,50.0,2.0,HARD,18.0,True,1,True,4.0,26.0,35.0,65.0,False,0.9,90.668,False,57,2025,6,Miami Grand Prix,2025_06
VER,Red Bull Racing,51.0,2.0,HARD,19.0,True,1,True,4.0,26.0,35.1,64.0,False,0.5,90.534,False,57,2025,6,Miami Grand Prix,2025_06
VER,Red Bull Racing,52.0,2.0,HARD,20.0,True,1,True,4.0,26.0,34.9,64.0,False,0.7,90.773,False,57,2025,6,Miami Grand Prix,2025_06
VER,Red Bull Racing,53.0,2.0,HARD,21.0,True,1,True,4.0,25.9,34.9,64.0,False,1.0,90.887,False,57,2025,6,Miami Grand Prix,2025_06
VER,Red Bull Racing,54.0,2.0,HARD,22.0,True,1,True,4.0,26.0,34.8,64.0,False,1.3,91.606,False,57,2025,6,Miami Grand Prix,2025_06
VER,Red Bull Racing,55.0,2.0,HARD,23.0,True,1,True,4.0,25.9,34.9,64.0,False,1.1,90.523,False,57,2025,6,Miami Grand Prix,2025_06
VER,Red Bull Racing,56.0,2.0,HARD,24.0,True,1,True,4.0,25.9,34.9,64.0,False,0.8,90.651,False,57,2025,6,Miami Grand Prix,2025_06
VER,Red Bull Racing,57.0,2.0,HARD,25.0,True,1,True,4.0,26.0,34.9,64.0,False,0.9,90.986,False,57,2025,6,Miami Grand Prix,2025_06
GAS,Alpine,1.0,,nan,,True,12,False,18.0,26.3,39.7,65.0,False,1.2,105.474,True,57,2025,6,Miami Grand Prix,2025_06
GAS,Alpine,2.0,,nan,,True,126,False,18.0,26.4,40.3,64.0,False,1.2,125.704,False,57,2025,6,Miami Grand Prix,2025_06
GAS,Alpine,3.0,,nan,,True,671,False,18.0,26.7,39.8,63.0,False,0.8,115.733,False,57,2025,6,Miami Grand Prix,2025_06
GAS,Alpine,4.0,,nan,,True,1,True,18.0,26.6,39.0,63.0,False,0.4,94.054,False,57,2025,6,Miami Grand Prix,2025_06
GAS,Alpine,5.0,,nan,,True,1,True,18.0,26.4,38.5,64.0,False,1.3,94.123,False,57,2025,6,Miami Grand Prix,2025_06
GAS,Alpine,6.0,,nan,,True,1,True,18.0,26.4,38.4,64.0,False,0.0,94.295,False,57,2025,6,Miami Grand Prix,2025_06
GAS,Alpine,7.0,,nan,,True,1,True,18.0,26.6,38.9,64.0,False,0.8,94.019,False,57,2025,6,Miami Grand Prix,2025_06
GAS,Alpine,8.0,,nan,,True,1,True,18.0,26.6,38.9,63.0,False,0.9,94.087,False,57,2025,6,Miami Grand Prix,2025_06
GAS,Alpine,9.0,,nan,,True,1,True,17.0,26.7,38.9,62.0,False,1.0,93.727,False,57,2025,6,Miami Grand Prix,2025_06
GAS,Alpine,10.0,,nan,,True,1,True,17.0,26.7,38.9,62.0,False,1.4,93.43,False,57,2025,6,Miami Grand Prix,2025_06
GAS,Alpine,11.0,,nan,,True,1,True,17.0,26.6,38.5,62.0,False,1.3,93.253,False,57,2025,6,Miami Grand Prix,2025_06
GAS,Alpine,12.0,,nan,,True,1,True,17.0,26.6,38.4,62.0,False,1.1,93.244,False,57,2025,6,Miami Grand Prix,2025_06
GAS,Alpine,13.0,,nan,,True,1,True,17.0,26.8,38.2,62.0,False,0.5,93.113,False,57,2025,6,Miami Grand Prix,2025_06
GAS,Alpine,14.0,,nan,,True,1,True,17.0,26.6,38.1,62.0,False,1.4,93.309,False,57,2025,6,Miami Grand Prix,2025_06
GAS,Alpine,15.0,,nan,,True,1,True,17.0,26.6,37.6,63.0,False,0.8,93.775,False,57,2025,6,Miami Grand Prix,2025_06
GAS,Alpine,16.0,,nan,,True,1,True,17.0,26.5,37.7,63.0,False,0.6,93.39,False,57,2025,6,Miami Grand Prix,2025_06
GAS,Alpine,17.0,,nan,,True,1,True,17.0,26.5,37.6,63.0,False,0.7,93.478,False,57,2025,6,Miami Grand Prix,2025_06
GAS,Alpine,18.0,,nan,,True,1,True,17.0,26.7,37.6,63.0,False,0.7,93.528,False,57,2025,6,Miami Grand Prix,2025_06
GAS,Alpine,19.0,,nan,,True,1,True,17.0,26.8,38.0,61.0,False,0.7,93.563,False,57,2025,6,Miami Grand Prix,2025_06
GAS,Alpine,20.0,,nan,,True,1,True,15.0,26.8,37.9,61.0,False,0.8,93.441,False,57,2025,6,Miami Grand Prix,2025_06
GAS,Alpine,21.0,,nan,,True,1,True,15.0,26.5,37.6,61.0,False,0.9,93.143,False,57,2025,6,Miami Grand Prix,2025_06
GAS,Alpine,22.0,,nan,,True,1,True,15.0,26.6,37.8,61.0,False,0.9,93.025,False,57,2025,6,Miami Grand Prix,2025_06
GAS,Alpine,23.0,,nan,,True,1,True,14.0,26.8,37.8,60.0,False,0.4,92.798,False,57,2025,6,Miami Grand Prix,2025_06
GAS,Alpine,24.0,1.0,HARD,1.0,True,1,True,13.0,26.8,37.9,59.0,False,0.0,92.831,False,57,2025,6,Miami Grand Prix,2025_06
GAS,Alpine,25.0,1.0,HARD,2.0,True,1,True,13.0,26.8,37.7,59.0,False,0.8,92.853,False,57,2025,6,Miami Grand Prix,2025_06
GAS,Alpine,26.0,1.0,HARD,3.0,True,1,True,13.0,26.7,37.3,60.0,False,0.8,94.359,False,57,2025,6,Miami Grand Prix,2025_06
GAS,Alpine,27.0,1.0,HARD,4.0,True,1,True,12.0,26.6,37.2,60.0,False,0.8,92.77,False,57,2025,6,Miami Grand Prix,2025_06
GAS,Alpine,28.0,1.0,HARD,5.0,True,16,False,11.0,26.6,36.9,59.0,False,1.7,101.231,False,57,2025,6,Miami Grand Prix,2025_06
GAS,Alpine,29.0,1.0,HARD,6.0,True,671,False,11.0,26.6,36.6,60.0,False,1.4,122.824,False,57,2025,6,Miami Grand Prix,2025_06
GAS,Alpine,30.0,1.0,HARD,7.0,True,1,True,12.0,26.6,36.4,61.0,True,1.0,93.172,False,57,2025,6,Miami Grand Prix,2025_06
GAS,Alpine,31.0,1.0,HARD,8.0,True,1,True,12.0,26.5,36.0,60.0,False,1.1,92.523,False,57,2025,6,Miami Grand Prix,2025_06
GAS,Alpine,32.0,1.0,HARD,9.0,True,16,False,13.0,26.5,36.0,60.0,False,1.2,98.57,True,57,2025,6,Miami Grand Prix,2025_06
GAS,Alpine,33.0,2.0,MEDIUM,1.0,True,671,False,14.0,26.4,35.8,60.0,True,1.4,123.372,True,57,2025,6,Miami Grand Prix,2025_06
GAS,Alpine,34.0,2.0,MEDIUM,2.0,True,1,True,14.0,26.2,36.1,61.0,False,0.9,91.372,False,57,2025,6,Miami Grand Prix,2025_06
GAS,Alpine,35.0,2.0,MEDIUM,3.0,True,1,True,14.0,26.1,35.9,61.0,False,1.2,91.159,False,57,2025,6,Miami Grand Prix,2025_06
GAS,Alpine,36.0,2.0,MEDIUM,4.0,True,1,True,14.0,26.1,35.8,62.0,False,1.1,91.533,False,57,2025,6,Miami Grand Prix,2025_06
GAS,Alpine,37.0,2.0,MEDIUM,5.0,True,1,True,13.0,26.1,35.7,62.0,False,1.5,91.682,False,57,2025,6,Miami Grand Prix,2025_06
GAS,Alpine,38.0,2.0,MEDIUM,6.0,True,1,True,13.0,26.1,36.0,62.0,False,0.9,91.642,False,57,2025,6,Miami Grand Prix,2025_06
GAS,Alpine,39.0,2.0,MEDIUM,7.0,True,1,True,13.0,26.2,35.7,63.0,False,1.0,91.602,False,57,2025,6,Miami Grand Prix,2025_06
GAS,Alpine,40.0,2.0,MEDIUM,8.0,True,1,True,13.0,26.2,35.7,63.0,False,1.0,91.455,False,57,2025,6,Miami Grand Prix,2025_06
GAS,Alpine,41.0,2.0,MEDIUM,9.0,True,1,True,13.0,26.2,35.1,64.0,False,0.9,91.637,False,57,2025,6,Miami Grand Prix,2025_06
GAS,Alpine,42.0,2.0,MEDIUM,10.0,True,1,True,13.0,26.1,34.9,64.0,False,0.8,91.528,False,57,2025,6,Miami Grand Prix,2025_06
GAS,Alpine,43.0,2.0,MEDIUM,11.0,True,1,True,13.0,26.0,35.2,65.0,False,0.5,91.511,False,57,2025,6,Miami Grand Prix,2025_06
GAS,Alpine,44.0,2.0,MEDIUM,12.0,True,1,True,13.0,26.0,35.3,64.0,False,0.9,91.443,False,57,2025,6,Miami Grand Prix,2025_06
GAS,Alpine,45.0,2.0,MEDIUM,13.0,True,1,True,13.0,26.0,35.8,63.0,False,0.0,92.445,False,57,2025,6,Miami Grand Prix,2025_06
GAS,Alpine,46.0,2.0,MEDIUM,14.0,True,1,True,13.0,26.0,35.7,64.0,False,0.4,91.913,False,57,2025,6,Miami Grand Prix,2025_06
GAS,Alpine,47.0,2.0,MEDIUM,15.0,True,1,True,13.0,26.1,35.3,64.0,False,1.0,91.438,False,57,2025,6,Miami Grand Prix,2025_06
GAS,Alpine,48.0,2.0,MEDIUM,16.0,True,1,True,13.0,26.0,35.3,64.0,False,1.1,91.327,False,57,2025,6,Miami Grand Prix,2025_06
GAS,Alpine,49.0,2.0,MEDIUM,17.0,True,1,True,13.0,26.1,35.0,64.0,False,1.3,91.304,False,57,2025,6,Miami Grand Prix,2025_06
GAS,Alpine,50.0,2.0,MEDIUM,18.0,True,1,True,13.0,26.0,35.1,64.0,False,0.5,91.391,False,57,2025,6,Miami Grand Prix,2025_06
GAS,Alpine,51.0,2.0,MEDIUM,19.0,True,1,True,13.0,26.0,35.0,64.0,False,1.1,91.497,False,57,2025,6,Miami Grand Prix,2025_06
GAS,Alpine,52.0,2.0,MEDIUM,20.0,True,1,True,13.0,25.9,34.9,64.0,False,1.0,92.09,False,57,2025,6,Miami Grand Prix,2025_06
GAS,Alpine,53.0,2.0,MEDIUM,21.0,True,1,True,13.0,26.0,35.0,64.0,False,0.9,91.948,False,57,2025,6,Miami Grand Prix,2025_06
GAS,Alpine,54.0,2.0,MEDIUM,22.0,True,1,True,13.0,25.9,34.9,64.0,False,1.1,91.937,False,57,2025,6,Miami Grand Prix,2025_06
GAS,Alpine,55.0,2.0,MEDIUM,23.0,True,1,True,13.0,25.9,34.9,64.0,False,0.7,91.574,False,57,2025,6,Miami Grand Prix,2025_06
GAS,Alpine,56.0,2.0,MEDIUM,24.0,True,1,True,13.0,26.0,34.9,64.0,False,0.9,91.519,False,57,2025,6,Miami Grand Prix,2025_06
GAS,Alpine,57.0,2.0,MEDIUM,25.0,True,1,True,13.0,26.0,34.9,64.0,False,1.4,92.874,False,57,2025,6,Miami Grand Prix,2025_06
ANT,Mercedes,1.0,,nan,,True,12,False,2.0,26.3,39.7,65.0,False,1.2,96.85,False,57,2025,6,Miami Grand Prix,2025_06
ANT,Mercedes,2.0,,nan,,True,126,False,2.0,26.4,40.3,64.0,False,1.2,112.276,False,57,2025,6,Miami Grand Prix,2025_06
ANT,Mercedes,3.0,,nan,,True,671,False,2.0,26.7,39.8,63.0,False,0.8,124.905,False,57,2025,6,Miami Grand Prix,2025_06
ANT,Mercedes,4.0,,nan,,True,1,True,3.0,26.6,39.0,63.0,False,0.4,93.016,False,57,2025,6,Miami Grand Prix,2025_06
ANT,Mercedes,5.0,,nan,,True,1,True,3.0,26.4,38.5,64.0,False,1.3,92.859,False,57,2025,6,Miami Grand Prix,2025_06
ANT,Mercedes,6.0,,nan,,True,1,True,3.0,26.4,38.4,64.0,False,0.0,92.883,False,57,2025,6,Miami Grand Prix,2025_06
ANT,Mercedes,7.0,,nan,,True,1,True,3.0,26.6,38.9,64.0,False,0.8,93.029,False,57,2025,6,Miami Grand Prix,2025_06
ANT,Mercedes,8.0,,nan,,True,1,True,3.0,26.6,38.9,63.0,False,0.7,92.945,False,57,2025,6,Miami Grand Prix,2025_06
ANT,Mercedes,9.0,,nan,,True,1,True,4.0,26.7,38.9,62.0,False,1.0,93.684,False,57,2025,6,Miami Grand Prix,2025_06
ANT,Mercedes,10.0,,nan,,True,1,True,4.0,26.7,39.0,61.0,False,1.0,93.004,False,57,2025,6,Miami Grand Prix,2025_06
ANT,Mercedes,11.0,,nan,,True,1,True,4.0,26.6,38.5,62.0,False,1.3,92.79,False,57,2025,6,Miami Grand Prix,2025_06
ANT,Mercedes,12.0,,nan,,True,1,True,4.0,26.6,38.5,62.0,False,1.1,92.725,False,57,2025,6,Miami Grand Prix,2025_06
ANT,Mercedes,13.0,,nan,,True,1,True,4.0,26.8,38.2,62.0,False,0.5,92.745,False,57,2025,6,Miami Grand Prix,2025_06
ANT,Mercedes,14.0,,nan,,True,1,True,4.0,26.6,38.1,62.0,False,1.4,92.692,False,57,2025,6,Miami Grand Prix,2025_06
ANT,Mercedes,15.0,,nan,,True,1,True,4.0,26.6,37.6,63.0,False,0.8,92.902,False,57,2025,6,Miami Grand Prix,2025_06
ANT,Mercedes,16.0,,nan,,True,1,True,4.0,26.5,37.7,63.0,False,0.6,92.878,False,57,2025,6,Miami Grand Prix,2025_06
ANT,Mercedes,17.0,,nan,,True,1,True,4.0,26.6,37.7,62.0,False,0.6,92.734,False,57,2025,6,Miami Grand Prix,2025_06
ANT,Mercedes,18.0,,nan,,True,1,True,4.0,26.7,37.6,63.0,False,0.7,93.014,False,57,2025,6,Miami Grand Prix,2025_06
ANT,Mercedes,19.0,,nan,,True,1,True,4.0,26.8,37.8,61.0,False,0.6,93.113,False,57,2025,6,Miami Grand Prix,2025_06
ANT,Mercedes,20.0,,nan,,True,1,True,4.0,26.8,37.9,61.0,False,0.8,92.901,False,57,2025,6,Miami Grand Prix,2025_06
ANT,Mercedes,21.0,,nan,,True,1,True,4.0,26.6,37.6,61.0,False,0.6,92.781,False,57,2025,6,Miami Grand Prix,2025_06
ANT,Mercedes,22.0,,nan,,True,1,True,4.0,26.6,37.8,61.0,False,0.9,92.71,False,57,2025,6,Miami Grand Prix,2025_06
ANT,Mercedes,23.0,,nan,,True,1,True,4.0,26.7,37.8,61.0,False,0.7,92.4,False,57,2025,6,Miami Grand Prix,2025_06
ANT,Mercedes,24.0,,nan,,True,1,True,4.0,26.8,37.9,59.0,False,0.0,92.5,False,57,2025,6,Miami Grand Prix,2025_06
ANT,Mercedes,25.0,1.0,MEDIUM,1.0,True,1,False,6.0,26.8,37.7,59.0,False,0.8,97.258,True,57,2025,6,Miami Grand Prix,2025_06
ANT,Mercedes,26.0,1.0,MEDIUM,2.0,True,1,False,9.0,26.8,37.5,60.0,False,0.9,108.147,True,57,2025,6,Miami Grand Prix,2025_06
ANT,Mercedes,27.0,1.0,MEDIUM,3.0,True,1,True,8.0,26.6,37.2,60.0,False,0.8,90.795,False,57,2025,6,Miami Grand Prix,2025_06
ANT,Mercedes,28.0,1.0,MEDIUM,4.0,True,16,False,7.0,26.6,37.0,59.0,False,1.3,97.71,False,57,2025,6,Miami Grand Prix,2025_06
ANT,Mercedes,29.0,1.0,MEDIUM,5.0,True,671,False,6.0,26.6,36.6,60.0,False,1.4,124.85,False,57,2025,6,Miami Grand Prix,2025_06
ANT,Mercedes,30.0,1.0,MEDIUM,6.0,True,1,True,5.0,26.6,36.4,61.0,True,1.0,91.786,False,57,2025,6,Miami Grand Prix,2025_06
ANT,Mercedes,31.0,1.0,MEDIUM,7.0,True,1,True,6.0,26.5,36.0,60.0,False,1.1,92.717,False,57,2025,6,Miami Grand Prix,2025_06
ANT,Mercedes,32.0,1.0,MEDIUM,8.0,True,1,True,6.0,26.5,36.0,60.0,False,1.2,91.967,False,57,2025,6,Miami Grand Prix,2025_06
ANT,Mercedes,33.0,2.0,HARD,1.0,True,167,False,6.0,26.4,35.8,60.0,True,1.4,119.776,False,57,2025,6,Miami Grand Prix,2025_06
ANT,Mercedes,34.0,2.0,HARD,2.0,True,1,True,6.0,26.2,36.1,61.0,False,0.9,90.845,False,57,2025,6,Miami Grand Prix,2025_06
ANT,Mercedes,35.0,2.0,HARD,3.0,True,1,True,6.0,26.2,36.1,61.0,False,0.9,90.807,False,57,2025,6,Miami Grand Prix,2025_06
ANT,Mercedes,36.0,2.0,HARD,4.0,True,1,True,6.0,26.1,35.8,62.0,False,1.1,90.948,False,57,2025,6,Miami Grand Prix,2025_06
ANT,Mercedes,37.0,2.0,HARD,5.0,True,1,True,6.0,26.1,35.5,63.0,False,1.8,91.352,False,57,2025,6,Miami Grand Prix,2025_06
ANT,Mercedes,38.0,2.0,HARD,6.0,True,1,True,6.0,26.1,36.0,62.0,False,0.9,91.086,False,57,2025,6,Miami Grand Prix,2025_06
ANT,Mercedes,39.0,2.0,HARD,7.0,True,1,True,6.0,26.2,36.0,62.0,False,0.9,91.188,False,57,2025,6,Miami Grand Prix,2025_06
ANT,Mercedes,40.0,2.0,HARD,8.0,True,1,True,6.0,26.2,35.7,63.0,False,1.0,91.288,False,57,2025,6,Miami Grand Prix,2025_06
ANT,Mercedes,41.0,2.0,HARD,9.0,True,1,True,6.0,26.2,35.5,63.0,False,1.2,91.725,False,57,2025,6,Miami Grand Prix,2025_06
ANT,Mercedes,42.0,2.0,HARD,10.0,True,1,True,6.0,26.1,34.9,64.0,False,0.8,91.58,False,57,2025,6,Miami Grand Prix,2025_06
ANT,Mercedes,43.0,2.0,HARD,11.0,True,1,True,6.0,26.1,34.9,64.0,False,0.0,91.616,False,57,2025,6,Miami Grand Prix,2025_06
ANT,Mercedes,44.0,2.0,HARD,12.0,True,1,True,6.0,26.0,35.3,64.0,False,0.9,91.187,False,57,2025,6,Miami Grand Prix,2025_06
ANT,Mercedes,45.0,2.0,HARD,13.0,True,1,True,6.0,26.0,35.6,64.0,False,0.6,91.426,False,57,2025,6,Miami Grand Prix,2025_06
ANT,Mercedes,46.0,2.0,HARD,14.0,True,1,True,6.0,26.0,35.7,64.0,False,0.4,91.572,False,57,2025,6,Miami Grand Prix,2025_06
ANT,Mercedes,47.0,2.0,HARD,15.0,True,1,True,6.0,26.1,35.3,64.0,False,1.0,91.375,False,57,2025,6,Miami Grand Prix,2025_06
ANT,Mercedes,48.0,2.0,HARD,16.0,True,1,True,6.0,26.0,35.3,64.0,False,1.1,91.072,False,57,2025,6,Miami Grand Prix,2025_06
ANT,Mercedes,49.0,2.0,HARD,17.0,True,1,True,6.0,26.1,35.0,64.0,False,1.3,91.131,False,57,2025,6,Miami Grand Prix,2025_06
ANT,Mercedes,50.0,2.0,HARD,18.0,True,1,True,6.0,26.0,35.0,65.0,False,0.9,90.946,False,57,2025,6,Miami Grand Prix,2025_06
ANT,Mercedes,51.0,2.0,HARD,19.0,True,1,True,6.0,26.0,35.0,64.0,False,1.1,90.965,False,57,2025,6,Miami Grand Prix,2025_06
ANT,Mercedes,52.0,2.0,HARD,20.0,True,1,True,6.0,26.0,34.9,64.0,False,0.7,90.973,False,57,2025,6,Miami Grand Prix,2025_06
ANT,Mercedes,53.0,2.0,HARD,21.0,True,1,True,6.0,26.0,35.0,64.0,False,0.9,90.988,False,57,2025,6,Miami Grand Prix,2025_06
ANT,Mercedes,54.0,2.0,HARD,22.0,True,1,True,6.0,26.0,34.8,64.0,False,1.3,90.912,False,57,2025,6,Miami Grand Prix,2025_06
ANT,Mercedes,55.0,2.0,HARD,23.0,True,1,True,6.0,25.9,34.9,64.0,False,0.7,90.829,False,57,2025,6,Miami Grand Prix,2025_06
ANT,Mercedes,56.0,2.0,HARD,24.0,True,1,True,6.0,25.9,34.9,64.0,False,0.8,90.937,False,57,2025,6,Miami Grand Prix,2025_06
ANT,Mercedes,57.0,2.0,HARD,25.0,True,1,True,6.0,26.0,34.9,64.0,False,1.4,90.999,False,57,2025,6,Miami Grand Prix,2025_06
ALO,Aston Martin,1.0,,nan,,True,12,False,17.0,26.3,39.7,65.0,False,1.2,104.913,False,57,2025,6,Miami Grand Prix,2025_06
ALO,Aston Martin,2.0,,nan,,True,126,False,17.0,26.4,40.3,64.0,False,1.2,125.043,False,57,2025,6,Miami Grand Prix,2025_06
ALO,Aston Martin,3.0,,nan,,True,671,False,17.0,26.7,39.8,63.0,False,0.8,115.758,False,57,2025,6,Miami Grand Prix,2025_06
ALO,Aston Martin,4.0,,nan,,True,1,True,17.0,26.6,39.0,63.0,False,0.4,93.693,False,57,2025,6,Miami Grand Prix,2025_06
ALO,Aston Martin,5.0,,nan,,True,1,True,17.0,26.4,38.5,64.0,False,1.3,94.064,False,57,2025,6,Miami Grand Prix,2025_06
ALO,Aston Martin,6.0,,nan,,True,1,True,17.0,26.4,38.4,64.0,False,0.0,93.695,False,57,2025,6,Miami Grand Prix,2025_06
ALO,Aston Martin,7.0,,nan,,True,1,True,17.0,26.6,38.9,64.0,False,0.8,93.485,False,57,2025,6,Miami Grand Prix,2025_06
ALO,Aston Martin,8.0,,nan,,True,1,True,17.0,26.6,38.9,63.0,False,0.7,93.387,False,57,2025,6,Miami Grand Prix,2025_06
ALO,Aston Martin,9.0,,nan,,True,1,True,18.0,26.7,38.9,62.0,False,1.0,101.044,False,57,2025,6,Miami Grand Prix,2025_06
ALO,Aston Martin,10.0,,nan,,True,1,True,18.0,26.7,38.9,62.0,False,1.4,93.184,False,57,2025,6,Miami Grand Prix,2025_06
ALO,Aston Martin,11.0,,nan,,True,1,True,18.0,26.6,38.5,62.0,False,1.3,93.184,False,57,2025,6,Miami Grand Prix,2025_06
ALO,Aston Martin,12.0,,nan,,True,1,True,18.0,26.6,38.4,62.0,False,1.1,92.548,False,57,2025,6,Miami Grand Prix,2025_06
ALO,Aston Martin,13.0,,nan,,True,1,True,18.0,26.8,38.2,62.0,False,0.5,92.982,False,57,2025,6,Miami Grand Prix,2025_06
ALO,Aston Martin,14.0,,nan,,True,1,True,18.0,26.6,38.1,62.0,False,1.4,93.132,False,57,2025,6,Miami Grand Prix,2025_06
ALO,Aston Martin,15.0,,nan,,True,1,True,18.0,26.6,37.6,63.0,False,0.8,93.29,False,57,2025,6,Miami Grand Prix,2025_06
ALO,Aston Martin,16.0,,nan,,True,1,True,18.0,26.5,37.7,63.0,False,0.6,93.246,False,57,2025,6,Miami Grand Prix,2025_06
ALO,Aston Martin,17.0,,nan,,True,1,True,18.0,26.5,37.6,63.0,False,0.7,93.477,False,57,2025,6,Miami Grand Prix,2025_06
ALO,Aston Martin,18.0,,nan,,True,1,True,18.0,26.7,37.6,63.0,False,0.7,93.313,False,57,2025,6,Miami Grand Prix,2025_06
ALO,Aston Martin,19.0,,nan,,True,1,True,18.0,26.8,38.0,61.0,False,0.7,93.239,False,57,2025,6,Miami Grand Prix,2025_06
ALO,Aston Martin,20.0,,nan,,True,1,True,16.0,26.8,37.9,61.0,False,0.8,93.19,False,57,2025,6,Miami Grand Prix,2025_06
ALO,Aston Martin,21.0,,nan,,True,1,True,16.0,26.5,37.6,61.0,False,0.9,93.521,False,57,2025,6,Miami Grand Prix,2025_06
ALO,Aston Martin,22.0,,nan,,True,1,True,16.0,26.6,37.8,61.0,False,0.9,93.504,False,57,2025,6,Miami Grand Prix,2025_06
ALO,Aston Martin,23.0,,nan,,True,1,True,15.0,26.8,37.8,60.0,False,0.4,93.461,False,57,2025,6,Miami Grand Prix,2025_06
ALO,Aston Martin,24.0,1.0,HARD,2.0,False,1,True,14.0,26.8,37.9,59.0,False,0.0,93.165,False,57,2025,6,Miami Grand Prix,2025_06
ALO,Aston Martin,25.0,1.0,HARD,3.0,False,1,True,14.0,26.8,37.7,59.0,False,0.8,93.268,False,57,2025,6,Miami Grand Prix,2025_06
ALO,Aston Martin,26.0,1.0,HARD,4.0,False,1,True,14.0,26.7,37.3,60.0,False,0.8,93.205,False,57,2025,6,Miami Grand Prix,2025_06
ALO,Aston Martin,27.0,1.0,HARD,5.0,False,1,True,14.0,26.6,37.2,60.0,False,0.8,93.003,False,57,2025,6,Miami Grand Prix,2025_06
ALO,Aston Martin,28.0,1.0,HARD,6.0,False,16,False,15.0,26.6,36.9,59.0,False,1.7,108.651,True,57,2025,6,Miami Grand Prix,2025_06
ALO,Aston Martin,29.0,1.0,HARD,7.0,False,671,False,16.0,26.6,36.6,60.0,False,1.4,128.73,True,57,2025,6,Miami Grand Prix,2025_06
ALO,Aston Martin,30.0,1.0,HARD,8.0,False,1,True,15.0,26.5,36.4,60.0,True,1.0,92.823,False,57,2025,6,Miami Grand Prix,2025_06
ALO,Aston Martin,31.0,1.0,HARD,9.0,False,1,True,15.0,26.5,36.0,60.0,False,1.1,92.855,False,57,2025,6,Miami Grand Prix,2025_06
ALO,Aston Martin,32.0,1.0,HARD,10.0,False,16,False,15.0,26.4,36.4,59.0,True,0.7,101.254,False,57,2025,6,Miami Grand Prix,2025_06
ALO,Aston Martin,33.0,2.0,MEDIUM,2.0,False,671,False,15.0,26.4,35.8,60.0,True,1.4,111.086,False,57,2025,6,Miami Grand Prix,2025_06
ALO,Aston Martin,34.0,2.0,MEDIUM,3.0,False,1,True,15.0,26.2,36.1,61.0,False,0.9,92.364,False,57,2025,6,Miami Grand Prix,2025_06
ALO,Aston Martin,35.0,2.0,MEDIUM,4.0,False,1,True,15.0,26.1,35.9,61.0,False,1.2,92.44,False,57,2025,6,Miami Grand Prix,2025_06
ALO,Aston Martin,36.0,2.0,MEDIUM,5.0,False,1,True,15.0,26.1,35.8,62.0,False,1.1,92.227,False,57,2025,6,Miami Grand Prix,2025_06
ALO,Aston Martin,37.0,2.0,MEDIUM,6.0,False,1,True,15.0,26.1,35.7,62.0,False,1.5,92.641,False,57,2025,6,Miami Grand Prix,2025_06
ALO,Aston Martin,38.0,2.0,MEDIUM,7.0,False,1,True,15.0,26.1,36.0,62.0,False,0.9,91.287,False,57,2025,6,Miami Grand Prix,2025_06
ALO,Aston Martin,39.0,2.0,MEDIUM,8.0,False,1,True,15.0,26.2,35.7,63.0,False,1.0,92.011,False,57,2025,6,Miami Grand Prix,2025_06
ALO,Aston Martin,40.0,2.0,MEDIUM,9.0,False,1,True,15.0,26.2,35.7,63.0,False,1.0,92.077,False,57,2025,6,Miami Grand Prix,2025_06
ALO,Aston Martin,41.0,2.0,MEDIUM,10.0,False,1,True,15.0,26.2,35.1,64.0,False,0.9,92.121,False,57,2025,6,Miami Grand Prix,2025_06
ALO,Aston Martin,42.0,2.0,MEDIUM,11.0,False,1,True,15.0,26.1,34.9,64.0,False,0.0,92.246,False,57,2025,6,Miami Grand Prix,2025_06
ALO,Aston Martin,43.0,2.0,MEDIUM,12.0,False,1,True,15.0,26.0,35.2,65.0,False,0.5,91.947,False,57,2025,6,Miami Grand Prix,2025_06
ALO,Aston Martin,44.0,2.0,MEDIUM,13.0,False,1,True,15.0,26.0,35.6,64.0,False,0.6,91.96,False,57,2025,6,Miami Grand Prix,2025_06
ALO,Aston Martin,45.0,2.0,MEDIUM,14.0,False,1,True,15.0,26.0,35.8,63.0,False,0.0,91.928,False,57,2025,6,Miami Grand Prix,2025_06
ALO,Aston Martin,46.0,2.0,MEDIUM,15.0,False,1,True,15.0,26.0,35.4,64.0,False,0.8,92.259,False,57,2025,6,Miami Grand Prix,2025_06
ALO,Aston Martin,47.0,2.0,MEDIUM,16.0,False,1,True,15.0,26.1,35.3,64.0,False,1.0,93.466,False,57,2025,6,Miami Grand Prix,2025_06
ALO,Aston Martin,48.0,2.0,MEDIUM,17.0,False,1,True,15.0,26.0,35.3,64.0,False,1.1,92.556,False,57,2025,6,Miami Grand Prix,2025_06
ALO,Aston Martin,49.0,2.0,MEDIUM,18.0,False,1,True,15.0,26.1,35.0,64.0,False,1.3,93.964,False,57,2025,6,Miami Grand Prix,2025_06
ALO,Aston Martin,50.0,2.0,MEDIUM,19.0,False,1,True,15.0,26.0,35.1,64.0,False,0.5,92.935,False,57,2025,6,Miami Grand Prix,2025_06
ALO,Aston Martin,51.0,2.0,MEDIUM,20.0,False,1,True,15.0,26.0,35.0,64.0,False,1.1,92.227,False,57,2025,6,Miami Grand Prix,2025_06
ALO,Aston Martin,52.0,2.0,MEDIUM,21.0,False,1,True,15.0,25.9,34.9,64.0,False,1.0,91.981,False,57,2025,6,Miami Grand Prix,2025_06
ALO,Aston Martin,53.0,2.0,MEDIUM,22.0,False,1,True,15.0,26.0,35.0,64.0,False,0.9,92.609,False,57,2025,6,Miami Grand Prix,2025_06
ALO,Aston Martin,54.0,2.0,MEDIUM,23.0,False,1,True,15.0,25.9,34.9,64.0,False,1.1,92.495,False,57,2025,6,Miami Grand Prix,2025_06
ALO,Aston Martin,55.0,2.0,MEDIUM,24.0,False,1,True,15.0,25.9,34.9,64.0,False,0.8,92.155,False,57,2025,6,Miami Grand Prix,2025_06
ALO,Aston Martin,56.0,2.0,MEDIUM,25.0,False,1,True,15.0,26.0,34.9,64.0,False,0.9,92.277,False,57,2025,6,Miami Grand Prix,2025_06
LEC,Ferrari,1.0,,nan,,True,12,False,8.0,26.3,39.7,65.0,False,1.2,100.561,False,57,2025,6,Miami Grand Prix,2025_06
LEC,Ferrari,2.0,,nan,,True,126,False,8.0,26.4,40.3,64.0,False,1.2,116.383,False,57,2025,6,Miami Grand Prix,2025_06
LEC,Ferrari,3.0,,nan,,True,671,False,8.0,26.7,39.8,63.0,False,0.8,121.385,False,57,2025,6,Miami Grand Prix,2025_06
LEC,Ferrari,4.0,,nan,,True,1,True,8.0,26.6,39.0,63.0,False,0.4,92.763,False,57,2025,6,Miami Grand Prix,2025_06
LEC,Ferrari,5.0,,nan,,True,1,True,8.0,26.4,38.5,64.0,False,1.3,92.509,False,57,2025,6,Miami Grand Prix,2025_06
LEC,Ferrari,6.0,,nan,,True,1,True,8.0,26.4,38.4,64.0,False,0.0,93.363,False,57,2025,6,Miami Grand Prix,2025_06
LEC,Ferrari,7.0,,nan,,True,1,True,8.0,26.6,38.9,64.0,False,0.8,93.047,False,57,2025,6,Miami Grand Prix,2025_06
LEC,Ferrari,8.0,,nan,,True,1,True,8.0,26.6,38.9,63.0,False,0.7,93.415,False,57,2025,6,Miami Grand Prix,2025_06
LEC,Ferrari,9.0,,nan,,True,1,True,8.0,26.7,38.9,62.0,False,1.0,93.033,False,57,2025,6,Miami Grand Prix,2025_06
LEC,Ferrari,10.0,,nan,,True,1,True,8.0,26.7,39.0,61.0,False,1.0,92.85,False,57,2025,6,Miami Grand Prix,2025_06
LEC,Ferrari,11.0,,nan,,True,1,True,8.0,26.6,38.5,62.0,False,1.3,93.558,False,57,2025,6,Miami Grand Prix,2025_06
LEC,Ferrari,12.0,,nan,,True,1,True,8.0,26.6,38.5,62.0,False,1.1,93.096,False,57,2025,6,Miami Grand Prix,2025_06
LEC,Ferrari,13.0,,nan,,True,1,True,8.0,26.8,38.2,62.0,False,0.5,93.112,False,57,2025,6,Miami Grand Prix,2025_06
LEC,Ferrari,14.0,,nan,,True,1,True,8.0,26.6,38.1,62.0,False,1.4,93.6,False,57,2025,6,Miami Grand Prix,2025_06
LEC,Ferrari,15.0,,nan,,True,1,True,8.0,26.6,37.6,63.0,False,0.8,93.409,False,57,2025,6,Miami Grand Prix,2025_06
LEC,Ferrari,16.0,,nan,,True,1,True,8.0,26.5,37.7,63.0,False,0.6,93.207,False,57,2025,6,Miami Grand Prix,2025_06
LEC,Ferrari,17.0,,nan,,True,1,True,8.0,26.6,37.7,62.0,False,0.6,93.05,False,57,2025,6,Miami Grand Prix,2025_06
LEC,Ferrari,18.0,,nan,,True,1,True,8.0,26.7,37.6,63.0,False,0.7,93.269,False,57,2025,6,Miami Grand Prix,2025_06
LEC,Ferrari,19.0,,nan,,True,1,True,8.0,26.8,37.8,61.0,False,0.6,92.61,False,57,2025,6,Miami Grand Prix,2025_06
LEC,Ferrari,20.0,,nan,,True,1,True,8.0,26.8,37.9,61.0,False,0.8,92.671,False,57,2025,6,Miami Grand Prix,2025_06
LEC,Ferrari,21.0,,nan,,True,1,True,8.0,26.6,37.6,61.0,False,0.6,92.673,False,57,2025,6,Miami Grand Prix,2025_06
LEC,Ferrari,22.0,,nan,,True,1,True,8.0,26.6,37.8,61.0,False,0.9,92.735,False,57,2025,6,Miami Grand Prix,2025_06
LEC,Ferrari,23.0,,nan,,True,1,True,8.0,26.8,37.8,60.0,False,0.4,92.685,False,57,2025,6,Miami Grand Prix,2025_06
LEC,Ferrari,24.0,,nan,,True,1,True,8.0,26.8,37.9,59.0,False,0.0,92.858,False,57,2025,6,Miami Grand Prix,2025_06
LEC,Ferrari,25.0,1.0,MEDIUM,1.0,True,1,True,7.0,26.8,37.7,59.0,False,0.8,92.417,False,57,2025,6,Miami Grand Prix,2025_06
LEC,Ferrari,26.0,1.0,MEDIUM,2.0,True,1,True,6.0,26.8,37.5,60.0,False,0.9,92.749,False,57,2025,6,Miami Grand Prix,2025_06
LEC,Ferrari,27.0,1.0,MEDIUM,3.0,True,1,True,4.0,26.6,37.2,60.0,False,0.8,92.452,False,57,2025,6,Miami Grand Prix,2025_06
LEC,Ferrari,28.0,1.0,MEDIUM,4.0,True,1,True,4.0,26.6,37.0,59.0,False,1.3,92.228,False,57,2025,6,Miami Grand Prix,2025_06
LEC,Ferrari,29.0,1.0,MEDIUM,5.0,True,167,False,4.0,26.6,36.6,60.0,False,1.4,131.178,True,57,2025,6,Miami Grand Prix,2025_06
LEC,Ferrari,30.0,1.0,MEDIUM,6.0,True,71,False,7.0,26.6,36.4,61.0,True,1.0,106.616,True,57,2025,6,Miami Grand Prix,2025_06
LEC,Ferrari,31.0,1.0,MEDIUM,7.0,True,1,True,8.0,26.5,36.0,60.0,False,1.1,93.623,False,57,2025,6,Miami Grand Prix,2025_06
LEC,Ferrari,32.0,1.0,MEDIUM,8.0,True,1,True,8.0,26.5,36.0,60.0,False,1.2,91.641,False,57,2025,6,Miami Grand Prix,2025_06
LEC,Ferrari,33.0,2.0,HARD,1.0,True,167,False,8.0,26.4,35.8,60.0,True,1.4,120.821,False,57,2025,6,Miami Grand Prix,2025_06
LEC,Ferrari,34.0,2.0,HARD,2.0,True,1,True,7.0,26.2,36.1,61.0,False,0.9,90.813,False,57,2025,6,Miami Grand Prix,2025_06
LEC,Ferrari,35.0,2.0,HARD,3.0,True,1,True,7.0,26.2,36.1,61.0,False,0.9,90.461,False,57,2025,6,Miami Grand Prix,2025_06
LEC,Ferrari,36.0,2.0,HARD,4.0,True,1,True,7.0,26.1,35.8,62.0,False,1.1,90.724,False,57,2025,6,Miami Grand Prix,2025_06
LEC,Ferrari,37.0,2.0,HARD,5.0,True,1,True,7.0,26.1,35.5,63.0,False,1.8,90.97,False,57,2025,6,Miami Grand Prix,2025_06
LEC,Ferrari,38.0,2.0,HARD,6.0,True,1,True,8.0,26.1,36.0,62.0,False,0.9,92.29,False,57,2025,6,Miami Grand Prix,2025_06
LEC,Ferrari,39.0,2.0,HARD,7.0,True,1,True,8.0,26.2,36.0,62.0,False,0.9,91.324,False,57,2025,6,Miami Grand Prix,2025_06
LEC,Ferrari,40.0,2.0,HARD,8.0,True,1,True,8.0,26.2,35.7,63.0,False,1.0,91.022,False,57,2025,6,Miami Grand Prix,2025_06
LEC,Ferrari,41.0,2.0,HARD,9.0,True,1,True,8.0,26.2,35.5,63.0,False,1.2,91.236,False,57,2025,6,Miami Grand Prix,2025_06
LEC,Ferrari,42.0,2.0,HARD,10.0,True,1,True,8.0,26.1,34.9,64.0,False,0.8,91.097,False,57,2025,6,Miami Grand Prix,2025_06
LEC,Ferrari,43.0,2.0,HARD,11.0,True,1,True,8.0,26.0,35.2,65.0,False,0.5,91.258,False,57,2025,6,Miami Grand Prix,2025_06
LEC,Ferrari,44.0,2.0,HARD,12.0,True,1,True,8.0,26.0,35.3,64.0,False,0.9,91.057,False,57,2025,6,Miami Grand Prix,2025_06
LEC,Ferrari,45.0,2.0,HARD,13.0,True,1,True,8.0,26.0,35.8,63.0,False,0.0,91.167,False,57,2025,6,Miami Grand Prix,2025_06
LEC,Ferrari,46.0,2.0,HARD,14.0,True,1,True,8.0,26.0,35.7,64.0,False,0.4,91.334,False,57,2025,6,Miami Grand Prix,2025_06
LEC,Ferrari,47.0,2.0,HARD,15.0,True,1,True,8.0,26.1,35.3,64.0,False,1.0,90.984,False,57,2025,6,Miami Grand Prix,2025_06
LEC,Ferrari,48.0,2.0,HARD,16.0,True,1,True,8.0,26.0,35.3,64.0,False,1.1,90.888,False,57,2025,6,Miami Grand Prix,2025_06
LEC,Ferrari,49.0,2.0,HARD,17.0,True,1,True,8.0,26.1,35.0,64.0,False,1.3,90.849,False,57,2025,6,Miami Grand Prix,2025_06
LEC,Ferrari,50.0,2.0,HARD,18.0,True,1,True,8.0,26.0,35.0,65.0,False,0.9,90.828,False,57,2025,6,Miami Grand Prix,2025_06
LEC,Ferrari,51.0,2.0,HARD,19.0,True,1,True,8.0,26.0,35.0,64.0,False,1.1,90.557,False,57,2025,6,Miami Grand Prix,2025_06
LEC,Ferrari,52.0,2.0,HARD,20.0,True,1,True,7.0,26.0,34.9,64.0,False,0.7,90.975,False,57,2025,6,Miami Grand Prix,2025_06
LEC,Ferrari,53.0,2.0,HARD,21.0,True,1,True,7.0,26.0,35.0,64.0,False,0.9,90.551,False,57,2025,6,Miami Grand Prix,2025_06
LEC,Ferrari,54.0,2.0,HARD,22.0,True,1,True,7.0,26.0,34.8,64.0,False,1.3,90.496,False,57,2025,6,Miami Grand Prix,2025_06
LEC,Ferrari,55.0,2.0,HARD,23.0,True,1,True,7.0,25.9,34.9,64.0,False,0.7,90.601,False,57,2025,6,Miami Grand Prix,2025_06
LEC,Ferrari,56.0,2.0,HARD,24.0,True,1,True,7.0,25.9,34.9,64.0,False,0.8,90.707,False,57,2025,6,Miami Grand Prix,2025_06
LEC,Ferrari,57.0,2.0,HARD,25.0,True,1,True,7.0,26.0,34.9,64.0,False,1.4,90.867,False,57,2025,6,Miami Grand Prix,2025_06
STR,Aston Martin,1.0,1.0,MEDIUM,2.0,False,12,False,15.0,26.3,39.7,65.0,False,1.2,103.734,False,57,2025,6,Miami Grand Prix,2025_06
STR,Aston Martin,2.0,1.0,MEDIUM,3.0,False,126,False,15.0,26.4,40.3,64.0,False,1.2,124.499,False,57,2025,6,Miami Grand Prix,2025_06
STR,Aston Martin,3.0,1.0,MEDIUM,4.0,False,671,False,15.0,26.7,39.8,63.0,False,0.8,116.297,False,57,2025,6,Miami Grand Prix,2025_06
STR,Aston Martin,4.0,1.0,MEDIUM,5.0,False,1,True,15.0,26.6,39.0,63.0,False,0.4,93.892,False,57,2025,6,Miami Grand Prix,2025_06
STR,Aston Martin,5.0,1.0,MEDIUM,6.0,False,1,True,15.0,26.4,38.5,64.0,False,1.3,93.896,False,57,2025,6,Miami Grand Prix,2025_06
STR,Aston Martin,6.0,1.0,MEDIUM,7.0,False,1,True,15.0,26.4,38.4,64.0,False,0.0,93.212,False,57,2025,6,Miami Grand Prix,2025_06
STR,Aston Martin,7.0,1.0,MEDIUM,8.0,False,1,True,15.0,26.6,38.9,64.0,False,0.8,93.581,False,57,2025,6,Miami Grand Prix,2025_06
STR,Aston Martin,8.0,1.0,MEDIUM,9.0,False,1,True,15.0,26.6,38.9,63.0,False,0.7,93.469,False,57,2025,6,Miami Grand Prix,2025_06
STR,Aston Martin,9.0,1.0,MEDIUM,10.0,False,1,True,15.0,26.7,38.9,62.0,False,1.0,93.621,False,57,2025,6,Miami Grand Prix,2025_06
STR,Aston Martin,10.0,1.0,MEDIUM,11.0,False,1,True,15.0,26.7,38.9,62.0,False,1.4,93.843,False,57,2025,6,Miami Grand Prix,2025_06
STR,Aston Martin,11.0,1.0,MEDIUM,12.0,False,1,True,15.0,26.6,38.5,62.0,False,1.3,93.678,False,57,2025,6,Miami Grand Prix,2025_06
STR,Aston Martin,12.0,1.0,MEDIUM,13.0,False,1,True,15.0,26.6,38.4,62.0,False,1.1,93.547,False,57,2025,6,Miami Grand Prix,2025_06
STR,Aston Martin,13.0,1.0,MEDIUM,14.0,False,1,True,15.0,26.8,38.2,62.0,False,0.5,93.825,False,57,2025,6,Miami Grand Prix,2025_06
STR,Aston Martin,14.0,1.0,MEDIUM,15.0,False,1,True,15.0,26.6,38.1,62.0,False,1.4,94.221,False,57,2025,6,Miami Grand Prix,2025_06
STR,Aston Martin,15.0,1.0,MEDIUM,16.0,False,1,True,15.0,26.6,37.6,63.0,False,0.8,93.694,False,57,2025,6,Miami Grand Prix,2025_06
STR,Aston Martin,16.0,1.0,MEDIUM,17.0,False,1,True,15.0,26.5,37.7,63.0,False,0.6,93.913,False,57,2025,6,Miami Grand Prix,2025_06
STR,Aston Martin,17.0,1.0,MEDIUM,18.0,False,1,True,15.0,26.6,37.7,62.0,False,0.6,93.859,False,57,2025,6,Miami Grand Prix,2025_06
STR,Aston Martin,18.0,1.0,MEDIUM,19.0,False,1,True,15.0,26.7,37.6,63.0,False,0.7,93.59,False,57,2025,6,Miami Grand Prix,2025_06
STR,Aston Martin,19.0,1.0,MEDIUM,20.0,False,1,True,14.0,26.8,38.0,61.0,False,0.7,93.545,False,57,2025,6,Miami Grand Prix,2025_06
STR,Aston Martin,20.0,1.0,MEDIUM,21.0,False,1,False,17.0,26.8,37.9,61.0,False,0.8,98.388,True,57,2025,6,Miami Grand Prix,2025_06
STR,Aston Martin,21.0,2.0,HARD,2.0,False,1,False,18.0,26.5,37.6,61.0,False,0.9,106.462,True,57,2025,6,Miami Grand Prix,2025_06
STR,Aston Martin,22.0,2.0,HARD,3.0,False,1,True,18.0,26.7,37.8,61.0,False,0.7,92.538,False,57,2025,6,Miami Grand Prix,2025_06
STR,Aston Martin,23.0,2.0,HARD,4.0,False,1,True,18.0,26.8,37.8,60.0,False,0.4,93.019,False,57,2025,6,Miami Grand Prix,2025_06
STR,Aston Martin,24.0,2.0,HARD,5.0,False,1,True,18.0,26.8,37.7,59.0,False,0.8,93.004,False,57,2025,6,Miami Grand Prix,2025_06
STR,Aston Martin,25.0,2.0,HARD,6.0,False,1,True,18.0,26.8,37.7,59.0,False,0.8,92.687,False,57,2025,6,Miami Grand Prix,2025_06
STR,Aston Martin,26.0,2.0,HARD,7.0,False,1,True,18.0,26.7,37.3,60.0,False,0.8,92.634,False,57,2025,6,Miami Grand Prix,2025_06
STR,Aston Martin,27.0,2.0,HARD,8.0,False,1,True,18.0,26.6,37.2,60.0,False,0.8,92.527,False,57,2025,6,Miami Grand Prix,2025_06
STR,Aston Martin,28.0,2.0,HARD,9.0,False,16,False,17.0,26.6,36.9,59.0,False,1.7,106.25,False,57,2025,6,Miami Grand Prix,2025_06
STR,Aston Martin,29.0,2.0,HARD,10.0,False,671,False,17.0,26.6,36.4,61.0,True,0.9,120.032,False,57,2025,6,Miami Grand Prix,2025_06
STR,Aston Martin,30.0,2.0,HARD,11.0,False,1,True,16.0,26.5,36.4,60.0,True,1.0,92.804,False,57,2025,6,Miami Grand Prix,2025_06
STR,Aston Martin,31.0,2.0,HARD,12.0,False,1,True,16.0,26.5,36.0,60.0,False,1.1,92.974,False,57,2025,6,Miami Grand Prix,2025_06
STR,Aston Martin,32.0,2.0,HARD,13.0,False,16,False,16.0,26.4,36.4,59.0,True,0.7,102.783,False,57,2025,6,Miami Grand Prix,2025_06
STR,Aston Martin,33.0,2.0,HARD,14.0,False,671,False,16.0,26.4,35.8,60.0,True,1.4,109.78,False,57,2025,6,Miami Grand Prix,2025_06
STR,Aston Martin,34.0,2.0,HARD,15.0,False,1,True,16.0,26.2,36.1,61.0,False,0.9,92.189,False,57,2025,6,Miami Grand Prix,2025_06
STR,Aston Martin,35.0,2.0,HARD,16.0,False,1,True,16.0,26.1,35.9,61.0,False,1.2,92.333,False,57,2025,6,Miami Grand Prix,2025_06
STR,Aston Martin,36.0,2.0,HARD,17.0,False,1,True,16.0,26.1,35.8,62.0,False,1.1,92.387,False,57,2025,6,Miami Grand Prix,2025_06
STR,Aston Martin,37.0,2.0,HARD,18.0,False,1,True,16.0,26.1,35.7,62.0,False,1.5,92.999,False,57,2025,6,Miami Grand Prix,2025_06
STR,Aston Martin,38.0,2.0,HARD,19.0,False,1,True,16.0,26.1,36.0,62.0,False,0.9,92.298,False,57,2025,6,Miami Grand Prix,2025_06
STR,Aston Martin,39.0,2.0,HARD,20.0,False,1,True,16.0,26.2,35.7,63.0,False,1.0,92.237,False,57,2025,6,Miami Grand Prix,2025_06
STR,Aston Martin,40.0,2.0,HARD,21.0,False,1,True,16.0,26.2,35.5,63.0,False,1.2,92.166,False,57,2025,6,Miami Grand Prix,2025_06
STR,Aston Martin,41.0,2.0,HARD,22.0,False,1,True,16.0,26.2,35.1,64.0,False,0.9,92.181,False,57,2025,6,Miami Grand Prix,2025_06
STR,Aston Martin,42.0,2.0,HARD,23.0,False,1,True,16.0,26.1,34.9,64.0,False,0.0,92.205,False,57,2025,6,Miami Grand Prix,2025_06
STR,Aston Martin,43.0,2.0,HARD,24.0,False,1,True,16.0,26.0,35.2,65.0,False,0.5,92.19,False,57,2025,6,Miami Grand Prix,2025_06
STR,Aston Martin,44.0,2.0,HARD,25.0,False,1,True,16.0,26.0,35.6,64.0,False,0.6,92.353,False,57,2025,6,Miami Grand Prix,2025_06
STR,Aston Martin,45.0,2.0,HARD,26.0,False,1,True,16.0,26.0,35.8,63.0,False,0.0,94.538,False,57,2025,6,Miami Grand Prix,2025_06
STR,Aston Martin,46.0,2.0,HARD,27.0,False,1,True,16.0,26.0,35.4,64.0,False,0.8,94.595,False,57,2025,6,Miami Grand Prix,2025_06
STR,Aston Martin,47.0,2.0,HARD,28.0,False,1,True,16.0,26.1,35.3,64.0,False,1.0,92.662,False,57,2025,6,Miami Grand Prix,2025_06
STR,Aston Martin,48.0,2.0,HARD,29.0,False,1,True,16.0,26.0,35.3,64.0,False,1.1,92.521,False,57,2025,6,Miami Grand Prix,2025_06
STR,Aston Martin,49.0,2.0,HARD,30.0,False,1,True,16.0,26.1,35.0,64.0,False,1.3,92.044,False,57,2025,6,Miami Grand Prix,2025_06
STR,Aston Martin,50.0,2.0,HARD,31.0,False,1,True,16.0,26.0,35.1,64.0,False,0.5,91.769,False,57,2025,6,Miami Grand Prix,2025_06
STR,Aston Martin,51.0,2.0,HARD,32.0,False,1,True,16.0,26.0,34.9,64.0,False,0.7,92.029,False,57,2025,6,Miami Grand Prix,2025_06
STR,Aston Martin,52.0,2.0,HARD,33.0,False,1,True,16.0,25.9,34.9,64.0,False,1.0,92.28,False,57,2025,6,Miami Grand Prix,2025_06
STR,Aston Martin,53.0,2.0,HARD,34.0,False,1,True,16.0,26.0,34.8,64.0,False,1.3,92.266,False,57,2025,6,Miami Grand Prix,2025_06
STR,Aston Martin,54.0,2.0,HARD,35.0,False,1,True,16.0,25.9,34.9,64.0,False,1.1,92.186,False,57,2025,6,Miami Grand Prix,2025_06
STR,Aston Martin,55.0,2.0,HARD,36.0,False,1,True,16.0,25.9,34.9,64.0,False,0.8,92.076,False,57,2025,6,Miami Grand Prix,2025_06
STR,Aston Martin,56.0,2.0,HARD,37.0,False,1,True,16.0,26.0,34.9,64.0,False,0.9,92.447,False,57,2025,6,Miami Grand Prix,2025_06
TSU,Red Bull Racing,1.0,,nan,,True,12,False,9.0,26.3,39.7,65.0,False,1.2,101.207,False,57,2025,6,Miami Grand Prix,2025_06
TSU,Red Bull Racing,2.0,,nan,,True,126,False,9.0,26.4,40.3,64.0,False,1.2,116.508,False,57,2025,6,Miami Grand Prix,2025_06
TSU,Red Bull Racing,3.0,,nan,,True,671,False,9.0,26.7,39.8,63.0,False,0.8,121.976,False,57,2025,6,Miami Grand Prix,2025_06
TSU,Red Bull Racing,4.0,,nan,,True,1,True,9.0,26.6,39.0,63.0,False,0.4,92.955,False,57,2025,6,Miami Grand Prix,2025_06
TSU,Red Bull Racing,5.0,,nan,,True,1,True,9.0,26.4,38.5,64.0,False,1.3,92.945,False,57,2025,6,Miami Grand Prix,2025_06
TSU,Red Bull Racing,6.0,,nan,,True,1,True,9.0,26.4,38.4,64.0,False,0.0,93.036,False,57,2025,6,Miami Grand Prix,2025_06
TSU,Red Bull Racing,7.0,,nan,,True,1,True,9.0,26.6,38.9,64.0,False,0.8,93.076,False,57,2025,6,Miami Grand Prix,2025_06
TSU,Red Bull Racing,8.0,,nan,,True,1,True,9.0,26.6,38.9,63.0,False,0.7,93.187,False,57,2025,6,Miami Grand Prix,2025_06
TSU,Red Bull Racing,9.0,,nan,,True,1,True,9.0,26.7,38.9,62.0,False,1.0,93.272,False,57,2025,6,Miami Grand Prix,2025_06
TSU,Red Bull Racing,10.0,,nan,,True,1,True,9.0,26.7,39.0,61.0,False,1.0,93.145,False,57,2025,6,Miami Grand Prix,2025_06
TSU,Red Bull Racing,11.0,,nan,,True,1,True,9.0,26.6,38.5,62.0,False,1.3,93.219,False,57,2025,6,Miami Grand Prix,2025_06
TSU,Red Bull Racing,12.0,,nan,,True,1,True,9.0,26.6,38.4,62.0,False,1.1,93.239,False,57,2025,6,Miami Grand Prix,2025_06
TSU,Red Bull Racing,13.0,,nan,,True,1,True,9.0,26.8,38.2,62.0,False,0.5,93.225,False,57,2025,6,Miami Grand Prix,2025_06
TSU,Red Bull Racing,14.0,,nan,,True,1,True,9.0,26.6,38.1,62.0,False,1.4,93.105,False,57,2025,6,Miami Grand Prix,2025_06
TSU,Red Bull Racing,15.0,,nan,,True,1,True,9.0,26.6,37.6,63.0,False,0.8,93.489,False,57,2025,6,Miami Grand Prix,2025_06
TSU,Red Bull Racing,16.0,,nan,,True,1,True,9.0,26.5,37.7,63.0,False,0.6,93.366,False,57,2025,6,Miami Grand Prix,2025_06
TSU,Red Bull Racing,17.0,,nan,,True,1,True,9.0,26.6,37.7,62.0,False,0.6,93.213,False,57,2025,6,Miami Grand Prix,2025_06
TSU,Red Bull Racing,18.0,,nan,,True,1,True,9.0,26.7,37.6,63.0,False,0.7,93.325,False,57,2025,6,Miami Grand Prix,2025_06
TSU,Red Bull Racing,19.0,,nan,,True,1,True,9.0,26.8,37.8,61.0,False,0.6,93.148,False,57,2025,6,Miami Grand Prix,2025_06
TSU,Red Bull Racing,20.0,,nan,,True,1,True,9.0,26.8,37.9,61.0,False,0.8,93.15,False,57,2025,6,Miami Grand Prix,2025_06
TSU,Red Bull Racing,21.0,,nan,,True,1,True,9.0,26.5,37.6,61.0,False,0.9,92.758,False,57,2025,6,Miami Grand Prix,2025_06
TSU,Red Bull Racing,22.0,,nan,,True,1,True,9.0,26.6,37.8,61.0,False,0.9,92.829,False,57,2025,6,Miami Grand Prix,2025_06
TSU,Red Bull Racing,23.0,,nan,,True,1,True,9.0,26.8,37.8,60.0,False,0.4,92.855,False,57,2025,6,Miami Grand Prix,2025_06
TSU,Red Bull Racing,24.0,,nan,,True,1,True,9.0,26.8,37.9,59.0,False,0.0,92.673,False,57,2025,6,Miami Grand Prix,2025_06
TSU,Red Bull Racing,25.0,1.0,MEDIUM,1.0,True,1,True,8.0,26.8,37.7,59.0,False,0.8,92.528,False,57,2025,6,Miami Grand Prix,2025_06
TSU,Red Bull Racing,26.0,1.0,MEDIUM,2.0,True,1,True,7.0,26.8,37.5,60.0,False,0.9,92.634,False,57,2025,6,Miami Grand Prix,2025_06
TSU,Red Bull Racing,27.0,1.0,MEDIUM,3.0,True,1,False,6.0,26.6,37.2,60.0,False,0.8,97.38,True,57,2025,6,Miami Grand Prix,2025_06
TSU,Red Bull Racing,28.0,1.0,MEDIUM,4.0,True,16,False,12.0,26.6,37.0,59.0,False,1.3,115.106,True,57,2025,6,Miami Grand Prix,2025_06
TSU,Red Bull Racing,29.0,1.0,MEDIUM,5.0,True,671,False,12.0,26.6,36.6,60.0,False,1.4,122.748,False,57,2025,6,Miami Grand Prix,2025_06
TSU,Red Bull Racing,30.0,1.0,MEDIUM,6.0,True,1,True,11.0,26.6,36.4,61.0,True,1.0,91.531,False,57,2025,6,Miami Grand Prix,2025_06
TSU,Red Bull Racing,31.0,1.0,MEDIUM,7.0,True,1,True,11.0,26.5,36.0,60.0,False,1.1,91.698,False,57,2025,6,Miami Grand Prix,2025_06
TSU,Red Bull Racing,32.0,1.0,MEDIUM,8.0,True,16,False,11.0,26.5,36.0,60.0,False,1.2,93.002,False,57,2025,6,Miami Grand Prix,2025_06
TSU,Red Bull Racing,33.0,2.0,HARD,1.0,True,671,False,11.0,26.4,35.8,60.0,True,1.4,118.586,False,57,2025,6,Miami Grand Prix,2025_06
TSU,Red Bull Racing,34.0,2.0,HARD,2.0,True,1,True,10.0,26.2,36.1,61.0,False,0.9,91.393,False,57,2025,6,Miami Grand Prix,2025_06
TSU,Red Bull Racing,35.0,2.0,HARD,3.0,True,1,True,10.0,26.2,36.1,61.0,False,0.9,91.41,False,57,2025,6,Miami Grand Prix,2025_06
TSU,Red Bull Racing,36.0,2.0,HARD,4.0,True,1,True,10.0,26.1,35.8,62.0,False,1.1,91.287,False,57,2025,6,Miami Grand Prix,2025_06
TSU,Red Bull Racing,37.0,2.0,HARD,5.0,True,1,True,10.0,26.1,35.7,62.0,False,1.5,91.495,False,57,2025,6,Miami Grand Prix,2025_06
TSU,Red Bull Racing,38.0,2.0,HARD,6.0,True,1,True,10.0,26.1,36.0,62.0,False,0.9,91.199,False,57,2025,6,Miami Grand Prix,2025_06
TSU,Red Bull Racing,39.0,2.0,HARD,7.0,True,1,True,10.0,26.2,35.7,63.0,False,1.0,91.557,False,57,2025,6,Miami Grand Prix,2025_06
TSU,Red Bull Racing,40.0,2.0,HARD,8.0,True,1,True,10.0,26.2,35.7,63.0,False,1.0,91.328,False,57,2025,6,Miami Grand Prix,2025_06
TSU,Red Bull Racing,41.0,2.0,HARD,9.0,True,1,True,10.0,26.2,35.1,64.0,False,0.9,91.345,False,57,2025,6,Miami Grand Prix,2025_06
TSU,Red Bull Racing,42.0,2.0,HARD,10.0,True,1,True,10.0,26.1,34.9,64.0,False,0.8,91.211,False,57,2025,6,Miami Grand Prix,2025_06
TSU,Red Bull Racing,43.0,2.0,HARD,11.0,True,1,True,10.0,26.0,35.2,65.0,False,0.5,91.229,False,57,2025,6,Miami Grand Prix,2025_06
TSU,Red Bull Racing,44.0,2.0,HARD,12.0,True,1,True,10.0,26.0,35.3,64.0,False,0.9,91.183,False,57,2025,6,Miami Grand Prix,2025_06
TSU,Red Bull Racing,45.0,2.0,HARD,13.0,True,1,True,10.0,26.0,35.8,63.0,False,0.0,91.335,False,57,2025,6,Miami Grand Prix,2025_06
TSU,Red Bull Racing,46.0,2.0,HARD,14.0,True,1,True,10.0,26.0,35.7,64.0,False,0.4,91.427,False,57,2025,6,Miami Grand Prix,2025_06
TSU,Red Bull Racing,47.0,2.0,HARD,15.0,True,1,True,10.0,26.1,35.3,64.0,False,1.0,91.046,False,57,2025,6,Miami Grand Prix,2025_06
TSU,Red Bull Racing,48.0,2.0,HARD,16.0,True,1,True,10.0,26.0,35.3,64.0,False,1.1,91.528,False,57,2025,6,Miami Grand Prix,2025_06
TSU,Red Bull Racing,49.0,2.0,HARD,17.0,True,1,True,10.0,26.1,35.0,64.0,False,1.3,91.131,False,57,2025,6,Miami Grand Prix,2025_06
TSU,Red Bull Racing,50.0,2.0,HARD,18.0,True,1,True,10.0,26.0,35.0,65.0,False,0.9,91.363,False,57,2025,6,Miami Grand Prix,2025_06
TSU,Red Bull Racing,51.0,2.0,HARD,19.0,True,1,True,10.0,26.0,35.0,64.0,False,1.1,91.179,False,57,2025,6,Miami Grand Prix,2025_06
TSU,Red Bull Racing,52.0,2.0,HARD,20.0,True,1,True,10.0,26.0,34.9,64.0,False,0.7,91.237,False,57,2025,6,Miami Grand Prix,2025_06
TSU,Red Bull Racing,53.0,2.0,HARD,21.0,True,1,True,10.0,26.0,35.0,64.0,False,0.9,91.267,False,57,2025,6,Miami Grand Prix,2025_06
TSU,Red Bull Racing,54.0,2.0,HARD,22.0,True,1,True,10.0,26.0,34.8,64.0,False,1.3,91.341,False,57,2025,6,Miami Grand Prix,2025_06
TSU,Red Bull Racing,55.0,2.0,HARD,23.0,True,1,True,10.0,25.9,34.9,64.0,False,0.7,90.964,False,57,2025,6,Miami Grand Prix,2025_06
TSU,Red Bull Racing,56.0,2.0,HARD,24.0,True,1,True,10.0,25.9,34.9,64.0,False,0.8,91.401,False,57,2025,6,Miami Grand Prix,2025_06
TSU,Red Bull Racing,57.0,2.0,HARD,25.0,True,1,True,10.0,26.0,34.9,64.0,False,1.4,91.051,False,57,2025,6,Miami Grand Prix,2025_06
ALB,Williams,1.0,,nan,,True,12,False,5.0,26.3,39.7,65.0,False,1.2,98.782,False,57,2025,6,Miami Grand Prix,2025_06
ALB,Williams,2.0,,nan,,True,126,False,5.0,26.4,40.3,64.0,False,1.2,113.64,False,57,2025,6,Miami Grand Prix,2025_06
ALB,Williams,3.0,,nan,,True,671,False,5.0,26.7,39.8,63.0,False,0.8,123.54,False,57,2025,6,Miami Grand Prix,2025_06
ALB,Williams,4.0,,nan,,True,1,True,6.0,26.6,39.0,63.0,False,0.4,93.079,False,57,2025,6,Miami Grand Prix,2025_06
ALB,Williams,5.0,,nan,,True,1,True,7.0,26.4,38.5,64.0,False,1.3,93.836,False,57,2025,6,Miami Grand Prix,2025_06
ALB,Williams,6.0,,nan,,True,1,True,7.0,26.4,38.4,64.0,False,0.0,93.206,False,57,2025,6,Miami Grand Prix,2025_06
ALB,Williams,7.0,,nan,,True,1,True,7.0,26.6,38.9,64.0,False,0.8,92.982,False,57,2025,6,Miami Grand Prix,2025_06
ALB,Williams,8.0,,nan,,True,1,True,7.0,26.6,38.9,63.0,False,0.7,93.117,False,57,2025,6,Miami Grand Prix,2025_06
ALB,Williams,9.0,,nan,,True,1,True,7.0,26.7,38.9,62.0,False,1.0,93.014,False,57,2025,6,Miami Grand Prix,2025_06
ALB,Williams,10.0,,nan,,True,1,True,7.0,26.7,39.0,61.0,False,1.0,92.834,False,57,2025,6,Miami Grand Prix,2025_06
ALB,Williams,11.0,,nan,,True,1,True,7.0,26.6,38.5,62.0,False,1.3,93.569,False,57,2025,6,Miami Grand Prix,2025_06
ALB,Williams,12.0,,nan,,True,1,True,7.0,26.6,38.5,62.0,False,1.1,93.515,False,57,2025,6,Miami Grand Prix,2025_06
ALB,Williams,13.0,,nan,,True,1,True,7.0,26.8,38.2,62.0,False,0.5,93.031,False,57,2025,6,Miami Grand Prix,2025_06
ALB,Williams,14.0,,nan,,True,1,True,6.0,26.6,38.1,62.0,False,1.4,92.701,False,57,2025,6,Miami Grand Prix,2025_06
ALB,Williams,15.0,,nan,,True,1,True,6.0,26.6,37.6,63.0,False,0.8,92.968,False,57,2025,6,Miami Grand Prix,2025_06
ALB,Williams,16.0,,nan,,True,1,True,6.0,26.5,37.7,63.0,False,0.6,92.612,False,57,2025,6,Miami Grand Prix,2025_06
ALB,Williams,17.0,,nan,,True,1,True,6.0,26.6,37.7,62.0,False,0.6,92.506,False,57,2025,6,Miami Grand Prix,2025_06
ALB,Williams,18.0,,nan,,True,1,True,6.0,26.7,37.6,63.0,False,0.7,92.648,False,57,2025,6,Miami Grand Prix,2025_06
ALB,Williams,19.0,,nan,,True,1,True,6.0,26.8,37.8,61.0,False,0.6,92.736,False,57,2025,6,Miami Grand Prix,2025_06
ALB,Williams,20.0,,nan,,True,1,True,6.0,26.8,37.9,61.0,False,0.8,92.601,False,57,2025,6,Miami Grand Prix,2025_06
ALB,Williams,21.0,,nan,,True,1,True,6.0,26.6,37.6,61.0,False,0.6,92.551,False,57,2025,6,Miami Grand Prix,2025_06
ALB,Williams,22.0,,nan,,True,1,True,6.0,26.6,37.8,61.0,False,0.9,92.39,False,57,2025,6,Miami Grand Prix,2025_06
ALB,Williams,23.0,,nan,,True,1,True,6.0,26.7,37.8,61.0,False,0.7,92.397,False,57,2025,6,Miami Grand Prix,2025_06
ALB,Williams,24.0,,nan,,True,1,True,6.0,26.8,37.9,59.0,False,0.0,92.43,False,57,2025,6,Miami Grand Prix,2025_06
ALB,Williams,25.0,1.0,MEDIUM,1.0,True,1,True,5.0,26.8,37.7,59.0,False,0.8,92.076,False,57,2025,6,Miami Grand Prix,2025_06
ALB,Williams,26.0,1.0,MEDIUM,2.0,True,1,False,5.0,26.8,37.5,60.0,False,0.9,97.279,True,57,2025,6,Miami Grand Prix,2025_06
ALB,Williams,27.0,1.0,MEDIUM,3.0,True,1,False,9.0,26.6,37.2,60.0,False,0.8,105.269,True,57,2025,6,Miami Grand Prix,2025_06
ALB,Williams,28.0,1.0,MEDIUM,4.0,True,16,False,8.0,26.6,37.0,59.0,False,1.3,98.254,False,57,2025,6,Miami Grand Prix,2025_06
ALB,Williams,29.0,1.0,MEDIUM,5.0,True,671,False,7.0,26.6,36.6,60.0,False,1.4,124.258,False,57,2025,6,Miami Grand Prix,2025_06
ALB,Williams,30.0,1.0,MEDIUM,6.0,True,1,True,6.0,26.6,36.4,61.0,True,1.0,91.203,False,57,2025,6,Miami Grand Prix,2025_06
ALB,Williams,31.0,1.0,MEDIUM,7.0,True,1,True,5.0,26.5,36.0,60.0,False,1.1,91.071,False,57,2025,6,Miami Grand Prix,2025_06
ALB,Williams,32.0,1.0,MEDIUM,8.0,True,1,True,5.0,26.5,36.0,60.0,False,1.2,91.514,False,57,2025,6,Miami Grand Prix,2025_06
ALB,Williams,33.0,2.0,HARD,1.0,True,167,False,5.0,26.4,35.8,60.0,True,1.4,119.283,False,57,2025,6,Miami Grand Prix,2025_06
ALB,Williams,34.0,2.0,HARD,2.0,True,1,True,5.0,26.2,36.1,61.0,False,0.9,90.608,False,57,2025,6,Miami Grand Prix,2025_06
ALB,Williams,35.0,2.0,HARD,3.0,True,1,True,5.0,26.2,36.1,61.0,False,0.9,91.143,False,57,2025,6,Miami Grand Prix,2025_06
ALB,Williams,36.0,2.0,HARD,4.0,True,1,True,5.0,26.1,35.8,62.0,False,1.1,90.799,False,57,2025,6,Miami Grand Prix,2025_06
ALB,Williams,37.0,2.0,HARD,5.0,True,1,True,5.0,26.1,35.5,63.0,False,1.8,91.111,False,57,2025,6,Miami Grand Prix,2025_06
ALB,Williams,38.0,2.0,HARD,6.0,True,1,True,5.0,26.1,36.0,62.0,False,0.9,91.363,False,57,2025,6,Miami Grand Prix,2025_06
ALB,Williams,39.0,2.0,HARD,7.0,True,1,True,5.0,26.2,36.0,62.0,False,0.9,91.351,False,57,2025,6,Miami Grand Prix,2025_06
ALB,Williams,40.0,2.0,HARD,8.0,True,1,True,5.0,26.2,35.7,63.0,False,1.0,91.181,False,57,2025,6,Miami Grand Prix,2025_06
ALB,Williams,41.0,2.0,HARD,9.0,True,1,True,5.0,26.2,35.5,63.0,False,1.2,90.975,False,57,2025,6,Miami Grand Prix,2025_06
ALB,Williams,42.0,2.0,HARD,10.0,True,1,True,5.0,26.1,34.9,64.0,False,0.8,91.389,False,57,2025,6,Miami Grand Prix,2025_06
ALB,Williams,43.0,2.0,HARD,11.0,True,1,True,5.0,26.1,34.9,64.0,False,0.0,91.172,False,57,2025,6,Miami Grand Prix,2025_06
ALB,Williams,44.0,2.0,HARD,12.0,True,1,True,5.0,26.0,35.3,64.0,False,0.9,91.169,False,57,2025,6,Miami Grand Prix,2025_06
ALB,Williams,45.0,2.0,HARD,13.0,True,1,True,5.0,26.0,35.6,64.0,False,0.6,91.122,False,57,2025,6,Miami Grand Prix,2025_06
ALB,Williams,46.0,2.0,HARD,14.0,True,1,True,5.0,26.0,35.7,64.0,False,0.4,91.073,False,57,2025,6,Miami Grand Prix,2025_06
ALB,Williams,47.0,2.0,HARD,15.0,True,1,True,5.0,26.0,35.4,64.0,False,0.8,91.012,False,57,2025,6,Miami Grand Prix,2025_06
ALB,Williams,48.0,2.0,HARD,16.0,True,1,True,5.0,26.0,35.3,64.0,False,1.1,91.055,False,57,2025,6,Miami Grand Prix,2025_06
ALB,Williams,49.0,2.0,HARD,17.0,True,1,True,5.0,26.1,35.0,64.0,False,1.3,90.839,False,57,2025,6,Miami Grand Prix,2025_06
ALB,Williams,50.0,2.0,HARD,18.0,True,1,True,5.0,26.0,35.0,65.0,False,0.9,90.95,False,57,2025,6,Miami Grand Prix,2025_06
ALB,Williams,51.0,2.0,HARD,19.0,True,1,True,5.0,26.0,35.0,64.0,False,1.1,90.687,False,57,2025,6,Miami Grand Prix,2025_06
ALB,Williams,52.0,2.0,HARD,20.0,True,1,True,5.0,26.0,34.9,64.0,False,0.7,90.684,False,57,2025,6,Miami Grand Prix,2025_06
ALB,Williams,53.0,2.0,HARD,21.0,True,1,True,5.0,26.0,35.0,64.0,False,0.9,90.688,False,57,2025,6,Miami Grand Prix,2025_06
ALB,Williams,54.0,2.0,HARD,22.0,True,1,True,5.0,26.0,34.8,64.0,False,1.3,90.657,False,57,2025,6,Miami Grand Prix,2025_06
ALB,Williams,55.0,2.0,HARD,23.0,True,1,True,5.0,25.9,34.9,64.0,False,0.7,90.482,False,57,2025,6,Miami Grand Prix,2025_06
ALB,Williams,56.0,2.0,HARD,24.0,True,1,True,5.0,25.9,34.9,64.0,False,0.8,90.675,False,57,2025,6,Miami Grand Prix,2025_06
ALB,Williams,57.0,2.0,HARD,25.0,True,1,True,5.0,26.0,34.9,64.0,False,1.4,90.577,False,57,2025,6,Miami Grand Prix,2025_06
HUL,Kick Sauber,1.0,,nan,,True,12,False,14.0,26.3,39.7,65.0,False,1.2,103.306,False,57,2025,6,Miami Grand Prix,2025_06
HUL,Kick Sauber,2.0,,nan,,True,126,False,14.0,26.4,40.3,64.0,False,1.2,122.663,False,57,2025,6,Miami Grand Prix,2025_06
HUL,Kick Sauber,3.0,,nan,,True,671,False,14.0,26.7,39.8,63.0,False,0.8,117.784,False,57,2025,6,Miami Grand Prix,2025_06
HUL,Kick Sauber,4.0,,nan,,True,1,True,14.0,26.6,39.0,63.0,False,0.4,94.181,False,57,2025,6,Miami Grand Prix,2025_06
HUL,Kick Sauber,5.0,,nan,,True,1,True,14.0,26.4,38.5,64.0,False,1.3,93.552,False,57,2025,6,Miami Grand Prix,2025_06
HUL,Kick Sauber,6.0,,nan,,True,1,True,14.0,26.4,38.4,64.0,False,0.0,93.311,False,57,2025,6,Miami Grand Prix,2025_06
HUL,Kick Sauber,7.0,,nan,,True,1,True,14.0,26.6,38.9,64.0,False,0.8,93.576,False,57,2025,6,Miami Grand Prix,2025_06
HUL,Kick Sauber,8.0,,nan,,True,1,True,14.0,26.6,38.9,63.0,False,0.7,93.415,False,57,2025,6,Miami Grand Prix,2025_06
HUL,Kick Sauber,9.0,,nan,,True,1,True,14.0,26.7,38.9,62.0,False,1.0,93.517,False,57,2025,6,Miami Grand Prix,2025_06
HUL,Kick Sauber,10.0,,nan,,True,1,True,14.0,26.7,38.9,62.0,False,1.4,93.584,False,57,2025,6,Miami Grand Prix,2025_06
HUL,Kick Sauber,11.0,,nan,,True,1,True,14.0,26.6,38.5,62.0,False,1.3,93.736,False,57,2025,6,Miami Grand Prix,2025_06
HUL,Kick Sauber,12.0,,nan,,True,1,True,14.0,26.6,38.4,62.0,False,1.1,93.441,False,57,2025,6,Miami Grand Prix,2025_06
HUL,Kick Sauber,13.0,,nan,,True,1,True,14.0,26.8,38.2,62.0,False,0.5,93.39,False,57,2025,6,Miami Grand Prix,2025_06
HUL,Kick Sauber,14.0,,nan,,True,1,True,14.0,26.6,38.1,62.0,False,1.4,93.56,False,57,2025,6,Miami Grand Prix,2025_06
HUL,Kick Sauber,15.0,,nan,,True,1,True,14.0,26.6,37.6,63.0,False,0.8,93.743,False,57,2025,6,Miami Grand Prix,2025_06
HUL,Kick Sauber,16.0,,nan,,True,1,True,14.0,26.5,37.7,63.0,False,0.6,93.591,False,57,2025,6,Miami Grand Prix,2025_06
HUL,Kick Sauber,17.0,,nan,,True,1,True,14.0,26.6,37.7,62.0,False,0.6,93.607,False,57,2025,6,Miami Grand Prix,2025_06
HUL,Kick Sauber,18.0,,nan,,True,1,True,14.0,26.7,37.6,63.0,False,0.7,93.621,False,57,2025,6,Miami Grand Prix,2025_06
HUL,Kick Sauber,19.0,,nan,,True,1,True,13.0,26.8,38.0,61.0,False,0.7,93.461,False,57,2025,6,Miami Grand Prix,2025_06
HUL,Kick Sauber,20.0,,nan,,True,1,True,13.0,26.8,37.9,61.0,False,0.8,93.252,False,57,2025,6,Miami Grand Prix,2025_06
HUL,Kick Sauber,21.0,,nan,,True,1,True,13.0,26.5,37.6,61.0,False,0.9,93.282,False,57,2025,6,Miami Grand Prix,2025_06
HUL,Kick Sauber,22.0,,nan,,True,1,True,12.0,26.6,37.8,61.0,False,0.9,93.272,False,57,2025,6,Miami Grand Prix,2025_06
HUL,Kick Sauber,23.0,,nan,,True,1,True,12.0,26.8,37.8,60.0,False,0.4,92.881,False,57,2025,6,Miami Grand Prix,2025_06
HUL,Kick Sauber,24.0,1.0,HARD,1.0,True,1,True,11.0,26.8,37.9,59.0,False,0.0,92.738,False,57,2025,6,Miami Grand Prix,2025_06
HUL,Kick Sauber,25.0,1.0,HARD,2.0,True,1,True,11.0,26.8,37.7,59.0,False,0.8,92.441,False,57,2025,6,Miami Grand Prix,2025_06
HUL,Kick Sauber,26.0,1.0,HARD,3.0,True,1,True,10.0,26.8,37.5,60.0,False,0.9,93.266,False,57,2025,6,Miami Grand Prix,2025_06
HUL,Kick Sauber,27.0,1.0,HARD,4.0,True,1,True,11.0,26.6,37.2,60.0,False,0.8,93.274,False,57,2025,6,Miami Grand Prix,2025_06
HUL,Kick Sauber,28.0,1.0,HARD,5.0,True,16,False,10.0,26.6,36.9,59.0,False,1.7,100.58,False,57,2025,6,Miami Grand Prix,2025_06
HUL,Kick Sauber,29.0,1.0,HARD,6.0,True,671,False,9.0,26.6,36.6,60.0,False,1.4,125.176,False,57,2025,6,Miami Grand Prix,2025_06
HUL,Kick Sauber,30.0,1.0,HARD,7.0,True,1,True,10.0,26.6,36.4,61.0,True,1.0,92.735,False,57,2025,6,Miami Grand Prix,2025_06
HUL,Kick Sauber,31.0,1.0,HARD,8.0,True,1,True,10.0,26.5,36.0,60.0,False,1.1,93.128,False,57,2025,6,Miami Grand Prix,2025_06
HUL,Kick Sauber,32.0,1.0,HARD,9.0,True,16,False,10.0,26.5,36.0,60.0,False,1.2,93.23,False,57,2025,6,Miami Grand Prix,2025_06
HUL,Kick Sauber,33.0,1.0,HARD,10.0,True,671,False,10.0,26.4,35.8,60.0,True,1.4,119.066,False,57,2025,6,Miami Grand Prix,2025_06
HUL,Kick Sauber,34.0,1.0,HARD,11.0,True,1,True,11.0,26.2,36.1,61.0,False,0.9,92.815,False,57,2025,6,Miami Grand Prix,2025_06
HUL,Kick Sauber,35.0,1.0,HARD,12.0,True,1,True,11.0,26.2,36.1,61.0,False,0.9,92.655,False,57,2025,6,Miami Grand Prix,2025_06
HUL,Kick Sauber,36.0,1.0,HARD,13.0,True,1,False,13.0,26.1,35.8,62.0,False,1.1,97.202,True,57,2025,6,Miami Grand Prix,2025_06
HUL,Kick Sauber,37.0,2.0,MEDIUM,1.0,True,1,False,14.0,26.1,35.7,62.0,False,1.5,104.964,True,57,2025,6,Miami Grand Prix,2025_06
HUL,Kick Sauber,38.0,2.0,MEDIUM,2.0,True,1,True,14.0,26.1,36.0,62.0,False,0.9,91.365,False,57,2025,6,Miami Grand Prix,2025_06
HUL,Kick Sauber,39.0,2.0,MEDIUM,3.0,True,1,True,14.0,26.2,35.7,63.0,False,1.0,91.044,False,57,2025,6,Miami Grand Prix,2025_06
HUL,Kick Sauber,40.0,2.0,MEDIUM,4.0,True,1,True,14.0,26.2,35.7,63.0,False,1.0,91.491,False,57,2025,6,Miami Grand Prix,2025_06
HUL,Kick Sauber,41.0,2.0,MEDIUM,5.0,True,1,True,14.0,26.2,35.1,64.0,False,0.9,91.203,False,57,2025,6,Miami Grand Prix,2025_06
HUL,Kick Sauber,42.0,2.0,MEDIUM,6.0,True,1,True,14.0,26.1,34.9,64.0,False,0.8,91.33,False,57,2025,6,Miami Grand Prix,2025_06
HUL,Kick Sauber,43.0,2.0,MEDIUM,7.0,True,1,True,14.0,26.0,35.2,65.0,False,0.5,91.015,False,57,2025,6,Miami Grand Prix,2025_06
HUL,Kick Sauber,44.0,2.0,MEDIUM,8.0,True,1,True,14.0,26.0,35.6,64.0,False,0.6,91.108,False,57,2025,6,Miami Grand Prix,2025_06
HUL,Kick Sauber,45.0,2.0,MEDIUM,9.0,True,1,True,14.0,26.0,35.8,63.0,False,0.0,91.321,False,57,2025,6,Miami Grand Prix,2025_06
HUL,Kick Sauber,46.0,2.0,MEDIUM,10.0,True,1,True,14.0,26.0,35.4,64.0,False,0.8,91.053,False,57,2025,6,Miami Grand Prix,2025_06
HUL,Kick Sauber,47.0,2.0,MEDIUM,11.0,True,1,True,14.0,26.1,35.3,64.0,False,1.0,91.052,False,57,2025,6,Miami Grand Prix,2025_06
HUL,Kick Sauber,48.0,2.0,MEDIUM,12.0,True,1,True,14.0,26.0,35.3,64.0,False,1.1,91.124,False,57,2025,6,Miami Grand Prix,2025_06
HUL,Kick Sauber,49.0,2.0,MEDIUM,13.0,True,1,True,14.0,26.1,35.0,64.0,False,1.3,91.154,False,57,2025,6,Miami Grand Prix,2025_06
HUL,Kick Sauber,50.0,2.0,MEDIUM,14.0,True,1,True,14.0,26.0,35.1,64.0,False,0.5,91.227,False,57,2025,6,Miami Grand Prix,2025_06
HUL,Kick Sauber,51.0,2.0,MEDIUM,15.0,True,1,True,14.0,26.0,35.0,64.0,False,1.1,91.363,False,57,2025,6,Miami Grand Prix,2025_06
HUL,Kick Sauber,52.0,2.0,MEDIUM,16.0,True,1,True,14.0,25.9,34.9,64.0,False,1.0,91.767,False,57,2025,6,Miami Grand Prix,2025_06
HUL,Kick Sauber,53.0,2.0,MEDIUM,17.0,True,1,True,14.0,26.0,35.0,64.0,False,0.9,91.419,False,57,2025,6,Miami Grand Prix,2025_06
HUL,Kick Sauber,54.0,2.0,MEDIUM,18.0,True,1,True,14.0,25.9,34.9,64.0,False,1.1,91.137,False,57,2025,6,Miami Grand Prix,2025_06
HUL,Kick Sauber,55.0,2.0,MEDIUM,19.0,True,1,True,14.0,25.9,34.9,64.0,False,0.7,91.156,False,57,2025,6,Miami Grand Prix,2025_06
HUL,Kick Sauber,56.0,2.0,MEDIUM,20.0,True,1,True,14.0,26.0,34.9,64.0,False,0.9,93.417,False,57,2025,6,Miami Grand Prix,2025_06
LAW,Racing Bulls,1.0,,nan,,True,12,False,19.0,26.3,39.7,65.0,False,1.2,115.964,False,57,2025,6,Miami Grand Prix,2025_06
LAW,Racing Bulls,2.0,,nan,,True,126,False,19.0,26.4,40.3,64.0,False,1.2,121.748,False,57,2025,6,Miami Grand Prix,2025_06
LAW,Racing Bulls,3.0,,nan,,True,671,False,19.0,26.7,39.8,63.0,False,0.8,117.913,False,57,2025,6,Miami Grand Prix,2025_06
LAW,Racing Bulls,4.0,,nan,,True,1,True,19.0,26.6,39.0,63.0,False,0.4,93.315,False,57,2025,6,Miami Grand Prix,2025_06
LAW,Racing Bulls,5.0,,nan,,True,1,True,19.0,26.4,38.5,64.0,False,1.3,94.526,False,57,2025,6,Miami Grand Prix,2025_06
LAW,Racing Bulls,6.0,,nan,,True,1,True,19.0,26.5,38.5,65.0,False,1.0,94.334,False,57,2025,6,Miami Grand Prix,2025_06
LAW,Racing Bulls,7.0,,nan,,True,1,True,19.0,26.6,38.9,64.0,False,0.8,94.046,False,57,2025,6,Miami Grand Prix,2025_06
LAW,Racing Bulls,8.0,,nan,,True,1,True,19.0,26.6,38.9,63.0,False,0.9,94.137,False,57,2025,6,Miami Grand Prix,2025_06
LAW,Racing Bulls,9.0,,nan,,True,1,True,19.0,26.7,38.9,62.0,False,1.0,94.094,False,57,2025,6,Miami Grand Prix,2025_06
LAW,Racing Bulls,10.0,,nan,,True,1,True,19.0,26.7,38.9,62.0,False,1.4,94.204,False,57,2025,6,Miami Grand Prix,2025_06
LAW,Racing Bulls,11.0,,nan,,True,1,True,19.0,26.6,38.5,62.0,False,1.3,93.99,False,57,2025,6,Miami Grand Prix,2025_06
LAW,Racing Bulls,12.0,,nan,,True,1,True,19.0,26.6,38.4,62.0,False,1.1,94.087,False,57,2025,6,Miami Grand Prix,2025_06
LAW,Racing Bulls,13.0,,nan,,True,1,True,19.0,26.8,38.2,62.0,False,0.5,94.351,False,57,2025,6,Miami Grand Prix,2025_06
LAW,Racing Bulls,14.0,,nan,,True,1,True,19.0,26.6,38.1,62.0,False,1.4,94.598,False,57,2025,6,Miami Grand Prix,2025_06
LAW,Racing Bulls,15.0,,nan,,True,1,True,19.0,26.5,37.6,63.0,False,0.8,94.692,False,57,2025,6,Miami Grand Prix,2025_06
LAW,Racing Bulls,16.0,,nan,,True,1,True,19.0,26.5,37.7,63.0,False,0.6,94.401,False,57,2025,6,Miami Grand Prix,2025_06
LAW,Racing Bulls,17.0,,nan,,True,1,True,19.0,26.5,37.6,63.0,False,0.7,94.82,False,57,2025,6,Miami Grand Prix,2025_06
LAW,Racing Bulls,18.0,,nan,,True,1,True,19.0,26.7,37.6,63.0,False,0.7,94.722,False,57,2025,6,Miami Grand Prix,2025_06
LAW,Racing Bulls,19.0,,nan,,True,1,True,19.0,26.8,38.0,61.0,False,0.7,94.501,False,57,2025,6,Miami Grand Prix,2025_06
LAW,Racing Bulls,20.0,,nan,,True,1,True,19.0,26.6,37.6,61.0,False,0.6,94.448,False,57,2025,6,Miami Grand Prix,2025_06
LAW,Racing Bulls,21.0,,nan,,True,1,True,19.0,26.5,37.6,61.0,False,0.9,94.492,False,57,2025,6,Miami Grand Prix,2025_06
LAW,Racing Bulls,22.0,,nan,,True,1,True,19.0,26.7,37.8,61.0,False,0.7,94.433,False,57,2025,6,Miami Grand Prix,2025_06
LAW,Racing Bulls,23.0,,nan,,True,1,True,19.0,26.8,37.8,60.0,False,0.4,94.53,False,57,2025,6,Miami Grand Prix,2025_06
LAW,Racing Bulls,24.0,1.0,HARD,1.0,True,1,True,19.0,26.8,37.7,59.0,False,0.8,94.337,False,57,2025,6,Miami Grand Prix,2025_06
LAW,Racing Bulls,25.0,1.0,HARD,2.0,True,1,True,19.0,26.8,37.7,59.0,False,0.8,94.094,False,57,2025,6,Miami Grand Prix,2025_06
LAW,Racing Bulls,26.0,1.0,HARD,3.0,True,1,True,19.0,26.7,37.3,60.0,False,0.8,94.112,False,57,2025,6,Miami Grand Prix,2025_06
LAW,Racing Bulls,27.0,1.0,HARD,4.0,True,1,True,19.0,26.6,37.0,59.0,False,1.3,94.372,False,57,2025,6,Miami Grand Prix,2025_06
LAW,Racing Bulls,28.0,1.0,HARD,5.0,True,16,False,18.0,26.6,36.9,59.0,False,1.7,118.141,True,57,2025,6,Miami Grand Prix,2025_06
LAW,Racing Bulls,29.0,1.0,HARD,6.0,True,671,False,18.0,26.6,36.4,61.0,True,0.9,118.646,True,57,2025,6,Miami Grand Prix,2025_06
LAW,Racing Bulls,30.0,1.0,HARD,7.0,True,1,True,18.0,26.5,36.4,60.0,True,1.0,91.77,False,57,2025,6,Miami Grand Prix,2025_06
LAW,Racing Bulls,31.0,1.0,HARD,8.0,True,1,True,17.0,26.5,36.0,60.0,False,1.2,92.361,False,57,2025,6,Miami Grand Prix,2025_06
LAW,Racing Bulls,32.0,2.0,MEDIUM,1.0,True,16,False,17.0,26.4,36.4,59.0,True,0.7,111.905,False,57,2025,6,Miami Grand Prix,2025_06
LAW,Racing Bulls,33.0,2.0,MEDIUM,2.0,True,671,False,17.0,26.3,35.5,61.0,False,1.1,99.589,False,57,2025,6,Miami Grand Prix,2025_06
LAW,Racing Bulls,34.0,2.0,MEDIUM,3.0,True,1,True,17.0,26.2,36.1,61.0,False,0.9,94.513,False,57,2025,6,Miami Grand Prix,2025_06
LAW,Racing Bulls,35.0,2.0,MEDIUM,4.0,True,1,True,17.0,26.1,35.9,61.0,False,1.2,92.855,False,57,2025,6,Miami Grand Prix,2025_06
LAW,Racing Bulls,36.0,2.0,MEDIUM,5.0,True,1,False,17.0,26.1,35.5,63.0,False,1.8,107.47,True,57,2025,6,Miami Grand Prix,2025_06
OCO,Haas F1 Team,1.0,1.0,MEDIUM,1.0,True,12,False,10.0,26.3,39.7,65.0,False,1.2,101.555,False,57,2025,6,Miami Grand Prix,2025_06
OCO,Haas F1 Team,2.0,1.0,MEDIUM,2.0,True,126,False,10.0,26.4,40.3,64.0,False,1.2,117.623,False,57,2025,6,Miami Grand Prix,2025_06
OCO,Haas F1 Team,3.0,1.0,MEDIUM,3.0,True,671,False,10.0,26.7,39.8,63.0,False,0.8,121.586,False,57,2025,6,Miami Grand Prix,2025_06
OCO,Haas F1 Team,4.0,1.0,MEDIUM,4.0,True,1,True,10.0,26.6,39.0,63.0,False,0.4,92.67,False,57,2025,6,Miami Grand Prix,2025_06
OCO,Haas F1 Team,5.0,1.0,MEDIUM,5.0,True,1,True,10.0,26.4,38.5,64.0,False,1.3,92.756,False,57,2025,6,Miami Grand Prix,2025_06
OCO,Haas F1 Team,6.0,1.0,MEDIUM,6.0,True,1,True,10.0,26.4,38.4,64.0,False,0.0,93.113,False,57,2025,6,Miami Grand Prix,2025_06
OCO,Haas F1 Team,7.0,1.0,MEDIUM,7.0,True,1,True,10.0,26.6,38.9,64.0,False,0.8,93.054,False,57,2025,6,Miami Grand Prix,2025_06
OCO,Haas F1 Team,8.0,1.0,MEDIUM,8.0,True,1,True,10.0,26.6,38.9,63.0,False,0.7,93.145,False,57,2025,6,Miami Grand Prix,2025_06
OCO,Haas F1 Team,9.0,1.0,MEDIUM,9.0,True,1,True,10.0,26.7,38.9,62.0,False,1.0,94.012,False,57,2025,6,Miami Grand Prix,2025_06
OCO,Haas F1 Team,10.0,1.0,MEDIUM,10.0,True,1,True,10.0,26.7,39.0,61.0,False,1.0,93.278,False,57,2025,6,Miami Grand Prix,2025_06
OCO,Haas F1 Team,11.0,1.0,MEDIUM,11.0,True,1,True,10.0,26.6,38.5,62.0,False,1.3,93.257,False,57,2025,6,Miami Grand Prix,2025_06
OCO,Haas F1 Team,12.0,1.0,MEDIUM,12.0,True,1,True,10.0,26.6,38.4,62.0,False,1.1,93.153,False,57,2025,6,Miami Grand Prix,2025_06
OCO,Haas F1 Team,13.0,1.0,MEDIUM,13.0,True,1,True,10.0,26.8,38.2,62.0,False,0.5,93.061,False,57,2025,6,Miami Grand Prix,2025_06
OCO,Haas F1 Team,14.0,1.0,MEDIUM,14.0,True,1,True,10.0,26.6,38.1,62.0,False,1.4,93.214,False,57,2025,6,Miami Grand Prix,2025_06
OCO,Haas F1 Team,15.0,1.0,MEDIUM,15.0,True,1,True,10.0,26.6,37.6,63.0,False,0.8,93.377,False,57,2025,6,Miami Grand Prix,2025_06
OCO,Haas F1 Team,16.0,1.0,MEDIUM,16.0,True,1,True,10.0,26.5,37.7,63.0,False,0.6,93.697,False,57,2025,6,Miami Grand Prix,2025_06
OCO,Haas F1 Team,17.0,1.0,MEDIUM,17.0,True,1,True,10.0,26.6,37.7,62.0,False,0.6,93.186,False,57,2025,6,Miami Grand Prix,2025_06
OCO,Haas F1 Team,18.0,1.0,MEDIUM,18.0,True,1,True,10.0,26.7,37.6,63.0,False,0.7,93.61,False,57,2025,6,Miami Grand Prix,2025_06
OCO,Haas F1 Team,19.0,1.0,MEDIUM,19.0,True,1,True,10.0,26.8,37.8,61.0,False,0.6,93.406,False,57,2025,6,Miami Grand Prix,2025_06
OCO,Haas F1 Team,20.0,1.0,MEDIUM,20.0,True,1,True,10.0,26.8,37.9,61.0,False,0.8,92.989,False,57,2025,6,Miami Grand Prix,2025_06
OCO,Haas F1 Team,21.0,1.0,MEDIUM,21.0,True,1,True,10.0,26.5,37.6,61.0,False,0.9,93.479,False,57,2025,6,Miami Grand Prix,2025_06
OCO,Haas F1 Team,22.0,1.0,MEDIUM,22.0,True,1,True,11.0,26.6,37.8,61.0,False,0.9,95.102,False,57,2025,6,Miami Grand Prix,2025_06
OCO,Haas F1 Team,23.0,1.0,MEDIUM,23.0,True,1,False,11.0,26.8,37.8,60.0,False,0.4,98.825,True,57,2025,6,Miami Grand Prix,2025_06
OCO,Haas F1 Team,24.0,2.0,HARD,1.0,True,1,False,16.0,26.8,37.9,59.0,False,0.0,106.766,True,57,2025,6,Miami Grand Prix,2025_06
OCO,Haas F1 Team,25.0,2.0,HARD,2.0,True,1,True,16.0,26.8,37.7,59.0,False,0.8,91.358,False,57,2025,6,Miami Grand Prix,2025_06
OCO,Haas F1 Team,26.0,2.0,HARD,3.0,True,1,True,16.0,26.7,37.3,60.0,False,0.8,91.463,False,57,2025,6,Miami Grand Prix,2025_06
OCO,Haas F1 Team,27.0,2.0,HARD,4.0,True,1,True,16.0,26.6,37.2,60.0,False,0.8,91.96,False,57,2025,6,Miami Grand Prix,2025_06
OCO,Haas F1 Team,28.0,2.0,HARD,5.0,True,16,False,14.0,26.6,36.9,59.0,False,1.7,103.701,False,57,2025,6,Miami Grand Prix,2025_06
OCO,Haas F1 Team,29.0,2.0,HARD,6.0,True,671,False,14.0,26.6,36.6,60.0,False,1.4,120.87,False,57,2025,6,Miami Grand Prix,2025_06
OCO,Haas F1 Team,30.0,2.0,HARD,7.0,True,1,True,14.0,26.6,36.4,61.0,True,1.0,91.122,False,57,2025,6,Miami Grand Prix,2025_06
OCO,Haas F1 Team,31.0,2.0,HARD,8.0,True,1,True,14.0,26.5,36.0,60.0,False,1.1,91.877,False,57,2025,6,Miami Grand Prix,2025_06
OCO,Haas F1 Team,32.0,2.0,HARD,9.0,True,16,False,14.0,26.5,36.0,60.0,False,1.2,97.165,False,57,2025,6,Miami Grand Prix,2025_06
OCO,Haas F1 Team,33.0,2.0,HARD,10.0,True,671,False,13.0,26.4,35.8,60.0,True,1.4,114.247,False,57,2025,6,Miami Grand Prix,2025_06
OCO,Haas F1 Team,34.0,2.0,HARD,11.0,True,1,True,13.0,26.2,36.1,61.0,False,0.9,91.33,False,57,2025,6,Miami Grand Prix,2025_06
OCO,Haas F1 Team,35.0,2.0,HARD,12.0,True,1,True,13.0,26.1,35.9,61.0,False,1.2,91.511,False,57,2025,6,Miami Grand Prix,2025_06
OCO,Haas F1 Team,36.0,2.0,HARD,13.0,True,1,True,12.0,26.1,35.8,62.0,False,1.1,91.65,False,57,2025,6,Miami Grand Prix,2025_06
OCO,Haas F1 Team,37.0,2.0,HARD,14.0,True,1,True,12.0,26.1,35.7,62.0,False,1.5,91.747,False,57,2025,6,Miami Grand Prix,2025_06
OCO,Haas F1 Team,38.0,2.0,HARD,15.0,True,1,True,12.0,26.1,36.0,62.0,False,0.9,91.603,False,57,2025,6,Miami Grand Prix,2025_06
OCO,Haas F1 Team,39.0,2.0,HARD,16.0,True,1,True,12.0,26.2,35.7,63.0,False,1.0,91.553,False,57,2025,6,Miami Grand Prix,2025_06
OCO,Haas F1 Team,40.0,2.0,HARD,17.0,True,1,True,12.0,26.2,35.7,63.0,False,1.0,91.562,False,57,2025,6,Miami Grand Prix,2025_06
OCO,Haas F1 Team,41.0,2.0,HARD,18.0,True,1,True,12.0,26.2,35.1,64.0,False,0.9,91.339,False,57,2025,6,Miami Grand Prix,2025_06
OCO,Haas F1 Team,42.0,2.0,HARD,19.0,True,1,True,12.0,26.1,34.9,64.0,False,0.8,91.542,False,57,2025,6,Miami Grand Prix,2025_06
OCO,Haas F1 Team,43.0,2.0,HARD,20.0,True,1,True,12.0,26.0,35.2,65.0,False,0.5,91.67,False,57,2025,6,Miami Grand Prix,2025_06
OCO,Haas F1 Team,44.0,2.0,HARD,21.0,True,1,True,12.0,26.0,35.3,64.0,False,0.9,91.836,False,57,2025,6,Miami Grand Prix,2025_06
OCO,Haas F1 Team,45.0,2.0,HARD,22.0,True,1,True,12.0,26.0,35.8,63.0,False,0.0,92.099,False,57,2025,6,Miami Grand Prix,2025_06
OCO,Haas F1 Team,46.0,2.0,HARD,23.0,True,1,True,12.0,26.0,35.7,64.0,False,0.4,91.838,False,57,2025,6,Miami Grand Prix,2025_06
OCO,Haas F1 Team,47.0,2.0,HARD,24.0,True,1,True,12.0,26.1,35.3,64.0,False,1.0,91.662,False,57,2025,6,Miami Grand Prix,2025_06
OCO,Haas F1 Team,48.0,2.0,HARD,25.0,True,1,True,12.0,26.0,35.3,64.0,False,1.1,91.533,False,57,2025,6,Miami Grand Prix,2025_06
OCO,Haas F1 Team,49.0,2.0,HARD,26.0,True,1,True,12.0,26.1,35.0,64.0,False,1.3,91.924,False,57,2025,6,Miami Grand Prix,2025_06
OCO,Haas F1 Team,50.0,2.0,HARD,27.0,True,1,True,12.0,26.0,35.0,65.0,False,0.9,91.642,False,57,2025,6,Miami Grand Prix,2025_06
OCO,Haas F1 Team,51.0,2.0,HARD,28.0,True,1,True,12.0,26.0,35.0,64.0,False,1.1,91.586,False,57,2025,6,Miami Grand Prix,2025_06
OCO,Haas F1 Team,52.0,2.0,HARD,29.0,True,1,True,12.0,26.0,34.9,64.0,False,0.7,91.766,False,57,2025,6,Miami Grand Prix,2025_06
OCO,Haas F1 Team,53.0,2.0,HARD,30.0,True,1,True,12.0,26.0,35.0,64.0,False,0.9,91.815,False,57,2025,6,Miami Grand Prix,2025_06
OCO,Haas F1 Team,54.0,2.0,HARD,31.0,True,1,True,12.0,25.9,34.9,64.0,False,1.1,91.794,False,57,2025,6,Miami Grand Prix,2025_06
OCO,Haas F1 Team,55.0,2.0,HARD,32.0,True,1,True,12.0,25.9,34.9,64.0,False,0.7,91.586,False,57,2025,6,Miami Grand Prix,2025_06
OCO,Haas F1 Team,56.0,2.0,HARD,33.0,True,1,True,12.0,26.0,34.9,64.0,False,0.9,91.482,False,57,2025,6,Miami Grand Prix,2025_06
OCO,Haas F1 Team,57.0,2.0,HARD,34.0,True,1,True,12.0,26.0,34.9,64.0,False,1.4,91.846,False,57,2025,6,Miami Grand Prix,2025_06
NOR,McLaren,1.0,,nan,,True,12,False,6.0,26.3,39.7,65.0,False,1.2,99.277,False,57,2025,6,Miami Grand Prix,2025_06
NOR,McLaren,2.0,,nan,,True,126,False,6.0,26.4,40.3,64.0,False,1.2,115.086,False,57,2025,6,Miami Grand Prix,2025_06
NOR,McLaren,3.0,,nan,,True,671,False,6.0,26.7,39.8,63.0,False,0.8,122.001,False,57,2025,6,Miami Grand Prix,2025_06
NOR,McLaren,4.0,,nan,,True,1,True,5.0,26.6,39.0,63.0,False,0.4,92.128,False,57,2025,6,Miami Grand Prix,2025_06
NOR,McLaren,5.0,,nan,,True,1,True,5.0,26.4,38.5,64.0,False,1.3,92.639,False,57,2025,6,Miami Grand Prix,2025_06
NOR,McLaren,6.0,,nan,,True,1,True,5.0,26.4,38.4,64.0,False,0.0,92.634,False,57,2025,6,Miami Grand Prix,2025_06
NOR,McLaren,7.0,,nan,,True,1,True,4.0,26.6,38.9,64.0,False,0.8,93.008,False,57,2025,6,Miami Grand Prix,2025_06
NOR,McLaren,8.0,,nan,,True,1,True,4.0,26.6,38.9,63.0,False,0.7,92.427,False,57,2025,6,Miami Grand Prix,2025_06
NOR,McLaren,9.0,,nan,,True,1,True,3.0,26.7,38.9,62.0,False,1.0,92.146,False,57,2025,6,Miami Grand Prix,2025_06
NOR,McLaren,10.0,,nan,,True,1,True,3.0,26.7,39.0,61.0,False,1.0,91.901,False,57,2025,6,Miami Grand Prix,2025_06
NOR,McLaren,11.0,,nan,,True,1,True,3.0,26.6,38.5,62.0,False,1.3,91.7,False,57,2025,6,Miami Grand Prix,2025_06
NOR,McLaren,12.0,,nan,,True,1,True,3.0,26.6,38.5,62.0,False,1.1,91.905,False,57,2025,6,Miami Grand Prix,2025_06
NOR,McLaren,13.0,,nan,,True,1,True,3.0,26.8,38.2,62.0,False,0.5,91.745,False,57,2025,6,Miami Grand Prix,2025_06
NOR,McLaren,14.0,,nan,,True,1,True,3.0,26.7,38.2,62.0,False,1.4,92.333,False,57,2025,6,Miami Grand Prix,2025_06
NOR,McLaren,15.0,,nan,,True,1,True,3.0,26.6,37.6,63.0,False,0.8,93.943,False,57,2025,6,Miami Grand Prix,2025_06
NOR,McLaren,16.0,,nan,,True,1,True,3.0,26.5,37.7,63.0,False,0.6,93.099,False,57,2025,6,Miami Grand Prix,2025_06
NOR,McLaren,17.0,,nan,,True,1,True,3.0,26.6,37.7,62.0,False,0.6,94.855,False,57,2025,6,Miami Grand Prix,2025_06
NOR,McLaren,18.0,,nan,,True,1,True,2.0,26.7,37.6,63.0,False,0.7,92.384,False,57,2025,6,Miami Grand Prix,2025_06
NOR,McLaren,19.0,,nan,,True,1,True,2.0,26.8,37.8,61.0,False,0.6,92.038,False,57,2025,6,Miami Grand Prix,2025_06
NOR,McLaren,20.0,,nan,,True,1,True,2.0,26.8,37.9,61.0,False,0.8,91.884,False,57,2025,6,Miami Grand Prix,2025_06
NOR,McLaren,21.0,,nan,,True,1,True,2.0,26.6,37.6,61.0,False,0.6,91.555,False,57,2025,6,Miami Grand Prix,2025_06
NOR,McLaren,22.0,,nan,,True,1,True,2.0,26.6,37.8,61.0,False,0.9,91.537,False,57,2025,6,Miami Grand Prix,2025_06
NOR,McLaren,23.0,,nan,,True,1,True,2.0,26.7,37.8,61.0,False,0.7,91.478,False,57,2025,6,Miami Grand Prix,2025_06
NOR,McLaren,24.0,,nan,,True,1,True,2.0,26.8,37.9,59.0,False,0.0,91.312,False,57,2025,6,Miami Grand Prix,2025_06
NOR,McLaren,25.0,1.0,MEDIUM,1.0,True,1,True,2.0,26.8,37.7,59.0,False,0.8,91.453,False,57,2025,6,Miami Grand Prix,2025_06
NOR,McLaren,26.0,1.0,MEDIUM,2.0,True,1,True,2.0,26.8,37.5,60.0,False,0.9,91.277,False,57,2025,6,Miami Grand Prix,2025_06
NOR,McLaren,27.0,1.0,MEDIUM,3.0,True,1,True,2.0,26.7,37.3,60.0,False,0.8,91.612,False,57,2025,6,Miami Grand Prix,2025_06
NOR,McLaren,28.0,1.0,MEDIUM,4.0,True,1,True,2.0,26.6,37.0,59.0,False,1.3,91.786,False,57,2025,6,Miami Grand Prix,2025_06
NOR,McLaren,29.0,1.0,MEDIUM,5.0,True,16,False,2.0,26.6,36.9,59.0,False,1.7,121.886,True,57,2025,6,Miami Grand Prix,2025_06
NOR,McLaren,30.0,1.0,MEDIUM,6.0,True,671,False,2.0,26.6,36.4,61.0,True,0.9,109.289,True,57,2025,6,Miami Grand Prix,2025_06
NOR,McLaren,31.0,1.0,MEDIUM,7.0,True,1,True,2.0,26.5,36.4,60.0,True,1.0,90.375,False,57,2025,6,Miami Grand Prix,2025_06
NOR,McLaren,32.0,1.0,MEDIUM,8.0,True,1,True,2.0,26.5,36.0,60.0,False,1.2,90.414,False,57,2025,6,Miami Grand Prix,2025_06
NOR,McLaren,33.0,2.0,HARD,1.0,True,16,False,2.0,26.4,36.4,59.0,True,0.7,113.913,False,57,2025,6,Miami Grand Prix,2025_06
NOR,McLaren,34.0,2.0,HARD,2.0,True,671,False,2.0,26.3,35.5,61.0,False,1.1,94.624,False,57,2025,6,Miami Grand Prix,2025_06
NOR,McLaren,35.0,2.0,HARD,3.0,True,1,True,2.0,26.2,36.1,61.0,False,0.9,89.834,False,57,2025,6,Miami Grand Prix,2025_06
NOR,McLaren,36.0,2.0,HARD,4.0,True,1,True,2.0,26.1,35.9,61.0,False,1.2,89.746,False,57,2025,6,Miami Grand Prix,2025_06
NOR,McLaren,37.0,2.0,HARD,5.0,True,1,True,2.0,26.1,35.5,63.0,False,1.8,89.975,False,57,2025,6,Miami Grand Prix,2025_06
NOR,McLaren,38.0,2.0,HARD,6.0,True,1,True,2.0,26.1,35.7,62.0,False,1.5,90.196,False,57,2025,6,Miami Grand Prix,2025_06
NOR,McLaren,39.0,2.0,HARD,7.0,True,1,True,2.0,26.2,36.0,62.0,False,0.9,90.168,False,57,2025,6,Miami Grand Prix,2025_06
NOR,McLaren,40.0,2.0,HARD,8.0,True,1,True,2.0,26.2,35.7,63.0,False,1.0,90.117,False,57,2025,6,Miami Grand Prix,2025_06
NOR,McLaren,41.0,2.0,HARD,9.0,True,1,True,2.0,26.2,35.5,63.0,False,1.2,90.168,False,57,2025,6,Miami Grand Prix,2025_06
NOR,McLaren,42.0,2.0,HARD,10.0,True,1,True,2.0,26.2,35.1,64.0,False,0.9,90.163,False,57,2025,6,Miami Grand Prix,2025_06
NOR,McLaren,43.0,2.0,HARD,11.0,True,1,True,2.0,26.1,34.9,64.0,False,0.0,90.144,False,57,2025,6,Miami Grand Prix,2025_06
NOR,McLaren,44.0,2.0,HARD,12.0,True,1,True,2.0,26.0,35.2,65.0,False,0.5,90.024,False,57,2025,6,Miami Grand Prix,2025_06
NOR,McLaren,45.0,2.0,HARD,13.0,True,1,True,2.0,26.0,35.6,64.0,False,0.6,90.095,False,57,2025,6,Miami Grand Prix,2025_06
NOR,McLaren,46.0,2.0,HARD,14.0,True,1,True,2.0,26.0,35.8,63.0,False,0.0,89.982,False,57,2025,6,Miami Grand Prix,2025_06
NOR,McLaren,47.0,2.0,HARD,15.0,True,1,True,2.0,26.0,35.4,64.0,False,0.8,90.055,False,57,2025,6,Miami Grand Prix,2025_06
NOR,McLaren,48.0,2.0,HARD,16.0,True,1,True,2.0,26.1,35.3,64.0,False,1.0,90.11,False,57,2025,6,Miami Grand Prix,2025_06
NOR,McLaren,49.0,2.0,HARD,17.0,True,1,True,2.0,26.0,35.3,64.0,False,1.1,90.211,False,57,2025,6,Miami Grand Prix,2025_06
NOR,McLaren,50.0,2.0,HARD,18.0,True,1,True,2.0,26.1,35.0,64.0,False,1.3,89.791,False,57,2025,6,Miami Grand Prix,2025_06
NOR,McLaren,51.0,2.0,HARD,19.0,True,1,True,2.0,26.0,35.1,64.0,False,0.5,89.9,False,57,2025,6,Miami Grand Prix,2025_06
NOR,McLaren,52.0,2.0,HARD,20.0,True,1,True,2.0,26.0,35.0,64.0,False,1.1,90.398,False,57,2025,6,Miami Grand Prix,2025_06
NOR,McLaren,53.0,2.0,HARD,21.0,True,1,True,2.0,25.9,34.9,64.0,False,1.0,90.54,False,57,2025,6,Miami Grand Prix,2025_06
NOR,McLaren,54.0,2.0,HARD,22.0,True,1,True,2.0,26.0,35.0,64.0,False,0.9,90.475,False,57,2025,6,Miami Grand Prix,2025_06
NOR,McLaren,55.0,2.0,HARD,23.0,True,1,True,2.0,25.9,34.9,64.0,False,1.1,90.764,False,57,2025,6,Miami Grand Prix,2025_06
NOR,McLaren,56.0,2.0,HARD,24.0,True,1,True,2.0,25.9,34.9,64.0,False,0.7,90.732,False,57,2025,6,Miami Grand Prix,2025_06
NOR,McLaren,57.0,2.0,HARD,25.0,True,1,True,2.0,26.0,34.9,64.0,False,0.9,90.985,False,57,2025,6,Miami Grand Prix,2025_06
HAM,Ferrari,1.0,,nan,,True,12,False,12.0,26.3,39.7,65.0,False,1.2,102.517,False,57,2025,6,Miami Grand Prix,2025_06
HAM,Ferrari,2.0,,nan,,True,126,False,12.0,26.4,40.3,64.0,False,1.2,119.324,False,57,2025,6,Miami Grand Prix,2025_06
HAM,Ferrari,3.0,,nan,,True,671,False,12.0,26.7,39.8,63.0,False,0.8,120.931,False,57,2025,6,Miami Grand Prix,2025_06
HAM,Ferrari,4.0,,nan,,True,1,True,11.0,26.6,39.0,63.0,False,0.4,92.412,False,57,2025,6,Miami Grand Prix,2025_06
HAM,Ferrari,5.0,,nan,,True,1,True,11.0,26.4,38.5,64.0,False,1.3,92.899,False,57,2025,6,Miami Grand Prix,2025_06
HAM,Ferrari,6.0,,nan,,True,1,True,11.0,26.4,38.4,64.0,False,0.0,93.41,False,57,2025,6,Miami Grand Prix,2025_06
HAM,Ferrari,7.0,,nan,,True,1,True,11.0,26.6,38.9,64.0,False,0.8,92.96,False,57,2025,6,Miami Grand Prix,2025_06
HAM,Ferrari,8.0,,nan,,True,1,True,11.0,26.6,38.9,63.0,False,0.7,93.229,False,57,2025,6,Miami Grand Prix,2025_06
HAM,Ferrari,9.0,,nan,,True,1,True,11.0,26.7,38.9,62.0,False,1.0,93.164,False,57,2025,6,Miami Grand Prix,2025_06
HAM,Ferrari,10.0,,nan,,True,1,True,11.0,26.7,39.0,61.0,False,1.0,92.876,False,57,2025,6,Miami Grand Prix,2025_06
HAM,Ferrari,11.0,,nan,,True,1,True,11.0,26.6,38.5,62.0,False,1.3,93.328,False,57,2025,6,Miami Grand Prix,2025_06
HAM,Ferrari,12.0,,nan,,True,1,True,11.0,26.6,38.4,62.0,False,1.1,93.039,False,57,2025,6,Miami Grand Prix,2025_06
HAM,Ferrari,13.0,,nan,,True,1,True,11.0,26.8,38.2,62.0,False,0.5,92.844,False,57,2025,6,Miami Grand Prix,2025_06
HAM,Ferrari,14.0,,nan,,True,1,True,11.0,26.6,38.1,62.0,False,1.4,93.067,False,57,2025,6,Miami Grand Prix,2025_06
HAM,Ferrari,15.0,,nan,,True,1,True,11.0,26.6,37.6,63.0,False,0.8,93.369,False,57,2025,6,Miami Grand Prix,2025_06
HAM,Ferrari,16.0,,nan,,True,1,True,11.0,26.5,37.7,63.0,False,0.6,93.513,False,57,2025,6,Miami Grand Prix,2025_06
HAM,Ferrari,17.0,,nan,,True,1,True,11.0,26.6,37.7,62.0,False,0.6,93.399,False,57,2025,6,Miami Grand Prix,2025_06
HAM,Ferrari,18.0,,nan,,True,1,True,11.0,26.7,37.6,63.0,False,0.7,93.44,False,57,2025,6,Miami Grand Prix,2025_06
HAM,Ferrari,19.0,,nan,,True,1,True,11.0,26.8,37.8,61.0,False,0.6,93.444,False,57,2025,6,Miami Grand Prix,2025_06
HAM,Ferrari,20.0,,nan,,True,1,True,11.0,26.8,37.9,61.0,False,0.8,92.965,False,57,2025,6,Miami Grand Prix,2025_06
HAM,Ferrari,21.0,,nan,,True,1,True,11.0,26.5,37.6,61.0,False,0.9,93.329,False,57,2025,6,Miami Grand Prix,2025_06
HAM,Ferrari,22.0,,nan,,True,1,True,10.0,26.6,37.8,61.0,False,0.9,94.369,False,57,2025,6,Miami Grand Prix,2025_06
HAM,Ferrari,23.0,,nan,,True,1,True,10.0,26.8,37.8,60.0,False,0.4,93.387,False,57,2025,6,Miami Grand Prix,2025_06
HAM,Ferrari,24.0,1.0,HARD,1.0,True,1,True,10.0,26.8,37.9,59.0,False,0.0,92.636,False,57,2025,6,Miami Grand Prix,2025_06
HAM,Ferrari,25.0,1.0,HARD,2.0,True,1,True,10.0,26.8,37.7,59.0,False,0.8,92.674,False,57,2025,6,Miami Grand Prix,2025_06
HAM,Ferrari,26.0,1.0,HARD,3.0,True,1,True,8.0,26.8,37.5,60.0,False,0.9,92.503,False,57,2025,6,Miami Grand Prix,2025_06
HAM,Ferrari,27.0,1.0,HARD,4.0,True,1,True,7.0,26.6,37.2,60.0,False,0.8,92.824,False,57,2025,6,Miami Grand Prix,2025_06
HAM,Ferrari,28.0,1.0,HARD,5.0,True,16,False,6.0,26.6,37.0,59.0,False,1.3,99.786,True,57,2025,6,Miami Grand Prix,2025_06
HAM,Ferrari,29.0,1.0,HARD,6.0,True,671,False,10.0,26.6,36.6,60.0,False,1.4,135.146,True,57,2025,6,Miami Grand Prix,2025_06
HAM,Ferrari,30.0,1.0,HARD,7.0,True,1,True,9.0,26.6,36.4,61.0,True,1.0,90.62,False,57,2025,6,Miami Grand Prix,2025_06
HAM,Ferrari,31.0,1.0,HARD,8.0,True,1,True,9.0,26.5,36.0,60.0,False,1.1,91.139,False,57,2025,6,Miami Grand Prix,2025_06
HAM,Ferrari,32.0,1.0,HARD,9.0,True,1,True,9.0,26.5,36.0,60.0,False,1.2,91.221,False,57,2025,6,Miami Grand Prix,2025_06
HAM,Ferrari,33.0,2.0,MEDIUM,1.0,True,167,False,9.0,26.4,35.8,60.0,True,1.4,120.171,False,57,2025,6,Miami Grand Prix,2025_06
HAM,Ferrari,34.0,2.0,MEDIUM,2.0,True,1,True,8.0,26.2,36.1,61.0,False,0.9,90.922,False,57,2025,6,Miami Grand Prix,2025_06
HAM,Ferrari,35.0,2.0,MEDIUM,3.0,True,1,True,8.0,26.2,36.1,61.0,False,0.9,90.562,False,57,2025,6,Miami Grand Prix,2025_06
HAM,Ferrari,36.0,2.0,MEDIUM,4.0,True,1,True,8.0,26.1,35.8,62.0,False,1.1,90.723,False,57,2025,6,Miami Grand Prix,2025_06
HAM,Ferrari,37.0,2.0,MEDIUM,5.0,True,1,True,8.0,26.1,35.5,63.0,False,1.8,90.856,False,57,2025,6,Miami Grand Prix,2025_06
HAM,Ferrari,38.0,2.0,MEDIUM,6.0,True,1,True,7.0,26.1,36.0,62.0,False,0.9,90.822,False,57,2025,6,Miami Grand Prix,2025_06
HAM,Ferrari,39.0,2.0,MEDIUM,7.0,True,1,True,7.0,26.2,36.0,62.0,False,0.9,90.961,False,57,2025,6,Miami Grand Prix,2025_06
HAM,Ferrari,40.0,2.0,MEDIUM,8.0,True,1,True,7.0,26.2,35.7,63.0,False,1.0,91.047,False,57,2025,6,Miami Grand Prix,2025_06
HAM,Ferrari,41.0,2.0,MEDIUM,9.0,True,1,True,7.0,26.2,35.5,63.0,False,1.2,91.289,False,57,2025,6,Miami Grand Prix,2025_06
HAM,Ferrari,42.0,2.0,MEDIUM,10.0,True,1,True,7.0,26.1,34.9,64.0,False,0.8,91.209,False,57,2025,6,Miami Grand Prix,2025_06
HAM,Ferrari,43.0,2.0,MEDIUM,11.0,True,1,True,7.0,26.0,35.2,65.0,False,0.5,91.522,False,57,2025,6,Miami Grand Prix,2025_06
HAM,Ferrari,44.0,2.0,MEDIUM,12.0,True,1,True,7.0,26.0,35.3,64.0,False,0.9,91.274,False,57,2025,6,Miami Grand Prix,2025_06
HAM,Ferrari,45.0,2.0,MEDIUM,13.0,True,1,True,7.0,26.0,35.8,63.0,False,0.0,91.046,False,57,2025,6,Miami Grand Prix,2025_06
HAM,Ferrari,46.0,2.0,MEDIUM,14.0,True,1,True,7.0,26.0,35.7,64.0,False,0.4,91.01,False,57,2025,6,Miami Grand Prix,2025_06
HAM,Ferrari,47.0,2.0,MEDIUM,15.0,True,1,True,7.0,26.1,35.3,64.0,False,1.0,91.473,False,57,2025,6,Miami Grand Prix,2025_06
HAM,Ferrari,48.0,2.0,MEDIUM,16.0,True,1,True,7.0,26.0,35.3,64.0,False,1.1,90.891,False,57,2025,6,Miami Grand Prix,2025_06
HAM,Ferrari,49.0,2.0,MEDIUM,17.0,True,1,True,7.0,26.1,35.0,64.0,False,1.3,90.886,False,57,2025,6,Miami Grand Prix,2025_06
HAM,Ferrari,50.0,2.0,MEDIUM,18.0,True,1,True,7.0,26.0,35.0,65.0,False,0.9,90.673,False,57,2025,6,Miami Grand Prix,2025_06
HAM,Ferrari,51.0,2.0,MEDIUM,19.0,True,1,True,7.0,26.0,35.0,64.0,False,1.1,90.756,False,57,2025,6,Miami Grand Prix,2025_06
HAM,Ferrari,52.0,2.0,MEDIUM,20.0,True,1,True,8.0,26.0,34.9,64.0,False,0.7,92.162,False,57,2025,6,Miami Grand Prix,2025_06
HAM,Ferrari,53.0,2.0,MEDIUM,21.0,True,1,True,8.0,26.0,35.0,64.0,False,0.9,90.779,False,57,2025,6,Miami Grand Prix,2025_06
HAM,Ferrari,54.0,2.0,MEDIUM,22.0,True,1,True,8.0,26.0,34.8,64.0,False,1.3,90.993,False,57,2025,6,Miami Grand Prix,2025_06
HAM,Ferrari,55.0,2.0,MEDIUM,23.0,True,1,True,8.0,25.9,34.9,64.0,False,0.7,90.999,False,57,2025,6,Miami Grand Prix,2025_06
HAM,Ferrari,56.0,2.0,MEDIUM,24.0,True,1,True,8.0,25.9,34.9,64.0,False,0.8,91.025,False,57,2025,6,Miami Grand Prix,2025_06
HAM,Ferrari,57.0,2.0,MEDIUM,25.0,True,1,True,8.0,26.0,34.9,64.0,False,1.4,91.958,False,57,2025,6,Miami Grand Prix,2025_06
BOR,Kick Sauber,1.0,1.0,MEDIUM,1.0,True,12,False,13.0,26.3,39.7,65.0,False,1.2,103.084,False,57,2025,6,Miami Grand Prix,2025_06
BOR,Kick Sauber,2.0,1.0,MEDIUM,2.0,True,126,False,13.0,26.4,40.3,64.0,False,1.2,121.11,False,57,2025,6,Miami Grand Prix,2025_06
BOR,Kick Sauber,3.0,1.0,MEDIUM,3.0,True,671,False,13.0,26.7,39.8,63.0,False,0.8,118.97,False,57,2025,6,Miami Grand Prix,2025_06
BOR,Kick Sauber,4.0,1.0,MEDIUM,4.0,True,1,True,13.0,26.6,39.0,63.0,False,0.4,94.522,False,57,2025,6,Miami Grand Prix,2025_06
BOR,Kick Sauber,5.0,1.0,MEDIUM,5.0,True,1,True,13.0,26.4,38.5,64.0,False,1.3,93.194,False,57,2025,6,Miami Grand Prix,2025_06
BOR,Kick Sauber,6.0,1.0,MEDIUM,6.0,True,1,True,13.0,26.4,38.4,64.0,False,0.0,93.134,False,57,2025,6,Miami Grand Prix,2025_06
BOR,Kick Sauber,7.0,1.0,MEDIUM,7.0,True,1,True,13.0,26.6,38.9,64.0,False,0.8,93.607,False,57,2025,6,Miami Grand Prix,2025_06
BOR,Kick Sauber,8.0,1.0,MEDIUM,8.0,True,1,True,13.0,26.6,38.9,63.0,False,0.7,93.594,False,57,2025,6,Miami Grand Prix,2025_06
BOR,Kick Sauber,9.0,1.0,MEDIUM,9.0,True,1,True,13.0,26.7,38.9,62.0,False,1.0,93.269,False,57,2025,6,Miami Grand Prix,2025_06
BOR,Kick Sauber,10.0,1.0,MEDIUM,10.0,True,1,True,13.0,26.7,38.9,62.0,False,1.4,93.439,False,57,2025,6,Miami Grand Prix,2025_06
BOR,Kick Sauber,11.0,1.0,MEDIUM,11.0,True,1,True,13.0,26.6,38.5,62.0,False,1.3,93.561,False,57,2025,6,Miami Grand Prix,2025_06
BOR,Kick Sauber,12.0,1.0,MEDIUM,12.0,True,1,True,13.0,26.6,38.4,62.0,False,1.1,93.381,False,57,2025,6,Miami Grand Prix,2025_06
BOR,Kick Sauber,13.0,1.0,MEDIUM,13.0,True,1,True,13.0,26.8,38.2,62.0,False,0.5,93.402,False,57,2025,6,Miami Grand Prix,2025_06
BOR,Kick Sauber,14.0,1.0,MEDIUM,14.0,True,1,True,13.0,26.6,38.1,62.0,False,1.4,93.203,False,57,2025,6,Miami Grand Prix,2025_06
BOR,Kick Sauber,15.0,1.0,MEDIUM,15.0,True,1,True,13.0,26.6,37.6,63.0,False,0.8,93.547,False,57,2025,6,Miami Grand Prix,2025_06
BOR,Kick Sauber,16.0,1.0,MEDIUM,16.0,True,1,True,13.0,26.5,37.7,63.0,False,0.6,93.778,False,57,2025,6,Miami Grand Prix,2025_06
BOR,Kick Sauber,17.0,1.0,MEDIUM,17.0,True,1,True,13.0,26.6,37.7,62.0,False,0.6,93.581,False,57,2025,6,Miami Grand Prix,2025_06
BOR,Kick Sauber,18.0,1.0,MEDIUM,18.0,True,1,True,13.0,26.7,37.6,63.0,False,0.7,93.89,False,57,2025,6,Miami Grand Prix,2025_06
BOR,Kick Sauber,19.0,1.0,MEDIUM,19.0,True,1,False,16.0,26.8,38.0,61.0,False,0.7,98.41,True,57,2025,6,Miami Grand Prix,2025_06
BOR,Kick Sauber,20.0,2.0,HARD,1.0,True,1,False,18.0,26.8,37.9,61.0,False,0.8,106.558,True,57,2025,6,Miami Grand Prix,2025_06
BOR,Kick Sauber,21.0,2.0,HARD,2.0,True,1,True,17.0,26.5,37.6,61.0,False,0.9,92.328,False,57,2025,6,Miami Grand Prix,2025_06
BOR,Kick Sauber,22.0,2.0,HARD,3.0,True,1,True,17.0,26.7,37.8,61.0,False,0.7,92.414,False,57,2025,6,Miami Grand Prix,2025_06
BOR,Kick Sauber,23.0,2.0,HARD,4.0,True,1,True,17.0,26.8,37.8,60.0,False,0.4,92.423,False,57,2025,6,Miami Grand Prix,2025_06
BOR,Kick Sauber,24.0,2.0,HARD,5.0,True,1,True,17.0,26.8,37.7,59.0,False,0.8,93.275,False,57,2025,6,Miami Grand Prix,2025_06
BOR,Kick Sauber,25.0,2.0,HARD,6.0,True,1,True,17.0,26.8,37.7,59.0,False,0.8,93.162,False,57,2025,6,Miami Grand Prix,2025_06
BOR,Kick Sauber,26.0,2.0,HARD,7.0,True,1,True,17.0,26.7,37.3,60.0,False,0.8,92.822,False,57,2025,6,Miami Grand Prix,2025_06
BOR,Kick Sauber,27.0,2.0,HARD,8.0,True,1,True,17.0,26.6,37.2,60.0,False,0.8,92.42,False,57,2025,6,Miami Grand Prix,2025_06
BOR,Kick Sauber,28.0,2.0,HARD,9.0,True,16,False,16.0,26.6,36.9,59.0,False,1.7,104.735,False,57,2025,6,Miami Grand Prix,2025_06
BOR,Kick Sauber,29.0,2.0,HARD,10.0,True,671,False,15.0,26.6,36.4,61.0,True,0.9,121.597,False,57,2025,6,Miami Grand Prix,2025_06
BOR,Kick Sauber,30.0,2.0,HARD,11.0,True,1,True,17.0,26.5,36.4,60.0,True,1.0,117.049,False,57,2025,6,Miami Grand Prix,2025_06
BOR,Kick Sauber,31.0,2.0,HARD,12.0,True,16,False,,26.5,36.0,60.0,False,1.2,,False,57,2025,6,Miami Grand Prix,2025_06
SAI,Williams,1.0,,nan,,True,12,False,7.0,26.3,39.7,65.0,False,1.2,99.731,False,57,2025,6,Miami Grand Prix,2025_06
SAI,Williams,2.0,,nan,,True,126,False,7.0,26.4,40.3,64.0,False,1.2,115.407,False,57,2025,6,Miami Grand Prix,2025_06
SAI,Williams,3.0,,nan,,True,671,False,7.0,26.7,39.8,63.0,False,0.8,121.936,False,57,2025,6,Miami Grand Prix,2025_06
SAI,Williams,4.0,,nan,,True,1,True,7.0,26.6,39.0,63.0,False,0.4,92.521,False,57,2025,6,Miami Grand Prix,2025_06
SAI,Williams,5.0,,nan,,True,1,True,6.0,26.4,38.5,64.0,False,1.3,92.332,False,57,2025,6,Miami Grand Prix,2025_06
SAI,Williams,6.0,,nan,,True,1,True,6.0,26.4,38.4,64.0,False,0.0,93.317,False,57,2025,6,Miami Grand Prix,2025_06
SAI,Williams,7.0,,nan,,True,1,True,6.0,26.6,38.9,64.0,False,0.8,93.029,False,57,2025,6,Miami Grand Prix,2025_06
SAI,Williams,8.0,,nan,,True,1,True,6.0,26.6,38.9,63.0,False,0.7,93.23,False,57,2025,6,Miami Grand Prix,2025_06
SAI,Williams,9.0,,nan,,True,1,True,6.0,26.7,38.9,62.0,False,1.0,93.1,False,57,2025,6,Miami Grand Prix,2025_06
SAI,Williams,10.0,,nan,,True,1,True,6.0,26.7,39.0,61.0,False,1.0,92.906,False,57,2025,6,Miami Grand Prix,2025_06
SAI,Williams,11.0,,nan,,True,1,True,6.0,26.6,38.5,62.0,False,1.3,93.652,False,57,2025,6,Miami Grand Prix,2025_06
SAI,Williams,12.0,,nan,,True,1,True,6.0,26.6,38.5,62.0,False,1.1,93.379,False,57,2025,6,Miami Grand Prix,2025_06
SAI,Williams,13.0,,nan,,True,1,True,6.0,26.8,38.2,62.0,False,0.5,93.044,False,57,2025,6,Miami Grand Prix,2025_06
SAI,Williams,14.0,,nan,,True,1,True,7.0,26.6,38.1,62.0,False,1.4,93.614,False,57,2025,6,Miami Grand Prix,2025_06
SAI,Williams,15.0,,nan,,True,1,True,7.0,26.6,37.6,63.0,False,0.8,93.538,False,57,2025,6,Miami Grand Prix,2025_06
SAI,Williams,16.0,,nan,,True,1,True,7.0,26.5,37.7,63.0,False,0.6,92.915,False,57,2025,6,Miami Grand Prix,2025_06
SAI,Williams,17.0,,nan,,True,1,True,7.0,26.6,37.7,62.0,False,0.6,92.857,False,57,2025,6,Miami Grand Prix,2025_06
SAI,Williams,18.0,,nan,,True,1,True,7.0,26.7,37.6,63.0,False,0.7,93.257,False,57,2025,6,Miami Grand Prix,2025_06
SAI,Williams,19.0,,nan,,True,1,True,7.0,26.8,37.8,61.0,False,0.6,92.546,False,57,2025,6,Miami Grand Prix,2025_06
SAI,Williams,20.0,,nan,,True,1,True,7.0,26.8,37.9,61.0,False,0.8,92.658,False,57,2025,6,Miami Grand Prix,2025_06
SAI,Williams,21.0,,nan,,True,1,True,7.0,26.6,37.6,61.0,False,0.6,93.213,False,57,2025,6,Miami Grand Prix,2025_06
SAI,Williams,22.0,,nan,,True,1,True,7.0,26.6,37.8,61.0,False,0.9,92.858,False,57,2025,6,Miami Grand Prix,2025_06
SAI,Williams,23.0,,nan,,True,1,True,7.0,26.8,37.8,60.0,False,0.4,92.557,False,57,2025,6,Miami Grand Prix,2025_06
SAI,Williams,24.0,,nan,,True,1,True,7.0,26.8,37.9,59.0,False,0.0,92.846,False,57,2025,6,Miami Grand Prix,2025_06
SAI,Williams,25.0,1.0,MEDIUM,7.0,False,1,False,9.0,26.8,37.7,59.0,False,0.8,97.333,True,57,2025,6,Miami Grand Prix,2025_06
SAI,Williams,26.0,1.0,MEDIUM,8.0,False,1,False,11.0,26.8,37.5,60.0,False,0.9,105.727,True,57,2025,6,Miami Grand Prix,2025_06
SAI,Williams,27.0,1.0,MEDIUM,9.0,False,1,True,10.0,26.6,37.2,60.0,False,0.8,91.198,False,57,2025,6,Miami Grand Prix,2025_06
SAI,Williams,28.0,1.0,MEDIUM,10.0,False,16,False,9.0,26.6,36.9,59.0,False,1.7,98.091,False,57,2025,6,Miami Grand Prix,2025_06
SAI,Williams,29.0,1.0,MEDIUM,11.0,False,671,False,8.0,26.6,36.6,60.0,False,1.4,125.347,False,57,2025,6,Miami Grand Prix,2025_06
SAI,Williams,30.0,1.0,MEDIUM,12.0,False,1,True,8.0,26.6,36.4,61.0,True,1.0,91.546,False,57,2025,6,Miami Grand Prix,2025_06
SAI,Williams,31.0,1.0,MEDIUM,13.0,False,1,True,7.0,26.5,36.0,60.0,False,1.1,92.773,False,57,2025,6,Miami Grand Prix,2025_06
SAI,Williams,32.0,1.0,MEDIUM,14.0,False,1,True,7.0,26.5,36.0,60.0,False,1.2,91.597,False,57,2025,6,Miami Grand Prix,2025_06
SAI,Williams,33.0,2.0,HARD,1.0,True,167,False,7.0,26.4,35.8,60.0,True,1.4,121.453,False,57,2025,6,Miami Grand Prix,2025_06
SAI,Williams,34.0,2.0,HARD,2.0,True,1,True,9.0,26.2,36.1,61.0,False,0.9,91.979,False,57,2025,6,Miami Grand Prix,2025_06
SAI,Williams,35.0,2.0,HARD,3.0,True,1,True,9.0,26.2,36.1,61.0,False,0.9,90.703,False,57,2025,6,Miami Grand Prix,2025_06
SAI,Williams,36.0,2.0,HARD,4.0,True,1,True,9.0,26.1,35.8,62.0,False,1.1,91.132,False,57,2025,6,Miami Grand Prix,2025_06
SAI,Williams,37.0,2.0,HARD,5.0,True,1,True,9.0,26.1,35.5,63.0,False,1.8,91.0,False,57,2025,6,Miami Grand Prix,2025_06
SAI,Williams,38.0,2.0,HARD,6.0,True,1,True,9.0,26.1,36.0,62.0,False,0.9,91.414,False,57,2025,6,Miami Grand Prix,2025_06
SAI,Williams,39.0,2.0,HARD,7.0,True,1,True,9.0,26.2,36.0,62.0,False,0.9,91.285,False,57,2025,6,Miami Grand Prix,2025_06
SAI,Williams,40.0,2.0,HARD,8.0,True,1,True,9.0,26.2,35.7,63.0,False,1.0,91.558,False,57,2025,6,Miami Grand Prix,2025_06
SAI,Williams,41.0,2.0,HARD,9.0,True,1,True,9.0,26.2,35.1,64.0,False,0.9,91.21,False,57,2025,6,Miami Grand Prix,2025_06
SAI,Williams,42.0,2.0,HARD,10.0,True,1,True,9.0,26.1,34.9,64.0,False,0.8,91.159,False,57,2025,6,Miami Grand Prix,2025_06
SAI,Williams,43.0,2.0,HARD,11.0,True,1,True,9.0,26.0,35.2,65.0,False,0.5,91.248,False,57,2025,6,Miami Grand Prix,2025_06
SAI,Williams,44.0,2.0,HARD,12.0,True,1,True,9.0,26.0,35.3,64.0,False,0.9,91.157,False,57,2025,6,Miami Grand Prix,2025_06
SAI,Williams,45.0,2.0,HARD,13.0,True,1,True,9.0,26.0,35.8,63.0,False,0.0,91.288,False,57,2025,6,Miami Grand Prix,2025_06
SAI,Williams,46.0,2.0,HARD,14.0,True,1,True,9.0,26.0,35.7,64.0,False,0.4,91.038,False,57,2025,6,Miami Grand Prix,2025_06
SAI,Williams,47.0,2.0,HARD,15.0,True,1,True,9.0,26.1,35.3,64.0,False,1.0,91.128,False,57,2025,6,Miami Grand Prix,2025_06
SAI,Williams,48.0,2.0,HARD,16.0,True,1,True,9.0,26.0,35.3,64.0,False,1.1,90.933,False,57,2025,6,Miami Grand Prix,2025_06
SAI,Williams,49.0,2.0,HARD,17.0,True,1,True,9.0,26.1,35.0,64.0,False,1.3,90.849,False,57,2025,6,Miami Grand Prix,2025_06
SAI,Williams,50.0,2.0,HARD,18.0,True,1,True,9.0,26.0,35.0,65.0,False,0.9,90.98,False,57,2025,6,Miami Grand Prix,2025_06
SAI,Williams,51.0,2.0,HARD,19.0,True,1,True,9.0,26.0,35.0,64.0,False,1.1,90.813,False,57,2025,6,Miami Grand Prix,2025_06
SAI,Williams,52.0,2.0,HARD,20.0,True,1,True,9.0,26.0,34.9,64.0,False,0.7,90.763,False,57,2025,6,Miami Grand Prix,2025_06
SAI,Williams,53.0,2.0,HARD,21.0,True,1,True,9.0,26.0,35.0,64.0,False,0.9,90.877,False,57,2025,6,Miami Grand Prix,2025_06
SAI,Williams,54.0,2.0,HARD,22.0,True,1,True,9.0,26.0,34.8,64.0,False,1.3,90.904,False,57,2025,6,Miami Grand Prix,2025_06
SAI,Williams,55.0,2.0,HARD,23.0,True,1,True,9.0,25.9,34.9,64.0,False,0.7,90.801,False,57,2025,6,Miami Grand Prix,2025_06
SAI,Williams,56.0,2.0,HARD,24.0,True,1,True,9.0,25.9,34.9,64.0,False,0.8,91.178,False,57,2025,6,Miami Grand Prix,2025_06
SAI,Williams,57.0,2.0,HARD,25.0,True,1,True,9.0,26.0,34.9,64.0,False,1.4,91.259,False,57,2025,6,Miami Grand Prix,2025_06
HAD,Racing Bulls,1.0,1.0,MEDIUM,1.0,False,12,False,11.0,26.3,39.7,65.0,False,1.2,102.125,False,57,2025,6,Miami Grand Prix,2025_06
HAD,Racing Bulls,2.0,1.0,MEDIUM,2.0,False,126,False,11.0,26.4,40.3,64.0,False,1.2,119.426,False,57,2025,6,Miami Grand Prix,2025_06
HAD,Racing Bulls,3.0,1.0,MEDIUM,3.0,False,671,False,11.0,26.7,39.8,63.0,False,0.8,121.095,False,57,2025,6,Miami Grand Prix,2025_06
HAD,Racing Bulls,4.0,1.0,MEDIUM,4.0,False,1,True,12.0,26.6,39.0,63.0,False,0.4,94.546,False,57,2025,6,Miami Grand Prix,2025_06
HAD,Racing Bulls,5.0,1.0,MEDIUM,5.0,False,1,True,12.0,26.4,38.5,64.0,False,1.3,92.963,False,57,2025,6,Miami Grand Prix,2025_06
HAD,Racing Bulls,6.0,1.0,MEDIUM,6.0,False,1,True,12.0,26.4,38.4,64.0,False,0.0,93.291,False,57,2025,6,Miami Grand Prix,2025_06
HAD,Racing Bulls,7.0,1.0,MEDIUM,7.0,False,1,True,12.0,26.6,38.9,64.0,False,0.8,93.114,False,57,2025,6,Miami Grand Prix,2025_06
HAD,Racing Bulls,8.0,1.0,MEDIUM,8.0,False,1,True,12.0,26.6,38.9,63.0,False,0.7,93.342,False,57,2025,6,Miami Grand Prix,2025_06
HAD,Racing Bulls,9.0,1.0,MEDIUM,9.0,False,1,True,12.0,26.7,38.9,62.0,False,1.0,93.399,False,57,2025,6,Miami Grand Prix,2025_06
HAD,Racing Bulls,10.0,1.0,MEDIUM,10.0,False,1,True,12.0,26.7,38.9,62.0,False,1.4,93.205,False,57,2025,6,Miami Grand Prix,2025_06
HAD,Racing Bulls,11.0,1.0,MEDIUM,11.0,False,1,True,12.0,26.6,38.5,62.0,False,1.3,93.095,False,57,2025,6,Miami Grand Prix,2025_06
HAD,Racing Bulls,12.0,1.0,MEDIUM,12.0,False,1,True,12.0,26.6,38.4,62.0,False,1.1,93.235,False,57,2025,6,Miami Grand Prix,2025_06
HAD,Racing Bulls,13.0,1.0,MEDIUM,13.0,False,1,True,12.0,26.8,38.2,62.0,False,0.5,93.145,False,57,2025,6,Miami Grand Prix,2025_06
HAD,Racing Bulls,14.0,1.0,MEDIUM,14.0,False,1,True,12.0,26.6,38.1,62.0,False,1.4,93.641,False,57,2025,6,Miami Grand Prix,2025_06
HAD,Racing Bulls,15.0,1.0,MEDIUM,15.0,False,1,True,12.0,26.6,37.6,63.0,False,0.8,93.241,False,57,2025,6,Miami Grand Prix,2025_06
HAD,Racing Bulls,16.0,1.0,MEDIUM,16.0,False,1,True,12.0,26.5,37.7,63.0,False,0.6,93.151,False,57,2025,6,Miami Grand Prix,2025_06
HAD,Racing Bulls,17.0,1.0,MEDIUM,17.0,False,1,True,12.0,26.6,37.7,62.0,False,0.6,93.366,False,57,2025,6,Miami Grand Prix,2025_06
HAD,Racing Bulls,18.0,1.0,MEDIUM,18.0,False,1,True,12.0,26.7,37.6,63.0,False,0.7,93.33,False,57,2025,6,Miami Grand Prix,2025_06
HAD,Racing Bulls,19.0,1.0,MEDIUM,19.0,False,1,True,12.0,26.8,37.8,61.0,False,0.6,93.365,False,57,2025,6,Miami Grand Prix,2025_06
HAD,Racing Bulls,20.0,1.0,MEDIUM,20.0,False,1,True,12.0,26.8,37.9,61.0,False,0.8,93.29,False,57,2025,6,Miami Grand Prix,2025_06
HAD,Racing Bulls,21.0,1.0,MEDIUM,21.0,False,1,True,12.0,26.5,37.6,61.0,False,0.9,93.069,False,57,2025,6,Miami Grand Prix,2025_06
HAD,Racing Bulls,22.0,1.0,MEDIUM,22.0,False,1,False,13.0,26.6,37.8,61.0,False,0.9,98.581,True,57,2025,6,Miami Grand Prix,2025_06
HAD,Racing Bulls,23.0,2.0,HARD,1.0,True,1,False,16.0,26.8,37.8,60.0,False,0.4,105.757,True,57,2025,6,Miami Grand Prix,2025_06
HAD,Racing Bulls,24.0,2.0,HARD,2.0,True,1,True,15.0,26.8,37.7,59.0,False,0.8,92.032,False,57,2025,6,Miami Grand Prix,2025_06
HAD,Racing Bulls,25.0,2.0,HARD,3.0,True,1,True,15.0,26.8,37.7,59.0,False,0.8,91.644,False,57,2025,6,Miami Grand Prix,2025_06
HAD,Racing Bulls,26.0,2.0,HARD,4.0,True,1,True,15.0,26.7,37.3,60.0,False,0.8,91.853,False,57,2025,6,Miami Grand Prix,2025_06
HAD,Racing Bulls,27.0,2.0,HARD,5.0,True,1,True,15.0,26.6,37.2,60.0,False,0.8,91.902,False,57,2025,6,Miami Grand Prix,2025_06
HAD,Racing Bulls,28.0,2.0,HARD,6.0,True,16,False,13.0,26.6,36.9,59.0,False,1.7,103.81,False,57,2025,6,Miami Grand Prix,2025_06
HAD,Racing Bulls,29.0,2.0,HARD,7.0,True,671,False,13.0,26.6,36.6,60.0,False,1.4,120.719,False,57,2025,6,Miami Grand Prix,2025_06
HAD,Racing Bulls,30.0,2.0,HARD,8.0,True,1,True,13.0,26.6,36.4,61.0,True,1.0,91.233,False,57,2025,6,Miami Grand Prix,2025_06
HAD,Racing Bulls,31.0,2.0,HARD,9.0,True,1,True,13.0,26.5,36.0,60.0,False,1.1,91.671,False,57,2025,6,Miami Grand Prix,2025_06
HAD,Racing Bulls,32.0,2.0,HARD,10.0,True,16,False,12.0,26.5,36.0,60.0,False,1.2,96.02,False,57,2025,6,Miami Grand Prix,2025_06
HAD,Racing Bulls,33.0,2.0,HARD,11.0,True,671,False,12.0,26.4,35.8,60.0,True,1.4,115.478,False,57,2025,6,Miami Grand Prix,2025_06
HAD,Racing Bulls,34.0,2.0,HARD,12.0,True,1,True,12.0,26.2,36.1,61.0,False,0.9,91.309,False,57,2025,6,Miami Grand Prix,2025_06
HAD,Racing Bulls,35.0,2.0,HARD,13.0,True,1,True,12.0,26.1,35.9,61.0,False,1.2,91.488,False,57,2025,6,Miami Grand Prix,2025_06
HAD,Racing Bulls,36.0,2.0,HARD,14.0,True,1,True,11.0,26.1,35.8,62.0,False,1.1,91.73,False,57,2025,6,Miami Grand Prix,2025_06
HAD,Racing Bulls,37.0,2.0,HARD,15.0,True,1,True,11.0,26.1,35.7,62.0,False,1.5,91.747,False,57,2025,6,Miami Grand Prix,2025_06
HAD,Racing Bulls,38.0,2.0,HARD,16.0,True,1,True,11.0,26.1,36.0,62.0,False,0.9,91.452,False,57,2025,6,Miami Grand Prix,2025_06
HAD,Racing Bulls,39.0,2.0,HARD,17.0,True,1,True,11.0,26.2,35.7,63.0,False,1.0,91.507,False,57,2025,6,Miami Grand Prix,2025_06
HAD,Racing Bulls,40.0,2.0,HARD,18.0,True,1,True,11.0,26.2,35.7,63.0,False,1.0,91.544,False,57,2025,6,Miami Grand Prix,2025_06
HAD,Racing Bulls,41.0,2.0,HARD,19.0,True,1,True,11.0,26.2,35.1,64.0,False,0.9,91.573,False,57,2025,6,Miami Grand Prix,2025_06
HAD,Racing Bulls,42.0,2.0,HARD,20.0,True,1,True,11.0,26.1,34.9,64.0,False,0.8,91.481,False,57,2025,6,Miami Grand Prix,2025_06
HAD,Racing Bulls,43.0,2.0,HARD,21.0,True,1,True,11.0,26.0,35.2,65.0,False,0.5,91.438,False,57,2025,6,Miami Grand Prix,2025_06
HAD,Racing Bulls,44.0,2.0,HARD,22.0,True,1,True,11.0,26.0,35.3,64.0,False,0.9,91.459,False,57,2025,6,Miami Grand Prix,2025_06
HAD,Racing Bulls,45.0,2.0,HARD,23.0,True,1,True,11.0,26.0,35.8,63.0,False,0.0,91.512,False,57,2025,6,Miami Grand Prix,2025_06
HAD,Racing Bulls,46.0,2.0,HARD,24.0,True,1,True,11.0,26.0,35.7,64.0,False,0.4,91.53,False,57,2025,6,Miami Grand Prix,2025_06
HAD,Racing Bulls,47.0,2.0,HARD,25.0,True,1,True,11.0,26.1,35.3,64.0,False,1.0,91.572,False,57,2025,6,Miami Grand Prix,2025_06
HAD,Racing Bulls,48.0,2.0,HARD,26.0,True,1,True,11.0,26.0,35.3,64.0,False,1.1,91.172,False,57,2025,6,Miami Grand Prix,2025_06
HAD,Racing Bulls,49.0,2.0,HARD,27.0,True,1,True,11.0,26.1,35.0,64.0,False,1.3,91.042,False,57,2025,6,Miami Grand Prix,2025_06
HAD,Racing Bulls,50.0,2.0,HARD,28.0,True,1,True,11.0,26.0,35.0,65.0,False,0.9,90.997,False,57,2025,6,Miami Grand Prix,2025_06
HAD,Racing Bulls,51.0,2.0,HARD,29.0,True,1,True,11.0,26.0,35.0,64.0,False,1.1,90.971,False,57,2025,6,Miami Grand Prix,2025_06
HAD,Racing Bulls,52.0,2.0,HARD,30.0,True,1,True,11.0,26.0,34.9,64.0,False,0.7,91.228,False,57,2025,6,Miami Grand Prix,2025_06
HAD,Racing Bulls,53.0,2.0,HARD,31.0,True,1,True,11.0,26.0,35.0,64.0,False,0.9,91.309,False,57,2025,6,Miami Grand Prix,2025_06
HAD,Racing Bulls,54.0,2.0,HARD,32.0,True,1,True,11.0,26.0,34.8,64.0,False,1.3,91.217,False,57,2025,6,Miami Grand Prix,2025_06
HAD,Racing Bulls,55.0,2.0,HARD,33.0,True,1,True,11.0,25.9,34.9,64.0,False,0.7,91.128,False,57,2025,6,Miami Grand Prix,2025_06
HAD,Racing Bulls,56.0,2.0,HARD,34.0,True,1,True,11.0,26.0,34.9,64.0,False,0.9,91.336,False,57,2025,6,Miami Grand Prix,2025_06
HAD,Racing Bulls,57.0,2.0,HARD,35.0,True,1,True,11.0,26.0,34.9,64.0,False,1.4,91.313,False,57,2025,6,Miami Grand Prix,2025_06
RUS,Mercedes,1.0,,nan,,True,12,False,4.0,26.3,39.7,65.0,False,1.2,98.178,False,57,2025,6,Miami Grand Prix,2025_06
RUS,Mercedes,2.0,,nan,,True,126,False,4.0,26.4,40.3,64.0,False,1.2,112.831,False,57,2025,6,Miami Grand Prix,2025_06
RUS,Mercedes,3.0,,nan,,True,671,False,4.0,26.7,39.8,63.0,False,0.8,124.09,False,57,2025,6,Miami Grand Prix,2025_06
RUS,Mercedes,4.0,,nan,,True,1,True,4.0,26.6,39.0,63.0,False,0.4,92.646,False,57,2025,6,Miami Grand Prix,2025_06
RUS,Mercedes,5.0,,nan,,True,1,True,4.0,26.4,38.5,64.0,False,1.3,92.779,False,57,2025,6,Miami Grand Prix,2025_06
RUS,Mercedes,6.0,,nan,,True,1,True,4.0,26.4,38.4,64.0,False,0.0,93.036,False,57,2025,6,Miami Grand Prix,2025_06
RUS,Mercedes,7.0,,nan,,True,1,True,5.0,26.6,38.9,64.0,False,0.8,94.362,False,57,2025,6,Miami Grand Prix,2025_06
RUS,Mercedes,8.0,,nan,,True,1,True,5.0,26.6,38.9,63.0,False,0.7,93.136,False,57,2025,6,Miami Grand Prix,2025_06
RUS,Mercedes,9.0,,nan,,True,1,True,5.0,26.7,38.9,62.0,False,1.0,92.951,False,57,2025,6,Miami Grand Prix,2025_06
RUS,Mercedes,10.0,,nan,,True,1,True,5.0,26.7,39.0,61.0,False,1.0,93.161,False,57,2025,6,Miami Grand Prix,2025_06
RUS,Mercedes,11.0,,nan,,True,1,True,5.0,26.6,38.5,62.0,False,1.3,92.67,False,57,2025,6,Miami Grand Prix,2025_06
RUS,Mercedes,12.0,,nan,,True,1,True,5.0,26.6,38.5,62.0,False,1.1,92.836,False,57,2025,6,Miami Grand Prix,2025_06
RUS,Mercedes,13.0,,nan,,True,1,True,5.0,26.8,38.2,62.0,False,0.5,92.829,False,57,2025,6,Miami Grand Prix,2025_06
RUS,Mercedes,14.0,,nan,,True,1,True,5.0,26.6,38.1,62.0,False,1.4,92.719,False,57,2025,6,Miami Grand Prix,2025_06
RUS,Mercedes,15.0,,nan,,True,1,True,5.0,26.6,37.6,63.0,False,0.8,92.755,False,57,2025,6,Miami Grand Prix,2025_06
RUS,Mercedes,16.0,,nan,,True,1,True,5.0,26.5,37.7,63.0,False,0.6,92.886,False,57,2025,6,Miami Grand Prix,2025_06
RUS,Mercedes,17.0,,nan,,True,1,True,5.0,26.6,37.7,62.0,False,0.6,92.69,False,57,2025,6,Miami Grand Prix,2025_06
RUS,Mercedes,18.0,,nan,,True,1,True,5.0,26.7,37.6,63.0,False,0.7,93.1,False,57,2025,6,Miami Grand Prix,2025_06
RUS,Mercedes,19.0,,nan,,True,1,True,5.0,26.8,37.8,61.0,False,0.6,92.858,False,57,2025,6,Miami Grand Prix,2025_06
RUS,Mercedes,20.0,,nan,,True,1,True,5.0,26.8,37.9,61.0,False,0.8,92.751,False,57,2025,6,Miami Grand Prix,2025_06
RUS,Mercedes,21.0,,nan,,True,1,True,5.0,26.6,37.6,61.0,False,0.6,92.82,False,57,2025,6,Miami Grand Prix,2025_06
RUS,Mercedes,22.0,,nan,,True,1,True,5.0,26.6,37.8,61.0,False,0.9,92.592,False,57,2025,6,Miami Grand Prix,2025_06
RUS,Mercedes,23.0,,nan,,True,1,True,5.0,26.7,37.8,61.0,False,0.7,92.432,False,57,2025,6,Miami Grand Prix,2025_06
RUS,Mercedes,24.0,,nan,,True,1,True,5.0,26.8,37.9,59.0,False,0.0,92.54,False,57,2025,6,Miami Grand Prix,2025_06
RUS,Mercedes,25.0,1.0,HARD,1.0,True,1,True,4.0,26.8,37.7,59.0,False,0.8,92.356,False,57,2025,6,Miami Grand Prix,2025_06
RUS,Mercedes,26.0,1.0,HARD,2.0,True,1,True,3.0,26.8,37.5,60.0,False,0.9,92.02,False,57,2025,6,Miami Grand Prix,2025_06
RUS,Mercedes,27.0,1.0,HARD,3.0,True,1,True,3.0,26.6,37.2,60.0,False,0.8,92.164,False,57,2025,6,Miami Grand Prix,2025_06
RUS,Mercedes,28.0,1.0,HARD,4.0,True,1,True,3.0,26.6,37.0,59.0,False,1.3,92.391,False,57,2025,6,Miami Grand Prix,2025_06
RUS,Mercedes,29.0,1.0,HARD,5.0,True,16,False,3.0,26.6,36.6,60.0,False,1.4,128.381,True,57,2025,6,Miami Grand Prix,2025_06
RUS,Mercedes,30.0,1.0,HARD,6.0,True,671,False,3.0,26.6,36.4,61.0,True,1.0,105.845,True,57,2025,6,Miami Grand Prix,2025_06
RUS,Mercedes,31.0,1.0,HARD,7.0,True,1,True,3.0,26.5,36.0,60.0,False,1.1,90.318,False,57,2025,6,Miami Grand Prix,2025_06
RUS,Mercedes,32.0,1.0,HARD,8.0,True,1,True,3.0,26.5,36.0,60.0,False,1.2,91.208,False,57,2025,6,Miami Grand Prix,2025_06
RUS,Mercedes,33.0,2.0,MEDIUM,1.0,True,167,False,3.0,26.4,35.8,60.0,True,1.4,118.663,False,57,2025,6,Miami Grand Prix,2025_06
RUS,Mercedes,34.0,2.0,MEDIUM,2.0,True,1,True,3.0,26.2,36.1,61.0,False,0.9,90.826,False,57,2025,6,Miami Grand Prix,2025_06
RUS,Mercedes,35.0,2.0,MEDIUM,3.0,True,1,True,3.0,26.2,36.1,61.0,False,0.9,90.856,False,57,2025,6,Miami Grand Prix,2025_06
RUS,Mercedes,36.0,2.0,MEDIUM,4.0,True,1,True,3.0,26.1,35.8,62.0,False,1.1,91.119,False,57,2025,6,Miami Grand Prix,2025_06
RUS,Mercedes,37.0,2.0,MEDIUM,5.0,True,1,True,3.0,26.1,35.5,63.0,False,1.8,91.197,False,57,2025,6,Miami Grand Prix,2025_06
RUS,Mercedes,38.0,2.0,MEDIUM,6.0,True,1,True,3.0,26.1,36.0,62.0,False,0.9,90.859,False,57,2025,6,Miami Grand Prix,2025_06
RUS,Mercedes,39.0,2.0,MEDIUM,7.0,True,1,True,3.0,26.2,36.0,62.0,False,0.9,91.0,False,57,2025,6,Miami Grand Prix,2025_06
RUS,Mercedes,40.0,2.0,MEDIUM,8.0,True,1,True,3.0,26.2,35.7,63.0,False,1.0,90.903,False,57,2025,6,Miami Grand Prix,2025_06
RUS,Mercedes,41.0,2.0,MEDIUM,9.0,True,1,True,3.0,26.2,35.5,63.0,False,1.2,90.848,False,57,2025,6,Miami Grand Prix,2025_06
RUS,Mercedes,42.0,2.0,MEDIUM,10.0,True,1,True,3.0,26.1,34.9,64.0,False,0.8,90.755,False,57,2025,6,Miami Grand Prix,2025_06
RUS,Mercedes,43.0,2.0,MEDIUM,11.0,True,1,True,3.0,26.1,34.9,64.0,False,0.0,90.96,False,57,2025,6,Miami Grand Prix,2025_06
RUS,Mercedes,44.0,2.0,MEDIUM,12.0,True,1,True,3.0,26.0,35.3,64.0,False,0.9,90.795,False,57,2025,6,Miami Grand Prix,2025_06
RUS,Mercedes,45.0,2.0,MEDIUM,13.0,True,1,True,3.0,26.0,35.6,64.0,False,0.6,90.837,False,57,2025,6,Miami Grand Prix,2025_06
RUS,Mercedes,46.0,2.0,MEDIUM,14.0,True,1,True,3.0,26.0,35.7,64.0,False,0.4,90.778,False,57,2025,6,Miami Grand Prix,2025_06
RUS,Mercedes,47.0,2.0,MEDIUM,15.0,True,1,True,3.0,26.0,35.4,64.0,False,0.8,90.879,False,57,2025,6,Miami Grand Prix,2025_06
RUS,Mercedes,48.0,2.0,MEDIUM,16.0,True,1,True,3.0,26.0,35.3,64.0,False,1.1,90.821,False,57,2025,6,Miami Grand Prix,2025_06
RUS,Mercedes,49.0,2.0,MEDIUM,17.0,True,1,True,3.0,26.0,35.3,64.0,False,1.1,90.942,False,57,2025,6,Miami Grand Prix,2025_06
RUS,Mercedes,50.0,2.0,MEDIUM,18.0,True,1,True,3.0,26.0,35.0,65.0,False,0.9,90.752,False,57,2025,6,Miami Grand Prix,2025_06
RUS,Mercedes,51.0,2.0,MEDIUM,19.0,True,1,True,3.0,26.0,35.1,64.0,False,0.5,90.644,False,57,2025,6,Miami Grand Prix,2025_06
RUS,Mercedes,52.0,2.0,MEDIUM,20.0,True,1,True,3.0,26.0,34.9,64.0,False,0.7,90.637,False,57,2025,6,Miami Grand Prix,2025_06
RUS,Mercedes,53.0,2.0,MEDIUM,21.0,True,1,True,3.0,25.9,34.9,64.0,False,1.0,90.518,False,57,2025,6,Miami Grand Prix,2025_06
RUS,Mercedes,54.0,2.0,MEDIUM,22.0,True,1,True,3.0,26.0,34.8,64.0,False,1.3,90.516,False,57,2025,6,Miami Grand Prix,2025_06
RUS,Mercedes,55.0,2.0,MEDIUM,23.0,True,1,True,3.0,25.9,34.9,64.0,False,1.1,90.789,False,57,2025,6,Miami Grand Prix,2025_06
RUS,Mercedes,56.0,2.0,MEDIUM,24.0,True,1,True,3.0,25.9,34.9,64.0,False,0.8,91.001,False,57,2025,6,Miami Grand Prix,2025_06
RUS,Mercedes,57.0,2.0,MEDIUM,25.0,True,1,True,3.0,26.0,34.9,64.0,False,0.9,91.005,False,57,2025,6,Miami Grand Prix,2025_06
DOO,Alpine,1.0,1.0,MEDIUM,1.0,True,12,False,,26.3,39.7,65.0,False,1.2,,False,57,2025,6,Miami Grand Prix,2025_06
PIA,McLaren,1.0,,nan,,True,12,False,3.0,26.3,39.7,65.0,False,1.2,97.135,False,57,2025,6,Miami Grand Prix,2025_06
PIA,McLaren,2.0,,nan,,True,126,False,3.0,26.4,40.3,64.0,False,1.2,112.677,False,57,2025,6,Miami Grand Prix,2025_06
PIA,McLaren,3.0,,nan,,True,671,False,3.0,26.7,39.8,63.0,False,0.8,124.62,False,57,2025,6,Miami Grand Prix,2025_06
PIA,McLaren,4.0,,nan,,True,1,True,2.0,26.6,39.0,63.0,False,0.4,91.92,False,57,2025,6,Miami Grand Prix,2025_06
PIA,McLaren,5.0,,nan,,True,1,True,2.0,26.4,38.5,64.0,False,1.3,92.282,False,57,2025,6,Miami Grand Prix,2025_06
PIA,McLaren,6.0,,nan,,True,1,True,2.0,26.4,38.4,64.0,False,0.0,92.047,False,57,2025,6,Miami Grand Prix,2025_06
PIA,McLaren,7.0,,nan,,True,1,True,2.0,26.6,38.9,64.0,False,0.8,92.197,False,57,2025,6,Miami Grand Prix,2025_06
PIA,McLaren,8.0,,nan,,True,1,True,2.0,26.6,38.9,63.0,False,0.7,91.985,False,57,2025,6,Miami Grand Prix,2025_06
PIA,McLaren,9.0,,nan,,True,1,True,2.0,26.7,38.9,62.0,False,1.0,92.236,False,57,2025,6,Miami Grand Prix,2025_06
PIA,McLaren,10.0,,nan,,True,1,True,2.0,26.7,39.0,61.0,False,1.0,92.076,False,57,2025,6,Miami Grand Prix,2025_06
PIA,McLaren,11.0,,nan,,True,1,True,2.0,26.6,38.5,62.0,False,1.3,92.9,False,57,2025,6,Miami Grand Prix,2025_06
PIA,McLaren,12.0,,nan,,True,1,True,2.0,26.6,38.5,62.0,False,1.1,92.253,False,57,2025,6,Miami Grand Prix,2025_06
PIA,McLaren,13.0,,nan,,True,1,True,2.0,26.8,38.2,62.0,False,0.5,91.879,False,57,2025,6,Miami Grand Prix,2025_06
PIA,McLaren,14.0,,nan,,True,1,True,1.0,26.7,38.2,62.0,False,1.4,92.986,False,57,2025,6,Miami Grand Prix,2025_06
PIA,McLaren,15.0,,nan,,True,1,True,1.0,26.6,37.6,63.0,False,0.8,91.816,False,57,2025,6,Miami Grand Prix,2025_06
PIA,McLaren,16.0,,nan,,True,1,True,1.0,26.5,37.6,63.0,False,0.8,91.687,False,57,2025,6,Miami Grand Prix,2025_06
PIA,McLaren,17.0,,nan,,True,1,True,1.0,26.6,37.7,62.0,False,0.6,91.793,False,57,2025,6,Miami Grand Prix,2025_06
PIA,McLaren,18.0,,nan,,True,1,True,1.0,26.7,37.6,63.0,False,0.7,91.954,False,57,2025,6,Miami Grand Prix,2025_06
PIA,McLaren,19.0,,nan,,True,1,True,1.0,26.8,37.8,61.0,False,0.6,91.662,False,57,2025,6,Miami Grand Prix,2025_06
PIA,McLaren,20.0,,nan,,True,1,True,1.0,26.8,37.9,61.0,False,0.8,91.711,False,57,2025,6,Miami Grand Prix,2025_06
PIA,McLaren,21.0,,nan,,True,1,True,1.0,26.6,37.6,61.0,False,0.6,91.822,False,57,2025,6,Miami Grand Prix,2025_06
PIA,McLaren,22.0,,nan,,True,1,True,1.0,26.6,37.8,61.0,False,0.9,91.843,False,57,2025,6,Miami Grand Prix,2025_06
PIA,McLaren,23.0,,nan,,True,1,True,1.0,26.7,37.8,61.0,False,0.7,91.465,False,57,2025,6,Miami Grand Prix,2025_06
PIA,McLaren,24.0,,nan,,True,1,True,1.0,26.8,37.9,59.0,False,0.0,91.429,False,57,2025,6,Miami Grand Prix,2025_06
PIA,McLaren,25.0,1.0,MEDIUM,1.0,True,1,True,1.0,26.8,37.7,59.0,False,0.8,91.392,False,57,2025,6,Miami Grand Prix,2025_06
PIA,McLaren,26.0,1.0,MEDIUM,2.0,True,1,True,1.0,26.8,37.5,60.0,False,0.9,91.507,False,57,2025,6,Miami Grand Prix,2025_06
PIA,McLaren,27.0,1.0,MEDIUM,3.0,True,1,True,1.0,26.7,37.3,60.0,False,0.8,91.432,False,57,2025,6,Miami Grand Prix,2025_06
PIA,McLaren,28.0,1.0,MEDIUM,4.0,True,1,True,1.0,26.6,37.0,59.0,False,1.3,91.718,False,57,2025,6,Miami Grand Prix,2025_06
PIA,McLaren,29.0,1.0,MEDIUM,5.0,True,16,False,1.0,26.6,36.9,59.0,False,1.7,119.118,True,57,2025,6,Miami Grand Prix,2025_06
PIA,McLaren,30.0,1.0,MEDIUM,6.0,True,671,False,1.0,26.6,36.4,61.0,True,0.9,113.761,True,57,2025,6,Miami Grand Prix,2025_06
PIA,McLaren,31.0,1.0,MEDIUM,7.0,True,1,True,1.0,26.5,36.4,60.0,True,1.0,90.17,False,57,2025,6,Miami Grand Prix,2025_06
PIA,McLaren,32.0,1.0,MEDIUM,8.0,True,1,True,1.0,26.5,36.0,60.0,False,1.2,90.211,False,57,2025,6,Miami Grand Prix,2025_06
PIA,McLaren,33.0,2.0,HARD,1.0,True,16,False,1.0,26.4,36.4,59.0,True,0.7,110.583,False,57,2025,6,Miami Grand Prix,2025_06
PIA,McLaren,34.0,2.0,HARD,2.0,True,671,False,1.0,26.3,35.5,61.0,False,1.1,98.046,False,57,2025,6,Miami Grand Prix,2025_06
PIA,McLaren,35.0,2.0,HARD,3.0,True,1,True,1.0,26.2,36.1,61.0,False,0.9,89.822,False,57,2025,6,Miami Grand Prix,2025_06
PIA,McLaren,36.0,2.0,HARD,4.0,True,1,True,1.0,26.1,35.9,61.0,False,1.2,90.201,False,57,2025,6,Miami Grand Prix,2025_06
PIA,McLaren,37.0,2.0,HARD,5.0,True,1,True,1.0,26.1,35.5,63.0,False,1.8,90.07,False,57,2025,6,Miami Grand Prix,2025_06
PIA,McLaren,38.0,2.0,HARD,6.0,True,1,True,1.0,26.1,35.7,62.0,False,1.5,90.167,False,57,2025,6,Miami Grand Prix,2025_06
PIA,McLaren,39.0,2.0,HARD,7.0,True,1,True,1.0,26.2,36.0,62.0,False,0.9,90.194,False,57,2025,6,Miami Grand Prix,2025_06
PIA,McLaren,40.0,2.0,HARD,8.0,True,1,True,1.0,26.2,35.7,63.0,False,1.0,90.236,False,57,2025,6,Miami Grand Prix,2025_06
PIA,McLaren,41.0,2.0,HARD,9.0,True,1,True,1.0,26.2,35.5,63.0,False,1.2,90.37,False,57,2025,6,Miami Grand Prix,2025_06
PIA,McLaren,42.0,2.0,HARD,10.0,True,1,True,1.0,26.2,35.1,64.0,False,0.9,90.307,False,57,2025,6,Miami Grand Prix,2025_06
PIA,McLaren,43.0,2.0,HARD,11.0,True,1,True,1.0,26.1,34.9,64.0,False,0.0,90.413,False,57,2025,6,Miami Grand Prix,2025_06
PIA,McLaren,44.0,2.0,HARD,12.0,True,1,True,1.0,26.0,35.2,65.0,False,0.5,90.137,False,57,2025,6,Miami Grand Prix,2025_06
PIA,McLaren,45.0,2.0,HARD,13.0,True,1,True,1.0,26.0,35.6,64.0,False,0.6,90.589,False,57,2025,6,Miami Grand Prix,2025_06
PIA,McLaren,46.0,2.0,HARD,14.0,True,1,True,1.0,26.0,35.8,63.0,False,0.0,90.653,False,57,2025,6,Miami Grand Prix,2025_06
PIA,McLaren,47.0,2.0,HARD,15.0,True,1,True,1.0,26.0,35.4,64.0,False,0.8,90.372,False,57,2025,6,Miami Grand Prix,2025_06
PIA,McLaren,48.0,2.0,HARD,16.0,True,1,True,1.0,26.1,35.3,64.0,False,1.0,90.559,False,57,2025,6,Miami Grand Prix,2025_06
PIA,McLaren,49.0,2.0,HARD,17.0,True,1,True,1.0,26.0,35.3,64.0,False,1.1,89.992,False,57,2025,6,Miami Grand Prix,2025_06
PIA,McLaren,50.0,2.0,HARD,18.0,True,1,True,1.0,26.1,35.0,64.0,False,1.3,90.136,False,57,2025,6,Miami Grand Prix,2025_06
PIA,McLaren,51.0,2.0,HARD,19.0,True,1,True,1.0,26.0,35.1,64.0,False,0.5,90.103,False,57,2025,6,Miami Grand Prix,2025_06
PIA,McLaren,52.0,2.0,HARD,20.0,True,1,True,1.0,26.0,35.0,64.0,False,1.1,90.245,False,57,2025,6,Miami Grand Prix,2025_06
PIA,McLaren,53.0,2.0,HARD,21.0,True,1,True,1.0,25.9,34.9,64.0,False,1.0,90.658,False,57,2025,6,Miami Grand Prix,2025_06
PIA,McLaren,54.0,2.0,HARD,22.0,True,1,True,1.0,26.0,35.0,64.0,False,0.9,90.269,False,57,2025,6,Miami Grand Prix,2025_06
PIA,McLaren,55.0,2.0,HARD,23.0,True,1,True,1.0,25.9,34.9,64.0,False,1.1,90.761,False,57,2025,6,Miami Grand Prix,2025_06
PIA,McLaren,56.0,2.0,HARD,24.0,True,1,True,1.0,25.9,34.9,64.0,False,0.7,90.579,False,57,2025,6,Miami Grand Prix,2025_06
PIA,McLaren,57.0,2.0,HARD,25.0,True,1,True,1.0,26.0,34.9,64.0,False,0.9,90.441,False,57,2025,6,Miami Grand Prix,2025_06
BEA,Haas F1 Team,1.0,,nan,,True,12,False,16.0,26.3,39.7,65.0,False,1.2,104.65,False,57,2025,6,Miami Grand Prix,2025_06
BEA,Haas F1 Team,2.0,,nan,,True,126,False,16.0,26.4,40.3,64.0,False,1.2,124.627,False,57,2025,6,Miami Grand Prix,2025_06
BEA,Haas F1 Team,3.0,,nan,,True,671,False,16.0,26.7,39.8,63.0,False,0.8,116.005,False,57,2025,6,Miami Grand Prix,2025_06
BEA,Haas F1 Team,4.0,,nan,,True,1,True,16.0,26.6,39.0,63.0,False,0.4,93.844,False,57,2025,6,Miami Grand Prix,2025_06
BEA,Haas F1 Team,5.0,,nan,,True,1,True,16.0,26.4,38.5,64.0,False,1.3,93.888,False,57,2025,6,Miami Grand Prix,2025_06
BEA,Haas F1 Team,6.0,,nan,,True,1,True,16.0,26.4,38.4,64.0,False,0.0,93.489,False,57,2025,6,Miami Grand Prix,2025_06
BEA,Haas F1 Team,7.0,,nan,,True,1,True,16.0,26.6,38.9,64.0,False,0.8,93.424,False,57,2025,6,Miami Grand Prix,2025_06
BEA,Haas F1 Team,8.0,,nan,,True,1,True,16.0,26.6,38.9,63.0,False,0.7,93.55,False,57,2025,6,Miami Grand Prix,2025_06
BEA,Haas F1 Team,9.0,,nan,,True,1,True,16.0,26.7,38.9,62.0,False,1.0,93.626,False,57,2025,6,Miami Grand Prix,2025_06
BEA,Haas F1 Team,10.0,,nan,,True,1,True,16.0,26.7,38.9,62.0,False,1.4,93.757,False,57,2025,6,Miami Grand Prix,2025_06
BEA,Haas F1 Team,11.0,,nan,,True,1,True,16.0,26.6,38.5,62.0,False,1.3,93.726,False,57,2025,6,Miami Grand Prix,2025_06
BEA,Haas F1 Team,12.0,,nan,,True,1,True,16.0,26.6,38.4,62.0,False,1.1,93.36,False,57,2025,6,Miami Grand Prix,2025_06
BEA,Haas F1 Team,13.0,,nan,,True,1,True,16.0,26.8,38.2,62.0,False,0.5,93.637,False,57,2025,6,Miami Grand Prix,2025_06
BEA,Haas F1 Team,14.0,,nan,,True,1,True,16.0,26.6,38.1,62.0,False,1.4,94.268,False,57,2025,6,Miami Grand Prix,2025_06
BEA,Haas F1 Team,15.0,,nan,,True,1,True,16.0,26.6,37.6,63.0,False,0.8,93.878,False,57,2025,6,Miami Grand Prix,2025_06
BEA,Haas F1 Team,16.0,,nan,,True,1,True,16.0,26.5,37.7,63.0,False,0.6,93.584,False,57,2025,6,Miami Grand Prix,2025_06
BEA,Haas F1 Team,17.0,,nan,,True,1,True,16.0,26.5,37.6,63.0,False,0.7,93.997,False,57,2025,6,Miami Grand Prix,2025_06
BEA,Haas F1 Team,18.0,,nan,,True,1,True,16.0,26.7,37.6,63.0,False,0.7,93.693,False,57,2025,6,Miami Grand Prix,2025_06
BEA,Haas F1 Team,19.0,,nan,,True,1,True,15.0,26.8,38.0,61.0,False,0.7,93.533,False,57,2025,6,Miami Grand Prix,2025_06
BEA,Haas F1 Team,20.0,,nan,,True,1,True,14.0,26.8,37.9,61.0,False,0.8,93.613,False,57,2025,6,Miami Grand Prix,2025_06
BEA,Haas F1 Team,21.0,,nan,,True,1,True,14.0,26.5,37.6,61.0,False,0.9,93.087,False,57,2025,6,Miami Grand Prix,2025_06
BEA,Haas F1 Team,22.0,,nan,,True,1,True,14.0,26.6,37.8,61.0,False,0.9,92.971,False,57,2025,6,Miami Grand Prix,2025_06
BEA,Haas F1 Team,23.0,,nan,,True,1,True,13.0,26.8,37.8,60.0,False,0.4,93.088,False,57,2025,6,Miami Grand Prix,2025_06
BEA,Haas F1 Team,24.0,1.0,HARD,1.0,True,1,True,12.0,26.8,37.9,59.0,False,0.0,92.68,False,57,2025,6,Miami Grand Prix,2025_06
BEA,Haas F1 Team,25.0,1.0,HARD,2.0,True,1,True,12.0,26.8,37.7,59.0,False,0.8,93.054,False,57,2025,6,Miami Grand Prix,2025_06
BEA,Haas F1 Team,26.0,1.0,HARD,3.0,True,1,True,12.0,26.8,37.5,60.0,False,0.9,94.14,False,57,2025,6,Miami Grand Prix,2025_06
BEA,Haas F1 Team,27.0,1.0,HARD,4.0,True,1,True,13.0,26.6,37.2,60.0,False,0.8,93.604,False,57,2025,6,Miami Grand Prix,2025_06
BEA,Haas F1 Team,28.0,1.0,HARD,5.0,True,16,False,,26.6,36.9,59.0,False,1.7,,False,57,2025,6,Miami Grand Prix,2025_06
