Driver,Team,LapNumber,Stint,Compound,TyreLife,FreshTyre,TrackStatus,IsAccurate,Position,AirTemp,TrackTemp,Humidity,Rainfall,WindSpeed,LapTimeSeconds,IsPitLap,TotalLaps,Year,Round,Event,RaceId
VER,Red Bull Racing,1.0,1.0,MEDIUM,1.0,True,1,False,1.0,24.0,45.0,39.0,False,3.4,82.992,False,63,2025,7,Emilia Romagna Grand Prix,2025_07
VER,Red Bull Racing,2.0,1.0,MEDIUM,2.0,True,1,True,1.0,24.0,45.2,39.0,False,3.5,81.131,False,63,2025,7,Emilia Romagna Grand Prix,2025_07
VER,Red Bull Racing,3.0,1.0,MEDIUM,3.0,True,1,True,1.0,24.0,45.4,39.0,False,2.6,81.258,False,63,2025,7,Emilia Romagna Grand Prix,2025_07
VER,Red Bull Racing,4.0,1.0,MEDIUM,4.0,True,1,True,1.0,24.1,44.8,38.0,False,4.1,81.218,False,63,2025,7,Emilia Romagna Grand Prix,2025_07
VER,Red Bull Racing,5.0,1.0,MEDIUM,5.0,True,1,True,1.0,24.0,44.7,38.0,False,4.6,81.228,False,63,2025,7,Emilia Romagna Grand Prix,2025_07
VER,Red Bull Racing,6.0,1.0,MEDIUM,6.0,True,1,True,1.0,23.9,43.4,40.0,False,1.5,80.977,False,63,2025,7,Emilia Romagna Grand Prix,2025_07
VER,Red Bull Racing,7.0,1.0,MEDIUM,7.0,True,1,True,1.0,23.8,43.5,40.0,False,2.4,81.496,False,63,2025,7,Emilia Romagna Grand Prix,2025_07
VER,Red Bull Racing,8.0,1.0,MEDIUM,8.0,True,1,True,1.0,23.9,43.2,39.0,False,4.3,81.206,False,63,2025,7,Emilia Romagna Grand Prix,2025_07
VER,Red Bull Racing,9.0,1.0,MEDIUM,9.0,True,1,True,1.0,24.1,43.2,39.0,False,3.6,81.194,False,63,2025,7,Emilia Romagna Grand Prix,2025_07
VER,Red Bull Racing,10.0,1.0,MEDIUM,10.0,True,1,True,1.0,24.0,43.2,40.0,False,3.0,81.257,False,63,2025,7,Emilia Romagna Grand Prix,2025_07
VER,Red Bull Racing,11.0,1.0,MEDIUM,11.0,True,1,True,1.0,24.0,43.2,38.0,False,2.2,81.289,False,63,2025,7,Emilia Romagna Grand Prix,2025_07
VER,Red Bull Racing,12.0,1.0,MEDIUM,12.0,True,1,True,1.0,24.2,42.9,39.0,False,4.1,81.51,False,63,2025,7,Emilia Romagna Grand Prix,2025_07
VER,Red Bull Racing,13.0,1.0,MEDIUM,13.0,True,1,True,1.0,24.1,42.9,38.0,False,4.6,81.435,False,63,2025,7,Emilia Romagna Grand Prix,2025_07
VER,Red Bull Racing,14.0,1.0,MEDIUM,14.0,True,1,True,1.0,24.1,42.5,39.0,False,3.7,81.402,False,63,2025,7,Emilia Romagna Grand Prix,2025_07
VER,Red Bull Racing,15.0,1.0,MEDIUM,15.0,True,1,True,1.0,24.1,42.7,39.0,False,2.6,81.231,False,63,2025,7,Emilia Romagna Grand Prix,2025_07
VER,Red Bull Racing,16.0,1.0,MEDIUM,16.0,True,1,True,1.0,24.0,42.8,39.0,False,2.5,81.276,False,63,2025,7,Emilia Romagna Grand Prix,2025_07
VER,Red Bull Racing,17.0,1.0,MEDIUM,17.0,True,1,True,1.0,24.2,42.5,39.0,False,3.1,81.024,False,63,2025,7,Emilia Romagna Grand Prix,2025_07
VER,Red Bull Racing,18.0,1.0,MEDIUM,18.0,True,1,True,1.0,24.1,42.5,39.0,False,3.5,80.856,False,63,2025,7,Emilia Romagna Grand Prix,2025_07
VER,Red Bull Racing,19.0,1.0,MEDIUM,19.0,True,1,True,1.0,24.3,42.3,39.0,False,1.6,81.255,False,63,2025,7,Emilia Romagna Grand Prix,2025_07
VER,Red Bull Racing,20.0,1.0,MEDIUM,20.0,True,1,True,1.0,24.1,41.7,39.0,False,3.2,81.206,False,63,2025,7,Emilia Romagna Grand Prix,2025_07
VER,Red Bull Racing,21.0,1.0,MEDIUM,21.0,True,1,True,1.0,24.0,41.7,40.0,False,3.2,81.115,False,63,2025,7,Emilia Romagna Grand Prix,2025_07
VER,Red Bull Racing,22.0,1.0,MEDIUM,22.0,True,1,True,1.0,23.9,41.6,40.0,False,2.9,81.161,False,63,2025,7,Emilia Romagna Grand Prix,2025_07
VER,Red Bull Racing,23.0,1.0,MEDIUM,23.0,True,1,True,1.0,23.8,41.7,38.0,False,2.7,81.464,False,63,2025,7,Emilia Romagna Grand Prix,2025_07
VER,Red Bull Racing,24.0,1.0,MEDIUM,24.0,True,1,True,1.0,23.8,41.7,40.0,False,3.3,81.254,False,63,2025,7,Emilia Romagna Grand Prix,2025_07
VER,Red Bull Racing,25.0,1.0,MEDIUM,25.0,True,1,True,1.0,23.8,41.6,40.0,False,1.8,81.36,False,63,2025,7,Emilia Romagna Grand Prix,2025_07
VER,Red Bull Racing,26.0,1.0,MEDIUM,26.0,True,1,True,1.0,24.0,41.4,38.0,False,2.7,81.079,False,63,2025,7,Emilia Romagna Grand Prix,2025_07
VER,Red Bull Racing,27.0,1.0,MEDIUM,27.0,True,1,True,1.0,24.2,41.5,40.0,False,2.5,81.316,False,63,2025,7,Emilia Romagna Grand Prix,2025_07
VER,Red Bull Racing,28.0,1.0,MEDIUM,28.0,True,1,True,1.0,24.1,41.8,38.0,False,2.6,81.579,False,63,2025,7,Emilia Romagna Grand Prix,2025_07
VER,Red Bull Racing,29.0,1.0,MEDIUM,29.0,True,126,False,1.0,24.2,41.8,37.0,False,2.9,92.728,True,63,2025,7,Emilia Romagna Grand Prix,2025_07
VER,Red Bull Racing,30.0,2.0,HARD,1.0,True,6,False,1.0,24.3,41.7,38.0,False,2.4,132.679,True,63,2025,7,Emilia Romagna Grand Prix,2025_07
VER,Red Bull Racing,31.0,2.0,HARD,2.0,True,671,False,1.0,24.2,41.3,37.0,False,3.4,97.145,False,63,2025,7,Emilia Romagna Grand Prix,2025_07
VER,Red Bull Racing,32.0,2.0,HARD,3.0,True,1,True,1.0,24.0,41.6,38.0,False,3.8,80.33,False,63,2025,7,Emilia Romagna Grand Prix,2025_07
VER,Red Bull Racing,33.0,2.0,HARD,4.0,True,1,True,1.0,23.9,41.9,38.0,False,3.2,80.347,False,63,2025,7,Emilia Romagna Grand Prix,2025_07
VER,Red Bull Racing,34.0,2.0,HARD,5.0,True,1,True,1.0,24.0,41.6,37.0,False,2.8,80.271,False,63,2025,7,Emilia Romagna Grand Prix,2025_07
VER,Red Bull Racing,35.0,2.0,HARD,6.0,True,1,True,1.0,24.2,41.4,38.0,False,3.9,80.12,False,63,2025,7,Emilia Romagna Grand Prix,2025_07
VER,Red Bull Racing,36.0,2.0,HARD,7.0,True,1,True,1.0,24.1,41.2,38.0,False,3.0,79.96,False,63,2025,7,Emilia Romagna Grand Prix,2025_07
VER,Red Bull Racing,37.0,2.0,HARD,8.0,True,1,True,1.0,24.1,40.9,39.0,False,3.5,79.706,False,63,2025,7,Emilia Romagna Grand Prix,2025_07
VER,Red Bull Racing,38.0,2.0,HARD,9.0,True,1,True,1.0,24.1,39.9,39.0,False,3.0,79.788,False,63,2025,7,Emilia Romagna Grand Prix,2025_07
VER,Red Bull Racing,39.0,2.0,HARD,10.0,True,1,True,1.0,23.9,38.6,39.0,False,3.1,79.755,False,63,2025,7,Emilia Romagna Grand Prix,2025_07
VER,Red Bull Racing,40.0,2.0,HARD,11.0,True,1,True,1.0,23.9,39.3,39.0,False,2.4,79.653,False,63,2025,7,Emilia Romagna Grand Prix,2025_07
VER,Red Bull Racing,41.0,2.0,HARD,12.0,True,1,True,1.0,23.7,39.8,38.0,False,2.9,79.639,False,63,2025,7,Emilia Romagna Grand Prix,2025_07
VER,Red Bull Racing,42.0,2.0,HARD,13.0,True,1,True,1.0,24.0,38.7,38.0,False,3.1,79.513,False,63,2025,7,Emilia Romagna Grand Prix,2025_07
VER,Red Bull Racing,43.0,2.0,HARD,14.0,True,1,True,1.0,24.0,38.7,38.0,False,3.4,79.553,False,63,2025,7,Emilia Romagna Grand Prix,2025_07
VER,Red Bull Racing,44.0,2.0,HARD,15.0,True,1,True,1.0,24.0,39.4,38.0,False,1.9,79.79,False,63,2025,7,Emilia Romagna Grand Prix,2025_07
VER,Red Bull Racing,45.0,2.0,HARD,16.0,True,1,True,1.0,24.1,39.7,38.0,False,3.1,80.167,False,63,2025,7,Emilia Romagna Grand Prix,2025_07
VER,Red Bull Racing,46.0,2.0,HARD,17.0,True,124,False,1.0,24.1,40.1,38.0,False,2.9,94.977,True,63,2025,7,Emilia Romagna Grand Prix,2025_07
VER,Red Bull Racing,47.0,3.0,HARD,1.0,True,4,False,1.0,24.1,40.1,37.0,False,2.6,135.004,True,63,2025,7,Emilia Romagna Grand Prix,2025_07
VER,Red Bull Racing,48.0,3.0,HARD,2.0,True,4,False,1.0,24.0,39.6,38.0,False,3.5,132.549,False,63,2025,7,Emilia Romagna Grand Prix,2025_07
VER,Red Bull Racing,49.0,3.0,HARD,3.0,True,4,False,1.0,24.0,40.1,38.0,False,2.6,125.432,False,63,2025,7,Emilia Romagna Grand Prix,2025_07
VER,Red Bull Racing,50.0,3.0,HARD,4.0,True,4,False,1.0,24.3,40.5,38.0,False,3.2,130.206,False,63,2025,7,Emilia Romagna Grand Prix,2025_07
VER,Red Bull Racing,51.0,3.0,HARD,5.0,True,4,False,1.0,24.3,40.1,38.0,False,3.3,122.243,False,63,2025,7,Emilia Romagna Grand Prix,2025_07
VER,Red Bull Racing,52.0,3.0,HARD,6.0,True,4,False,1.0,24.3,39.7,38.0,False,4.4,120.293,False,63,2025,7,Emilia Romagna Grand Prix,2025_07
VER,Red Bull Racing,53.0,3.0,HARD,7.0,True,41,False,1.0,24.2,39.6,38.0,False,4.7,131.387,False,63,2025,7,Emilia Romagna Grand Prix,2025_07
VER,Red Bull Racing,54.0,3.0,HARD,8.0,True,1,True,1.0,24.0,39.7,38.0,False,3.2,78.611,False,63,2025,7,Emilia Romagna Grand Prix,2025_07
VER,Red Bull Racing,55.0,3.0,HARD,9.0,True,1,True,1.0,24.1,39.9,38.0,False,3.3,78.214,False,63,2025,7,Emilia Romagna Grand Prix,2025_07
VER,Red Bull Racing,56.0,3.0,HARD,10.0,True,1,True,1.0,24.0,39.9,37.0,False,4.0,78.101,False,63,2025,7,Emilia Romagna Grand Prix,2025_07
VER,Red Bull Racing,57.0,3.0,HARD,11.0,True,1,True,1.0,24.0,39.7,37.0,False,3.7,78.22,False,63,2025,7,Emilia Romagna Grand Prix,2025_07
VER,Red Bull Racing,58.0,3.0,HARD,12.0,True,1,True,1.0,24.0,39.3,36.0,False,3.9,77.988,False,63,2025,7,Emilia Romagna Grand Prix,2025_07
VER,Red Bull Racing,59.0,3.0,HARD,13.0,True,1,True,1.0,24.0,39.5,38.0,False,3.8,78.037,False,63,2025,7,Emilia Romagna Grand Prix,2025_07
VER,Red Bull Racing,60.0,3.0,HARD,14.0,True,1,True,1.0,24.0,39.5,38.0,False,2.0,78.439,False,63,2025,7,Emilia Romagna Grand Prix,2025_07
VER,Red Bull Racing,61.0,3.0,HARD,15.0,True,1,True,1.0,24.0,39.4,37.0,False,3.3,78.399,False,63,2025,7,Emilia Romagna Grand Prix,2025_07
VER,Red Bull Racing,62.0,3.0,HARD,16.0,True,1,True,1.0,23.9,39.0,37.0,False,3.3,78.597,False,63,2025,7,Emilia Romagna Grand Prix,2025_07
VER,Red Bull Racing,63.0,3.0,HARD,17.0,True,1,True,1.0,23.9,38.9,37.0,False,2.9,78.589,False,63,2025,7,Emilia Romagna Grand Prix,2025_07
GAS,Alpine,1.0,1.0,MEDIUM,1.0,True,1,False,9.0,24.0,45.0,39.0,False,3.4,88.236,False,63,2025,7,Emilia Romagna Grand Prix,2025_07
GAS,Alpine,2.0,1.0,MEDIUM,2.0,True,1,True,9.0,24.0,45.2,39.0,False,3.5,82.771,False,63,2025,7,Emilia Romagna Grand Prix,2025_07
GAS,Alpine,3.0,1.0,MEDIUM,3.0,True,1,True,14.0,24.0,45.4,39.0,False,2.6,85.766,False,63,2025,7,Emilia Romagna Grand Prix,2025_07
GAS,Alpine,4.0,1.0,MEDIUM,4.0,True,1,True,14.0,24.1,44.8,38.0,False,4.1,81.805,False,63,2025,7,Emilia Romagna Grand Prix,2025_07
GAS,Alpine,5.0,1.0,MEDIUM,5.0,True,1,True,14.0,23.9,43.4,38.0,False,3.0,81.668,False,63,2025,7,Emilia Romagna Grand Prix,2025_07
GAS,Alpine,6.0,1.0,MEDIUM,6.0,True,1,True,14.0,23.9,43.4,40.0,False,1.5,81.541,False,63,2025,7,Emilia Romagna Grand Prix,2025_07
GAS,Alpine,7.0,1.0,MEDIUM,7.0,True,1,True,14.0,23.8,43.5,40.0,False,2.4,82.462,False,63,2025,7,Emilia Romagna Grand Prix,2025_07
GAS,Alpine,8.0,1.0,MEDIUM,8.0,True,1,True,14.0,24.0,43.1,39.0,False,3.3,81.926,False,63,2025,7,Emilia Romagna Grand Prix,2025_07
GAS,Alpine,9.0,1.0,MEDIUM,9.0,True,1,False,17.0,24.1,43.2,39.0,False,3.6,86.399,True,63,2025,7,Emilia Romagna Grand Prix,2025_07
GAS,Alpine,10.0,2.0,HARD,1.0,True,1,False,20.0,24.0,43.2,40.0,False,3.0,105.406,True,63,2025,7,Emilia Romagna Grand Prix,2025_07
GAS,Alpine,11.0,2.0,HARD,2.0,True,1,True,19.0,24.2,42.7,39.0,False,3.1,81.243,False,63,2025,7,Emilia Romagna Grand Prix,2025_07
GAS,Alpine,12.0,2.0,HARD,3.0,True,1,True,19.0,24.1,42.9,38.0,False,4.6,81.321,False,63,2025,7,Emilia Romagna Grand Prix,2025_07
GAS,Alpine,13.0,2.0,HARD,4.0,True,1,True,18.0,24.1,42.7,38.0,False,3.9,82.193,False,63,2025,7,Emilia Romagna Grand Prix,2025_07
GAS,Alpine,14.0,2.0,HARD,5.0,True,1,True,17.0,24.1,42.5,39.0,False,3.7,81.439,False,63,2025,7,Emilia Romagna Grand Prix,2025_07
GAS,Alpine,15.0,2.0,HARD,6.0,True,1,True,16.0,24.0,42.8,39.0,False,2.5,81.584,False,63,2025,7,Emilia Romagna Grand Prix,2025_07
GAS,Alpine,16.0,2.0,HARD,7.0,True,1,True,17.0,24.0,42.5,39.0,False,3.1,83.007,False,63,2025,7,Emilia Romagna Grand Prix,2025_07
GAS,Alpine,17.0,2.0,HARD,8.0,True,1,True,17.0,24.2,42.5,39.0,False,3.1,82.184,False,63,2025,7,Emilia Romagna Grand Prix,2025_07
GAS,Alpine,18.0,2.0,HARD,9.0,True,1,True,17.0,24.3,42.3,39.0,False,1.6,81.98,False,63,2025,7,Emilia Romagna Grand Prix,2025_07
GAS,Alpine,19.0,2.0,HARD,10.0,True,1,True,17.0,24.3,41.7,39.0,False,4.8,81.99,False,63,2025,7,Emilia Romagna Grand Prix,2025_07
GAS,Alpine,20.0,2.0,HARD,11.0,True,1,True,17.0,24.1,41.7,39.0,False,3.2,81.984,False,63,2025,7,Emilia Romagna Grand Prix,2025_07
GAS,Alpine,21.0,2.0,HARD,12.0,True,1,True,17.0,23.9,41.6,40.0,False,2.9,82.5,False,63,2025,7,Emilia Romagna Grand Prix,2025_07
GAS,Alpine,22.0,2.0,HARD,13.0,True,1,True,17.0,23.9,41.8,40.0,False,2.1,82.317,False,63,2025,7,Emilia Romagna Grand Prix,2025_07
GAS,Alpine,23.0,2.0,HARD,14.0,True,1,True,16.0,23.8,41.7,40.0,False,3.3,82.353,False,63,2025,7,Emilia Romagna Grand Prix,2025_07
GAS,Alpine,24.0,2.0,HARD,15.0,True,1,True,16.0,23.8,41.6,40.0,False,1.8,82.325,False,63,2025,7,Emilia Romagna Grand Prix,2025_07
GAS,Alpine,25.0,2.0,HARD,16.0,True,1,True,16.0,23.8,41.8,39.0,False,2.5,82.475,False,63,2025,7,Emilia Romagna Grand Prix,2025_07
GAS,Alpine,26.0,2.0,HARD,17.0,True,1,True,16.0,24.2,41.5,40.0,False,2.5,82.602,False,63,2025,7,Emilia Romagna Grand Prix,2025_07
GAS,Alpine,27.0,2.0,HARD,18.0,True,1,True,16.0,24.1,41.8,38.0,False,2.6,82.654,False,63,2025,7,Emilia Romagna Grand Prix,2025_07
GAS,Alpine,28.0,2.0,HARD,19.0,True,12,True,16.0,24.0,41.8,39.0,False,1.4,82.843,False,63,2025,7,Emilia Romagna Grand Prix,2025_07
GAS,Alpine,29.0,2.0,HARD,20.0,True,26,False,16.0,24.3,41.7,38.0,False,2.4,114.26,True,63,2025,7,Emilia Romagna Grand Prix,2025_07
GAS,Alpine,30.0,3.0,HARD,1.0,True,671,False,17.0,24.3,40.9,37.0,False,3.8,128.041,True,63,2025,7,Emilia Romagna Grand Prix,2025_07
GAS,Alpine,31.0,3.0,HARD,2.0,True,1,True,17.0,24.0,41.6,38.0,False,3.8,81.074,False,63,2025,7,Emilia Romagna Grand Prix,2025_07
GAS,Alpine,32.0,3.0,HARD,3.0,True,1,True,16.0,24.0,41.9,38.0,False,2.0,81.137,False,63,2025,7,Emilia Romagna Grand Prix,2025_07
GAS,Alpine,33.0,3.0,HARD,4.0,True,1,True,16.0,24.0,41.6,37.0,False,2.8,81.254,False,63,2025,7,Emilia Romagna Grand Prix,2025_07
GAS,Alpine,34.0,3.0,HARD,5.0,True,1,True,16.0,24.2,41.4,38.0,False,3.9,80.859,False,63,2025,7,Emilia Romagna Grand Prix,2025_07
GAS,Alpine,35.0,3.0,HARD,6.0,True,1,True,16.0,24.2,41.3,38.0,False,4.2,81.008,False,63,2025,7,Emilia Romagna Grand Prix,2025_07
GAS,Alpine,36.0,3.0,HARD,7.0,True,1,True,16.0,24.1,40.9,39.0,False,3.5,80.77,False,63,2025,7,Emilia Romagna Grand Prix,2025_07
GAS,Alpine,37.0,3.0,HARD,8.0,True,1,True,16.0,24.1,39.9,39.0,False,3.0,80.794,False,63,2025,7,Emilia Romagna Grand Prix,2025_07
GAS,Alpine,38.0,3.0,HARD,9.0,True,1,True,16.0,24.0,38.9,39.0,False,2.1,81.038,False,63,2025,7,Emilia Romagna Grand Prix,2025_07
GAS,Alpine,39.0,3.0,HARD,10.0,True,1,True,16.0,23.9,39.3,39.0,False,2.4,81.331,False,63,2025,7,Emilia Romagna Grand Prix,2025_07
GAS,Alpine,40.0,3.0,HARD,11.0,True,1,True,16.0,23.7,39.8,38.0,False,2.9,81.215,False,63,2025,7,Emilia Romagna Grand Prix,2025_07
GAS,Alpine,41.0,3.0,HARD,12.0,True,1,True,16.0,23.8,39.3,38.0,False,3.9,81.355,False,63,2025,7,Emilia Romagna Grand Prix,2025_07
GAS,Alpine,42.0,3.0,HARD,13.0,True,1,True,16.0,24.0,38.7,38.0,False,3.4,81.39,False,63,2025,7,Emilia Romagna Grand Prix,2025_07
GAS,Alpine,43.0,3.0,HARD,14.0,True,1,True,15.0,24.0,39.4,38.0,False,1.9,81.785,False,63,2025,7,Emilia Romagna Grand Prix,2025_07
GAS,Alpine,44.0,3.0,HARD,15.0,True,1,True,15.0,24.0,39.7,38.0,False,2.5,81.708,False,63,2025,7,Emilia Romagna Grand Prix,2025_07
GAS,Alpine,45.0,3.0,HARD,16.0,True,124,False,14.0,24.1,40.1,38.0,False,2.9,91.21,False,63,2025,7,Emilia Romagna Grand Prix,2025_07
GAS,Alpine,46.0,3.0,HARD,17.0,True,4,False,13.0,24.1,40.1,37.0,False,2.6,112.073,False,63,2025,7,Emilia Romagna Grand Prix,2025_07
GAS,Alpine,47.0,3.0,HARD,18.0,True,4,False,12.0,24.0,39.5,38.0,False,3.2,98.502,False,63,2025,7,Emilia Romagna Grand Prix,2025_07
GAS,Alpine,48.0,3.0,HARD,19.0,True,4,False,12.0,24.0,40.1,37.0,False,3.3,99.288,False,63,2025,7,Emilia Romagna Grand Prix,2025_07
GAS,Alpine,49.0,3.0,HARD,20.0,True,4,False,12.0,24.2,40.5,38.0,False,3.3,104.908,False,63,2025,7,Emilia Romagna Grand Prix,2025_07
GAS,Alpine,50.0,3.0,HARD,21.0,True,4,False,12.0,24.3,40.5,38.0,False,3.2,130.57,False,63,2025,7,Emilia Romagna Grand Prix,2025_07
GAS,Alpine,51.0,3.0,HARD,22.0,True,4,False,12.0,24.3,40.1,38.0,False,3.3,123.788,False,63,2025,7,Emilia Romagna Grand Prix,2025_07
GAS,Alpine,52.0,3.0,HARD,23.0,True,4,False,12.0,24.3,39.6,38.0,False,4.7,119.093,False,63,2025,7,Emilia Romagna Grand Prix,2025_07
GAS,Alpine,53.0,3.0,HARD,24.0,True,41,False,12.0,24.2,39.6,38.0,False,4.7,119.058,False,63,2025,7,Emilia Romagna Grand Prix,2025_07
GAS,Alpine,54.0,3.0,HARD,25.0,True,1,True,12.0,24.0,39.7,38.0,False,3.2,82.624,False,63,2025,7,Emilia Romagna Grand Prix,2025_07
GAS,Alpine,55.0,3.0,HARD,26.0,True,1,True,12.0,24.1,39.9,38.0,False,3.3,81.211,False,63,2025,7,Emilia Romagna Grand Prix,2025_07
GAS,Alpine,56.0,3.0,HARD,27.0,True,1,True,12.0,24.0,39.9,37.0,False,4.0,80.607,False,63,2025,7,Emilia Romagna Grand Prix,2025_07
GAS,Alpine,57.0,3.0,HARD,28.0,True,1,True,13.0,24.0,39.3,37.0,False,3.1,81.685,False,63,2025,7,Emilia Romagna Grand Prix,2025_07
GAS,Alpine,58.0,3.0,HARD,29.0,True,1,True,13.0,24.0,39.3,36.0,False,3.9,80.398,False,63,2025,7,Emilia Romagna Grand Prix,2025_07
GAS,Alpine,59.0,3.0,HARD,30.0,True,1,True,13.0,24.0,39.5,38.0,False,3.8,80.797,False,63,2025,7,Emilia Romagna Grand Prix,2025_07
GAS,Alpine,60.0,3.0,HARD,31.0,True,1,True,13.0,23.9,39.4,37.0,False,3.9,80.528,False,63,2025,7,Emilia Romagna Grand Prix,2025_07
GAS,Alpine,61.0,3.0,HARD,32.0,True,1,True,13.0,24.0,39.4,37.0,False,3.3,80.774,False,63,2025,7,Emilia Romagna Grand Prix,2025_07
GAS,Alpine,62.0,3.0,HARD,33.0,True,1,True,13.0,23.9,39.0,37.0,False,3.3,80.702,False,63,2025,7,Emilia Romagna Grand Prix,2025_07
GAS,Alpine,63.0,3.0,HARD,34.0,True,1,True,13.0,23.8,38.6,37.0,False,1.7,80.814,False,63,2025,7,Emilia Romagna Grand Prix,2025_07
ANT,Mercedes,1.0,1.0,HARD,1.0,True,1,False,12.0,24.0,45.0,39.0,False,3.4,89.534,False,63,2025,7,Emilia Romagna Grand Prix,2025_07
ANT,Mercedes,2.0,1.0,HARD,2.0,True,1,True,12.0,24.0,45.2,39.0,False,3.5,83.293,False,63,2025,7,Emilia Romagna Grand Prix,2025_07
ANT,Mercedes,3.0,1.0,HARD,3.0,True,1,True,11.0,24.0,45.4,39.0,False,2.6,81.788,False,63,2025,7,Emilia Romagna Grand Prix,2025_07
ANT,Mercedes,4.0,1.0,HARD,4.0,True,1,True,11.0,24.1,44.8,38.0,False,4.1,81.239,False,63,2025,7,Emilia Romagna Grand Prix,2025_07
ANT,Mercedes,5.0,1.0,HARD,5.0,True,1,True,11.0,23.9,43.4,38.0,False,3.0,81.526,False,63,2025,7,Emilia Romagna Grand Prix,2025_07
ANT,Mercedes,6.0,1.0,HARD,6.0,True,1,True,11.0,23.9,43.4,40.0,False,1.5,81.723,False,63,2025,7,Emilia Romagna Grand Prix,2025_07
ANT,Mercedes,7.0,1.0,HARD,7.0,True,1,True,11.0,23.8,43.5,40.0,False,2.4,81.994,False,63,2025,7,Emilia Romagna Grand Prix,2025_07
ANT,Mercedes,8.0,1.0,HARD,8.0,True,1,True,11.0,24.0,43.1,39.0,False,3.3,82.376,False,63,2025,7,Emilia Romagna Grand Prix,2025_07
ANT,Mercedes,9.0,1.0,HARD,9.0,True,1,True,11.0,24.1,43.2,39.0,False,3.6,81.653,False,63,2025,7,Emilia Romagna Grand Prix,2025_07
ANT,Mercedes,10.0,1.0,HARD,10.0,True,1,True,10.0,24.0,43.2,40.0,False,3.0,81.96,False,63,2025,7,Emilia Romagna Grand Prix,2025_07
ANT,Mercedes,11.0,1.0,HARD,11.0,True,1,True,8.0,24.2,42.7,39.0,False,3.1,82.753,False,63,2025,7,Emilia Romagna Grand Prix,2025_07
ANT,Mercedes,12.0,1.0,HARD,12.0,True,1,True,7.0,24.2,42.9,39.0,False,4.1,83.074,False,63,2025,7,Emilia Romagna Grand Prix,2025_07
ANT,Mercedes,13.0,1.0,HARD,13.0,True,1,True,7.0,24.1,42.9,38.0,False,4.6,82.661,False,63,2025,7,Emilia Romagna Grand Prix,2025_07
ANT,Mercedes,14.0,1.0,HARD,14.0,True,1,True,5.0,24.1,42.5,39.0,False,3.7,82.513,False,63,2025,7,Emilia Romagna Grand Prix,2025_07
ANT,Mercedes,15.0,1.0,HARD,15.0,True,1,True,5.0,24.1,42.7,39.0,False,2.6,82.198,False,63,2025,7,Emilia Romagna Grand Prix,2025_07
ANT,Mercedes,16.0,1.0,HARD,16.0,True,1,True,5.0,24.0,42.5,39.0,False,3.1,82.42,False,63,2025,7,Emilia Romagna Grand Prix,2025_07
ANT,Mercedes,17.0,1.0,HARD,17.0,True,1,True,5.0,24.2,42.5,39.0,False,3.1,82.265,False,63,2025,7,Emilia Romagna Grand Prix,2025_07
ANT,Mercedes,18.0,1.0,HARD,18.0,True,1,True,5.0,24.1,42.5,39.0,False,3.5,82.242,False,63,2025,7,Emilia Romagna Grand Prix,2025_07
ANT,Mercedes,19.0,1.0,HARD,19.0,True,1,True,5.0,24.3,41.7,39.0,False,4.8,82.431,False,63,2025,7,Emilia Romagna Grand Prix,2025_07
ANT,Mercedes,20.0,1.0,HARD,20.0,True,1,True,5.0,24.1,41.7,39.0,False,3.2,82.604,False,63,2025,7,Emilia Romagna Grand Prix,2025_07
ANT,Mercedes,21.0,1.0,HARD,21.0,True,1,True,5.0,24.0,41.7,40.0,False,3.2,82.252,False,63,2025,7,Emilia Romagna Grand Prix,2025_07
ANT,Mercedes,22.0,1.0,HARD,22.0,True,1,True,5.0,23.9,41.8,40.0,False,2.1,82.437,False,63,2025,7,Emilia Romagna Grand Prix,2025_07
ANT,Mercedes,23.0,1.0,HARD,23.0,True,1,True,5.0,23.8,41.7,38.0,False,2.7,82.336,False,63,2025,7,Emilia Romagna Grand Prix,2025_07
ANT,Mercedes,24.0,1.0,HARD,24.0,True,1,True,5.0,23.8,41.6,40.0,False,1.8,82.5,False,63,2025,7,Emilia Romagna Grand Prix,2025_07
ANT,Mercedes,25.0,1.0,HARD,25.0,True,1,True,5.0,23.8,41.8,39.0,False,2.5,82.314,False,63,2025,7,Emilia Romagna Grand Prix,2025_07
ANT,Mercedes,26.0,1.0,HARD,26.0,True,1,True,5.0,24.0,41.4,38.0,False,2.7,82.28,False,63,2025,7,Emilia Romagna Grand Prix,2025_07
ANT,Mercedes,27.0,1.0,HARD,27.0,True,1,True,6.0,24.1,41.8,38.0,False,2.6,82.861,False,63,2025,7,Emilia Romagna Grand Prix,2025_07
ANT,Mercedes,28.0,1.0,HARD,28.0,True,1,True,6.0,24.0,41.8,39.0,False,1.4,82.397,False,63,2025,7,Emilia Romagna Grand Prix,2025_07
ANT,Mercedes,29.0,1.0,HARD,29.0,True,126,False,6.0,24.2,41.8,37.0,False,2.9,105.993,True,63,2025,7,Emilia Romagna Grand Prix,2025_07
ANT,Mercedes,30.0,2.0,MEDIUM,1.0,True,67,False,6.0,24.2,40.9,37.0,False,3.0,132.564,True,63,2025,7,Emilia Romagna Grand Prix,2025_07
ANT,Mercedes,31.0,2.0,MEDIUM,2.0,True,71,False,6.0,24.2,41.3,37.0,False,3.4,84.787,False,63,2025,7,Emilia Romagna Grand Prix,2025_07
ANT,Mercedes,32.0,2.0,MEDIUM,3.0,True,1,True,6.0,24.0,41.9,38.0,False,2.0,81.661,False,63,2025,7,Emilia Romagna Grand Prix,2025_07
ANT,Mercedes,33.0,2.0,MEDIUM,4.0,True,1,True,6.0,23.9,41.9,38.0,False,3.2,80.62,False,63,2025,7,Emilia Romagna Grand Prix,2025_07
ANT,Mercedes,34.0,2.0,MEDIUM,5.0,True,1,True,7.0,24.2,41.4,38.0,False,3.9,81.868,False,63,2025,7,Emilia Romagna Grand Prix,2025_07
ANT,Mercedes,35.0,2.0,MEDIUM,6.0,True,1,True,7.0,24.2,41.3,38.0,False,4.2,81.178,False,63,2025,7,Emilia Romagna Grand Prix,2025_07
ANT,Mercedes,36.0,2.0,MEDIUM,7.0,True,1,True,7.0,24.1,41.2,38.0,False,3.0,80.822,False,63,2025,7,Emilia Romagna Grand Prix,2025_07
ANT,Mercedes,37.0,2.0,MEDIUM,8.0,True,1,True,7.0,24.1,39.9,39.0,False,3.0,81.086,False,63,2025,7,Emilia Romagna Grand Prix,2025_07
ANT,Mercedes,38.0,2.0,MEDIUM,9.0,True,1,True,8.0,24.0,38.9,39.0,False,2.1,81.944,False,63,2025,7,Emilia Romagna Grand Prix,2025_07
ANT,Mercedes,39.0,2.0,MEDIUM,10.0,True,1,True,8.0,23.9,38.6,39.0,False,3.1,81.181,False,63,2025,7,Emilia Romagna Grand Prix,2025_07
ANT,Mercedes,40.0,2.0,MEDIUM,11.0,True,1,True,8.0,23.7,39.8,38.0,False,2.9,80.956,False,63,2025,7,Emilia Romagna Grand Prix,2025_07
ANT,Mercedes,41.0,2.0,MEDIUM,12.0,True,1,True,8.0,23.8,39.3,38.0,False,3.9,80.986,False,63,2025,7,Emilia Romagna Grand Prix,2025_07
ANT,Mercedes,42.0,2.0,MEDIUM,13.0,True,1,True,8.0,24.0,38.7,38.0,False,3.1,81.019,False,63,2025,7,Emilia Romagna Grand Prix,2025_07
ANT,Mercedes,43.0,2.0,MEDIUM,14.0,True,1,True,8.0,24.0,39.4,38.0,False,1.9,80.621,False,63,2025,7,Emilia Romagna Grand Prix,2025_07
ANT,Mercedes,44.0,2.0,MEDIUM,15.0,True,1,True,8.0,24.0,39.7,38.0,False,2.5,80.834,False,63,2025,7,Emilia Romagna Grand Prix,2025_07
ANT,Mercedes,45.0,2.0,MEDIUM,16.0,True,124,False,,24.1,39.7,38.0,False,3.1,,False,63,2025,7,Emilia Romagna Grand Prix,2025_07
ALO,Aston Martin,1.0,1.0,MEDIUM,4.0,False,1,False,5.0,24.0,45.0,39.0,False,3.4,86.36,False,63,2025,7,Emilia Romagna Grand Prix,2025_07
ALO,Aston Martin,2.0,1.0,MEDIUM,5.0,False,1,True,5.0,24.0,45.2,39.0,False,3.5,82.15,False,63,2025,7,Emilia Romagna Grand Prix,2025_07
ALO,Aston Martin,3.0,1.0,MEDIUM,6.0,False,1,True,5.0,24.0,45.4,39.0,False,2.6,81.609,False,63,2025,7,Emilia Romagna Grand Prix,2025_07
ALO,Aston Martin,4.0,1.0,MEDIUM,7.0,False,1,True,5.0,24.1,44.8,38.0,False,4.1,81.643,False,63,2025,7,Emilia Romagna Grand Prix,2025_07
ALO,Aston Martin,5.0,1.0,MEDIUM,8.0,False,1,True,5.0,24.0,44.7,38.0,False,4.6,81.401,False,63,2025,7,Emilia Romagna Grand Prix,2025_07
ALO,Aston Martin,6.0,1.0,MEDIUM,9.0,False,1,True,5.0,23.9,43.4,40.0,False,1.5,81.728,False,63,2025,7,Emilia Romagna Grand Prix,2025_07
ALO,Aston Martin,7.0,1.0,MEDIUM,10.0,False,1,True,5.0,23.8,43.5,40.0,False,2.4,81.655,False,63,2025,7,Emilia Romagna Grand Prix,2025_07
ALO,Aston Martin,8.0,1.0,MEDIUM,11.0,False,1,True,5.0,24.0,43.1,39.0,False,3.3,81.947,False,63,2025,7,Emilia Romagna Grand Prix,2025_07
ALO,Aston Martin,9.0,1.0,MEDIUM,12.0,False,1,True,5.0,24.1,43.2,39.0,False,3.6,81.988,False,63,2025,7,Emilia Romagna Grand Prix,2025_07
ALO,Aston Martin,10.0,1.0,MEDIUM,13.0,False,1,True,5.0,24.0,43.2,40.0,False,3.0,82.828,False,63,2025,7,Emilia Romagna Grand Prix,2025_07
ALO,Aston Martin,11.0,1.0,MEDIUM,14.0,False,1,True,4.0,24.2,42.7,39.0,False,3.1,84.04,False,63,2025,7,Emilia Romagna Grand Prix,2025_07
ALO,Aston Martin,12.0,1.0,MEDIUM,15.0,False,1,False,9.0,24.2,42.9,39.0,False,4.1,86.152,True,63,2025,7,Emilia Romagna Grand Prix,2025_07
ALO,Aston Martin,13.0,2.0,HARD,2.0,False,1,False,15.0,24.1,42.9,38.0,False,4.6,104.337,True,63,2025,7,Emilia Romagna Grand Prix,2025_07
ALO,Aston Martin,14.0,2.0,HARD,3.0,False,1,True,16.0,24.1,42.5,39.0,False,3.7,83.043,False,63,2025,7,Emilia Romagna Grand Prix,2025_07
ALO,Aston Martin,15.0,2.0,HARD,4.0,False,1,True,15.0,24.0,42.8,39.0,False,2.5,82.334,False,63,2025,7,Emilia Romagna Grand Prix,2025_07
ALO,Aston Martin,16.0,2.0,HARD,5.0,False,1,True,15.0,24.0,42.5,39.0,False,3.1,81.563,False,63,2025,7,Emilia Romagna Grand Prix,2025_07
ALO,Aston Martin,17.0,2.0,HARD,6.0,False,1,True,15.0,24.2,42.5,39.0,False,3.1,81.7,False,63,2025,7,Emilia Romagna Grand Prix,2025_07
ALO,Aston Martin,18.0,2.0,HARD,7.0,False,1,True,15.0,24.3,42.3,39.0,False,1.6,81.935,False,63,2025,7,Emilia Romagna Grand Prix,2025_07
ALO,Aston Martin,19.0,2.0,HARD,8.0,False,1,True,15.0,24.3,41.7,39.0,False,4.8,81.724,False,63,2025,7,Emilia Romagna Grand Prix,2025_07
ALO,Aston Martin,20.0,2.0,HARD,9.0,False,1,True,15.0,24.1,41.7,39.0,False,3.2,82.087,False,63,2025,7,Emilia Romagna Grand Prix,2025_07
ALO,Aston Martin,21.0,2.0,HARD,10.0,False,1,True,15.0,23.9,41.6,40.0,False,2.9,82.407,False,63,2025,7,Emilia Romagna Grand Prix,2025_07
ALO,Aston Martin,22.0,2.0,HARD,11.0,False,1,True,15.0,23.9,41.8,40.0,False,2.1,81.786,False,63,2025,7,Emilia Romagna Grand Prix,2025_07
ALO,Aston Martin,23.0,2.0,HARD,12.0,False,1,True,14.0,23.8,41.7,40.0,False,3.3,81.864,False,63,2025,7,Emilia Romagna Grand Prix,2025_07
ALO,Aston Martin,24.0,2.0,HARD,13.0,False,1,True,14.0,23.8,41.6,40.0,False,1.8,82.047,False,63,2025,7,Emilia Romagna Grand Prix,2025_07
ALO,Aston Martin,25.0,2.0,HARD,14.0,False,1,True,14.0,23.8,41.8,39.0,False,2.5,82.575,False,63,2025,7,Emilia Romagna Grand Prix,2025_07
ALO,Aston Martin,26.0,2.0,HARD,15.0,False,1,True,14.0,24.2,41.5,40.0,False,2.5,82.451,False,63,2025,7,Emilia Romagna Grand Prix,2025_07
ALO,Aston Martin,27.0,2.0,HARD,16.0,False,1,True,14.0,24.1,41.8,38.0,False,2.6,82.318,False,63,2025,7,Emilia Romagna Grand Prix,2025_07
ALO,Aston Martin,28.0,2.0,HARD,17.0,False,12,True,14.0,24.0,41.8,39.0,False,1.4,82.391,False,63,2025,7,Emilia Romagna Grand Prix,2025_07
ALO,Aston Martin,29.0,2.0,HARD,18.0,False,26,False,14.0,24.3,41.7,38.0,False,2.4,108.961,False,63,2025,7,Emilia Romagna Grand Prix,2025_07
ALO,Aston Martin,30.0,2.0,HARD,19.0,False,67,False,8.0,24.3,40.9,37.0,False,3.8,116.677,False,63,2025,7,Emilia Romagna Grand Prix,2025_07
ALO,Aston Martin,31.0,2.0,HARD,20.0,False,71,False,8.0,24.2,41.3,37.0,False,3.4,83.04,False,63,2025,7,Emilia Romagna Grand Prix,2025_07
ALO,Aston Martin,32.0,2.0,HARD,21.0,False,1,True,8.0,24.0,41.9,38.0,False,2.0,82.179,False,63,2025,7,Emilia Romagna Grand Prix,2025_07
ALO,Aston Martin,33.0,2.0,HARD,22.0,False,1,True,9.0,23.9,41.9,38.0,False,3.2,84.275,False,63,2025,7,Emilia Romagna Grand Prix,2025_07
ALO,Aston Martin,34.0,2.0,HARD,23.0,False,1,True,9.0,24.2,41.4,38.0,False,3.9,82.272,False,63,2025,7,Emilia Romagna Grand Prix,2025_07
ALO,Aston Martin,35.0,2.0,HARD,24.0,False,1,True,9.0,24.2,41.3,38.0,False,4.2,82.815,False,63,2025,7,Emilia Romagna Grand Prix,2025_07
ALO,Aston Martin,36.0,2.0,HARD,25.0,False,1,True,10.0,24.1,41.2,38.0,False,3.0,82.819,False,63,2025,7,Emilia Romagna Grand Prix,2025_07
ALO,Aston Martin,37.0,2.0,HARD,26.0,False,1,True,10.0,24.1,39.9,39.0,False,3.0,81.969,False,63,2025,7,Emilia Romagna Grand Prix,2025_07
ALO,Aston Martin,38.0,2.0,HARD,27.0,False,1,True,10.0,24.0,38.9,39.0,False,2.1,81.809,False,63,2025,7,Emilia Romagna Grand Prix,2025_07
ALO,Aston Martin,39.0,2.0,HARD,28.0,False,1,True,11.0,23.9,39.3,39.0,False,2.4,82.372,False,63,2025,7,Emilia Romagna Grand Prix,2025_07
ALO,Aston Martin,40.0,2.0,HARD,29.0,False,1,True,12.0,23.7,39.8,38.0,False,2.9,82.775,False,63,2025,7,Emilia Romagna Grand Prix,2025_07
ALO,Aston Martin,41.0,2.0,HARD,30.0,False,1,True,12.0,23.8,39.3,38.0,False,3.9,82.795,False,63,2025,7,Emilia Romagna Grand Prix,2025_07
ALO,Aston Martin,42.0,2.0,HARD,31.0,False,1,True,13.0,24.0,38.7,38.0,False,3.4,83.003,False,63,2025,7,Emilia Romagna Grand Prix,2025_07
ALO,Aston Martin,43.0,2.0,HARD,32.0,False,1,True,13.0,24.0,39.4,38.0,False,1.9,81.367,False,63,2025,7,Emilia Romagna Grand Prix,2025_07
ALO,Aston Martin,44.0,2.0,HARD,33.0,False,1,True,13.0,24.0,39.7,38.0,False,2.5,81.407,False,63,2025,7,Emilia Romagna Grand Prix,2025_07
ALO,Aston Martin,45.0,2.0,HARD,34.0,False,124,False,12.0,24.1,40.1,38.0,False,2.9,91.57,False,63,2025,7,Emilia Romagna Grand Prix,2025_07
ALO,Aston Martin,46.0,2.0,HARD,35.0,False,4,False,12.0,24.1,40.1,37.0,False,2.6,115.706,True,63,2025,7,Emilia Romagna Grand Prix,2025_07
ALO,Aston Martin,47.0,3.0,MEDIUM,5.0,False,4,False,14.0,24.0,39.5,38.0,False,3.2,121.679,True,63,2025,7,Emilia Romagna Grand Prix,2025_07
ALO,Aston Martin,48.0,3.0,MEDIUM,6.0,False,4,False,14.0,24.0,40.1,37.0,False,3.3,95.904,False,63,2025,7,Emilia Romagna Grand Prix,2025_07
ALO,Aston Martin,49.0,3.0,MEDIUM,7.0,False,4,False,14.0,24.2,40.5,38.0,False,3.3,92.26,False,63,2025,7,Emilia Romagna Grand Prix,2025_07
ALO,Aston Martin,50.0,3.0,MEDIUM,8.0,False,4,False,14.0,24.3,40.5,38.0,False,3.2,127.524,False,63,2025,7,Emilia Romagna Grand Prix,2025_07
ALO,Aston Martin,51.0,3.0,MEDIUM,9.0,False,4,False,14.0,24.3,40.1,38.0,False,3.3,123.967,False,63,2025,7,Emilia Romagna Grand Prix,2025_07
ALO,Aston Martin,52.0,3.0,MEDIUM,10.0,False,4,False,14.0,24.3,39.6,38.0,False,4.7,118.555,False,63,2025,7,Emilia Romagna Grand Prix,2025_07
ALO,Aston Martin,53.0,3.0,MEDIUM,11.0,False,41,False,14.0,24.1,39.6,38.0,False,4.9,117.39,False,63,2025,7,Emilia Romagna Grand Prix,2025_07
ALO,Aston Martin,54.0,3.0,MEDIUM,12.0,False,1,True,14.0,24.0,39.7,38.0,False,3.2,82.758,False,63,2025,7,Emilia Romagna Grand Prix,2025_07
ALO,Aston Martin,55.0,3.0,MEDIUM,13.0,False,1,True,13.0,24.1,39.9,38.0,False,3.3,81.135,False,63,2025,7,Emilia Romagna Grand Prix,2025_07
ALO,Aston Martin,56.0,3.0,MEDIUM,14.0,False,1,True,13.0,24.0,39.9,37.0,False,4.0,80.242,False,63,2025,7,Emilia Romagna Grand Prix,2025_07
ALO,Aston Martin,57.0,3.0,MEDIUM,15.0,False,1,True,12.0,24.0,39.3,37.0,False,3.1,80.307,False,63,2025,7,Emilia Romagna Grand Prix,2025_07
ALO,Aston Martin,58.0,3.0,MEDIUM,16.0,False,1,True,12.0,24.0,39.3,36.0,False,3.9,80.279,False,63,2025,7,Emilia Romagna Grand Prix,2025_07
ALO,Aston Martin,59.0,3.0,MEDIUM,17.0,False,1,True,11.0,24.0,39.5,38.0,False,3.8,79.901,False,63,2025,7,Emilia Romagna Grand Prix,2025_07
ALO,Aston Martin,60.0,3.0,MEDIUM,18.0,False,1,True,11.0,23.9,39.4,37.0,False,3.9,79.941,False,63,2025,7,Emilia Romagna Grand Prix,2025_07
ALO,Aston Martin,61.0,3.0,MEDIUM,19.0,False,1,True,11.0,24.0,39.4,37.0,False,3.3,79.894,False,63,2025,7,Emilia Romagna Grand Prix,2025_07
ALO,Aston Martin,62.0,3.0,MEDIUM,20.0,False,1,True,11.0,23.9,39.0,37.0,False,3.3,80.064,False,63,2025,7,Emilia Romagna Grand Prix,2025_07
ALO,Aston Martin,63.0,3.0,MEDIUM,21.0,False,1,True,11.0,23.8,38.6,37.0,False,1.7,80.775,False,63,2025,7,Emilia Romagna Grand Prix,2025_07
LEC,Ferrari,1.0,1.0,MEDIUM,1.0,True,1,False,10.0,24.0,45.0,39.0,False,3.4,88.571,False,63,2025,7,Emilia Romagna Grand Prix,2025_07
LEC,Ferrari,2.0,1.0,MEDIUM,2.0,True,1,True,10.0,24.0,45.2,39.0,False,3.5,82.899,False,63,2025,7,Emilia Romagna Grand Prix,2025_07
LEC,Ferrari,3.0,1.0,MEDIUM,3.0,True,1,True,9.0,24.0,45.4,39.0,False,2.6,81.571,False,63,2025,7,Emilia Romagna Grand Prix,2025_07
LEC,Ferrari,4.0,1.0,MEDIUM,4.0,True,1,True,9.0,24.1,44.8,38.0,False,4.1,81.428,False,63,2025,7,Emilia Romagna Grand Prix,2025_07
LEC,Ferrari,5.0,1.0,MEDIUM,5.0,True,1,True,9.0,24.0,44.7,38.0,False,4.6,81.706,False,63,2025,7,Emilia Romagna Grand Prix,2025_07
LEC,Ferrari,6.0,1.0,MEDIUM,6.0,True,1,True,9.0,23.9,43.4,40.0,False,1.5,81.621,False,63,2025,7,Emilia Romagna Grand Prix,2025_07
LEC,Ferrari,7.0,1.0,MEDIUM,7.0,True,1,True,9.0,23.8,43.5,40.0,False,2.4,82.162,False,63,2025,7,Emilia Romagna Grand Prix,2025_07
LEC,Ferrari,8.0,1.0,MEDIUM,8.0,True,1,True,9.0,24.0,43.1,39.0,False,3.3,81.81,False,63,2025,7,Emilia Romagna Grand Prix,2025_07
LEC,Ferrari,9.0,1.0,MEDIUM,9.0,True,1,True,9.0,24.1,43.2,39.0,False,3.6,81.713,False,63,2025,7,Emilia Romagna Grand Prix,2025_07
LEC,Ferrari,10.0,1.0,MEDIUM,10.0,True,1,False,13.0,24.0,43.2,40.0,False,3.0,86.751,True,63,2025,7,Emilia Romagna Grand Prix,2025_07
LEC,Ferrari,11.0,2.0,HARD,1.0,True,1,False,17.0,24.2,42.7,39.0,False,3.1,102.454,True,63,2025,7,Emilia Romagna Grand Prix,2025_07
LEC,Ferrari,12.0,2.0,HARD,2.0,True,1,True,15.0,24.2,42.9,39.0,False,4.1,80.505,False,63,2025,7,Emilia Romagna Grand Prix,2025_07
LEC,Ferrari,13.0,2.0,HARD,3.0,True,1,True,13.0,24.1,42.7,38.0,False,3.9,81.117,False,63,2025,7,Emilia Romagna Grand Prix,2025_07
LEC,Ferrari,14.0,2.0,HARD,4.0,True,1,True,13.0,24.1,42.5,39.0,False,3.7,81.056,False,63,2025,7,Emilia Romagna Grand Prix,2025_07
LEC,Ferrari,15.0,2.0,HARD,5.0,True,1,True,12.0,24.1,42.7,39.0,False,2.6,81.056,False,63,2025,7,Emilia Romagna Grand Prix,2025_07
LEC,Ferrari,16.0,2.0,HARD,6.0,True,1,True,12.0,24.0,42.5,39.0,False,3.1,80.958,False,63,2025,7,Emilia Romagna Grand Prix,2025_07
LEC,Ferrari,17.0,2.0,HARD,7.0,True,1,True,12.0,24.2,42.5,39.0,False,3.1,80.721,False,63,2025,7,Emilia Romagna Grand Prix,2025_07
LEC,Ferrari,18.0,2.0,HARD,8.0,True,1,True,12.0,24.3,42.3,39.0,False,1.6,81.498,False,63,2025,7,Emilia Romagna Grand Prix,2025_07
LEC,Ferrari,19.0,2.0,HARD,9.0,True,1,True,12.0,24.3,41.7,39.0,False,4.8,81.351,False,63,2025,7,Emilia Romagna Grand Prix,2025_07
LEC,Ferrari,20.0,2.0,HARD,10.0,True,1,True,12.0,24.1,41.7,39.0,False,3.2,83.289,False,63,2025,7,Emilia Romagna Grand Prix,2025_07
LEC,Ferrari,21.0,2.0,HARD,11.0,True,1,True,11.0,23.9,41.6,40.0,False,2.9,81.802,False,63,2025,7,Emilia Romagna Grand Prix,2025_07
LEC,Ferrari,22.0,2.0,HARD,12.0,True,1,True,10.0,23.9,41.8,40.0,False,2.1,82.724,False,63,2025,7,Emilia Romagna Grand Prix,2025_07
LEC,Ferrari,23.0,2.0,HARD,13.0,True,1,True,9.0,23.8,41.7,38.0,False,2.7,80.876,False,63,2025,7,Emilia Romagna Grand Prix,2025_07
LEC,Ferrari,24.0,2.0,HARD,14.0,True,1,True,9.0,23.8,41.6,40.0,False,1.8,81.154,False,63,2025,7,Emilia Romagna Grand Prix,2025_07
LEC,Ferrari,25.0,2.0,HARD,15.0,True,1,True,9.0,23.8,41.8,39.0,False,2.5,81.808,False,63,2025,7,Emilia Romagna Grand Prix,2025_07
LEC,Ferrari,26.0,2.0,HARD,16.0,True,1,True,9.0,24.0,41.4,38.0,False,2.7,82.166,False,63,2025,7,Emilia Romagna Grand Prix,2025_07
LEC,Ferrari,27.0,2.0,HARD,17.0,True,1,True,8.0,24.1,41.8,38.0,False,2.6,80.68,False,63,2025,7,Emilia Romagna Grand Prix,2025_07
LEC,Ferrari,28.0,2.0,HARD,18.0,True,1,True,8.0,24.0,41.8,39.0,False,1.4,81.157,False,63,2025,7,Emilia Romagna Grand Prix,2025_07
LEC,Ferrari,29.0,2.0,HARD,19.0,True,126,False,8.0,24.3,41.7,38.0,False,2.4,106.742,True,63,2025,7,Emilia Romagna Grand Prix,2025_07
LEC,Ferrari,30.0,3.0,HARD,1.0,True,67,False,10.0,24.2,40.9,37.0,False,3.0,135.401,True,63,2025,7,Emilia Romagna Grand Prix,2025_07
LEC,Ferrari,31.0,3.0,HARD,2.0,True,71,False,10.0,24.0,41.6,38.0,False,3.8,82.731,False,63,2025,7,Emilia Romagna Grand Prix,2025_07
LEC,Ferrari,32.0,3.0,HARD,3.0,True,1,True,9.0,24.0,41.9,38.0,False,2.0,80.01,False,63,2025,7,Emilia Romagna Grand Prix,2025_07
LEC,Ferrari,33.0,3.0,HARD,4.0,True,1,True,8.0,23.9,41.9,38.0,False,3.2,80.393,False,63,2025,7,Emilia Romagna Grand Prix,2025_07
LEC,Ferrari,34.0,3.0,HARD,5.0,True,1,True,8.0,24.2,41.4,38.0,False,3.9,79.953,False,63,2025,7,Emilia Romagna Grand Prix,2025_07
LEC,Ferrari,35.0,3.0,HARD,6.0,True,1,True,8.0,24.2,41.3,38.0,False,4.2,79.816,False,63,2025,7,Emilia Romagna Grand Prix,2025_07
LEC,Ferrari,36.0,3.0,HARD,7.0,True,1,True,8.0,24.1,41.2,38.0,False,3.0,80.133,False,63,2025,7,Emilia Romagna Grand Prix,2025_07
LEC,Ferrari,37.0,3.0,HARD,8.0,True,1,True,8.0,24.1,39.9,39.0,False,3.0,80.825,False,63,2025,7,Emilia Romagna Grand Prix,2025_07
LEC,Ferrari,38.0,3.0,HARD,9.0,True,1,True,7.0,24.0,38.9,39.0,False,2.1,79.848,False,63,2025,7,Emilia Romagna Grand Prix,2025_07
LEC,Ferrari,39.0,3.0,HARD,10.0,True,1,True,7.0,23.9,38.6,39.0,False,3.1,80.503,False,63,2025,7,Emilia Romagna Grand Prix,2025_07
LEC,Ferrari,40.0,3.0,HARD,11.0,True,1,True,7.0,23.7,39.8,38.0,False,2.9,80.524,False,63,2025,7,Emilia Romagna Grand Prix,2025_07
LEC,Ferrari,41.0,3.0,HARD,12.0,True,1,True,6.0,23.8,39.3,38.0,False,3.9,79.703,False,63,2025,7,Emilia Romagna Grand Prix,2025_07
LEC,Ferrari,42.0,3.0,HARD,13.0,True,1,True,6.0,24.0,38.7,38.0,False,3.1,79.71,False,63,2025,7,Emilia Romagna Grand Prix,2025_07
LEC,Ferrari,43.0,3.0,HARD,14.0,True,1,True,6.0,24.0,39.4,38.0,False,1.9,79.955,False,63,2025,7,Emilia Romagna Grand Prix,2025_07
LEC,Ferrari,44.0,3.0,HARD,15.0,True,1,True,6.0,24.0,39.7,38.0,False,2.5,79.875,False,63,2025,7,Emilia Romagna Grand Prix,2025_07
LEC,Ferrari,45.0,3.0,HARD,16.0,True,12,True,6.0,24.1,39.7,38.0,False,3.1,80.102,False,63,2025,7,Emilia Romagna Grand Prix,2025_07
LEC,Ferrari,46.0,3.0,HARD,17.0,True,24,False,5.0,24.1,40.1,37.0,False,2.6,108.428,False,63,2025,7,Emilia Romagna Grand Prix,2025_07
LEC,Ferrari,47.0,3.0,HARD,18.0,True,4,False,5.0,24.1,39.4,38.0,False,4.1,113.009,False,63,2025,7,Emilia Romagna Grand Prix,2025_07
LEC,Ferrari,48.0,3.0,HARD,19.0,True,4,False,4.0,24.0,39.6,38.0,False,3.5,103.267,False,63,2025,7,Emilia Romagna Grand Prix,2025_07
LEC,Ferrari,49.0,3.0,HARD,20.0,True,4,False,4.0,24.0,40.1,38.0,False,2.6,123.837,False,63,2025,7,Emilia Romagna Grand Prix,2025_07
LEC,Ferrari,50.0,3.0,HARD,21.0,True,4,False,4.0,24.3,40.5,38.0,False,3.2,129.554,False,63,2025,7,Emilia Romagna Grand Prix,2025_07
LEC,Ferrari,51.0,3.0,HARD,22.0,True,4,False,4.0,24.3,40.1,38.0,False,3.3,122.586,False,63,2025,7,Emilia Romagna Grand Prix,2025_07
LEC,Ferrari,52.0,3.0,HARD,23.0,True,4,False,4.0,24.3,39.7,38.0,False,4.4,119.678,False,63,2025,7,Emilia Romagna Grand Prix,2025_07
LEC,Ferrari,53.0,3.0,HARD,24.0,True,41,False,4.0,24.2,39.6,38.0,False,4.7,128.263,False,63,2025,7,Emilia Romagna Grand Prix,2025_07
LEC,Ferrari,54.0,3.0,HARD,25.0,True,1,True,4.0,24.0,39.7,38.0,False,3.2,80.588,False,63,2025,7,Emilia Romagna Grand Prix,2025_07
LEC,Ferrari,55.0,3.0,HARD,26.0,True,1,True,4.0,24.1,39.9,38.0,False,3.3,79.416,False,63,2025,7,Emilia Romagna Grand Prix,2025_07
LEC,Ferrari,56.0,3.0,HARD,27.0,True,1,True,4.0,24.0,39.9,37.0,False,4.0,79.048,False,63,2025,7,Emilia Romagna Grand Prix,2025_07
LEC,Ferrari,57.0,3.0,HARD,28.0,True,1,True,4.0,24.0,39.7,37.0,False,3.7,79.14,False,63,2025,7,Emilia Romagna Grand Prix,2025_07
LEC,Ferrari,58.0,3.0,HARD,29.0,True,1,True,4.0,24.0,39.3,36.0,False,3.9,80.32,False,63,2025,7,Emilia Romagna Grand Prix,2025_07
LEC,Ferrari,59.0,3.0,HARD,30.0,True,1,True,4.0,24.0,39.5,38.0,False,3.8,80.139,False,63,2025,7,Emilia Romagna Grand Prix,2025_07
LEC,Ferrari,60.0,3.0,HARD,31.0,True,1,True,4.0,24.0,39.5,38.0,False,2.0,80.68,False,63,2025,7,Emilia Romagna Grand Prix,2025_07
LEC,Ferrari,61.0,3.0,HARD,32.0,True,1,True,5.0,24.0,39.4,37.0,False,3.3,80.613,False,63,2025,7,Emilia Romagna Grand Prix,2025_07
LEC,Ferrari,62.0,3.0,HARD,33.0,True,1,True,5.0,23.9,39.0,37.0,False,3.3,81.003,False,63,2025,7,Emilia Romagna Grand Prix,2025_07
LEC,Ferrari,63.0,3.0,HARD,34.0,True,1,True,6.0,23.9,38.9,37.0,False,2.9,81.576,False,63,2025,7,Emilia Romagna Grand Prix,2025_07
STR,Aston Martin,1.0,1.0,MEDIUM,4.0,False,1,False,8.0,24.0,45.0,39.0,False,3.4,87.757,False,63,2025,7,Emilia Romagna Grand Prix,2025_07
STR,Aston Martin,2.0,1.0,MEDIUM,5.0,False,1,True,8.0,24.0,45.2,39.0,False,3.5,82.497,False,63,2025,7,Emilia Romagna Grand Prix,2025_07
STR,Aston Martin,3.0,1.0,MEDIUM,6.0,False,1,True,8.0,24.0,45.4,39.0,False,2.6,81.83,False,63,2025,7,Emilia Romagna Grand Prix,2025_07
STR,Aston Martin,4.0,1.0,MEDIUM,7.0,False,1,True,8.0,24.1,44.8,38.0,False,4.1,81.939,False,63,2025,7,Emilia Romagna Grand Prix,2025_07
STR,Aston Martin,5.0,1.0,MEDIUM,8.0,False,1,True,8.0,24.0,44.7,38.0,False,4.6,81.527,False,63,2025,7,Emilia Romagna Grand Prix,2025_07
STR,Aston Martin,6.0,1.0,MEDIUM,9.0,False,1,True,8.0,23.9,43.4,40.0,False,1.5,81.727,False,63,2025,7,Emilia Romagna Grand Prix,2025_07
STR,Aston Martin,7.0,1.0,MEDIUM,10.0,False,1,True,8.0,23.8,43.5,40.0,False,2.4,81.675,False,63,2025,7,Emilia Romagna Grand Prix,2025_07
STR,Aston Martin,8.0,1.0,MEDIUM,11.0,False,1,True,8.0,24.0,43.1,39.0,False,3.3,82.084,False,63,2025,7,Emilia Romagna Grand Prix,2025_07
STR,Aston Martin,9.0,1.0,MEDIUM,12.0,False,1,True,8.0,24.1,43.2,39.0,False,3.6,81.84,False,63,2025,7,Emilia Romagna Grand Prix,2025_07
STR,Aston Martin,10.0,1.0,MEDIUM,13.0,False,1,True,8.0,24.0,43.2,40.0,False,3.0,82.467,False,63,2025,7,Emilia Romagna Grand Prix,2025_07
STR,Aston Martin,11.0,1.0,MEDIUM,14.0,False,1,True,6.0,24.2,42.7,39.0,False,3.1,83.475,False,63,2025,7,Emilia Romagna Grand Prix,2025_07
STR,Aston Martin,12.0,1.0,MEDIUM,15.0,False,1,True,5.0,24.2,42.9,39.0,False,4.1,82.753,False,63,2025,7,Emilia Romagna Grand Prix,2025_07
STR,Aston Martin,13.0,1.0,MEDIUM,16.0,False,1,True,5.0,24.1,42.9,38.0,False,4.6,82.268,False,63,2025,7,Emilia Romagna Grand Prix,2025_07
STR,Aston Martin,14.0,1.0,MEDIUM,17.0,False,1,False,7.0,24.1,42.5,39.0,False,3.7,87.014,True,63,2025,7,Emilia Romagna Grand Prix,2025_07
STR,Aston Martin,15.0,2.0,HARD,2.0,False,1,False,17.0,24.1,42.7,39.0,False,2.6,105.352,True,63,2025,7,Emilia Romagna Grand Prix,2025_07
STR,Aston Martin,16.0,2.0,HARD,3.0,False,1,True,16.0,24.0,42.5,39.0,False,3.1,81.553,False,63,2025,7,Emilia Romagna Grand Prix,2025_07
STR,Aston Martin,17.0,2.0,HARD,4.0,False,1,True,16.0,24.2,42.5,39.0,False,3.1,81.969,False,63,2025,7,Emilia Romagna Grand Prix,2025_07
STR,Aston Martin,18.0,2.0,HARD,5.0,False,1,True,16.0,24.3,42.3,39.0,False,1.6,81.938,False,63,2025,7,Emilia Romagna Grand Prix,2025_07
STR,Aston Martin,19.0,2.0,HARD,6.0,False,1,True,16.0,24.3,41.7,39.0,False,4.8,82.046,False,63,2025,7,Emilia Romagna Grand Prix,2025_07
STR,Aston Martin,20.0,2.0,HARD,7.0,False,1,True,16.0,24.1,41.7,39.0,False,3.2,81.912,False,63,2025,7,Emilia Romagna Grand Prix,2025_07
STR,Aston Martin,21.0,2.0,HARD,8.0,False,1,True,16.0,23.9,41.6,40.0,False,2.9,82.312,False,63,2025,7,Emilia Romagna Grand Prix,2025_07
STR,Aston Martin,22.0,2.0,HARD,9.0,False,1,True,16.0,23.9,41.8,40.0,False,2.1,82.133,False,63,2025,7,Emilia Romagna Grand Prix,2025_07
STR,Aston Martin,23.0,2.0,HARD,10.0,False,1,True,15.0,23.8,41.7,40.0,False,3.3,82.155,False,63,2025,7,Emilia Romagna Grand Prix,2025_07
STR,Aston Martin,24.0,2.0,HARD,11.0,False,1,True,15.0,23.8,41.6,40.0,False,1.8,81.933,False,63,2025,7,Emilia Romagna Grand Prix,2025_07
STR,Aston Martin,25.0,2.0,HARD,12.0,False,1,True,15.0,23.8,41.8,39.0,False,2.5,82.223,False,63,2025,7,Emilia Romagna Grand Prix,2025_07
STR,Aston Martin,26.0,2.0,HARD,13.0,False,1,True,15.0,24.2,41.5,40.0,False,2.5,82.409,False,63,2025,7,Emilia Romagna Grand Prix,2025_07
STR,Aston Martin,27.0,2.0,HARD,14.0,False,1,True,15.0,24.1,41.8,38.0,False,2.6,82.632,False,63,2025,7,Emilia Romagna Grand Prix,2025_07
STR,Aston Martin,28.0,2.0,HARD,15.0,False,12,True,15.0,24.0,41.8,39.0,False,1.4,82.355,False,63,2025,7,Emilia Romagna Grand Prix,2025_07
STR,Aston Martin,29.0,2.0,HARD,16.0,False,26,False,15.0,24.3,41.7,38.0,False,2.4,110.648,False,63,2025,7,Emilia Romagna Grand Prix,2025_07
STR,Aston Martin,30.0,2.0,HARD,17.0,False,67,False,9.0,24.3,40.9,37.0,False,3.8,113.846,False,63,2025,7,Emilia Romagna Grand Prix,2025_07
STR,Aston Martin,31.0,2.0,HARD,18.0,False,71,False,9.0,24.0,41.6,38.0,False,3.8,83.02,False,63,2025,7,Emilia Romagna Grand Prix,2025_07
STR,Aston Martin,32.0,2.0,HARD,19.0,False,1,True,10.0,24.0,41.9,38.0,False,2.0,82.511,False,63,2025,7,Emilia Romagna Grand Prix,2025_07
STR,Aston Martin,33.0,2.0,HARD,20.0,False,1,True,10.0,23.9,41.9,38.0,False,3.2,82.101,False,63,2025,7,Emilia Romagna Grand Prix,2025_07
STR,Aston Martin,34.0,2.0,HARD,21.0,False,1,True,10.0,24.2,41.4,38.0,False,3.9,82.559,False,63,2025,7,Emilia Romagna Grand Prix,2025_07
STR,Aston Martin,35.0,2.0,HARD,22.0,False,1,True,11.0,24.2,41.3,38.0,False,4.2,83.274,False,63,2025,7,Emilia Romagna Grand Prix,2025_07
STR,Aston Martin,36.0,2.0,HARD,23.0,False,1,True,12.0,24.1,41.2,38.0,False,3.0,83.401,False,63,2025,7,Emilia Romagna Grand Prix,2025_07
STR,Aston Martin,37.0,2.0,HARD,24.0,False,1,True,13.0,24.1,39.9,39.0,False,3.0,83.025,False,63,2025,7,Emilia Romagna Grand Prix,2025_07
STR,Aston Martin,38.0,2.0,HARD,25.0,False,1,True,14.0,24.0,38.9,39.0,False,2.1,82.969,False,63,2025,7,Emilia Romagna Grand Prix,2025_07
STR,Aston Martin,39.0,2.0,HARD,26.0,False,1,True,14.0,23.9,39.3,39.0,False,2.4,81.94,False,63,2025,7,Emilia Romagna Grand Prix,2025_07
STR,Aston Martin,40.0,2.0,HARD,27.0,False,1,True,14.0,23.7,39.8,38.0,False,2.9,82.337,False,63,2025,7,Emilia Romagna Grand Prix,2025_07
STR,Aston Martin,41.0,2.0,HARD,28.0,False,1,True,14.0,23.8,39.3,38.0,False,3.9,82.207,False,63,2025,7,Emilia Romagna Grand Prix,2025_07
STR,Aston Martin,42.0,2.0,HARD,29.0,False,1,True,14.0,24.0,38.7,38.0,False,3.4,82.352,False,63,2025,7,Emilia Romagna Grand Prix,2025_07
STR,Aston Martin,43.0,2.0,HARD,30.0,False,1,True,14.0,24.0,39.4,38.0,False,1.9,81.851,False,63,2025,7,Emilia Romagna Grand Prix,2025_07
STR,Aston Martin,44.0,2.0,HARD,31.0,False,1,True,14.0,24.0,39.7,38.0,False,2.5,81.883,False,63,2025,7,Emilia Romagna Grand Prix,2025_07
STR,Aston Martin,45.0,2.0,HARD,32.0,False,124,False,13.0,24.1,40.1,38.0,False,2.9,92.176,False,63,2025,7,Emilia Romagna Grand Prix,2025_07
STR,Aston Martin,46.0,2.0,HARD,33.0,False,4,False,14.0,24.1,40.1,37.0,False,2.6,115.462,True,63,2025,7,Emilia Romagna Grand Prix,2025_07
STR,Aston Martin,47.0,3.0,MEDIUM,7.0,False,4,False,15.0,24.0,39.5,38.0,False,3.2,123.329,True,63,2025,7,Emilia Romagna Grand Prix,2025_07
STR,Aston Martin,48.0,3.0,MEDIUM,8.0,False,4,False,15.0,24.0,40.1,37.0,False,3.3,92.398,False,63,2025,7,Emilia Romagna Grand Prix,2025_07
STR,Aston Martin,49.0,3.0,MEDIUM,9.0,False,4,False,15.0,24.2,40.5,38.0,False,3.3,92.684,False,63,2025,7,Emilia Romagna Grand Prix,2025_07
STR,Aston Martin,50.0,3.0,MEDIUM,10.0,False,4,False,15.0,24.3,40.5,38.0,False,3.2,127.162,False,63,2025,7,Emilia Romagna Grand Prix,2025_07
STR,Aston Martin,51.0,3.0,MEDIUM,11.0,False,4,False,15.0,24.3,39.7,37.0,False,4.1,124.328,False,63,2025,7,Emilia Romagna Grand Prix,2025_07
STR,Aston Martin,52.0,3.0,MEDIUM,12.0,False,4,False,15.0,24.3,39.6,38.0,False,4.7,118.618,False,63,2025,7,Emilia Romagna Grand Prix,2025_07
STR,Aston Martin,53.0,3.0,MEDIUM,13.0,False,41,False,15.0,24.1,39.6,38.0,False,4.9,115.687,False,63,2025,7,Emilia Romagna Grand Prix,2025_07
STR,Aston Martin,54.0,3.0,MEDIUM,14.0,False,1,True,15.0,24.0,39.7,38.0,False,3.2,82.744,False,63,2025,7,Emilia Romagna Grand Prix,2025_07
STR,Aston Martin,55.0,3.0,MEDIUM,15.0,False,1,True,15.0,24.1,39.9,38.0,False,3.3,82.083,False,63,2025,7,Emilia Romagna Grand Prix,2025_07
STR,Aston Martin,56.0,3.0,MEDIUM,16.0,False,1,True,15.0,24.0,39.9,37.0,False,4.0,80.933,False,63,2025,7,Emilia Romagna Grand Prix,2025_07
STR,Aston Martin,57.0,3.0,MEDIUM,17.0,False,1,True,15.0,24.0,39.3,37.0,False,3.1,80.657,False,63,2025,7,Emilia Romagna Grand Prix,2025_07
STR,Aston Martin,58.0,3.0,MEDIUM,18.0,False,1,True,15.0,24.0,39.3,36.0,False,3.9,80.501,False,63,2025,7,Emilia Romagna Grand Prix,2025_07
STR,Aston Martin,59.0,3.0,MEDIUM,19.0,False,1,True,15.0,24.0,39.5,38.0,False,3.8,80.716,False,63,2025,7,Emilia Romagna Grand Prix,2025_07
STR,Aston Martin,60.0,3.0,MEDIUM,20.0,False,1,True,15.0,23.9,39.4,37.0,False,3.9,80.547,False,63,2025,7,Emilia Romagna Grand Prix,2025_07
STR,Aston Martin,61.0,3.0,MEDIUM,21.0,False,1,True,15.0,24.0,39.4,37.0,False,3.3,80.695,False,63,2025,7,Emilia Romagna Grand Prix,2025_07
STR,Aston Martin,62.0,3.0,MEDIUM,22.0,False,1,True,15.0,23.9,39.0,37.0,False,3.3,80.847,False,63,2025,7,Emilia Romagna Grand Prix,2025_07
STR,Aston Martin,63.0,3.0,MEDIUM,23.0,False,1,True,15.0,23.8,38.6,37.0,False,1.7,80.926,False,63,2025,7,Emilia Romagna Grand Prix,2025_07
TSU,Red Bull Racing,1.0,1.0,HARD,1.0,True,1,False,19.0,24.0,45.0,39.0,False,3.4,95.056,True,63,2025,7,Emilia Romagna Grand Prix,2025_07
TSU,Red Bull Racing,2.0,1.0,HARD,2.0,True,1,True,19.0,24.0,45.2,39.0,False,3.5,82.726,False,63,2025,7,Emilia Romagna Grand Prix,2025_07
TSU,Red Bull Racing,3.0,1.0,HARD,3.0,True,1,True,19.0,24.0,45.4,39.0,False,2.6,82.262,False,63,2025,7,Emilia Romagna Grand Prix,2025_07
TSU,Red Bull Racing,4.0,1.0,HARD,4.0,True,1,True,19.0,24.1,44.8,38.0,False,4.1,82.502,False,63,2025,7,Emilia Romagna Grand Prix,2025_07
TSU,Red Bull Racing,5.0,1.0,HARD,5.0,True,1,True,19.0,23.9,43.4,38.0,False,3.0,82.265,False,63,2025,7,Emilia Romagna Grand Prix,2025_07
TSU,Red Bull Racing,6.0,1.0,HARD,6.0,True,1,True,19.0,23.9,43.4,40.0,False,1.5,82.086,False,63,2025,7,Emilia Romagna Grand Prix,2025_07
TSU,Red Bull Racing,7.0,1.0,HARD,7.0,True,1,True,19.0,23.8,43.5,40.0,False,2.4,82.179,False,63,2025,7,Emilia Romagna Grand Prix,2025_07
TSU,Red Bull Racing,8.0,1.0,HARD,8.0,True,1,True,19.0,24.0,43.1,39.0,False,3.3,82.509,False,63,2025,7,Emilia Romagna Grand Prix,2025_07
TSU,Red Bull Racing,9.0,1.0,HARD,9.0,True,1,True,19.0,24.1,43.2,39.0,False,3.6,82.26,False,63,2025,7,Emilia Romagna Grand Prix,2025_07
TSU,Red Bull Racing,10.0,1.0,HARD,10.0,True,1,True,18.0,24.0,43.2,40.0,False,3.0,82.472,False,63,2025,7,Emilia Romagna Grand Prix,2025_07
TSU,Red Bull Racing,11.0,1.0,HARD,11.0,True,1,True,16.0,24.2,42.7,39.0,False,3.1,81.993,False,63,2025,7,Emilia Romagna Grand Prix,2025_07
TSU,Red Bull Racing,12.0,1.0,HARD,12.0,True,1,True,14.0,24.2,42.9,39.0,False,4.1,82.44,False,63,2025,7,Emilia Romagna Grand Prix,2025_07
TSU,Red Bull Racing,13.0,1.0,HARD,13.0,True,1,True,12.0,24.1,42.7,38.0,False,3.9,82.619,False,63,2025,7,Emilia Romagna Grand Prix,2025_07
TSU,Red Bull Racing,14.0,1.0,HARD,14.0,True,1,True,11.0,24.1,42.5,39.0,False,3.7,82.874,False,63,2025,7,Emilia Romagna Grand Prix,2025_07
TSU,Red Bull Racing,15.0,1.0,HARD,15.0,True,1,True,10.0,24.1,42.7,39.0,False,2.6,82.856,False,63,2025,7,Emilia Romagna Grand Prix,2025_07
TSU,Red Bull Racing,16.0,1.0,HARD,16.0,True,1,True,10.0,24.0,42.5,39.0,False,3.1,82.732,False,63,2025,7,Emilia Romagna Grand Prix,2025_07
TSU,Red Bull Racing,17.0,1.0,HARD,17.0,True,1,True,10.0,24.2,42.5,39.0,False,3.1,82.552,False,63,2025,7,Emilia Romagna Grand Prix,2025_07
TSU,Red Bull Racing,18.0,1.0,HARD,18.0,True,1,True,11.0,24.1,42.5,39.0,False,3.5,83.625,False,63,2025,7,Emilia Romagna Grand Prix,2025_07
TSU,Red Bull Racing,19.0,1.0,HARD,19.0,True,1,True,11.0,24.3,41.7,39.0,False,4.8,82.674,False,63,2025,7,Emilia Romagna Grand Prix,2025_07
TSU,Red Bull Racing,20.0,1.0,HARD,20.0,True,1,True,11.0,24.1,41.7,39.0,False,3.2,83.226,False,63,2025,7,Emilia Romagna Grand Prix,2025_07
TSU,Red Bull Racing,21.0,1.0,HARD,21.0,True,1,True,12.0,23.9,41.6,40.0,False,2.9,83.623,False,63,2025,7,Emilia Romagna Grand Prix,2025_07
TSU,Red Bull Racing,22.0,1.0,HARD,22.0,True,1,True,11.0,23.9,41.8,40.0,False,2.1,82.714,False,63,2025,7,Emilia Romagna Grand Prix,2025_07
TSU,Red Bull Racing,23.0,1.0,HARD,23.0,True,1,True,11.0,23.8,41.7,38.0,False,2.7,82.731,False,63,2025,7,Emilia Romagna Grand Prix,2025_07
TSU,Red Bull Racing,24.0,1.0,HARD,24.0,True,1,True,11.0,23.8,41.6,40.0,False,1.8,82.306,False,63,2025,7,Emilia Romagna Grand Prix,2025_07
TSU,Red Bull Racing,25.0,1.0,HARD,25.0,True,1,True,12.0,23.8,41.8,39.0,False,2.5,83.528,False,63,2025,7,Emilia Romagna Grand Prix,2025_07
TSU,Red Bull Racing,26.0,1.0,HARD,26.0,True,1,True,12.0,24.2,41.5,40.0,False,2.5,82.524,False,63,2025,7,Emilia Romagna Grand Prix,2025_07
TSU,Red Bull Racing,27.0,1.0,HARD,27.0,True,1,True,12.0,24.1,41.8,38.0,False,2.6,82.457,False,63,2025,7,Emilia Romagna Grand Prix,2025_07
TSU,Red Bull Racing,28.0,1.0,HARD,28.0,True,12,True,12.0,24.0,41.8,39.0,False,1.4,82.527,False,63,2025,7,Emilia Romagna Grand Prix,2025_07
TSU,Red Bull Racing,29.0,1.0,HARD,29.0,True,26,False,12.0,24.3,41.7,38.0,False,2.4,110.958,True,63,2025,7,Emilia Romagna Grand Prix,2025_07
TSU,Red Bull Racing,30.0,2.0,MEDIUM,1.0,True,671,False,14.0,24.3,40.9,37.0,False,3.8,129.942,True,63,2025,7,Emilia Romagna Grand Prix,2025_07
TSU,Red Bull Racing,31.0,2.0,MEDIUM,2.0,True,1,True,13.0,24.0,41.6,38.0,False,3.8,81.646,False,63,2025,7,Emilia Romagna Grand Prix,2025_07
TSU,Red Bull Racing,32.0,2.0,MEDIUM,3.0,True,1,True,14.0,24.0,41.9,38.0,False,2.0,82.697,False,63,2025,7,Emilia Romagna Grand Prix,2025_07
TSU,Red Bull Racing,33.0,2.0,MEDIUM,4.0,True,1,True,14.0,23.9,41.9,38.0,False,3.2,81.146,False,63,2025,7,Emilia Romagna Grand Prix,2025_07
TSU,Red Bull Racing,34.0,2.0,MEDIUM,5.0,True,1,True,14.0,24.2,41.4,38.0,False,3.9,81.366,False,63,2025,7,Emilia Romagna Grand Prix,2025_07
TSU,Red Bull Racing,35.0,2.0,MEDIUM,6.0,True,1,True,14.0,24.2,41.3,38.0,False,4.2,81.286,False,63,2025,7,Emilia Romagna Grand Prix,2025_07
TSU,Red Bull Racing,36.0,2.0,MEDIUM,7.0,True,1,True,14.0,24.1,41.2,38.0,False,3.0,81.27,False,63,2025,7,Emilia Romagna Grand Prix,2025_07
TSU,Red Bull Racing,37.0,2.0,MEDIUM,8.0,True,1,True,14.0,24.1,39.9,39.0,False,3.0,81.951,False,63,2025,7,Emilia Romagna Grand Prix,2025_07
TSU,Red Bull Racing,38.0,2.0,MEDIUM,9.0,True,1,True,13.0,24.0,38.9,39.0,False,2.1,81.134,False,63,2025,7,Emilia Romagna Grand Prix,2025_07
TSU,Red Bull Racing,39.0,2.0,MEDIUM,10.0,True,1,True,13.0,23.9,39.3,39.0,False,2.4,81.469,False,63,2025,7,Emilia Romagna Grand Prix,2025_07
TSU,Red Bull Racing,40.0,2.0,MEDIUM,11.0,True,1,True,13.0,23.7,39.8,38.0,False,2.9,81.612,False,63,2025,7,Emilia Romagna Grand Prix,2025_07
TSU,Red Bull Racing,41.0,2.0,MEDIUM,12.0,True,1,True,13.0,23.8,39.3,38.0,False,3.9,82.339,False,63,2025,7,Emilia Romagna Grand Prix,2025_07
TSU,Red Bull Racing,42.0,2.0,MEDIUM,13.0,True,1,True,12.0,24.0,38.7,38.0,False,3.4,80.824,False,63,2025,7,Emilia Romagna Grand Prix,2025_07
TSU,Red Bull Racing,43.0,2.0,MEDIUM,14.0,True,1,True,12.0,24.0,39.4,38.0,False,1.9,81.088,False,63,2025,7,Emilia Romagna Grand Prix,2025_07
TSU,Red Bull Racing,44.0,2.0,MEDIUM,15.0,True,1,True,12.0,24.0,39.7,38.0,False,2.5,81.178,False,63,2025,7,Emilia Romagna Grand Prix,2025_07
TSU,Red Bull Racing,45.0,2.0,MEDIUM,16.0,True,124,False,11.0,24.1,40.1,38.0,False,2.9,90.669,False,63,2025,7,Emilia Romagna Grand Prix,2025_07
TSU,Red Bull Racing,46.0,2.0,MEDIUM,17.0,True,4,False,11.0,24.1,40.1,37.0,False,2.6,110.595,False,63,2025,7,Emilia Romagna Grand Prix,2025_07
TSU,Red Bull Racing,47.0,2.0,MEDIUM,18.0,True,4,False,11.0,24.0,39.5,38.0,False,3.2,107.958,False,63,2025,7,Emilia Romagna Grand Prix,2025_07
TSU,Red Bull Racing,48.0,2.0,MEDIUM,19.0,True,4,False,11.0,24.0,40.1,37.0,False,3.3,96.354,False,63,2025,7,Emilia Romagna Grand Prix,2025_07
TSU,Red Bull Racing,49.0,2.0,MEDIUM,20.0,True,4,False,11.0,24.0,40.1,38.0,False,2.6,107.31,False,63,2025,7,Emilia Romagna Grand Prix,2025_07
TSU,Red Bull Racing,50.0,2.0,MEDIUM,21.0,True,4,False,11.0,24.3,40.5,38.0,False,3.2,129.931,False,63,2025,7,Emilia Romagna Grand Prix,2025_07
TSU,Red Bull Racing,51.0,2.0,MEDIUM,22.0,True,4,False,11.0,24.3,40.1,38.0,False,3.3,123.693,False,63,2025,7,Emilia Romagna Grand Prix,2025_07
TSU,Red Bull Racing,52.0,2.0,MEDIUM,23.0,True,4,False,11.0,24.3,39.7,38.0,False,4.4,119.071,False,63,2025,7,Emilia Romagna Grand Prix,2025_07
TSU,Red Bull Racing,53.0,2.0,MEDIUM,24.0,True,41,False,11.0,24.2,39.6,38.0,False,4.7,120.299,False,63,2025,7,Emilia Romagna Grand Prix,2025_07
TSU,Red Bull Racing,54.0,2.0,MEDIUM,25.0,True,1,True,10.0,24.0,39.7,38.0,False,3.2,81.849,False,63,2025,7,Emilia Romagna Grand Prix,2025_07
TSU,Red Bull Racing,55.0,2.0,MEDIUM,26.0,True,1,True,10.0,24.1,39.9,38.0,False,3.3,80.83,False,63,2025,7,Emilia Romagna Grand Prix,2025_07
TSU,Red Bull Racing,56.0,2.0,MEDIUM,27.0,True,1,True,10.0,24.0,39.9,37.0,False,4.0,80.516,False,63,2025,7,Emilia Romagna Grand Prix,2025_07
TSU,Red Bull Racing,57.0,2.0,MEDIUM,28.0,True,1,True,10.0,24.0,39.3,37.0,False,3.1,80.649,False,63,2025,7,Emilia Romagna Grand Prix,2025_07
TSU,Red Bull Racing,58.0,2.0,MEDIUM,29.0,True,1,True,10.0,24.0,39.3,36.0,False,3.9,80.412,False,63,2025,7,Emilia Romagna Grand Prix,2025_07
TSU,Red Bull Racing,59.0,2.0,MEDIUM,30.0,True,1,True,10.0,24.0,39.5,38.0,False,3.8,80.457,False,63,2025,7,Emilia Romagna Grand Prix,2025_07
TSU,Red Bull Racing,60.0,2.0,MEDIUM,31.0,True,1,True,10.0,23.9,39.4,37.0,False,3.9,80.039,False,63,2025,7,Emilia Romagna Grand Prix,2025_07
TSU,Red Bull Racing,61.0,2.0,MEDIUM,32.0,True,1,True,10.0,24.0,39.4,37.0,False,3.3,80.081,False,63,2025,7,Emilia Romagna Grand Prix,2025_07
TSU,Red Bull Racing,62.0,2.0,MEDIUM,33.0,True,1,True,10.0,23.9,39.0,37.0,False,3.3,80.238,False,63,2025,7,Emilia Romagna Grand Prix,2025_07
TSU,Red Bull Racing,63.0,2.0,MEDIUM,34.0,True,1,True,10.0,23.8,38.6,37.0,False,1.7,80.47,False,63,2025,7,Emilia Romagna Grand Prix,2025_07
ALB,Williams,1.0,1.0,MEDIUM,1.0,True,1,False,7.0,24.0,45.0,39.0,False,3.4,87.403,False,63,2025,7,Emilia Romagna Grand Prix,2025_07
ALB,Williams,2.0,1.0,MEDIUM,2.0,True,1,True,7.0,24.0,45.2,39.0,False,3.5,82.323,False,63,2025,7,Emilia Romagna Grand Prix,2025_07
ALB,Williams,3.0,1.0,MEDIUM,3.0,True,1,True,7.0,24.0,45.4,39.0,False,2.6,81.774,False,63,2025,7,Emilia Romagna Grand Prix,2025_07
ALB,Williams,4.0,1.0,MEDIUM,4.0,True,1,True,7.0,24.1,44.8,38.0,False,4.1,81.753,False,63,2025,7,Emilia Romagna Grand Prix,2025_07
ALB,Williams,5.0,1.0,MEDIUM,5.0,True,1,True,7.0,24.0,44.7,38.0,False,4.6,81.615,False,63,2025,7,Emilia Romagna Grand Prix,2025_07
ALB,Williams,6.0,1.0,MEDIUM,6.0,True,1,True,7.0,23.9,43.4,40.0,False,1.5,81.666,False,63,2025,7,Emilia Romagna Grand Prix,2025_07
ALB,Williams,7.0,1.0,MEDIUM,7.0,True,1,True,7.0,23.8,43.5,40.0,False,2.4,81.583,False,63,2025,7,Emilia Romagna Grand Prix,2025_07
ALB,Williams,8.0,1.0,MEDIUM,8.0,True,1,True,7.0,24.0,43.1,39.0,False,3.3,81.953,False,63,2025,7,Emilia Romagna Grand Prix,2025_07
ALB,Williams,9.0,1.0,MEDIUM,9.0,True,1,True,7.0,24.1,43.2,39.0,False,3.6,81.974,False,63,2025,7,Emilia Romagna Grand Prix,2025_07
ALB,Williams,10.0,1.0,MEDIUM,10.0,True,1,True,7.0,24.0,43.2,40.0,False,3.0,82.603,False,63,2025,7,Emilia Romagna Grand Prix,2025_07
ALB,Williams,11.0,1.0,MEDIUM,11.0,True,1,True,5.0,24.2,42.7,39.0,False,3.1,83.71,False,63,2025,7,Emilia Romagna Grand Prix,2025_07
ALB,Williams,12.0,1.0,MEDIUM,12.0,True,1,True,4.0,24.2,42.9,39.0,False,4.1,82.292,False,63,2025,7,Emilia Romagna Grand Prix,2025_07
ALB,Williams,13.0,1.0,MEDIUM,13.0,True,1,True,4.0,24.1,42.9,38.0,False,4.6,81.758,False,63,2025,7,Emilia Romagna Grand Prix,2025_07
ALB,Williams,14.0,1.0,MEDIUM,14.0,True,1,True,3.0,24.1,42.5,39.0,False,3.7,81.979,False,63,2025,7,Emilia Romagna Grand Prix,2025_07
ALB,Williams,15.0,1.0,MEDIUM,15.0,True,1,True,3.0,24.1,42.7,39.0,False,2.6,82.018,False,63,2025,7,Emilia Romagna Grand Prix,2025_07
ALB,Williams,16.0,1.0,MEDIUM,16.0,True,1,True,3.0,24.0,42.5,39.0,False,3.1,81.788,False,63,2025,7,Emilia Romagna Grand Prix,2025_07
ALB,Williams,17.0,1.0,MEDIUM,17.0,True,1,True,3.0,24.2,42.5,39.0,False,3.1,81.798,False,63,2025,7,Emilia Romagna Grand Prix,2025_07
ALB,Williams,18.0,1.0,MEDIUM,18.0,True,1,True,3.0,24.1,42.5,39.0,False,3.5,81.82,False,63,2025,7,Emilia Romagna Grand Prix,2025_07
ALB,Williams,19.0,1.0,MEDIUM,19.0,True,1,True,3.0,24.3,41.7,39.0,False,4.8,81.779,False,63,2025,7,Emilia Romagna Grand Prix,2025_07
ALB,Williams,20.0,1.0,MEDIUM,20.0,True,1,True,3.0,24.1,41.7,39.0,False,3.2,81.975,False,63,2025,7,Emilia Romagna Grand Prix,2025_07
ALB,Williams,21.0,1.0,MEDIUM,21.0,True,1,True,3.0,24.0,41.7,40.0,False,3.2,82.002,False,63,2025,7,Emilia Romagna Grand Prix,2025_07
ALB,Williams,22.0,1.0,MEDIUM,22.0,True,1,True,3.0,23.9,41.8,40.0,False,2.1,81.812,False,63,2025,7,Emilia Romagna Grand Prix,2025_07
ALB,Williams,23.0,1.0,MEDIUM,23.0,True,1,True,3.0,23.8,41.7,38.0,False,2.7,81.801,False,63,2025,7,Emilia Romagna Grand Prix,2025_07
ALB,Williams,24.0,1.0,MEDIUM,24.0,True,1,True,3.0,23.8,41.7,40.0,False,3.3,81.84,False,63,2025,7,Emilia Romagna Grand Prix,2025_07
ALB,Williams,25.0,1.0,MEDIUM,25.0,True,1,True,3.0,23.8,41.8,39.0,False,2.5,82.239,False,63,2025,7,Emilia Romagna Grand Prix,2025_07
ALB,Williams,26.0,1.0,MEDIUM,26.0,True,1,True,3.0,24.0,41.4,38.0,False,2.7,82.456,False,63,2025,7,Emilia Romagna Grand Prix,2025_07
ALB,Williams,27.0,1.0,MEDIUM,27.0,True,1,True,3.0,24.1,41.8,38.0,False,2.6,82.058,False,63,2025,7,Emilia Romagna Grand Prix,2025_07
ALB,Williams,28.0,1.0,MEDIUM,28.0,True,1,True,3.0,24.0,41.8,39.0,False,1.4,82.457,False,63,2025,7,Emilia Romagna Grand Prix,2025_07
ALB,Williams,29.0,1.0,MEDIUM,29.0,True,126,False,2.0,24.2,41.8,37.0,False,2.9,103.058,True,63,2025,7,Emilia Romagna Grand Prix,2025_07
ALB,Williams,30.0,2.0,HARD,1.0,True,6,False,4.0,24.2,40.9,37.0,False,3.0,132.728,True,63,2025,7,Emilia Romagna Grand Prix,2025_07
ALB,Williams,31.0,2.0,HARD,2.0,True,671,False,3.0,24.2,41.3,37.0,False,3.4,87.378,False,63,2025,7,Emilia Romagna Grand Prix,2025_07
ALB,Williams,32.0,2.0,HARD,3.0,True,1,True,3.0,24.0,41.9,38.0,False,2.0,80.384,False,63,2025,7,Emilia Romagna Grand Prix,2025_07
ALB,Williams,33.0,2.0,HARD,4.0,True,1,True,3.0,23.9,41.9,38.0,False,3.2,80.686,False,63,2025,7,Emilia Romagna Grand Prix,2025_07
ALB,Williams,34.0,2.0,HARD,5.0,True,1,True,3.0,24.0,41.6,37.0,False,2.8,80.824,False,63,2025,7,Emilia Romagna Grand Prix,2025_07
ALB,Williams,35.0,2.0,HARD,6.0,True,1,True,3.0,24.2,41.3,38.0,False,4.2,80.722,False,63,2025,7,Emilia Romagna Grand Prix,2025_07
ALB,Williams,36.0,2.0,HARD,7.0,True,1,True,3.0,24.1,41.2,38.0,False,3.0,80.692,False,63,2025,7,Emilia Romagna Grand Prix,2025_07
ALB,Williams,37.0,2.0,HARD,8.0,True,1,True,3.0,24.1,40.9,39.0,False,3.5,80.695,False,63,2025,7,Emilia Romagna Grand Prix,2025_07
ALB,Williams,38.0,2.0,HARD,9.0,True,1,True,3.0,24.0,38.9,39.0,False,2.1,80.694,False,63,2025,7,Emilia Romagna Grand Prix,2025_07
ALB,Williams,39.0,2.0,HARD,10.0,True,1,True,3.0,23.9,38.6,39.0,False,3.1,80.518,False,63,2025,7,Emilia Romagna Grand Prix,2025_07
ALB,Williams,40.0,2.0,HARD,11.0,True,1,True,4.0,23.9,39.3,39.0,False,2.4,81.525,False,63,2025,7,Emilia Romagna Grand Prix,2025_07
ALB,Williams,41.0,2.0,HARD,12.0,True,1,True,4.0,23.8,39.3,38.0,False,3.9,80.744,False,63,2025,7,Emilia Romagna Grand Prix,2025_07
ALB,Williams,42.0,2.0,HARD,13.0,True,1,True,4.0,24.0,38.7,38.0,False,3.1,80.544,False,63,2025,7,Emilia Romagna Grand Prix,2025_07
ALB,Williams,43.0,2.0,HARD,14.0,True,1,True,4.0,24.0,38.7,38.0,False,3.4,80.388,False,63,2025,7,Emilia Romagna Grand Prix,2025_07
ALB,Williams,44.0,2.0,HARD,15.0,True,1,True,4.0,24.0,39.7,38.0,False,2.5,80.416,False,63,2025,7,Emilia Romagna Grand Prix,2025_07
ALB,Williams,45.0,2.0,HARD,16.0,True,12,True,4.0,24.1,39.7,38.0,False,3.1,80.509,False,63,2025,7,Emilia Romagna Grand Prix,2025_07
ALB,Williams,46.0,2.0,HARD,17.0,True,24,False,4.0,24.1,40.1,38.0,False,2.9,106.652,False,63,2025,7,Emilia Romagna Grand Prix,2025_07
ALB,Williams,47.0,2.0,HARD,18.0,True,4,False,4.0,24.1,39.4,38.0,False,4.1,116.404,True,63,2025,7,Emilia Romagna Grand Prix,2025_07
ALB,Williams,48.0,3.0,HARD,1.0,True,4,False,5.0,24.0,39.6,38.0,False,3.5,121.347,True,63,2025,7,Emilia Romagna Grand Prix,2025_07
ALB,Williams,49.0,3.0,HARD,2.0,True,4,False,5.0,24.0,40.1,38.0,False,2.6,113.156,False,63,2025,7,Emilia Romagna Grand Prix,2025_07
ALB,Williams,50.0,3.0,HARD,3.0,True,4,False,5.0,24.3,40.5,38.0,False,3.2,129.158,False,63,2025,7,Emilia Romagna Grand Prix,2025_07
ALB,Williams,51.0,3.0,HARD,4.0,True,4,False,5.0,24.3,40.1,38.0,False,3.3,123.696,False,63,2025,7,Emilia Romagna Grand Prix,2025_07
ALB,Williams,52.0,3.0,HARD,5.0,True,4,False,5.0,24.3,39.7,38.0,False,4.4,118.937,False,63,2025,7,Emilia Romagna Grand Prix,2025_07
ALB,Williams,53.0,3.0,HARD,6.0,True,41,False,5.0,24.2,39.6,38.0,False,4.7,127.91,False,63,2025,7,Emilia Romagna Grand Prix,2025_07
ALB,Williams,54.0,3.0,HARD,7.0,True,1,True,5.0,24.0,39.7,38.0,False,3.2,80.657,False,63,2025,7,Emilia Romagna Grand Prix,2025_07
ALB,Williams,55.0,3.0,HARD,8.0,True,1,True,5.0,24.1,39.9,38.0,False,3.3,79.649,False,63,2025,7,Emilia Romagna Grand Prix,2025_07
ALB,Williams,56.0,3.0,HARD,9.0,True,1,True,5.0,24.0,39.9,37.0,False,4.0,78.872,False,63,2025,7,Emilia Romagna Grand Prix,2025_07
ALB,Williams,57.0,3.0,HARD,10.0,True,1,True,5.0,24.0,39.7,37.0,False,3.7,79.019,False,63,2025,7,Emilia Romagna Grand Prix,2025_07
ALB,Williams,58.0,3.0,HARD,11.0,True,1,True,5.0,24.0,39.3,36.0,False,3.9,80.287,False,63,2025,7,Emilia Romagna Grand Prix,2025_07
ALB,Williams,59.0,3.0,HARD,12.0,True,1,True,5.0,24.0,39.5,38.0,False,3.8,80.099,False,63,2025,7,Emilia Romagna Grand Prix,2025_07
ALB,Williams,60.0,3.0,HARD,13.0,True,1,True,6.0,24.0,39.5,38.0,False,2.0,81.386,False,63,2025,7,Emilia Romagna Grand Prix,2025_07
ALB,Williams,61.0,3.0,HARD,14.0,True,1,True,6.0,24.0,39.4,37.0,False,3.3,79.964,False,63,2025,7,Emilia Romagna Grand Prix,2025_07
ALB,Williams,62.0,3.0,HARD,15.0,True,1,True,6.0,23.9,39.0,37.0,False,3.3,80.928,False,63,2025,7,Emilia Romagna Grand Prix,2025_07
ALB,Williams,63.0,3.0,HARD,16.0,True,1,True,5.0,23.9,38.9,37.0,False,2.9,78.289,False,63,2025,7,Emilia Romagna Grand Prix,2025_07
HUL,Kick Sauber,1.0,1.0,HARD,1.0,True,1,False,16.0,24.0,45.0,39.0,False,3.4,91.936,False,63,2025,7,Emilia Romagna Grand Prix,2025_07
HUL,Kick Sauber,2.0,1.0,HARD,2.0,True,1,True,16.0,24.0,45.2,39.0,False,3.5,83.279,False,63,2025,7,Emilia Romagna Grand Prix,2025_07
HUL,Kick Sauber,3.0,1.0,HARD,3.0,True,1,True,16.0,24.0,45.4,39.0,False,2.6,82.67,False,63,2025,7,Emilia Romagna Grand Prix,2025_07
HUL,Kick Sauber,4.0,1.0,HARD,4.0,True,1,True,16.0,24.1,44.8,38.0,False,4.1,82.434,False,63,2025,7,Emilia Romagna Grand Prix,2025_07
HUL,Kick Sauber,5.0,1.0,HARD,5.0,True,1,True,16.0,23.9,43.4,38.0,False,3.0,81.922,False,63,2025,7,Emilia Romagna Grand Prix,2025_07
HUL,Kick Sauber,6.0,1.0,HARD,6.0,True,1,True,16.0,23.9,43.4,40.0,False,1.5,82.171,False,63,2025,7,Emilia Romagna Grand Prix,2025_07
HUL,Kick Sauber,7.0,1.0,HARD,7.0,True,1,True,16.0,23.8,43.5,40.0,False,2.4,82.228,False,63,2025,7,Emilia Romagna Grand Prix,2025_07
HUL,Kick Sauber,8.0,1.0,HARD,8.0,True,1,True,16.0,24.0,43.1,39.0,False,3.3,82.284,False,63,2025,7,Emilia Romagna Grand Prix,2025_07
HUL,Kick Sauber,9.0,1.0,HARD,9.0,True,1,True,15.0,24.1,43.2,39.0,False,3.6,82.135,False,63,2025,7,Emilia Romagna Grand Prix,2025_07
HUL,Kick Sauber,10.0,1.0,HARD,10.0,True,1,True,14.0,24.0,43.2,40.0,False,3.0,82.034,False,63,2025,7,Emilia Romagna Grand Prix,2025_07
HUL,Kick Sauber,11.0,1.0,HARD,11.0,True,1,True,13.0,24.2,42.7,39.0,False,3.1,82.417,False,63,2025,7,Emilia Romagna Grand Prix,2025_07
HUL,Kick Sauber,12.0,1.0,HARD,12.0,True,1,True,10.0,24.2,42.9,39.0,False,4.1,82.715,False,63,2025,7,Emilia Romagna Grand Prix,2025_07
HUL,Kick Sauber,13.0,1.0,HARD,13.0,True,1,True,9.0,24.1,42.7,38.0,False,3.9,82.468,False,63,2025,7,Emilia Romagna Grand Prix,2025_07
HUL,Kick Sauber,14.0,1.0,HARD,14.0,True,1,True,8.0,24.1,42.5,39.0,False,3.7,82.597,False,63,2025,7,Emilia Romagna Grand Prix,2025_07
HUL,Kick Sauber,15.0,1.0,HARD,15.0,True,1,True,7.0,24.1,42.7,39.0,False,2.6,82.467,False,63,2025,7,Emilia Romagna Grand Prix,2025_07
HUL,Kick Sauber,16.0,1.0,HARD,16.0,True,1,True,7.0,24.0,42.5,39.0,False,3.1,82.271,False,63,2025,7,Emilia Romagna Grand Prix,2025_07
HUL,Kick Sauber,17.0,1.0,HARD,17.0,True,1,True,7.0,24.2,42.5,39.0,False,3.1,82.371,False,63,2025,7,Emilia Romagna Grand Prix,2025_07
HUL,Kick Sauber,18.0,1.0,HARD,18.0,True,1,True,7.0,24.1,42.5,39.0,False,3.5,82.325,False,63,2025,7,Emilia Romagna Grand Prix,2025_07
HUL,Kick Sauber,19.0,1.0,HARD,19.0,True,1,True,7.0,24.3,41.7,39.0,False,4.8,82.431,False,63,2025,7,Emilia Romagna Grand Prix,2025_07
HUL,Kick Sauber,20.0,1.0,HARD,20.0,True,1,True,7.0,24.1,41.7,39.0,False,3.2,82.868,False,63,2025,7,Emilia Romagna Grand Prix,2025_07
HUL,Kick Sauber,21.0,1.0,HARD,21.0,True,1,True,7.0,23.9,41.6,40.0,False,2.9,82.644,False,63,2025,7,Emilia Romagna Grand Prix,2025_07
HUL,Kick Sauber,22.0,1.0,HARD,22.0,True,1,True,8.0,23.9,41.8,40.0,False,2.1,83.742,False,63,2025,7,Emilia Romagna Grand Prix,2025_07
HUL,Kick Sauber,23.0,1.0,HARD,23.0,True,1,True,8.0,23.8,41.7,38.0,False,2.7,82.55,False,63,2025,7,Emilia Romagna Grand Prix,2025_07
HUL,Kick Sauber,24.0,1.0,HARD,24.0,True,1,True,8.0,23.8,41.6,40.0,False,1.8,82.342,False,63,2025,7,Emilia Romagna Grand Prix,2025_07
HUL,Kick Sauber,25.0,1.0,HARD,25.0,True,1,True,8.0,23.8,41.8,39.0,False,2.5,82.343,False,63,2025,7,Emilia Romagna Grand Prix,2025_07
HUL,Kick Sauber,26.0,1.0,HARD,26.0,True,1,True,8.0,24.0,41.4,38.0,False,2.7,82.726,False,63,2025,7,Emilia Romagna Grand Prix,2025_07
HUL,Kick Sauber,27.0,1.0,HARD,27.0,True,1,True,9.0,24.1,41.8,38.0,False,2.6,83.464,False,63,2025,7,Emilia Romagna Grand Prix,2025_07
HUL,Kick Sauber,28.0,1.0,HARD,28.0,True,12,True,9.0,24.0,41.8,39.0,False,1.4,82.175,False,63,2025,7,Emilia Romagna Grand Prix,2025_07
HUL,Kick Sauber,29.0,1.0,HARD,29.0,True,26,False,9.0,24.3,41.7,38.0,False,2.4,108.201,True,63,2025,7,Emilia Romagna Grand Prix,2025_07
HUL,Kick Sauber,30.0,2.0,MEDIUM,1.0,True,67,False,11.0,24.2,40.9,37.0,False,3.0,132.394,True,63,2025,7,Emilia Romagna Grand Prix,2025_07
HUL,Kick Sauber,31.0,2.0,MEDIUM,2.0,True,71,False,11.0,24.0,41.6,38.0,False,3.8,82.433,False,63,2025,7,Emilia Romagna Grand Prix,2025_07
HUL,Kick Sauber,32.0,2.0,MEDIUM,3.0,True,1,True,11.0,24.0,41.9,38.0,False,2.0,81.609,False,63,2025,7,Emilia Romagna Grand Prix,2025_07
HUL,Kick Sauber,33.0,2.0,MEDIUM,4.0,True,1,True,12.0,23.9,41.9,38.0,False,3.2,82.487,False,63,2025,7,Emilia Romagna Grand Prix,2025_07
HUL,Kick Sauber,34.0,2.0,MEDIUM,5.0,True,1,True,12.0,24.2,41.4,38.0,False,3.9,82.363,False,63,2025,7,Emilia Romagna Grand Prix,2025_07
HUL,Kick Sauber,35.0,2.0,MEDIUM,6.0,True,1,True,12.0,24.2,41.3,38.0,False,4.2,82.644,False,63,2025,7,Emilia Romagna Grand Prix,2025_07
HUL,Kick Sauber,36.0,2.0,MEDIUM,7.0,True,1,True,11.0,24.1,41.2,38.0,False,3.0,81.62,False,63,2025,7,Emilia Romagna Grand Prix,2025_07
HUL,Kick Sauber,37.0,2.0,MEDIUM,8.0,True,1,True,11.0,24.1,39.9,39.0,False,3.0,82.024,False,63,2025,7,Emilia Romagna Grand Prix,2025_07
HUL,Kick Sauber,38.0,2.0,MEDIUM,9.0,True,1,True,11.0,24.0,38.9,39.0,False,2.1,81.522,False,63,2025,7,Emilia Romagna Grand Prix,2025_07
HUL,Kick Sauber,39.0,2.0,MEDIUM,10.0,True,1,True,10.0,23.9,39.3,39.0,False,2.4,80.482,False,63,2025,7,Emilia Romagna Grand Prix,2025_07
HUL,Kick Sauber,40.0,2.0,MEDIUM,11.0,True,1,True,10.0,23.7,39.8,38.0,False,2.9,81.452,False,63,2025,7,Emilia Romagna Grand Prix,2025_07
HUL,Kick Sauber,41.0,2.0,MEDIUM,12.0,True,1,True,10.0,23.8,39.3,38.0,False,3.9,81.475,False,63,2025,7,Emilia Romagna Grand Prix,2025_07
HUL,Kick Sauber,42.0,2.0,MEDIUM,13.0,True,1,True,11.0,24.0,38.7,38.0,False,3.4,82.395,False,63,2025,7,Emilia Romagna Grand Prix,2025_07
HUL,Kick Sauber,43.0,2.0,MEDIUM,14.0,True,1,True,11.0,24.0,39.4,38.0,False,1.9,81.66,False,63,2025,7,Emilia Romagna Grand Prix,2025_07
HUL,Kick Sauber,44.0,2.0,MEDIUM,15.0,True,1,True,11.0,24.0,39.7,38.0,False,2.5,81.474,False,63,2025,7,Emilia Romagna Grand Prix,2025_07
HUL,Kick Sauber,45.0,2.0,MEDIUM,16.0,True,124,False,10.0,24.1,40.1,38.0,False,2.9,89.397,False,63,2025,7,Emilia Romagna Grand Prix,2025_07
HUL,Kick Sauber,46.0,2.0,MEDIUM,17.0,True,4,False,10.0,24.1,40.1,37.0,False,2.6,111.049,False,63,2025,7,Emilia Romagna Grand Prix,2025_07
HUL,Kick Sauber,47.0,2.0,MEDIUM,18.0,True,4,False,10.0,24.0,39.5,38.0,False,3.2,108.664,False,63,2025,7,Emilia Romagna Grand Prix,2025_07
HUL,Kick Sauber,48.0,2.0,MEDIUM,19.0,True,4,False,10.0,24.0,40.1,37.0,False,3.3,96.493,False,63,2025,7,Emilia Romagna Grand Prix,2025_07
HUL,Kick Sauber,49.0,2.0,MEDIUM,20.0,True,4,False,10.0,24.0,40.1,38.0,False,2.6,107.896,False,63,2025,7,Emilia Romagna Grand Prix,2025_07
HUL,Kick Sauber,50.0,2.0,MEDIUM,21.0,True,4,False,10.0,24.3,40.5,38.0,False,3.2,129.497,False,63,2025,7,Emilia Romagna Grand Prix,2025_07
HUL,Kick Sauber,51.0,2.0,MEDIUM,22.0,True,4,False,10.0,24.3,40.1,38.0,False,3.3,123.766,False,63,2025,7,Emilia Romagna Grand Prix,2025_07
HUL,Kick Sauber,52.0,2.0,MEDIUM,23.0,True,4,False,10.0,24.3,39.7,38.0,False,4.4,118.789,False,63,2025,7,Emilia Romagna Grand Prix,2025_07
HUL,Kick Sauber,53.0,2.0,MEDIUM,24.0,True,41,False,10.0,24.2,39.6,38.0,False,4.7,121.92,False,63,2025,7,Emilia Romagna Grand Prix,2025_07
HUL,Kick Sauber,54.0,2.0,MEDIUM,25.0,True,1,True,11.0,24.0,39.7,38.0,False,3.2,82.931,False,63,2025,7,Emilia Romagna Grand Prix,2025_07
HUL,Kick Sauber,55.0,2.0,MEDIUM,26.0,True,1,True,11.0,24.1,39.9,38.0,False,3.3,81.045,False,63,2025,7,Emilia Romagna Grand Prix,2025_07
HUL,Kick Sauber,56.0,2.0,MEDIUM,27.0,True,1,True,11.0,24.0,39.9,37.0,False,4.0,80.584,False,63,2025,7,Emilia Romagna Grand Prix,2025_07
HUL,Kick Sauber,57.0,2.0,MEDIUM,28.0,True,1,True,11.0,24.0,39.3,37.0,False,3.1,80.479,False,63,2025,7,Emilia Romagna Grand Prix,2025_07
HUL,Kick Sauber,58.0,2.0,MEDIUM,29.0,True,1,True,11.0,24.0,39.3,36.0,False,3.9,80.614,False,63,2025,7,Emilia Romagna Grand Prix,2025_07
HUL,Kick Sauber,59.0,2.0,MEDIUM,30.0,True,1,True,12.0,24.0,39.5,38.0,False,3.8,81.455,False,63,2025,7,Emilia Romagna Grand Prix,2025_07
HUL,Kick Sauber,60.0,2.0,MEDIUM,31.0,True,1,True,12.0,23.9,39.4,37.0,False,3.9,80.432,False,63,2025,7,Emilia Romagna Grand Prix,2025_07
HUL,Kick Sauber,61.0,2.0,MEDIUM,32.0,True,1,True,12.0,24.0,39.4,37.0,False,3.3,80.924,False,63,2025,7,Emilia Romagna Grand Prix,2025_07
HUL,Kick Sauber,62.0,2.0,MEDIUM,33.0,True,1,True,12.0,23.9,39.0,37.0,False,3.3,80.401,False,63,2025,7,Emilia Romagna Grand Prix,2025_07
HUL,Kick Sauber,63.0,2.0,MEDIUM,34.0,True,1,True,12.0,23.8,38.6,37.0,False,1.7,80.915,False,63,2025,7,Emilia Romagna Grand Prix,2025_07
LAW,Racing Bulls,1.0,1.0,MEDIUM,1.0,True,1,False,15.0,24.0,45.0,39.0,False,3.4,90.945,False,63,2025,7,Emilia Romagna Grand Prix,2025_07
LAW,Racing Bulls,2.0,1.0,MEDIUM,2.0,True,1,True,15.0,24.0,45.2,39.0,False,3.5,83.63,False,63,2025,7,Emilia Romagna Grand Prix,2025_07
LAW,Racing Bulls,3.0,1.0,MEDIUM,3.0,True,1,True,15.0,24.0,45.4,39.0,False,2.6,82.737,False,63,2025,7,Emilia Romagna Grand Prix,2025_07
LAW,Racing Bulls,4.0,1.0,MEDIUM,4.0,True,1,True,15.0,24.1,44.8,38.0,False,4.1,82.11,False,63,2025,7,Emilia Romagna Grand Prix,2025_07
LAW,Racing Bulls,5.0,1.0,MEDIUM,5.0,True,1,True,15.0,23.9,43.4,38.0,False,3.0,81.917,False,63,2025,7,Emilia Romagna Grand Prix,2025_07
LAW,Racing Bulls,6.0,1.0,MEDIUM,6.0,True,1,True,15.0,23.9,43.4,40.0,False,1.5,81.798,False,63,2025,7,Emilia Romagna Grand Prix,2025_07
LAW,Racing Bulls,7.0,1.0,MEDIUM,7.0,True,1,True,15.0,23.8,43.5,40.0,False,2.4,82.064,False,63,2025,7,Emilia Romagna Grand Prix,2025_07
LAW,Racing Bulls,8.0,1.0,MEDIUM,8.0,True,1,True,15.0,24.0,43.1,39.0,False,3.3,82.111,False,63,2025,7,Emilia Romagna Grand Prix,2025_07
LAW,Racing Bulls,9.0,1.0,MEDIUM,9.0,True,1,True,14.0,24.1,43.2,39.0,False,3.6,82.127,False,63,2025,7,Emilia Romagna Grand Prix,2025_07
LAW,Racing Bulls,10.0,1.0,MEDIUM,10.0,True,1,False,17.0,24.0,43.2,40.0,False,3.0,86.2,True,63,2025,7,Emilia Romagna Grand Prix,2025_07
LAW,Racing Bulls,11.0,2.0,HARD,1.0,True,1,False,20.0,24.2,42.7,39.0,False,3.1,105.452,True,63,2025,7,Emilia Romagna Grand Prix,2025_07
LAW,Racing Bulls,12.0,2.0,HARD,2.0,True,1,True,20.0,24.1,42.9,38.0,False,4.6,81.703,False,63,2025,7,Emilia Romagna Grand Prix,2025_07
LAW,Racing Bulls,13.0,2.0,HARD,3.0,True,1,True,19.0,24.1,42.7,38.0,False,3.9,81.245,False,63,2025,7,Emilia Romagna Grand Prix,2025_07
LAW,Racing Bulls,14.0,2.0,HARD,4.0,True,1,True,19.0,24.1,42.5,39.0,False,3.7,82.482,False,63,2025,7,Emilia Romagna Grand Prix,2025_07
LAW,Racing Bulls,15.0,2.0,HARD,5.0,True,1,True,18.0,24.0,42.8,39.0,False,2.5,82.217,False,63,2025,7,Emilia Romagna Grand Prix,2025_07
LAW,Racing Bulls,16.0,2.0,HARD,6.0,True,1,True,18.0,24.0,42.5,39.0,False,3.1,81.992,False,63,2025,7,Emilia Romagna Grand Prix,2025_07
LAW,Racing Bulls,17.0,2.0,HARD,7.0,True,1,True,18.0,24.2,42.5,39.0,False,3.1,82.129,False,63,2025,7,Emilia Romagna Grand Prix,2025_07
LAW,Racing Bulls,18.0,2.0,HARD,8.0,True,1,True,18.0,24.3,42.3,39.0,False,1.6,82.003,False,63,2025,7,Emilia Romagna Grand Prix,2025_07
LAW,Racing Bulls,19.0,2.0,HARD,9.0,True,1,True,18.0,24.3,41.7,39.0,False,4.8,81.977,False,63,2025,7,Emilia Romagna Grand Prix,2025_07
LAW,Racing Bulls,20.0,2.0,HARD,10.0,True,1,True,18.0,24.0,41.7,40.0,False,3.2,82.167,False,63,2025,7,Emilia Romagna Grand Prix,2025_07
LAW,Racing Bulls,21.0,2.0,HARD,11.0,True,1,True,18.0,23.9,41.6,40.0,False,2.9,82.153,False,63,2025,7,Emilia Romagna Grand Prix,2025_07
LAW,Racing Bulls,22.0,2.0,HARD,12.0,True,1,True,18.0,23.9,41.8,40.0,False,2.1,82.063,False,63,2025,7,Emilia Romagna Grand Prix,2025_07
LAW,Racing Bulls,23.0,2.0,HARD,13.0,True,1,True,17.0,23.8,41.7,40.0,False,3.3,82.447,False,63,2025,7,Emilia Romagna Grand Prix,2025_07
LAW,Racing Bulls,24.0,2.0,HARD,14.0,True,1,True,17.0,23.8,41.6,40.0,False,1.8,82.154,False,63,2025,7,Emilia Romagna Grand Prix,2025_07
LAW,Racing Bulls,25.0,2.0,HARD,15.0,True,1,True,17.0,23.8,41.8,39.0,False,2.5,82.499,False,63,2025,7,Emilia Romagna Grand Prix,2025_07
LAW,Racing Bulls,26.0,2.0,HARD,16.0,True,1,True,17.0,24.2,41.5,40.0,False,2.5,82.724,False,63,2025,7,Emilia Romagna Grand Prix,2025_07
LAW,Racing Bulls,27.0,2.0,HARD,17.0,True,1,True,17.0,24.1,41.8,38.0,False,2.6,82.879,False,63,2025,7,Emilia Romagna Grand Prix,2025_07
LAW,Racing Bulls,28.0,2.0,HARD,18.0,True,12,True,17.0,24.2,41.8,37.0,False,2.9,82.945,False,63,2025,7,Emilia Romagna Grand Prix,2025_07
LAW,Racing Bulls,29.0,2.0,HARD,19.0,True,26,False,17.0,24.3,41.7,38.0,False,2.4,115.803,True,63,2025,7,Emilia Romagna Grand Prix,2025_07
LAW,Racing Bulls,30.0,3.0,HARD,1.0,True,671,False,18.0,24.3,40.9,37.0,False,3.8,126.307,True,63,2025,7,Emilia Romagna Grand Prix,2025_07
LAW,Racing Bulls,31.0,3.0,HARD,2.0,True,1,True,18.0,24.0,41.6,38.0,False,3.8,81.274,False,63,2025,7,Emilia Romagna Grand Prix,2025_07
LAW,Racing Bulls,32.0,3.0,HARD,3.0,True,1,True,17.0,24.0,41.9,38.0,False,2.0,80.9,False,63,2025,7,Emilia Romagna Grand Prix,2025_07
LAW,Racing Bulls,33.0,3.0,HARD,4.0,True,1,True,17.0,24.0,41.6,37.0,False,2.8,81.159,False,63,2025,7,Emilia Romagna Grand Prix,2025_07
LAW,Racing Bulls,34.0,3.0,HARD,5.0,True,1,True,17.0,24.2,41.4,38.0,False,3.9,81.108,False,63,2025,7,Emilia Romagna Grand Prix,2025_07
LAW,Racing Bulls,35.0,3.0,HARD,6.0,True,1,True,17.0,24.2,41.3,38.0,False,4.2,81.125,False,63,2025,7,Emilia Romagna Grand Prix,2025_07
LAW,Racing Bulls,36.0,3.0,HARD,7.0,True,1,True,17.0,24.1,40.9,39.0,False,3.5,81.077,False,63,2025,7,Emilia Romagna Grand Prix,2025_07
LAW,Racing Bulls,37.0,3.0,HARD,8.0,True,1,True,17.0,24.1,39.9,39.0,False,3.0,80.993,False,63,2025,7,Emilia Romagna Grand Prix,2025_07
LAW,Racing Bulls,38.0,3.0,HARD,9.0,True,1,True,17.0,24.0,38.9,39.0,False,2.1,81.109,False,63,2025,7,Emilia Romagna Grand Prix,2025_07
LAW,Racing Bulls,39.0,3.0,HARD,10.0,True,1,True,17.0,23.9,39.3,39.0,False,2.4,81.033,False,63,2025,7,Emilia Romagna Grand Prix,2025_07
LAW,Racing Bulls,40.0,3.0,HARD,11.0,True,1,True,17.0,23.7,39.8,38.0,False,2.9,81.218,False,63,2025,7,Emilia Romagna Grand Prix,2025_07
LAW,Racing Bulls,41.0,3.0,HARD,12.0,True,1,True,17.0,23.8,39.3,38.0,False,3.9,81.417,False,63,2025,7,Emilia Romagna Grand Prix,2025_07
LAW,Racing Bulls,42.0,3.0,HARD,13.0,True,1,True,17.0,24.0,38.7,38.0,False,3.4,81.034,False,63,2025,7,Emilia Romagna Grand Prix,2025_07
LAW,Racing Bulls,43.0,3.0,HARD,14.0,True,1,True,17.0,24.0,39.4,38.0,False,1.9,82.025,False,63,2025,7,Emilia Romagna Grand Prix,2025_07
LAW,Racing Bulls,44.0,3.0,HARD,15.0,True,1,True,17.0,24.1,39.7,38.0,False,3.1,83.089,False,63,2025,7,Emilia Romagna Grand Prix,2025_07
LAW,Racing Bulls,45.0,3.0,HARD,16.0,True,124,False,16.0,24.1,40.1,38.0,False,2.9,93.585,False,63,2025,7,Emilia Romagna Grand Prix,2025_07
LAW,Racing Bulls,46.0,3.0,HARD,17.0,True,4,False,15.0,24.1,40.1,37.0,False,2.6,113.018,False,63,2025,7,Emilia Romagna Grand Prix,2025_07
LAW,Racing Bulls,47.0,3.0,HARD,18.0,True,4,False,13.0,24.0,39.5,38.0,False,3.2,100.029,False,63,2025,7,Emilia Romagna Grand Prix,2025_07
LAW,Racing Bulls,48.0,3.0,HARD,19.0,True,4,False,13.0,24.0,40.1,37.0,False,3.3,96.083,False,63,2025,7,Emilia Romagna Grand Prix,2025_07
LAW,Racing Bulls,49.0,3.0,HARD,20.0,True,4,False,13.0,24.2,40.5,38.0,False,3.3,101.51,False,63,2025,7,Emilia Romagna Grand Prix,2025_07
LAW,Racing Bulls,50.0,3.0,HARD,21.0,True,4,False,13.0,24.3,40.5,38.0,False,3.2,129.9,False,63,2025,7,Emilia Romagna Grand Prix,2025_07
LAW,Racing Bulls,51.0,3.0,HARD,22.0,True,4,False,13.0,24.3,40.1,38.0,False,3.3,124.425,False,63,2025,7,Emilia Romagna Grand Prix,2025_07
LAW,Racing Bulls,52.0,3.0,HARD,23.0,True,4,False,13.0,24.3,39.6,38.0,False,4.7,118.839,False,63,2025,7,Emilia Romagna Grand Prix,2025_07
LAW,Racing Bulls,53.0,3.0,HARD,24.0,True,41,False,13.0,24.1,39.6,38.0,False,4.9,117.959,False,63,2025,7,Emilia Romagna Grand Prix,2025_07
LAW,Racing Bulls,54.0,3.0,HARD,25.0,True,1,True,13.0,24.0,39.7,38.0,False,3.2,82.707,False,63,2025,7,Emilia Romagna Grand Prix,2025_07
LAW,Racing Bulls,55.0,3.0,HARD,26.0,True,1,True,14.0,24.1,39.9,38.0,False,3.3,82.477,False,63,2025,7,Emilia Romagna Grand Prix,2025_07
LAW,Racing Bulls,56.0,3.0,HARD,27.0,True,1,True,14.0,24.0,39.9,37.0,False,4.0,80.583,False,63,2025,7,Emilia Romagna Grand Prix,2025_07
LAW,Racing Bulls,57.0,3.0,HARD,28.0,True,1,True,14.0,24.0,39.3,37.0,False,3.1,80.762,False,63,2025,7,Emilia Romagna Grand Prix,2025_07
LAW,Racing Bulls,58.0,3.0,HARD,29.0,True,1,True,14.0,24.0,39.3,36.0,False,3.9,80.565,False,63,2025,7,Emilia Romagna Grand Prix,2025_07
LAW,Racing Bulls,59.0,3.0,HARD,30.0,True,1,True,14.0,24.0,39.5,38.0,False,3.8,80.757,False,63,2025,7,Emilia Romagna Grand Prix,2025_07
LAW,Racing Bulls,60.0,3.0,HARD,31.0,True,1,True,14.0,23.9,39.4,37.0,False,3.9,80.473,False,63,2025,7,Emilia Romagna Grand Prix,2025_07
LAW,Racing Bulls,61.0,3.0,HARD,32.0,True,1,True,14.0,24.0,39.4,37.0,False,3.3,80.687,False,63,2025,7,Emilia Romagna Grand Prix,2025_07
LAW,Racing Bulls,62.0,3.0,HARD,33.0,True,1,True,14.0,23.9,39.0,37.0,False,3.3,80.861,False,63,2025,7,Emilia Romagna Grand Prix,2025_07
LAW,Racing Bulls,63.0,3.0,HARD,34.0,True,1,True,14.0,23.8,38.6,37.0,False,1.7,80.949,False,63,2025,7,Emilia Romagna Grand Prix,2025_07
OCO,Haas F1 Team,1.0,1.0,MEDIUM,1.0,True,1,False,20.0,24.0,45.0,39.0,False,3.4,96.497,True,63,2025,7,Emilia Romagna Grand Prix,2025_07
OCO,Haas F1 Team,2.0,2.0,HARD,1.0,True,1,False,20.0,24.1,45.3,39.0,False,3.8,104.487,True,63,2025,7,Emilia Romagna Grand Prix,2025_07
OCO,Haas F1 Team,3.0,2.0,HARD,2.0,True,1,True,20.0,24.0,45.4,39.0,False,2.6,81.413,False,63,2025,7,Emilia Romagna Grand Prix,2025_07
OCO,Haas F1 Team,4.0,2.0,HARD,3.0,True,1,True,20.0,24.0,44.7,38.0,False,4.6,81.423,False,63,2025,7,Emilia Romagna Grand Prix,2025_07
OCO,Haas F1 Team,5.0,2.0,HARD,4.0,True,1,True,20.0,23.9,43.4,38.0,False,3.0,81.651,False,63,2025,7,Emilia Romagna Grand Prix,2025_07
OCO,Haas F1 Team,6.0,2.0,HARD,5.0,True,1,True,20.0,23.9,43.4,40.0,False,1.5,81.609,False,63,2025,7,Emilia Romagna Grand Prix,2025_07
OCO,Haas F1 Team,7.0,2.0,HARD,6.0,True,1,True,20.0,23.9,43.2,39.0,False,4.3,81.798,False,63,2025,7,Emilia Romagna Grand Prix,2025_07
OCO,Haas F1 Team,8.0,2.0,HARD,7.0,True,1,True,20.0,24.0,43.1,39.0,False,3.3,81.796,False,63,2025,7,Emilia Romagna Grand Prix,2025_07
OCO,Haas F1 Team,9.0,2.0,HARD,8.0,True,1,True,20.0,24.1,43.2,39.0,False,3.6,81.885,False,63,2025,7,Emilia Romagna Grand Prix,2025_07
OCO,Haas F1 Team,10.0,2.0,HARD,9.0,True,1,True,19.0,24.0,43.2,38.0,False,2.2,82.205,False,63,2025,7,Emilia Romagna Grand Prix,2025_07
OCO,Haas F1 Team,11.0,2.0,HARD,10.0,True,1,True,18.0,24.2,42.7,39.0,False,3.1,82.226,False,63,2025,7,Emilia Romagna Grand Prix,2025_07
OCO,Haas F1 Team,12.0,2.0,HARD,11.0,True,1,True,18.0,24.1,42.9,38.0,False,4.6,82.524,False,63,2025,7,Emilia Romagna Grand Prix,2025_07
OCO,Haas F1 Team,13.0,2.0,HARD,12.0,True,1,True,17.0,24.1,42.7,38.0,False,3.9,82.85,False,63,2025,7,Emilia Romagna Grand Prix,2025_07
OCO,Haas F1 Team,14.0,2.0,HARD,13.0,True,1,True,18.0,24.1,42.5,39.0,False,3.7,83.867,False,63,2025,7,Emilia Romagna Grand Prix,2025_07
OCO,Haas F1 Team,15.0,2.0,HARD,14.0,True,1,True,19.0,24.0,42.8,39.0,False,2.5,84.079,False,63,2025,7,Emilia Romagna Grand Prix,2025_07
OCO,Haas F1 Team,16.0,2.0,HARD,15.0,True,1,True,20.0,24.0,42.5,39.0,False,3.1,83.956,False,63,2025,7,Emilia Romagna Grand Prix,2025_07
OCO,Haas F1 Team,17.0,2.0,HARD,16.0,True,1,True,20.0,24.2,42.5,39.0,False,3.1,82.838,False,63,2025,7,Emilia Romagna Grand Prix,2025_07
OCO,Haas F1 Team,18.0,2.0,HARD,17.0,True,1,True,20.0,24.3,42.3,39.0,False,1.6,82.716,False,63,2025,7,Emilia Romagna Grand Prix,2025_07
OCO,Haas F1 Team,19.0,2.0,HARD,18.0,True,1,True,20.0,24.3,41.7,39.0,False,4.8,82.432,False,63,2025,7,Emilia Romagna Grand Prix,2025_07
OCO,Haas F1 Team,20.0,2.0,HARD,19.0,True,1,True,20.0,24.0,41.7,40.0,False,3.2,82.736,False,63,2025,7,Emilia Romagna Grand Prix,2025_07
OCO,Haas F1 Team,21.0,2.0,HARD,20.0,True,1,True,20.0,23.9,41.6,40.0,False,2.9,82.166,False,63,2025,7,Emilia Romagna Grand Prix,2025_07
OCO,Haas F1 Team,22.0,2.0,HARD,21.0,True,1,True,20.0,23.9,41.8,40.0,False,2.1,82.651,False,63,2025,7,Emilia Romagna Grand Prix,2025_07
OCO,Haas F1 Team,23.0,2.0,HARD,22.0,True,1,True,19.0,23.8,41.7,40.0,False,3.3,82.434,False,63,2025,7,Emilia Romagna Grand Prix,2025_07
OCO,Haas F1 Team,24.0,2.0,HARD,23.0,True,1,True,19.0,23.8,41.6,40.0,False,1.8,82.396,False,63,2025,7,Emilia Romagna Grand Prix,2025_07
OCO,Haas F1 Team,25.0,2.0,HARD,24.0,True,1,True,19.0,23.8,41.8,39.0,False,2.5,82.594,False,63,2025,7,Emilia Romagna Grand Prix,2025_07
OCO,Haas F1 Team,26.0,2.0,HARD,25.0,True,1,True,19.0,24.2,41.5,40.0,False,2.5,82.714,False,63,2025,7,Emilia Romagna Grand Prix,2025_07
OCO,Haas F1 Team,27.0,2.0,HARD,26.0,True,1,True,19.0,24.1,41.8,38.0,False,2.6,82.392,False,63,2025,7,Emilia Romagna Grand Prix,2025_07
OCO,Haas F1 Team,28.0,2.0,HARD,27.0,True,126,False,,24.2,41.8,37.0,False,2.9,,False,63,2025,7,Emilia Romagna Grand Prix,2025_07
NOR,McLaren,1.0,1.0,MEDIUM,1.0,True,1,False,4.0,24.0,45.0,39.0,False,3.4,85.806,False,63,2025,7,Emilia Romagna Grand Prix,2025_07
NOR,McLaren,2.0,1.0,MEDIUM,2.0,True,1,True,4.0,24.0,45.2,39.0,False,3.5,81.819,False,63,2025,7,Emilia Romagna Grand Prix,2025_07
NOR,McLaren,3.0,1.0,MEDIUM,3.0,True,1,True,4.0,24.0,45.4,39.0,False,2.6,81.462,False,63,2025,7,Emilia Romagna Grand Prix,2025_07
NOR,McLaren,4.0,1.0,MEDIUM,4.0,True,1,True,4.0,24.1,44.8,38.0,False,4.1,81.647,False,63,2025,7,Emilia Romagna Grand Prix,2025_07
NOR,McLaren,5.0,1.0,MEDIUM,5.0,True,1,True,4.0,24.0,44.7,38.0,False,4.6,81.581,False,63,2025,7,Emilia Romagna Grand Prix,2025_07
NOR,McLaren,6.0,1.0,MEDIUM,6.0,True,1,True,4.0,23.9,43.4,40.0,False,1.5,81.518,False,63,2025,7,Emilia Romagna Grand Prix,2025_07
NOR,McLaren,7.0,1.0,MEDIUM,7.0,True,1,True,4.0,23.8,43.5,40.0,False,2.4,81.347,False,63,2025,7,Emilia Romagna Grand Prix,2025_07
NOR,McLaren,8.0,1.0,MEDIUM,8.0,True,1,True,4.0,23.9,43.2,39.0,False,4.3,81.71,False,63,2025,7,Emilia Romagna Grand Prix,2025_07
NOR,McLaren,9.0,1.0,MEDIUM,9.0,True,1,True,4.0,24.1,43.2,39.0,False,3.6,82.486,False,63,2025,7,Emilia Romagna Grand Prix,2025_07
NOR,McLaren,10.0,1.0,MEDIUM,10.0,True,1,True,4.0,24.0,43.2,40.0,False,3.0,82.982,False,63,2025,7,Emilia Romagna Grand Prix,2025_07
NOR,McLaren,11.0,1.0,MEDIUM,11.0,True,1,True,3.0,24.2,42.7,39.0,False,3.1,83.05,False,63,2025,7,Emilia Romagna Grand Prix,2025_07
NOR,McLaren,12.0,1.0,MEDIUM,12.0,True,1,True,3.0,24.2,42.9,39.0,False,4.1,82.021,False,63,2025,7,Emilia Romagna Grand Prix,2025_07
NOR,McLaren,13.0,1.0,MEDIUM,13.0,True,1,True,3.0,24.1,42.9,38.0,False,4.6,81.292,False,63,2025,7,Emilia Romagna Grand Prix,2025_07
NOR,McLaren,14.0,1.0,MEDIUM,14.0,True,1,True,2.0,24.1,42.5,39.0,False,3.7,81.322,False,63,2025,7,Emilia Romagna Grand Prix,2025_07
NOR,McLaren,15.0,1.0,MEDIUM,15.0,True,1,True,2.0,24.1,42.7,39.0,False,2.6,81.056,False,63,2025,7,Emilia Romagna Grand Prix,2025_07
NOR,McLaren,16.0,1.0,MEDIUM,16.0,True,1,True,2.0,24.0,42.8,39.0,False,2.5,80.829,False,63,2025,7,Emilia Romagna Grand Prix,2025_07
NOR,McLaren,17.0,1.0,MEDIUM,17.0,True,1,True,2.0,24.2,42.5,39.0,False,3.1,80.833,False,63,2025,7,Emilia Romagna Grand Prix,2025_07
NOR,McLaren,18.0,1.0,MEDIUM,18.0,True,1,True,2.0,24.1,42.5,39.0,False,3.5,81.122,False,63,2025,7,Emilia Romagna Grand Prix,2025_07
NOR,McLaren,19.0,1.0,MEDIUM,19.0,True,1,True,2.0,24.3,42.3,39.0,False,1.6,80.946,False,63,2025,7,Emilia Romagna Grand Prix,2025_07
NOR,McLaren,20.0,1.0,MEDIUM,20.0,True,1,True,2.0,24.1,41.7,39.0,False,3.2,81.171,False,63,2025,7,Emilia Romagna Grand Prix,2025_07
NOR,McLaren,21.0,1.0,MEDIUM,21.0,True,1,True,2.0,24.0,41.7,40.0,False,3.2,81.243,False,63,2025,7,Emilia Romagna Grand Prix,2025_07
NOR,McLaren,22.0,1.0,MEDIUM,22.0,True,1,True,2.0,23.9,41.8,40.0,False,2.1,80.918,False,63,2025,7,Emilia Romagna Grand Prix,2025_07
NOR,McLaren,23.0,1.0,MEDIUM,23.0,True,1,True,2.0,23.8,41.7,38.0,False,2.7,81.188,False,63,2025,7,Emilia Romagna Grand Prix,2025_07
NOR,McLaren,24.0,1.0,MEDIUM,24.0,True,1,True,2.0,23.8,41.7,40.0,False,3.3,81.267,False,63,2025,7,Emilia Romagna Grand Prix,2025_07
NOR,McLaren,25.0,1.0,MEDIUM,25.0,True,1,True,2.0,23.8,41.8,39.0,False,2.5,81.558,False,63,2025,7,Emilia Romagna Grand Prix,2025_07
NOR,McLaren,26.0,1.0,MEDIUM,26.0,True,1,True,2.0,24.0,41.4,38.0,False,2.7,81.297,False,63,2025,7,Emilia Romagna Grand Prix,2025_07
NOR,McLaren,27.0,1.0,MEDIUM,27.0,True,1,True,2.0,24.2,41.5,40.0,False,2.5,81.492,False,63,2025,7,Emilia Romagna Grand Prix,2025_07
NOR,McLaren,28.0,1.0,MEDIUM,28.0,True,1,False,2.0,24.0,41.8,39.0,False,1.4,86.185,True,63,2025,7,Emilia Romagna Grand Prix,2025_07
NOR,McLaren,29.0,2.0,HARD,1.0,True,126,False,4.0,24.2,41.8,37.0,False,2.9,125.011,True,63,2025,7,Emilia Romagna Grand Prix,2025_07
NOR,McLaren,30.0,2.0,HARD,2.0,True,6,False,3.0,24.2,40.9,37.0,False,3.0,113.583,False,63,2025,7,Emilia Romagna Grand Prix,2025_07
NOR,McLaren,31.0,2.0,HARD,3.0,True,671,False,2.0,24.2,41.3,37.0,False,3.4,89.58,False,63,2025,7,Emilia Romagna Grand Prix,2025_07
NOR,McLaren,32.0,2.0,HARD,4.0,True,1,True,2.0,24.0,41.9,38.0,False,2.0,79.816,False,63,2025,7,Emilia Romagna Grand Prix,2025_07
NOR,McLaren,33.0,2.0,HARD,5.0,True,1,True,2.0,23.9,41.9,38.0,False,3.2,80.04,False,63,2025,7,Emilia Romagna Grand Prix,2025_07
NOR,McLaren,34.0,2.0,HARD,6.0,True,1,True,2.0,24.0,41.6,37.0,False,2.8,80.048,False,63,2025,7,Emilia Romagna Grand Prix,2025_07
NOR,McLaren,35.0,2.0,HARD,7.0,True,1,True,2.0,24.2,41.3,38.0,False,4.2,79.944,False,63,2025,7,Emilia Romagna Grand Prix,2025_07
NOR,McLaren,36.0,2.0,HARD,8.0,True,1,True,2.0,24.1,41.2,38.0,False,3.0,79.853,False,63,2025,7,Emilia Romagna Grand Prix,2025_07
NOR,McLaren,37.0,2.0,HARD,9.0,True,1,True,2.0,24.1,40.9,39.0,False,3.5,79.628,False,63,2025,7,Emilia Romagna Grand Prix,2025_07
NOR,McLaren,38.0,2.0,HARD,10.0,True,1,True,2.0,24.0,38.9,39.0,False,2.1,79.546,False,63,2025,7,Emilia Romagna Grand Prix,2025_07
NOR,McLaren,39.0,2.0,HARD,11.0,True,1,True,2.0,23.9,38.6,39.0,False,3.1,79.645,False,63,2025,7,Emilia Romagna Grand Prix,2025_07
NOR,McLaren,40.0,2.0,HARD,12.0,True,1,True,2.0,23.9,39.3,39.0,False,2.4,79.512,False,63,2025,7,Emilia Romagna Grand Prix,2025_07
NOR,McLaren,41.0,2.0,HARD,13.0,True,1,True,2.0,23.8,39.3,38.0,False,3.9,79.466,False,63,2025,7,Emilia Romagna Grand Prix,2025_07
NOR,McLaren,42.0,2.0,HARD,14.0,True,1,True,2.0,24.0,38.7,38.0,False,3.1,79.636,False,63,2025,7,Emilia Romagna Grand Prix,2025_07
NOR,McLaren,43.0,2.0,HARD,15.0,True,1,True,2.0,24.0,38.7,38.0,False,3.4,79.753,False,63,2025,7,Emilia Romagna Grand Prix,2025_07
NOR,McLaren,44.0,2.0,HARD,16.0,True,1,True,2.0,24.0,39.7,38.0,False,2.5,79.782,False,63,2025,7,Emilia Romagna Grand Prix,2025_07
NOR,McLaren,45.0,2.0,HARD,17.0,True,1,True,2.0,24.1,39.7,38.0,False,3.1,80.402,False,63,2025,7,Emilia Romagna Grand Prix,2025_07
NOR,McLaren,46.0,2.0,HARD,18.0,True,124,False,2.0,24.1,40.1,38.0,False,2.9,102.996,True,63,2025,7,Emilia Romagna Grand Prix,2025_07
NOR,McLaren,47.0,3.0,HARD,2.0,False,4,False,3.0,24.1,39.4,38.0,False,4.1,134.547,True,63,2025,7,Emilia Romagna Grand Prix,2025_07
NOR,McLaren,48.0,3.0,HARD,3.0,False,4,False,3.0,24.0,39.6,38.0,False,3.5,112.199,False,63,2025,7,Emilia Romagna Grand Prix,2025_07
NOR,McLaren,49.0,3.0,HARD,4.0,False,4,False,3.0,24.0,40.1,38.0,False,2.6,123.822,False,63,2025,7,Emilia Romagna Grand Prix,2025_07
NOR,McLaren,50.0,3.0,HARD,5.0,False,4,False,3.0,24.3,40.5,38.0,False,3.2,128.986,False,63,2025,7,Emilia Romagna Grand Prix,2025_07
NOR,McLaren,51.0,3.0,HARD,6.0,False,4,False,3.0,24.3,40.1,38.0,False,3.3,123.003,False,63,2025,7,Emilia Romagna Grand Prix,2025_07
NOR,McLaren,52.0,3.0,HARD,7.0,False,4,False,3.0,24.3,39.7,38.0,False,4.4,119.123,False,63,2025,7,Emilia Romagna Grand Prix,2025_07
NOR,McLaren,53.0,3.0,HARD,8.0,False,41,False,3.0,24.2,39.6,38.0,False,4.7,130.02,False,63,2025,7,Emilia Romagna Grand Prix,2025_07
NOR,McLaren,54.0,3.0,HARD,9.0,False,1,True,3.0,24.0,39.7,38.0,False,3.2,79.799,False,63,2025,7,Emilia Romagna Grand Prix,2025_07
NOR,McLaren,55.0,3.0,HARD,10.0,False,1,True,3.0,24.1,39.9,38.0,False,3.3,79.218,False,63,2025,7,Emilia Romagna Grand Prix,2025_07
NOR,McLaren,56.0,3.0,HARD,11.0,False,1,True,3.0,24.0,39.9,37.0,False,4.0,78.804,False,63,2025,7,Emilia Romagna Grand Prix,2025_07
NOR,McLaren,57.0,3.0,HARD,12.0,False,1,True,3.0,24.0,39.7,37.0,False,3.7,78.946,False,63,2025,7,Emilia Romagna Grand Prix,2025_07
NOR,McLaren,58.0,3.0,HARD,13.0,False,1,True,2.0,24.0,39.3,36.0,False,3.9,78.68,False,63,2025,7,Emilia Romagna Grand Prix,2025_07
NOR,McLaren,59.0,3.0,HARD,14.0,False,1,True,2.0,24.0,39.5,38.0,False,3.8,78.432,False,63,2025,7,Emilia Romagna Grand Prix,2025_07
NOR,McLaren,60.0,3.0,HARD,15.0,False,1,True,2.0,24.0,39.5,38.0,False,2.0,78.48,False,63,2025,7,Emilia Romagna Grand Prix,2025_07
NOR,McLaren,61.0,3.0,HARD,16.0,False,1,True,2.0,24.0,39.4,37.0,False,3.3,78.864,False,63,2025,7,Emilia Romagna Grand Prix,2025_07
NOR,McLaren,62.0,3.0,HARD,17.0,False,1,True,2.0,23.9,39.0,37.0,False,3.3,78.685,False,63,2025,7,Emilia Romagna Grand Prix,2025_07
NOR,McLaren,63.0,3.0,HARD,18.0,False,1,True,2.0,23.9,38.9,37.0,False,2.9,78.311,False,63,2025,7,Emilia Romagna Grand Prix,2025_07
COL,Alpine,1.0,1.0,MEDIUM,1.0,True,1,False,17.0,24.0,45.0,39.0,False,3.4,92.37,False,63,2025,7,Emilia Romagna Grand Prix,2025_07
COL,Alpine,2.0,1.0,MEDIUM,2.0,True,1,True,17.0,24.0,45.2,39.0,False,3.5,83.357,False,63,2025,7,Emilia Romagna Grand Prix,2025_07
COL,Alpine,3.0,1.0,MEDIUM,3.0,True,1,True,17.0,24.0,45.4,39.0,False,2.6,82.869,False,63,2025,7,Emilia Romagna Grand Prix,2025_07
COL,Alpine,4.0,1.0,MEDIUM,4.0,True,1,True,17.0,24.1,44.8,38.0,False,4.1,82.452,False,63,2025,7,Emilia Romagna Grand Prix,2025_07
COL,Alpine,5.0,1.0,MEDIUM,5.0,True,1,True,17.0,23.9,43.4,38.0,False,3.0,82.052,False,63,2025,7,Emilia Romagna Grand Prix,2025_07
COL,Alpine,6.0,1.0,MEDIUM,6.0,True,1,True,17.0,23.9,43.4,40.0,False,1.5,82.083,False,63,2025,7,Emilia Romagna Grand Prix,2025_07
COL,Alpine,7.0,1.0,MEDIUM,7.0,True,1,True,17.0,23.8,43.5,40.0,False,2.4,82.245,False,63,2025,7,Emilia Romagna Grand Prix,2025_07
COL,Alpine,8.0,1.0,MEDIUM,8.0,True,1,True,17.0,24.0,43.1,39.0,False,3.3,82.308,False,63,2025,7,Emilia Romagna Grand Prix,2025_07
COL,Alpine,9.0,1.0,MEDIUM,9.0,True,1,True,16.0,24.1,43.2,39.0,False,3.6,81.914,False,63,2025,7,Emilia Romagna Grand Prix,2025_07
COL,Alpine,10.0,1.0,MEDIUM,10.0,True,1,True,15.0,24.0,43.2,40.0,False,3.0,82.507,False,63,2025,7,Emilia Romagna Grand Prix,2025_07
COL,Alpine,11.0,1.0,MEDIUM,11.0,True,1,True,14.0,24.2,42.7,39.0,False,3.1,82.103,False,63,2025,7,Emilia Romagna Grand Prix,2025_07
COL,Alpine,12.0,1.0,MEDIUM,12.0,True,1,True,11.0,24.2,42.9,39.0,False,4.1,82.903,False,63,2025,7,Emilia Romagna Grand Prix,2025_07
COL,Alpine,13.0,1.0,MEDIUM,13.0,True,1,True,10.0,24.1,42.7,38.0,False,3.9,82.435,False,63,2025,7,Emilia Romagna Grand Prix,2025_07
COL,Alpine,14.0,1.0,MEDIUM,14.0,True,1,True,9.0,24.1,42.5,39.0,False,3.7,82.809,False,63,2025,7,Emilia Romagna Grand Prix,2025_07
COL,Alpine,15.0,1.0,MEDIUM,15.0,True,1,True,8.0,24.1,42.7,39.0,False,2.6,82.779,False,63,2025,7,Emilia Romagna Grand Prix,2025_07
COL,Alpine,16.0,1.0,MEDIUM,16.0,True,1,True,8.0,24.0,42.5,39.0,False,3.1,82.606,False,63,2025,7,Emilia Romagna Grand Prix,2025_07
COL,Alpine,17.0,1.0,MEDIUM,17.0,True,1,True,8.0,24.2,42.5,39.0,False,3.1,82.45,False,63,2025,7,Emilia Romagna Grand Prix,2025_07
COL,Alpine,18.0,1.0,MEDIUM,18.0,True,1,True,8.0,24.1,42.5,39.0,False,3.5,82.905,False,63,2025,7,Emilia Romagna Grand Prix,2025_07
COL,Alpine,19.0,1.0,MEDIUM,19.0,True,1,True,8.0,24.3,41.7,39.0,False,4.8,83.061,False,63,2025,7,Emilia Romagna Grand Prix,2025_07
COL,Alpine,20.0,1.0,MEDIUM,20.0,True,1,True,9.0,24.1,41.7,39.0,False,3.2,83.692,False,63,2025,7,Emilia Romagna Grand Prix,2025_07
COL,Alpine,21.0,1.0,MEDIUM,21.0,True,1,True,9.0,23.9,41.6,40.0,False,2.9,82.944,False,63,2025,7,Emilia Romagna Grand Prix,2025_07
COL,Alpine,22.0,1.0,MEDIUM,22.0,True,1,False,13.0,23.9,41.8,40.0,False,2.1,87.193,True,63,2025,7,Emilia Romagna Grand Prix,2025_07
COL,Alpine,23.0,2.0,HARD,1.0,True,1,False,20.0,23.8,41.7,38.0,False,2.7,105.883,True,63,2025,7,Emilia Romagna Grand Prix,2025_07
COL,Alpine,24.0,2.0,HARD,2.0,True,1,True,20.0,23.8,41.6,40.0,False,1.8,80.823,False,63,2025,7,Emilia Romagna Grand Prix,2025_07
COL,Alpine,25.0,2.0,HARD,3.0,True,1,True,20.0,24.0,41.4,38.0,False,2.7,80.798,False,63,2025,7,Emilia Romagna Grand Prix,2025_07
COL,Alpine,26.0,2.0,HARD,4.0,True,1,True,20.0,24.2,41.5,40.0,False,2.5,81.731,False,63,2025,7,Emilia Romagna Grand Prix,2025_07
COL,Alpine,27.0,2.0,HARD,5.0,True,1,True,20.0,24.1,41.8,38.0,False,2.6,81.605,False,63,2025,7,Emilia Romagna Grand Prix,2025_07
COL,Alpine,28.0,2.0,HARD,6.0,True,126,False,19.0,24.2,41.8,37.0,False,2.9,82.797,False,63,2025,7,Emilia Romagna Grand Prix,2025_07
COL,Alpine,29.0,2.0,HARD,7.0,True,6,False,19.0,24.3,41.7,38.0,False,2.4,113.36,False,63,2025,7,Emilia Romagna Grand Prix,2025_07
COL,Alpine,30.0,2.0,HARD,8.0,True,671,False,16.0,24.3,40.9,37.0,False,3.8,110.008,False,63,2025,7,Emilia Romagna Grand Prix,2025_07
COL,Alpine,31.0,2.0,HARD,9.0,True,1,True,15.0,24.0,41.6,38.0,False,3.8,82.419,False,63,2025,7,Emilia Romagna Grand Prix,2025_07
COL,Alpine,32.0,2.0,HARD,10.0,True,1,True,15.0,24.0,41.9,38.0,False,2.0,81.448,False,63,2025,7,Emilia Romagna Grand Prix,2025_07
COL,Alpine,33.0,2.0,HARD,11.0,True,1,True,15.0,23.9,41.9,38.0,False,3.2,81.564,False,63,2025,7,Emilia Romagna Grand Prix,2025_07
COL,Alpine,34.0,2.0,HARD,12.0,True,1,True,15.0,24.2,41.4,38.0,False,3.9,81.305,False,63,2025,7,Emilia Romagna Grand Prix,2025_07
COL,Alpine,35.0,2.0,HARD,13.0,True,1,True,15.0,24.2,41.3,38.0,False,4.2,81.167,False,63,2025,7,Emilia Romagna Grand Prix,2025_07
COL,Alpine,36.0,2.0,HARD,14.0,True,1,True,15.0,24.1,40.9,39.0,False,3.5,80.98,False,63,2025,7,Emilia Romagna Grand Prix,2025_07
COL,Alpine,37.0,2.0,HARD,15.0,True,1,True,15.0,24.1,39.9,39.0,False,3.0,81.788,False,63,2025,7,Emilia Romagna Grand Prix,2025_07
COL,Alpine,38.0,2.0,HARD,16.0,True,1,True,15.0,24.0,38.9,39.0,False,2.1,82.117,False,63,2025,7,Emilia Romagna Grand Prix,2025_07
COL,Alpine,39.0,2.0,HARD,17.0,True,1,True,15.0,23.9,39.3,39.0,False,2.4,82.797,False,63,2025,7,Emilia Romagna Grand Prix,2025_07
COL,Alpine,40.0,2.0,HARD,18.0,True,1,True,15.0,23.7,39.8,38.0,False,2.9,82.763,False,63,2025,7,Emilia Romagna Grand Prix,2025_07
COL,Alpine,41.0,2.0,HARD,19.0,True,1,True,15.0,23.8,39.3,38.0,False,3.9,82.252,False,63,2025,7,Emilia Romagna Grand Prix,2025_07
COL,Alpine,42.0,2.0,HARD,20.0,True,1,True,15.0,24.0,38.7,38.0,False,3.4,81.885,False,63,2025,7,Emilia Romagna Grand Prix,2025_07
COL,Alpine,43.0,2.0,HARD,21.0,True,1,True,16.0,24.0,39.4,38.0,False,1.9,83.96,False,63,2025,7,Emilia Romagna Grand Prix,2025_07
COL,Alpine,44.0,2.0,HARD,22.0,True,1,True,16.0,24.0,39.7,38.0,False,2.5,83.245,False,63,2025,7,Emilia Romagna Grand Prix,2025_07
COL,Alpine,45.0,2.0,HARD,23.0,True,124,False,15.0,24.1,40.1,38.0,False,2.9,92.137,False,63,2025,7,Emilia Romagna Grand Prix,2025_07
COL,Alpine,46.0,2.0,HARD,24.0,True,4,False,16.0,24.1,40.1,37.0,False,2.6,117.151,True,63,2025,7,Emilia Romagna Grand Prix,2025_07
COL,Alpine,47.0,3.0,HARD,1.0,True,4,False,16.0,24.0,39.5,38.0,False,3.2,119.174,True,63,2025,7,Emilia Romagna Grand Prix,2025_07
COL,Alpine,48.0,3.0,HARD,2.0,True,4,False,16.0,24.0,40.1,37.0,False,3.3,91.978,False,63,2025,7,Emilia Romagna Grand Prix,2025_07
COL,Alpine,49.0,3.0,HARD,3.0,True,4,False,16.0,24.2,40.5,38.0,False,3.3,92.982,False,63,2025,7,Emilia Romagna Grand Prix,2025_07
COL,Alpine,50.0,3.0,HARD,4.0,True,4,False,16.0,24.3,40.5,38.0,False,3.2,125.75,False,63,2025,7,Emilia Romagna Grand Prix,2025_07
COL,Alpine,51.0,3.0,HARD,5.0,True,4,False,16.0,24.3,39.7,37.0,False,4.1,124.772,False,63,2025,7,Emilia Romagna Grand Prix,2025_07
COL,Alpine,52.0,3.0,HARD,6.0,True,4,False,16.0,24.3,39.6,38.0,False,4.7,118.297,False,63,2025,7,Emilia Romagna Grand Prix,2025_07
COL,Alpine,53.0,3.0,HARD,7.0,True,41,False,16.0,24.1,39.6,38.0,False,4.9,115.078,False,63,2025,7,Emilia Romagna Grand Prix,2025_07
COL,Alpine,54.0,3.0,HARD,8.0,True,1,True,16.0,24.0,39.7,39.0,False,3.0,82.756,False,63,2025,7,Emilia Romagna Grand Prix,2025_07
COL,Alpine,55.0,3.0,HARD,9.0,True,1,True,16.0,24.1,39.9,38.0,False,3.3,82.104,False,63,2025,7,Emilia Romagna Grand Prix,2025_07
COL,Alpine,56.0,3.0,HARD,10.0,True,1,True,16.0,24.0,39.9,37.0,False,4.0,81.047,False,63,2025,7,Emilia Romagna Grand Prix,2025_07
COL,Alpine,57.0,3.0,HARD,11.0,True,1,True,16.0,24.0,39.3,37.0,False,3.1,80.345,False,63,2025,7,Emilia Romagna Grand Prix,2025_07
COL,Alpine,58.0,3.0,HARD,12.0,True,1,True,16.0,24.0,39.3,36.0,False,3.9,80.773,False,63,2025,7,Emilia Romagna Grand Prix,2025_07
COL,Alpine,59.0,3.0,HARD,13.0,True,1,True,16.0,24.0,39.5,38.0,False,3.8,80.504,False,63,2025,7,Emilia Romagna Grand Prix,2025_07
COL,Alpine,60.0,3.0,HARD,14.0,True,1,True,16.0,23.9,39.4,37.0,False,3.9,80.644,False,63,2025,7,Emilia Romagna Grand Prix,2025_07
COL,Alpine,61.0,3.0,HARD,15.0,True,1,True,16.0,24.0,39.4,37.0,False,3.3,80.58,False,63,2025,7,Emilia Romagna Grand Prix,2025_07
COL,Alpine,62.0,3.0,HARD,16.0,True,1,True,16.0,23.9,39.0,37.0,False,3.3,80.895,False,63,2025,7,Emilia Romagna Grand Prix,2025_07
COL,Alpine,63.0,3.0,HARD,17.0,True,1,True,16.0,23.8,38.6,37.0,False,1.7,80.911,False,63,2025,7,Emilia Romagna Grand Prix,2025_07
HAM,Ferrari,1.0,1.0,HARD,1.0,True,1,False,13.0,24.0,45.0,39.0,False,3.4,89.981,False,63,2025,7,Emilia Romagna Grand Prix,2025_07
HAM,Ferrari,2.0,1.0,HARD,2.0,True,1,True,13.0,24.0,45.2,39.0,False,3.5,83.062,False,63,2025,7,Emilia Romagna Grand Prix,2025_07
HAM,Ferrari,3.0,1.0,HARD,3.0,True,1,True,12.0,24.0,45.4,39.0,False,2.6,82.08,False,63,2025,7,Emilia Romagna Grand Prix,2025_07
HAM,Ferrari,4.0,1.0,HARD,4.0,True,1,True,12.0,24.1,44.8,38.0,False,4.1,81.23,False,63,2025,7,Emilia Romagna Grand Prix,2025_07
HAM,Ferrari,5.0,1.0,HARD,5.0,True,1,True,12.0,23.9,43.4,38.0,False,3.0,81.439,False,63,2025,7,Emilia Romagna Grand Prix,2025_07
HAM,Ferrari,6.0,1.0,HARD,6.0,True,1,True,12.0,23.9,43.4,40.0,False,1.5,81.649,False,63,2025,7,Emilia Romagna Grand Prix,2025_07
HAM,Ferrari,7.0,1.0,HARD,7.0,True,1,True,12.0,23.8,43.5,40.0,False,2.4,81.95,False,63,2025,7,Emilia Romagna Grand Prix,2025_07
HAM,Ferrari,8.0,1.0,HARD,8.0,True,1,True,12.0,24.0,43.1,39.0,False,3.3,82.418,False,63,2025,7,Emilia Romagna Grand Prix,2025_07
HAM,Ferrari,9.0,1.0,HARD,9.0,True,1,True,12.0,24.1,43.2,39.0,False,3.6,81.908,False,63,2025,7,Emilia Romagna Grand Prix,2025_07
HAM,Ferrari,10.0,1.0,HARD,10.0,True,1,True,11.0,24.0,43.2,40.0,False,3.0,82.05,False,63,2025,7,Emilia Romagna Grand Prix,2025_07
HAM,Ferrari,11.0,1.0,HARD,11.0,True,1,True,9.0,24.2,42.7,39.0,False,3.1,82.551,False,63,2025,7,Emilia Romagna Grand Prix,2025_07
HAM,Ferrari,12.0,1.0,HARD,12.0,True,1,True,8.0,24.2,42.9,39.0,False,4.1,83.117,False,63,2025,7,Emilia Romagna Grand Prix,2025_07
HAM,Ferrari,13.0,1.0,HARD,13.0,True,1,True,8.0,24.1,42.9,38.0,False,4.6,82.655,False,63,2025,7,Emilia Romagna Grand Prix,2025_07
HAM,Ferrari,14.0,1.0,HARD,14.0,True,1,True,6.0,24.1,42.5,39.0,False,3.7,82.611,False,63,2025,7,Emilia Romagna Grand Prix,2025_07
HAM,Ferrari,15.0,1.0,HARD,15.0,True,1,True,6.0,24.1,42.7,39.0,False,2.6,82.191,False,63,2025,7,Emilia Romagna Grand Prix,2025_07
HAM,Ferrari,16.0,1.0,HARD,16.0,True,1,True,6.0,24.0,42.5,39.0,False,3.1,82.555,False,63,2025,7,Emilia Romagna Grand Prix,2025_07
HAM,Ferrari,17.0,1.0,HARD,17.0,True,1,True,6.0,24.2,42.5,39.0,False,3.1,82.22,False,63,2025,7,Emilia Romagna Grand Prix,2025_07
HAM,Ferrari,18.0,1.0,HARD,18.0,True,1,True,6.0,24.1,42.5,39.0,False,3.5,82.378,False,63,2025,7,Emilia Romagna Grand Prix,2025_07
HAM,Ferrari,19.0,1.0,HARD,19.0,True,1,True,6.0,24.3,41.7,39.0,False,4.8,82.197,False,63,2025,7,Emilia Romagna Grand Prix,2025_07
HAM,Ferrari,20.0,1.0,HARD,20.0,True,1,True,6.0,24.1,41.7,39.0,False,3.2,82.66,False,63,2025,7,Emilia Romagna Grand Prix,2025_07
HAM,Ferrari,21.0,1.0,HARD,21.0,True,1,True,6.0,24.0,41.7,40.0,False,3.2,82.598,False,63,2025,7,Emilia Romagna Grand Prix,2025_07
HAM,Ferrari,22.0,1.0,HARD,22.0,True,1,True,6.0,23.9,41.8,40.0,False,2.1,82.404,False,63,2025,7,Emilia Romagna Grand Prix,2025_07
HAM,Ferrari,23.0,1.0,HARD,23.0,True,1,True,6.0,23.8,41.7,38.0,False,2.7,82.228,False,63,2025,7,Emilia Romagna Grand Prix,2025_07
HAM,Ferrari,24.0,1.0,HARD,24.0,True,1,True,6.0,23.8,41.6,40.0,False,1.8,82.27,False,63,2025,7,Emilia Romagna Grand Prix,2025_07
HAM,Ferrari,25.0,1.0,HARD,25.0,True,1,True,6.0,23.8,41.8,39.0,False,2.5,82.564,False,63,2025,7,Emilia Romagna Grand Prix,2025_07
HAM,Ferrari,26.0,1.0,HARD,26.0,True,1,True,7.0,24.0,41.4,38.0,False,2.7,82.846,False,63,2025,7,Emilia Romagna Grand Prix,2025_07
HAM,Ferrari,27.0,1.0,HARD,27.0,True,1,True,7.0,24.1,41.8,38.0,False,2.6,82.153,False,63,2025,7,Emilia Romagna Grand Prix,2025_07
HAM,Ferrari,28.0,1.0,HARD,28.0,True,1,True,7.0,24.0,41.8,39.0,False,1.4,82.597,False,63,2025,7,Emilia Romagna Grand Prix,2025_07
HAM,Ferrari,29.0,1.0,HARD,29.0,True,126,False,7.0,24.2,41.8,37.0,False,2.9,105.548,True,63,2025,7,Emilia Romagna Grand Prix,2025_07
HAM,Ferrari,30.0,2.0,MEDIUM,1.0,True,67,False,7.0,24.2,40.9,37.0,False,3.0,136.768,True,63,2025,7,Emilia Romagna Grand Prix,2025_07
HAM,Ferrari,31.0,2.0,MEDIUM,2.0,True,71,False,7.0,24.2,41.3,37.0,False,3.4,81.171,False,63,2025,7,Emilia Romagna Grand Prix,2025_07
HAM,Ferrari,32.0,2.0,MEDIUM,3.0,True,1,True,7.0,24.0,41.9,38.0,False,2.0,81.598,False,63,2025,7,Emilia Romagna Grand Prix,2025_07
HAM,Ferrari,33.0,2.0,MEDIUM,4.0,True,1,True,7.0,23.9,41.9,38.0,False,3.2,80.084,False,63,2025,7,Emilia Romagna Grand Prix,2025_07
HAM,Ferrari,34.0,2.0,MEDIUM,5.0,True,1,True,6.0,24.2,41.4,38.0,False,3.9,79.473,False,63,2025,7,Emilia Romagna Grand Prix,2025_07
HAM,Ferrari,35.0,2.0,MEDIUM,6.0,True,1,True,6.0,24.2,41.3,38.0,False,4.2,80.282,False,63,2025,7,Emilia Romagna Grand Prix,2025_07
HAM,Ferrari,36.0,2.0,MEDIUM,7.0,True,1,True,5.0,24.1,41.2,38.0,False,3.0,80.204,False,63,2025,7,Emilia Romagna Grand Prix,2025_07
HAM,Ferrari,37.0,2.0,MEDIUM,8.0,True,1,True,5.0,24.1,39.9,39.0,False,3.0,81.223,False,63,2025,7,Emilia Romagna Grand Prix,2025_07
HAM,Ferrari,38.0,2.0,MEDIUM,9.0,True,1,True,5.0,24.0,38.9,39.0,False,2.1,80.825,False,63,2025,7,Emilia Romagna Grand Prix,2025_07
HAM,Ferrari,39.0,2.0,MEDIUM,10.0,True,1,True,5.0,23.9,38.6,39.0,False,3.1,80.914,False,63,2025,7,Emilia Romagna Grand Prix,2025_07
HAM,Ferrari,40.0,2.0,MEDIUM,11.0,True,1,True,5.0,23.7,39.8,38.0,False,2.9,80.254,False,63,2025,7,Emilia Romagna Grand Prix,2025_07
HAM,Ferrari,41.0,2.0,MEDIUM,12.0,True,1,True,5.0,23.8,39.3,38.0,False,3.9,80.233,False,63,2025,7,Emilia Romagna Grand Prix,2025_07
HAM,Ferrari,42.0,2.0,MEDIUM,13.0,True,1,True,5.0,24.0,38.7,38.0,False,3.1,80.258,False,63,2025,7,Emilia Romagna Grand Prix,2025_07
HAM,Ferrari,43.0,2.0,MEDIUM,14.0,True,1,True,5.0,24.0,39.4,38.0,False,1.9,79.816,False,63,2025,7,Emilia Romagna Grand Prix,2025_07
HAM,Ferrari,44.0,2.0,MEDIUM,15.0,True,1,True,5.0,24.0,39.7,38.0,False,2.5,80.033,False,63,2025,7,Emilia Romagna Grand Prix,2025_07
HAM,Ferrari,45.0,2.0,MEDIUM,16.0,True,12,True,5.0,24.1,39.7,38.0,False,3.1,79.767,False,63,2025,7,Emilia Romagna Grand Prix,2025_07
HAM,Ferrari,46.0,2.0,MEDIUM,17.0,True,24,False,6.0,24.1,40.1,37.0,False,2.6,111.555,True,63,2025,7,Emilia Romagna Grand Prix,2025_07
HAM,Ferrari,47.0,3.0,HARD,1.0,True,4,False,7.0,24.1,39.4,38.0,False,4.1,131.618,True,63,2025,7,Emilia Romagna Grand Prix,2025_07
HAM,Ferrari,48.0,3.0,HARD,2.0,True,4,False,7.0,24.0,40.1,37.0,False,3.3,99.598,False,63,2025,7,Emilia Romagna Grand Prix,2025_07
HAM,Ferrari,49.0,3.0,HARD,3.0,True,4,False,7.0,24.0,40.1,38.0,False,2.6,110.671,False,63,2025,7,Emilia Romagna Grand Prix,2025_07
HAM,Ferrari,50.0,3.0,HARD,4.0,True,4,False,7.0,24.3,40.5,38.0,False,3.2,130.161,False,63,2025,7,Emilia Romagna Grand Prix,2025_07
HAM,Ferrari,51.0,3.0,HARD,5.0,True,4,False,7.0,24.3,40.1,38.0,False,3.3,123.287,False,63,2025,7,Emilia Romagna Grand Prix,2025_07
HAM,Ferrari,52.0,3.0,HARD,6.0,True,4,False,7.0,24.3,39.7,38.0,False,4.4,118.593,False,63,2025,7,Emilia Romagna Grand Prix,2025_07
HAM,Ferrari,53.0,3.0,HARD,7.0,True,41,False,7.0,24.2,39.6,38.0,False,4.7,126.042,False,63,2025,7,Emilia Romagna Grand Prix,2025_07
HAM,Ferrari,54.0,3.0,HARD,8.0,True,1,True,7.0,24.0,39.7,38.0,False,3.2,81.55,False,63,2025,7,Emilia Romagna Grand Prix,2025_07
HAM,Ferrari,55.0,3.0,HARD,9.0,True,1,True,7.0,24.1,39.9,38.0,False,3.3,79.731,False,63,2025,7,Emilia Romagna Grand Prix,2025_07
HAM,Ferrari,56.0,3.0,HARD,10.0,True,1,True,7.0,24.0,39.9,37.0,False,4.0,80.847,False,63,2025,7,Emilia Romagna Grand Prix,2025_07
HAM,Ferrari,57.0,3.0,HARD,11.0,True,1,True,6.0,24.0,39.7,37.0,False,3.7,78.446,False,63,2025,7,Emilia Romagna Grand Prix,2025_07
HAM,Ferrari,58.0,3.0,HARD,12.0,True,1,True,6.0,24.0,39.3,36.0,False,3.9,78.78,False,63,2025,7,Emilia Romagna Grand Prix,2025_07
HAM,Ferrari,59.0,3.0,HARD,13.0,True,1,True,6.0,24.0,39.5,38.0,False,3.8,79.423,False,63,2025,7,Emilia Romagna Grand Prix,2025_07
HAM,Ferrari,60.0,3.0,HARD,14.0,True,1,True,5.0,24.0,39.5,38.0,False,2.0,79.881,False,63,2025,7,Emilia Romagna Grand Prix,2025_07
HAM,Ferrari,61.0,3.0,HARD,15.0,True,1,True,4.0,24.0,39.4,37.0,False,3.3,78.265,False,63,2025,7,Emilia Romagna Grand Prix,2025_07
HAM,Ferrari,62.0,3.0,HARD,16.0,True,1,True,4.0,23.9,39.0,37.0,False,3.3,78.845,False,63,2025,7,Emilia Romagna Grand Prix,2025_07
HAM,Ferrari,63.0,3.0,HARD,17.0,True,1,True,4.0,23.9,38.9,37.0,False,2.9,79.249,False,63,2025,7,Emilia Romagna Grand Prix,2025_07
BOR,Kick Sauber,1.0,1.0,MEDIUM,1.0,True,1,False,14.0,24.0,45.0,39.0,False,3.4,90.416,False,63,2025,7,Emilia Romagna Grand Prix,2025_07
BOR,Kick Sauber,2.0,1.0,MEDIUM,2.0,True,1,True,14.0,24.0,45.2,39.0,False,3.5,83.419,False,63,2025,7,Emilia Romagna Grand Prix,2025_07
BOR,Kick Sauber,3.0,1.0,MEDIUM,3.0,True,1,True,13.0,24.0,45.4,39.0,False,2.6,82.237,False,63,2025,7,Emilia Romagna Grand Prix,2025_07
BOR,Kick Sauber,4.0,1.0,MEDIUM,4.0,True,1,True,13.0,24.1,44.8,38.0,False,4.1,81.582,False,63,2025,7,Emilia Romagna Grand Prix,2025_07
BOR,Kick Sauber,5.0,1.0,MEDIUM,5.0,True,1,True,13.0,23.9,43.4,38.0,False,3.0,81.812,False,63,2025,7,Emilia Romagna Grand Prix,2025_07
BOR,Kick Sauber,6.0,1.0,MEDIUM,6.0,True,1,True,13.0,23.9,43.4,40.0,False,1.5,81.675,False,63,2025,7,Emilia Romagna Grand Prix,2025_07
BOR,Kick Sauber,7.0,1.0,MEDIUM,7.0,True,1,True,13.0,23.8,43.5,40.0,False,2.4,81.865,False,63,2025,7,Emilia Romagna Grand Prix,2025_07
BOR,Kick Sauber,8.0,1.0,MEDIUM,8.0,True,1,True,13.0,24.0,43.1,39.0,False,3.3,82.252,False,63,2025,7,Emilia Romagna Grand Prix,2025_07
BOR,Kick Sauber,9.0,1.0,MEDIUM,9.0,True,1,True,13.0,24.1,43.2,39.0,False,3.6,82.188,False,63,2025,7,Emilia Romagna Grand Prix,2025_07
BOR,Kick Sauber,10.0,1.0,MEDIUM,10.0,True,1,True,12.0,24.0,43.2,40.0,False,3.0,82.601,False,63,2025,7,Emilia Romagna Grand Prix,2025_07
BOR,Kick Sauber,11.0,1.0,MEDIUM,11.0,True,1,True,12.0,24.2,42.7,39.0,False,3.1,82.854,False,63,2025,7,Emilia Romagna Grand Prix,2025_07
BOR,Kick Sauber,12.0,1.0,MEDIUM,12.0,True,1,False,13.0,24.2,42.9,39.0,False,4.1,87.591,True,63,2025,7,Emilia Romagna Grand Prix,2025_07
BOR,Kick Sauber,13.0,2.0,HARD,1.0,True,1,False,20.0,24.1,42.7,38.0,False,3.9,105.927,True,63,2025,7,Emilia Romagna Grand Prix,2025_07
BOR,Kick Sauber,14.0,2.0,HARD,2.0,True,1,True,20.0,24.1,42.5,39.0,False,3.7,81.886,False,63,2025,7,Emilia Romagna Grand Prix,2025_07
BOR,Kick Sauber,15.0,2.0,HARD,3.0,True,1,True,20.0,24.0,42.8,39.0,False,2.5,82.438,False,63,2025,7,Emilia Romagna Grand Prix,2025_07
BOR,Kick Sauber,16.0,2.0,HARD,4.0,True,1,True,19.0,24.0,42.5,39.0,False,3.1,82.079,False,63,2025,7,Emilia Romagna Grand Prix,2025_07
BOR,Kick Sauber,17.0,2.0,HARD,5.0,True,1,True,19.0,24.2,42.5,39.0,False,3.1,82.289,False,63,2025,7,Emilia Romagna Grand Prix,2025_07
BOR,Kick Sauber,18.0,2.0,HARD,6.0,True,1,True,19.0,24.3,42.3,39.0,False,1.6,82.256,False,63,2025,7,Emilia Romagna Grand Prix,2025_07
BOR,Kick Sauber,19.0,2.0,HARD,7.0,True,1,True,19.0,24.3,41.7,39.0,False,4.8,82.141,False,63,2025,7,Emilia Romagna Grand Prix,2025_07
BOR,Kick Sauber,20.0,2.0,HARD,8.0,True,1,True,19.0,24.0,41.7,40.0,False,3.2,82.405,False,63,2025,7,Emilia Romagna Grand Prix,2025_07
BOR,Kick Sauber,21.0,2.0,HARD,9.0,True,1,True,19.0,23.9,41.6,40.0,False,2.9,82.044,False,63,2025,7,Emilia Romagna Grand Prix,2025_07
BOR,Kick Sauber,22.0,2.0,HARD,10.0,True,1,True,19.0,23.9,41.8,40.0,False,2.1,81.98,False,63,2025,7,Emilia Romagna Grand Prix,2025_07
BOR,Kick Sauber,23.0,2.0,HARD,11.0,True,1,True,18.0,23.8,41.7,40.0,False,3.3,82.024,False,63,2025,7,Emilia Romagna Grand Prix,2025_07
BOR,Kick Sauber,24.0,2.0,HARD,12.0,True,1,True,18.0,23.8,41.6,40.0,False,1.8,82.219,False,63,2025,7,Emilia Romagna Grand Prix,2025_07
BOR,Kick Sauber,25.0,2.0,HARD,13.0,True,1,True,18.0,23.8,41.8,39.0,False,2.5,82.407,False,63,2025,7,Emilia Romagna Grand Prix,2025_07
BOR,Kick Sauber,26.0,2.0,HARD,14.0,True,1,True,18.0,24.2,41.5,40.0,False,2.5,82.813,False,63,2025,7,Emilia Romagna Grand Prix,2025_07
BOR,Kick Sauber,27.0,2.0,HARD,15.0,True,1,True,18.0,24.1,41.8,38.0,False,2.6,82.637,False,63,2025,7,Emilia Romagna Grand Prix,2025_07
BOR,Kick Sauber,28.0,2.0,HARD,16.0,True,12,True,18.0,24.2,41.8,37.0,False,2.9,82.748,False,63,2025,7,Emilia Romagna Grand Prix,2025_07
BOR,Kick Sauber,29.0,2.0,HARD,17.0,True,26,False,18.0,24.3,41.7,38.0,False,2.4,116.575,True,63,2025,7,Emilia Romagna Grand Prix,2025_07
BOR,Kick Sauber,30.0,3.0,HARD,1.0,True,671,False,19.0,24.3,40.9,37.0,False,3.8,125.083,True,63,2025,7,Emilia Romagna Grand Prix,2025_07
BOR,Kick Sauber,31.0,3.0,HARD,2.0,True,1,True,19.0,24.0,41.6,38.0,False,3.8,81.789,False,63,2025,7,Emilia Romagna Grand Prix,2025_07
BOR,Kick Sauber,32.0,3.0,HARD,3.0,True,1,True,18.0,24.0,41.9,38.0,False,2.0,81.542,False,63,2025,7,Emilia Romagna Grand Prix,2025_07
BOR,Kick Sauber,33.0,3.0,HARD,4.0,True,1,True,18.0,24.0,41.6,37.0,False,2.8,81.186,False,63,2025,7,Emilia Romagna Grand Prix,2025_07
BOR,Kick Sauber,34.0,3.0,HARD,5.0,True,1,True,18.0,24.2,41.4,38.0,False,3.9,81.079,False,63,2025,7,Emilia Romagna Grand Prix,2025_07
BOR,Kick Sauber,35.0,3.0,HARD,6.0,True,1,True,18.0,24.2,41.3,38.0,False,4.2,81.181,False,63,2025,7,Emilia Romagna Grand Prix,2025_07
BOR,Kick Sauber,36.0,3.0,HARD,7.0,True,1,True,18.0,24.1,40.9,39.0,False,3.5,81.392,False,63,2025,7,Emilia Romagna Grand Prix,2025_07
BOR,Kick Sauber,37.0,3.0,HARD,8.0,True,1,True,18.0,24.1,39.9,39.0,False,3.0,81.039,False,63,2025,7,Emilia Romagna Grand Prix,2025_07
BOR,Kick Sauber,38.0,3.0,HARD,9.0,True,1,True,18.0,24.0,38.9,39.0,False,2.1,81.213,False,63,2025,7,Emilia Romagna Grand Prix,2025_07
BOR,Kick Sauber,39.0,3.0,HARD,10.0,True,1,True,18.0,23.9,39.3,39.0,False,2.4,81.109,False,63,2025,7,Emilia Romagna Grand Prix,2025_07
BOR,Kick Sauber,40.0,3.0,HARD,11.0,True,1,True,18.0,23.7,39.8,38.0,False,2.9,81.378,False,63,2025,7,Emilia Romagna Grand Prix,2025_07
BOR,Kick Sauber,41.0,3.0,HARD,12.0,True,1,True,18.0,23.8,39.3,38.0,False,3.9,81.278,False,63,2025,7,Emilia Romagna Grand Prix,2025_07
BOR,Kick Sauber,42.0,3.0,HARD,13.0,True,1,True,18.0,24.0,38.7,38.0,False,3.4,83.018,False,63,2025,7,Emilia Romagna Grand Prix,2025_07
BOR,Kick Sauber,43.0,3.0,HARD,14.0,True,1,True,18.0,24.0,39.4,38.0,False,1.9,81.046,False,63,2025,7,Emilia Romagna Grand Prix,2025_07
BOR,Kick Sauber,44.0,3.0,HARD,15.0,True,1,True,18.0,24.1,39.7,38.0,False,3.1,81.059,False,63,2025,7,Emilia Romagna Grand Prix,2025_07
BOR,Kick Sauber,45.0,3.0,HARD,16.0,True,124,False,17.0,24.1,40.1,38.0,False,2.9,93.836,False,63,2025,7,Emilia Romagna Grand Prix,2025_07
BOR,Kick Sauber,46.0,3.0,HARD,17.0,True,4,False,17.0,24.1,40.1,37.0,False,2.6,116.404,True,63,2025,7,Emilia Romagna Grand Prix,2025_07
BOR,Kick Sauber,47.0,4.0,MEDIUM,13.0,False,4,False,17.0,24.0,39.5,38.0,False,3.2,117.426,True,63,2025,7,Emilia Romagna Grand Prix,2025_07
BOR,Kick Sauber,48.0,4.0,MEDIUM,14.0,False,4,False,17.0,24.0,40.1,37.0,False,3.3,92.102,False,63,2025,7,Emilia Romagna Grand Prix,2025_07
BOR,Kick Sauber,49.0,4.0,MEDIUM,15.0,False,4,False,17.0,24.2,40.5,38.0,False,3.3,92.363,False,63,2025,7,Emilia Romagna Grand Prix,2025_07
BOR,Kick Sauber,50.0,4.0,MEDIUM,16.0,False,4,False,17.0,24.3,40.5,38.0,False,3.2,124.694,False,63,2025,7,Emilia Romagna Grand Prix,2025_07
BOR,Kick Sauber,51.0,4.0,MEDIUM,17.0,False,4,False,17.0,24.3,39.7,37.0,False,4.1,125.087,False,63,2025,7,Emilia Romagna Grand Prix,2025_07
BOR,Kick Sauber,52.0,4.0,MEDIUM,18.0,False,4,False,17.0,24.3,39.6,38.0,False,4.7,118.632,False,63,2025,7,Emilia Romagna Grand Prix,2025_07
BOR,Kick Sauber,53.0,4.0,MEDIUM,19.0,False,41,False,17.0,24.1,39.6,38.0,False,4.9,114.198,False,63,2025,7,Emilia Romagna Grand Prix,2025_07
BOR,Kick Sauber,54.0,4.0,MEDIUM,20.0,False,1,True,17.0,24.0,39.7,39.0,False,3.0,82.918,False,63,2025,7,Emilia Romagna Grand Prix,2025_07
BOR,Kick Sauber,55.0,4.0,MEDIUM,21.0,False,1,True,17.0,24.1,39.9,38.0,False,3.3,82.203,False,63,2025,7,Emilia Romagna Grand Prix,2025_07
BOR,Kick Sauber,56.0,4.0,MEDIUM,22.0,False,1,True,17.0,24.0,39.9,37.0,False,4.0,81.309,False,63,2025,7,Emilia Romagna Grand Prix,2025_07
BOR,Kick Sauber,57.0,4.0,MEDIUM,23.0,False,1,True,17.0,24.0,39.3,37.0,False,3.1,80.63,False,63,2025,7,Emilia Romagna Grand Prix,2025_07
BOR,Kick Sauber,58.0,4.0,MEDIUM,24.0,False,1,True,18.0,24.0,39.3,36.0,False,3.9,82.106,False,63,2025,7,Emilia Romagna Grand Prix,2025_07
BOR,Kick Sauber,59.0,4.0,MEDIUM,25.0,False,1,True,18.0,24.0,39.5,38.0,False,3.8,81.35,False,63,2025,7,Emilia Romagna Grand Prix,2025_07
BOR,Kick Sauber,60.0,4.0,MEDIUM,26.0,False,1,True,18.0,23.9,39.4,37.0,False,3.9,81.166,False,63,2025,7,Emilia Romagna Grand Prix,2025_07
BOR,Kick Sauber,61.0,4.0,MEDIUM,27.0,False,1,True,18.0,24.0,39.4,37.0,False,3.3,80.938,False,63,2025,7,Emilia Romagna Grand Prix,2025_07
BOR,Kick Sauber,62.0,4.0,MEDIUM,28.0,False,1,True,18.0,23.9,39.0,37.0,False,3.3,81.351,False,63,2025,7,Emilia Romagna Grand Prix,2025_07
BOR,Kick Sauber,63.0,4.0,MEDIUM,29.0,False,1,True,18.0,23.8,38.6,37.0,False,1.7,81.306,False,63,2025,7,Emilia Romagna Grand Prix,2025_07
SAI,Williams,1.0,1.0,MEDIUM,1.0,True,1,False,6.0,24.0,45.0,39.0,False,3.4,86.933,False,63,2025,7,Emilia Romagna Grand Prix,2025_07
SAI,Williams,2.0,1.0,MEDIUM,2.0,True,1,True,6.0,24.0,45.2,39.0,False,3.5,82.2,False,63,2025,7,Emilia Romagna Grand Prix,2025_07
SAI,Williams,3.0,1.0,MEDIUM,3.0,True,1,True,6.0,24.0,45.4,39.0,False,2.6,81.656,False,63,2025,7,Emilia Romagna Grand Prix,2025_07
SAI,Williams,4.0,1.0,MEDIUM,4.0,True,1,True,6.0,24.1,44.8,38.0,False,4.1,81.507,False,63,2025,7,Emilia Romagna Grand Prix,2025_07
SAI,Williams,5.0,1.0,MEDIUM,5.0,True,1,True,6.0,24.0,44.7,38.0,False,4.6,81.708,False,63,2025,7,Emilia Romagna Grand Prix,2025_07
SAI,Williams,6.0,1.0,MEDIUM,6.0,True,1,True,6.0,23.9,43.4,40.0,False,1.5,81.759,False,63,2025,7,Emilia Romagna Grand Prix,2025_07
SAI,Williams,7.0,1.0,MEDIUM,7.0,True,1,True,6.0,23.8,43.5,40.0,False,2.4,81.38,False,63,2025,7,Emilia Romagna Grand Prix,2025_07
SAI,Williams,8.0,1.0,MEDIUM,8.0,True,1,True,6.0,24.0,43.1,39.0,False,3.3,82.162,False,63,2025,7,Emilia Romagna Grand Prix,2025_07
SAI,Williams,9.0,1.0,MEDIUM,9.0,True,1,True,6.0,24.1,43.2,39.0,False,3.6,82.042,False,63,2025,7,Emilia Romagna Grand Prix,2025_07
SAI,Williams,10.0,1.0,MEDIUM,10.0,True,1,True,6.0,24.0,43.2,40.0,False,3.0,82.751,False,63,2025,7,Emilia Romagna Grand Prix,2025_07
SAI,Williams,11.0,1.0,MEDIUM,11.0,True,1,False,11.0,24.2,42.7,39.0,False,3.1,88.303,True,63,2025,7,Emilia Romagna Grand Prix,2025_07
SAI,Williams,12.0,2.0,HARD,1.0,True,1,False,17.0,24.2,42.9,39.0,False,4.1,103.821,True,63,2025,7,Emilia Romagna Grand Prix,2025_07
SAI,Williams,13.0,2.0,HARD,2.0,True,1,True,16.0,24.1,42.7,38.0,False,3.9,82.192,False,63,2025,7,Emilia Romagna Grand Prix,2025_07
SAI,Williams,14.0,2.0,HARD,3.0,True,1,True,15.0,24.1,42.5,39.0,False,3.7,81.268,False,63,2025,7,Emilia Romagna Grand Prix,2025_07
SAI,Williams,15.0,2.0,HARD,4.0,True,1,True,14.0,24.0,42.8,39.0,False,2.5,81.564,False,63,2025,7,Emilia Romagna Grand Prix,2025_07
SAI,Williams,16.0,2.0,HARD,5.0,True,1,True,14.0,24.0,42.5,39.0,False,3.1,81.289,False,63,2025,7,Emilia Romagna Grand Prix,2025_07
SAI,Williams,17.0,2.0,HARD,6.0,True,1,True,14.0,24.2,42.5,39.0,False,3.1,81.43,False,63,2025,7,Emilia Romagna Grand Prix,2025_07
SAI,Williams,18.0,2.0,HARD,7.0,True,1,True,14.0,24.3,42.3,39.0,False,1.6,81.458,False,63,2025,7,Emilia Romagna Grand Prix,2025_07
SAI,Williams,19.0,2.0,HARD,8.0,True,1,True,14.0,24.3,41.7,39.0,False,4.8,81.626,False,63,2025,7,Emilia Romagna Grand Prix,2025_07
SAI,Williams,20.0,2.0,HARD,9.0,True,1,True,14.0,24.1,41.7,39.0,False,3.2,81.526,False,63,2025,7,Emilia Romagna Grand Prix,2025_07
SAI,Williams,21.0,2.0,HARD,10.0,True,1,True,14.0,23.9,41.6,40.0,False,2.9,81.872,False,63,2025,7,Emilia Romagna Grand Prix,2025_07
SAI,Williams,22.0,2.0,HARD,11.0,True,1,True,14.0,23.9,41.8,40.0,False,2.1,81.91,False,63,2025,7,Emilia Romagna Grand Prix,2025_07
SAI,Williams,23.0,2.0,HARD,12.0,True,1,True,13.0,23.8,41.7,38.0,False,2.7,82.356,False,63,2025,7,Emilia Romagna Grand Prix,2025_07
SAI,Williams,24.0,2.0,HARD,13.0,True,1,True,13.0,23.8,41.6,40.0,False,1.8,82.324,False,63,2025,7,Emilia Romagna Grand Prix,2025_07
SAI,Williams,25.0,2.0,HARD,14.0,True,1,True,13.0,23.8,41.8,39.0,False,2.5,82.704,False,63,2025,7,Emilia Romagna Grand Prix,2025_07
SAI,Williams,26.0,2.0,HARD,15.0,True,1,True,13.0,24.2,41.5,40.0,False,2.5,82.46,False,63,2025,7,Emilia Romagna Grand Prix,2025_07
SAI,Williams,27.0,2.0,HARD,16.0,True,1,True,13.0,24.1,41.8,38.0,False,2.6,82.242,False,63,2025,7,Emilia Romagna Grand Prix,2025_07
SAI,Williams,28.0,2.0,HARD,17.0,True,12,True,13.0,24.0,41.8,39.0,False,1.4,82.787,False,63,2025,7,Emilia Romagna Grand Prix,2025_07
SAI,Williams,29.0,2.0,HARD,18.0,True,26,False,13.0,24.3,41.7,38.0,False,2.4,110.594,True,63,2025,7,Emilia Romagna Grand Prix,2025_07
SAI,Williams,30.0,3.0,HARD,1.0,True,671,False,15.0,24.3,40.9,37.0,False,3.8,130.43,True,63,2025,7,Emilia Romagna Grand Prix,2025_07
SAI,Williams,31.0,3.0,HARD,2.0,True,1,True,14.0,24.0,41.6,38.0,False,3.8,81.182,False,63,2025,7,Emilia Romagna Grand Prix,2025_07
SAI,Williams,32.0,3.0,HARD,3.0,True,1,True,13.0,24.0,41.9,38.0,False,2.0,81.184,False,63,2025,7,Emilia Romagna Grand Prix,2025_07
SAI,Williams,33.0,3.0,HARD,4.0,True,1,True,13.0,23.9,41.9,38.0,False,3.2,80.867,False,63,2025,7,Emilia Romagna Grand Prix,2025_07
SAI,Williams,34.0,3.0,HARD,5.0,True,1,True,13.0,24.2,41.4,38.0,False,3.9,81.183,False,63,2025,7,Emilia Romagna Grand Prix,2025_07
SAI,Williams,35.0,3.0,HARD,6.0,True,1,True,13.0,24.2,41.3,38.0,False,4.2,81.323,False,63,2025,7,Emilia Romagna Grand Prix,2025_07
SAI,Williams,36.0,3.0,HARD,7.0,True,1,True,13.0,24.1,41.2,38.0,False,3.0,81.568,False,63,2025,7,Emilia Romagna Grand Prix,2025_07
SAI,Williams,37.0,3.0,HARD,8.0,True,1,True,12.0,24.1,39.9,39.0,False,3.0,81.306,False,63,2025,7,Emilia Romagna Grand Prix,2025_07
SAI,Williams,38.0,3.0,HARD,9.0,True,1,True,12.0,24.0,38.9,39.0,False,2.1,81.252,False,63,2025,7,Emilia Romagna Grand Prix,2025_07
SAI,Williams,39.0,3.0,HARD,10.0,True,1,True,12.0,23.9,39.3,39.0,False,2.4,81.593,False,63,2025,7,Emilia Romagna Grand Prix,2025_07
SAI,Williams,40.0,3.0,HARD,11.0,True,1,True,11.0,23.7,39.8,38.0,False,2.9,80.587,False,63,2025,7,Emilia Romagna Grand Prix,2025_07
SAI,Williams,41.0,3.0,HARD,12.0,True,1,True,11.0,23.8,39.3,38.0,False,3.9,81.038,False,63,2025,7,Emilia Romagna Grand Prix,2025_07
SAI,Williams,42.0,3.0,HARD,13.0,True,1,True,10.0,24.0,38.7,38.0,False,3.4,80.157,False,63,2025,7,Emilia Romagna Grand Prix,2025_07
SAI,Williams,43.0,3.0,HARD,14.0,True,1,True,10.0,24.0,39.4,38.0,False,1.9,80.424,False,63,2025,7,Emilia Romagna Grand Prix,2025_07
SAI,Williams,44.0,3.0,HARD,15.0,True,1,True,10.0,24.0,39.7,38.0,False,2.5,80.404,False,63,2025,7,Emilia Romagna Grand Prix,2025_07
SAI,Williams,45.0,3.0,HARD,16.0,True,124,False,9.0,24.1,40.1,38.0,False,2.9,86.348,False,63,2025,7,Emilia Romagna Grand Prix,2025_07
SAI,Williams,46.0,3.0,HARD,17.0,True,4,False,9.0,24.1,40.1,37.0,False,2.6,109.954,False,63,2025,7,Emilia Romagna Grand Prix,2025_07
SAI,Williams,47.0,3.0,HARD,18.0,True,4,False,8.0,24.0,39.5,38.0,False,3.2,105.888,False,63,2025,7,Emilia Romagna Grand Prix,2025_07
SAI,Williams,48.0,3.0,HARD,19.0,True,4,False,8.0,24.0,40.1,37.0,False,3.3,102.28,False,63,2025,7,Emilia Romagna Grand Prix,2025_07
SAI,Williams,49.0,3.0,HARD,20.0,True,4,False,8.0,24.0,40.1,38.0,False,2.6,109.532,False,63,2025,7,Emilia Romagna Grand Prix,2025_07
SAI,Williams,50.0,3.0,HARD,21.0,True,4,False,8.0,24.3,40.5,38.0,False,3.2,129.91,False,63,2025,7,Emilia Romagna Grand Prix,2025_07
SAI,Williams,51.0,3.0,HARD,22.0,True,4,False,8.0,24.3,40.1,38.0,False,3.3,122.99,False,63,2025,7,Emilia Romagna Grand Prix,2025_07
SAI,Williams,52.0,3.0,HARD,23.0,True,4,False,8.0,24.3,39.7,38.0,False,4.4,119.038,False,63,2025,7,Emilia Romagna Grand Prix,2025_07
SAI,Williams,53.0,3.0,HARD,24.0,True,41,False,8.0,24.2,39.6,38.0,False,4.7,124.796,False,63,2025,7,Emilia Romagna Grand Prix,2025_07
SAI,Williams,54.0,3.0,HARD,25.0,True,1,True,8.0,24.0,39.7,38.0,False,3.2,81.77,False,63,2025,7,Emilia Romagna Grand Prix,2025_07
SAI,Williams,55.0,3.0,HARD,26.0,True,1,True,8.0,24.1,39.9,38.0,False,3.3,79.997,False,63,2025,7,Emilia Romagna Grand Prix,2025_07
SAI,Williams,56.0,3.0,HARD,27.0,True,1,True,8.0,24.0,39.9,37.0,False,4.0,80.613,False,63,2025,7,Emilia Romagna Grand Prix,2025_07
SAI,Williams,57.0,3.0,HARD,28.0,True,1,True,8.0,24.0,39.7,37.0,False,3.7,80.122,False,63,2025,7,Emilia Romagna Grand Prix,2025_07
SAI,Williams,58.0,3.0,HARD,29.0,True,1,True,8.0,24.0,39.3,36.0,False,3.9,79.836,False,63,2025,7,Emilia Romagna Grand Prix,2025_07
SAI,Williams,59.0,3.0,HARD,30.0,True,1,True,8.0,24.0,39.5,38.0,False,3.8,80.152,False,63,2025,7,Emilia Romagna Grand Prix,2025_07
SAI,Williams,60.0,3.0,HARD,31.0,True,1,True,8.0,24.0,39.5,38.0,False,2.0,79.945,False,63,2025,7,Emilia Romagna Grand Prix,2025_07
SAI,Williams,61.0,3.0,HARD,32.0,True,1,True,8.0,24.0,39.4,37.0,False,3.3,79.984,False,63,2025,7,Emilia Romagna Grand Prix,2025_07
SAI,Williams,62.0,3.0,HARD,33.0,True,1,True,8.0,23.9,39.0,37.0,False,3.3,80.316,False,63,2025,7,Emilia Romagna Grand Prix,2025_07
SAI,Williams,63.0,3.0,HARD,34.0,True,1,True,8.0,23.9,38.9,37.0,False,2.9,80.304,False,63,2025,7,Emilia Romagna Grand Prix,2025_07
HAD,Racing Bulls,1.0,1.0,MEDIUM,1.0,True,1,False,11.0,24.0,45.0,39.0,False,3.4,89.045,False,63,2025,7,Emilia Romagna Grand Prix,2025_07
HAD,Racing Bulls,2.0,1.0,MEDIUM,2.0,True,1,True,11.0,24.0,45.2,39.0,False,3.5,82.976,False,63,2025,7,Emilia Romagna Grand Prix,2025_07
HAD,Racing Bulls,3.0,1.0,MEDIUM,3.0,True,1,True,10.0,24.0,45.4,39.0,False,2.6,81.933,False,63,2025,7,Emilia Romagna Grand Prix,2025_07
HAD,Racing Bulls,4.0,1.0,MEDIUM,4.0,True,1,True,10.0,24.1,44.8,38.0,False,4.1,81.233,False,63,2025,7,Emilia Romagna Grand Prix,2025_07
HAD,Racing Bulls,5.0,1.0,MEDIUM,5.0,True,1,True,10.0,24.0,44.7,38.0,False,4.6,81.599,False,63,2025,7,Emilia Romagna Grand Prix,2025_07
HAD,Racing Bulls,6.0,1.0,MEDIUM,6.0,True,1,True,10.0,23.9,43.4,40.0,False,1.5,81.646,False,63,2025,7,Emilia Romagna Grand Prix,2025_07
HAD,Racing Bulls,7.0,1.0,MEDIUM,7.0,True,1,True,10.0,23.8,43.5,40.0,False,2.4,82.207,False,63,2025,7,Emilia Romagna Grand Prix,2025_07
HAD,Racing Bulls,8.0,1.0,MEDIUM,8.0,True,1,True,10.0,24.0,43.1,39.0,False,3.3,82.087,False,63,2025,7,Emilia Romagna Grand Prix,2025_07
HAD,Racing Bulls,9.0,1.0,MEDIUM,9.0,True,1,True,10.0,24.1,43.2,39.0,False,3.6,81.633,False,63,2025,7,Emilia Romagna Grand Prix,2025_07
HAD,Racing Bulls,10.0,1.0,MEDIUM,10.0,True,1,True,9.0,24.0,43.2,40.0,False,3.0,82.214,False,63,2025,7,Emilia Romagna Grand Prix,2025_07
HAD,Racing Bulls,11.0,1.0,MEDIUM,11.0,True,1,True,7.0,24.2,42.7,39.0,False,3.1,82.779,False,63,2025,7,Emilia Romagna Grand Prix,2025_07
HAD,Racing Bulls,12.0,1.0,MEDIUM,12.0,True,1,True,6.0,24.2,42.9,39.0,False,4.1,83.006,False,63,2025,7,Emilia Romagna Grand Prix,2025_07
HAD,Racing Bulls,13.0,1.0,MEDIUM,13.0,True,1,True,6.0,24.1,42.9,38.0,False,4.6,82.462,False,63,2025,7,Emilia Romagna Grand Prix,2025_07
HAD,Racing Bulls,14.0,1.0,MEDIUM,14.0,True,1,True,4.0,24.1,42.5,39.0,False,3.7,82.484,False,63,2025,7,Emilia Romagna Grand Prix,2025_07
HAD,Racing Bulls,15.0,1.0,MEDIUM,15.0,True,1,True,4.0,24.1,42.7,39.0,False,2.6,82.036,False,63,2025,7,Emilia Romagna Grand Prix,2025_07
HAD,Racing Bulls,16.0,1.0,MEDIUM,16.0,True,1,True,4.0,24.0,42.5,39.0,False,3.1,82.331,False,63,2025,7,Emilia Romagna Grand Prix,2025_07
HAD,Racing Bulls,17.0,1.0,MEDIUM,17.0,True,1,True,4.0,24.2,42.5,39.0,False,3.1,82.091,False,63,2025,7,Emilia Romagna Grand Prix,2025_07
HAD,Racing Bulls,18.0,1.0,MEDIUM,18.0,True,1,True,4.0,24.1,42.5,39.0,False,3.5,82.486,False,63,2025,7,Emilia Romagna Grand Prix,2025_07
HAD,Racing Bulls,19.0,1.0,MEDIUM,19.0,True,1,True,4.0,24.3,41.7,39.0,False,4.8,82.441,False,63,2025,7,Emilia Romagna Grand Prix,2025_07
HAD,Racing Bulls,20.0,1.0,MEDIUM,20.0,True,1,True,4.0,24.1,41.7,39.0,False,3.2,82.42,False,63,2025,7,Emilia Romagna Grand Prix,2025_07
HAD,Racing Bulls,21.0,1.0,MEDIUM,21.0,True,1,True,4.0,24.0,41.7,40.0,False,3.2,82.399,False,63,2025,7,Emilia Romagna Grand Prix,2025_07
HAD,Racing Bulls,22.0,1.0,MEDIUM,22.0,True,1,True,4.0,23.9,41.8,40.0,False,2.1,82.252,False,63,2025,7,Emilia Romagna Grand Prix,2025_07
HAD,Racing Bulls,23.0,1.0,MEDIUM,23.0,True,1,True,4.0,23.8,41.7,38.0,False,2.7,82.392,False,63,2025,7,Emilia Romagna Grand Prix,2025_07
HAD,Racing Bulls,24.0,1.0,MEDIUM,24.0,True,1,True,4.0,23.8,41.6,40.0,False,1.8,82.27,False,63,2025,7,Emilia Romagna Grand Prix,2025_07
HAD,Racing Bulls,25.0,1.0,MEDIUM,25.0,True,1,True,4.0,23.8,41.8,39.0,False,2.5,82.331,False,63,2025,7,Emilia Romagna Grand Prix,2025_07
HAD,Racing Bulls,26.0,1.0,MEDIUM,26.0,True,1,True,4.0,24.0,41.4,38.0,False,2.7,82.213,False,63,2025,7,Emilia Romagna Grand Prix,2025_07
HAD,Racing Bulls,27.0,1.0,MEDIUM,27.0,True,1,True,4.0,24.1,41.8,38.0,False,2.6,82.301,False,63,2025,7,Emilia Romagna Grand Prix,2025_07
HAD,Racing Bulls,28.0,1.0,MEDIUM,28.0,True,1,True,5.0,24.0,41.8,39.0,False,1.4,83.448,False,63,2025,7,Emilia Romagna Grand Prix,2025_07
HAD,Racing Bulls,29.0,1.0,MEDIUM,29.0,True,126,False,5.0,24.2,41.8,37.0,False,2.9,106.215,True,63,2025,7,Emilia Romagna Grand Prix,2025_07
HAD,Racing Bulls,30.0,2.0,HARD,1.0,True,6,False,5.0,24.2,40.9,37.0,False,3.0,132.144,True,63,2025,7,Emilia Romagna Grand Prix,2025_07
HAD,Racing Bulls,31.0,2.0,HARD,2.0,True,671,False,5.0,24.2,41.3,37.0,False,3.4,85.387,False,63,2025,7,Emilia Romagna Grand Prix,2025_07
HAD,Racing Bulls,32.0,2.0,HARD,3.0,True,1,True,5.0,24.0,41.9,38.0,False,2.0,80.944,False,63,2025,7,Emilia Romagna Grand Prix,2025_07
HAD,Racing Bulls,33.0,2.0,HARD,4.0,True,1,True,5.0,23.9,41.9,38.0,False,3.2,80.732,False,63,2025,7,Emilia Romagna Grand Prix,2025_07
HAD,Racing Bulls,34.0,2.0,HARD,5.0,True,1,True,5.0,24.2,41.4,38.0,False,3.9,80.295,False,63,2025,7,Emilia Romagna Grand Prix,2025_07
HAD,Racing Bulls,35.0,2.0,HARD,6.0,True,1,True,5.0,24.2,41.3,38.0,False,4.2,80.525,False,63,2025,7,Emilia Romagna Grand Prix,2025_07
HAD,Racing Bulls,36.0,2.0,HARD,7.0,True,1,True,6.0,24.1,41.2,38.0,False,3.0,82.095,False,63,2025,7,Emilia Romagna Grand Prix,2025_07
HAD,Racing Bulls,37.0,2.0,HARD,8.0,True,1,True,6.0,24.1,39.9,39.0,False,3.0,81.189,False,63,2025,7,Emilia Romagna Grand Prix,2025_07
HAD,Racing Bulls,38.0,2.0,HARD,9.0,True,1,True,6.0,24.0,38.9,39.0,False,2.1,81.018,False,63,2025,7,Emilia Romagna Grand Prix,2025_07
HAD,Racing Bulls,39.0,2.0,HARD,10.0,True,1,True,6.0,23.9,38.6,39.0,False,3.1,80.998,False,63,2025,7,Emilia Romagna Grand Prix,2025_07
HAD,Racing Bulls,40.0,2.0,HARD,11.0,True,1,True,6.0,23.7,39.8,38.0,False,2.9,80.709,False,63,2025,7,Emilia Romagna Grand Prix,2025_07
HAD,Racing Bulls,41.0,2.0,HARD,12.0,True,1,True,7.0,23.8,39.3,38.0,False,3.9,81.748,False,63,2025,7,Emilia Romagna Grand Prix,2025_07
HAD,Racing Bulls,42.0,2.0,HARD,13.0,True,1,True,7.0,24.0,38.7,38.0,False,3.1,80.815,False,63,2025,7,Emilia Romagna Grand Prix,2025_07
HAD,Racing Bulls,43.0,2.0,HARD,14.0,True,1,True,7.0,24.0,39.4,38.0,False,1.9,80.82,False,63,2025,7,Emilia Romagna Grand Prix,2025_07
HAD,Racing Bulls,44.0,2.0,HARD,15.0,True,1,True,7.0,24.0,39.7,38.0,False,2.5,80.699,False,63,2025,7,Emilia Romagna Grand Prix,2025_07
HAD,Racing Bulls,45.0,2.0,HARD,16.0,True,12,True,7.0,24.1,39.7,38.0,False,3.1,81.026,False,63,2025,7,Emilia Romagna Grand Prix,2025_07
HAD,Racing Bulls,46.0,2.0,HARD,17.0,True,24,False,7.0,24.1,40.1,37.0,False,2.6,114.69,True,63,2025,7,Emilia Romagna Grand Prix,2025_07
HAD,Racing Bulls,47.0,3.0,HARD,1.0,True,4,False,9.0,24.0,39.5,38.0,False,3.2,132.079,True,63,2025,7,Emilia Romagna Grand Prix,2025_07
HAD,Racing Bulls,48.0,3.0,HARD,2.0,True,4,False,9.0,24.0,40.1,37.0,False,3.3,96.281,False,63,2025,7,Emilia Romagna Grand Prix,2025_07
HAD,Racing Bulls,49.0,3.0,HARD,3.0,True,4,False,9.0,24.0,40.1,38.0,False,2.6,106.692,False,63,2025,7,Emilia Romagna Grand Prix,2025_07
HAD,Racing Bulls,50.0,3.0,HARD,4.0,True,4,False,9.0,24.3,40.5,38.0,False,3.2,130.597,False,63,2025,7,Emilia Romagna Grand Prix,2025_07
HAD,Racing Bulls,51.0,3.0,HARD,5.0,True,4,False,9.0,24.3,40.1,38.0,False,3.3,122.912,False,63,2025,7,Emilia Romagna Grand Prix,2025_07
HAD,Racing Bulls,52.0,3.0,HARD,6.0,True,4,False,9.0,24.3,39.7,38.0,False,4.4,119.397,False,63,2025,7,Emilia Romagna Grand Prix,2025_07
HAD,Racing Bulls,53.0,3.0,HARD,7.0,True,41,False,9.0,24.2,39.6,38.0,False,4.7,122.729,False,63,2025,7,Emilia Romagna Grand Prix,2025_07
HAD,Racing Bulls,54.0,3.0,HARD,8.0,True,1,True,9.0,24.0,39.7,38.0,False,3.2,81.759,False,63,2025,7,Emilia Romagna Grand Prix,2025_07
HAD,Racing Bulls,55.0,3.0,HARD,9.0,True,1,True,9.0,24.1,39.9,38.0,False,3.3,80.206,False,63,2025,7,Emilia Romagna Grand Prix,2025_07
HAD,Racing Bulls,56.0,3.0,HARD,10.0,True,1,True,9.0,24.0,39.9,37.0,False,4.0,80.343,False,63,2025,7,Emilia Romagna Grand Prix,2025_07
HAD,Racing Bulls,57.0,3.0,HARD,11.0,True,1,True,9.0,24.0,39.7,37.0,False,3.7,80.375,False,63,2025,7,Emilia Romagna Grand Prix,2025_07
HAD,Racing Bulls,58.0,3.0,HARD,12.0,True,1,True,9.0,24.0,39.3,36.0,False,3.9,80.606,False,63,2025,7,Emilia Romagna Grand Prix,2025_07
HAD,Racing Bulls,59.0,3.0,HARD,13.0,True,1,True,9.0,24.0,39.5,38.0,False,3.8,80.246,False,63,2025,7,Emilia Romagna Grand Prix,2025_07
HAD,Racing Bulls,60.0,3.0,HARD,14.0,True,1,True,9.0,23.9,39.4,37.0,False,3.9,79.473,False,63,2025,7,Emilia Romagna Grand Prix,2025_07
HAD,Racing Bulls,61.0,3.0,HARD,15.0,True,1,True,9.0,24.0,39.4,37.0,False,3.3,79.645,False,63,2025,7,Emilia Romagna Grand Prix,2025_07
HAD,Racing Bulls,62.0,3.0,HARD,16.0,True,1,True,9.0,23.9,39.0,37.0,False,3.3,80.08,False,63,2025,7,Emilia Romagna Grand Prix,2025_07
HAD,Racing Bulls,63.0,3.0,HARD,17.0,True,1,True,9.0,23.8,38.6,37.0,False,1.7,80.601,False,63,2025,7,Emilia Romagna Grand Prix,2025_07
RUS,Mercedes,1.0,1.0,MEDIUM,4.0,False,1,False,3.0,24.0,45.0,39.0,False,3.4,84.968,False,63,2025,7,Emilia Romagna Grand Prix,2025_07
RUS,Mercedes,2.0,1.0,MEDIUM,5.0,False,1,True,3.0,24.0,45.2,39.0,False,3.5,81.596,False,63,2025,7,Emilia Romagna Grand Prix,2025_07
RUS,Mercedes,3.0,1.0,MEDIUM,6.0,False,1,True,3.0,24.0,45.4,39.0,False,2.6,81.618,False,63,2025,7,Emilia Romagna Grand Prix,2025_07
RUS,Mercedes,4.0,1.0,MEDIUM,7.0,False,1,True,3.0,24.1,44.8,38.0,False,4.1,81.707,False,63,2025,7,Emilia Romagna Grand Prix,2025_07
RUS,Mercedes,5.0,1.0,MEDIUM,8.0,False,1,True,3.0,24.0,44.7,38.0,False,4.6,81.385,False,63,2025,7,Emilia Romagna Grand Prix,2025_07
RUS,Mercedes,6.0,1.0,MEDIUM,9.0,False,1,True,3.0,23.9,43.4,40.0,False,1.5,81.773,False,63,2025,7,Emilia Romagna Grand Prix,2025_07
RUS,Mercedes,7.0,1.0,MEDIUM,10.0,False,1,True,3.0,23.8,43.5,40.0,False,2.4,81.505,False,63,2025,7,Emilia Romagna Grand Prix,2025_07
RUS,Mercedes,8.0,1.0,MEDIUM,11.0,False,1,True,3.0,23.9,43.2,39.0,False,4.3,81.744,False,63,2025,7,Emilia Romagna Grand Prix,2025_07
RUS,Mercedes,9.0,1.0,MEDIUM,12.0,False,1,True,3.0,24.1,43.2,39.0,False,3.6,82.495,False,63,2025,7,Emilia Romagna Grand Prix,2025_07
RUS,Mercedes,10.0,1.0,MEDIUM,13.0,False,1,True,3.0,24.0,43.2,40.0,False,3.0,83.096,False,63,2025,7,Emilia Romagna Grand Prix,2025_07
RUS,Mercedes,11.0,1.0,MEDIUM,14.0,False,1,False,10.0,24.2,42.7,39.0,False,3.1,89.274,True,63,2025,7,Emilia Romagna Grand Prix,2025_07
RUS,Mercedes,12.0,2.0,HARD,1.0,True,1,False,16.0,24.2,42.9,39.0,False,4.1,103.705,True,63,2025,7,Emilia Romagna Grand Prix,2025_07
RUS,Mercedes,13.0,2.0,HARD,2.0,True,1,True,14.0,24.1,42.7,38.0,False,3.9,81.334,False,63,2025,7,Emilia Romagna Grand Prix,2025_07
RUS,Mercedes,14.0,2.0,HARD,3.0,True,1,True,14.0,24.1,42.5,39.0,False,3.7,81.41,False,63,2025,7,Emilia Romagna Grand Prix,2025_07
RUS,Mercedes,15.0,2.0,HARD,4.0,True,1,True,13.0,24.0,42.8,39.0,False,2.5,81.356,False,63,2025,7,Emilia Romagna Grand Prix,2025_07
RUS,Mercedes,16.0,2.0,HARD,5.0,True,1,True,13.0,24.0,42.5,39.0,False,3.1,81.57,False,63,2025,7,Emilia Romagna Grand Prix,2025_07
RUS,Mercedes,17.0,2.0,HARD,6.0,True,1,True,13.0,24.2,42.5,39.0,False,3.1,81.663,False,63,2025,7,Emilia Romagna Grand Prix,2025_07
RUS,Mercedes,18.0,2.0,HARD,7.0,True,1,True,13.0,24.3,42.3,39.0,False,1.6,81.556,False,63,2025,7,Emilia Romagna Grand Prix,2025_07
RUS,Mercedes,19.0,2.0,HARD,8.0,True,1,True,13.0,24.3,41.7,39.0,False,4.8,81.534,False,63,2025,7,Emilia Romagna Grand Prix,2025_07
RUS,Mercedes,20.0,2.0,HARD,9.0,True,1,True,13.0,24.1,41.7,39.0,False,3.2,82.08,False,63,2025,7,Emilia Romagna Grand Prix,2025_07
RUS,Mercedes,21.0,2.0,HARD,10.0,True,1,True,13.0,23.9,41.6,40.0,False,2.9,81.948,False,63,2025,7,Emilia Romagna Grand Prix,2025_07
RUS,Mercedes,22.0,2.0,HARD,11.0,True,1,True,12.0,23.9,41.8,40.0,False,2.1,81.643,False,63,2025,7,Emilia Romagna Grand Prix,2025_07
RUS,Mercedes,23.0,2.0,HARD,12.0,True,1,True,12.0,23.8,41.7,38.0,False,2.7,82.576,False,63,2025,7,Emilia Romagna Grand Prix,2025_07
RUS,Mercedes,24.0,2.0,HARD,13.0,True,1,True,12.0,23.8,41.6,40.0,False,1.8,82.149,False,63,2025,7,Emilia Romagna Grand Prix,2025_07
RUS,Mercedes,25.0,2.0,HARD,14.0,True,1,True,11.0,23.8,41.8,39.0,False,2.5,81.552,False,63,2025,7,Emilia Romagna Grand Prix,2025_07
RUS,Mercedes,26.0,2.0,HARD,15.0,True,1,True,11.0,24.2,41.5,40.0,False,2.5,81.727,False,63,2025,7,Emilia Romagna Grand Prix,2025_07
RUS,Mercedes,27.0,2.0,HARD,16.0,True,1,True,11.0,24.1,41.8,38.0,False,2.6,81.414,False,63,2025,7,Emilia Romagna Grand Prix,2025_07
RUS,Mercedes,28.0,2.0,HARD,17.0,True,12,True,11.0,24.0,41.8,39.0,False,1.4,81.817,False,63,2025,7,Emilia Romagna Grand Prix,2025_07
RUS,Mercedes,29.0,2.0,HARD,18.0,True,26,False,11.0,24.3,41.7,38.0,False,2.4,108.463,True,63,2025,7,Emilia Romagna Grand Prix,2025_07
RUS,Mercedes,30.0,3.0,HARD,1.0,True,671,False,12.0,24.2,40.9,37.0,False,3.0,132.377,True,63,2025,7,Emilia Romagna Grand Prix,2025_07
RUS,Mercedes,31.0,3.0,HARD,2.0,True,1,True,12.0,24.0,41.6,38.0,False,3.8,81.258,False,63,2025,7,Emilia Romagna Grand Prix,2025_07
RUS,Mercedes,32.0,3.0,HARD,3.0,True,1,True,12.0,24.0,41.9,38.0,False,2.0,80.688,False,63,2025,7,Emilia Romagna Grand Prix,2025_07
RUS,Mercedes,33.0,3.0,HARD,4.0,True,1,True,11.0,23.9,41.9,38.0,False,3.2,81.267,False,63,2025,7,Emilia Romagna Grand Prix,2025_07
RUS,Mercedes,34.0,3.0,HARD,5.0,True,1,True,11.0,24.2,41.4,38.0,False,3.9,82.475,False,63,2025,7,Emilia Romagna Grand Prix,2025_07
RUS,Mercedes,35.0,3.0,HARD,6.0,True,1,True,10.0,24.2,41.3,38.0,False,4.2,81.852,False,63,2025,7,Emilia Romagna Grand Prix,2025_07
RUS,Mercedes,36.0,3.0,HARD,7.0,True,1,True,9.0,24.1,41.2,38.0,False,3.0,80.675,False,63,2025,7,Emilia Romagna Grand Prix,2025_07
RUS,Mercedes,37.0,3.0,HARD,8.0,True,1,True,9.0,24.1,39.9,39.0,False,3.0,80.544,False,63,2025,7,Emilia Romagna Grand Prix,2025_07
RUS,Mercedes,38.0,3.0,HARD,9.0,True,1,True,9.0,24.0,38.9,39.0,False,2.1,80.462,False,63,2025,7,Emilia Romagna Grand Prix,2025_07
RUS,Mercedes,39.0,3.0,HARD,10.0,True,1,True,9.0,23.9,38.6,39.0,False,3.1,80.514,False,63,2025,7,Emilia Romagna Grand Prix,2025_07
RUS,Mercedes,40.0,3.0,HARD,11.0,True,1,True,9.0,23.7,39.8,38.0,False,2.9,80.114,False,63,2025,7,Emilia Romagna Grand Prix,2025_07
RUS,Mercedes,41.0,3.0,HARD,12.0,True,1,True,9.0,23.8,39.3,38.0,False,3.9,80.516,False,63,2025,7,Emilia Romagna Grand Prix,2025_07
RUS,Mercedes,42.0,3.0,HARD,13.0,True,1,True,9.0,24.0,38.7,38.0,False,3.1,80.309,False,63,2025,7,Emilia Romagna Grand Prix,2025_07
RUS,Mercedes,43.0,3.0,HARD,14.0,True,1,True,9.0,24.0,39.4,38.0,False,1.9,80.277,False,63,2025,7,Emilia Romagna Grand Prix,2025_07
RUS,Mercedes,44.0,3.0,HARD,15.0,True,1,True,9.0,24.0,39.7,38.0,False,2.5,80.211,False,63,2025,7,Emilia Romagna Grand Prix,2025_07
RUS,Mercedes,45.0,3.0,HARD,16.0,True,124,False,8.0,24.1,39.7,38.0,False,3.1,80.506,False,63,2025,7,Emilia Romagna Grand Prix,2025_07
RUS,Mercedes,46.0,3.0,HARD,17.0,True,4,False,8.0,24.1,40.1,37.0,False,2.6,113.737,False,63,2025,7,Emilia Romagna Grand Prix,2025_07
RUS,Mercedes,47.0,3.0,HARD,18.0,True,4,False,6.0,24.0,39.5,38.0,False,3.2,112.688,False,63,2025,7,Emilia Romagna Grand Prix,2025_07
RUS,Mercedes,48.0,3.0,HARD,19.0,True,4,False,6.0,24.0,40.1,37.0,False,3.3,100.137,False,63,2025,7,Emilia Romagna Grand Prix,2025_07
RUS,Mercedes,49.0,3.0,HARD,20.0,True,4,False,6.0,24.0,40.1,38.0,False,2.6,112.079,False,63,2025,7,Emilia Romagna Grand Prix,2025_07
RUS,Mercedes,50.0,3.0,HARD,21.0,True,4,False,6.0,24.3,40.5,38.0,False,3.2,129.661,False,63,2025,7,Emilia Romagna Grand Prix,2025_07
RUS,Mercedes,51.0,3.0,HARD,22.0,True,4,False,6.0,24.3,40.1,38.0,False,3.3,123.734,False,63,2025,7,Emilia Romagna Grand Prix,2025_07
RUS,Mercedes,52.0,3.0,HARD,23.0,True,4,False,6.0,24.3,39.7,38.0,False,4.4,118.429,False,63,2025,7,Emilia Romagna Grand Prix,2025_07
RUS,Mercedes,53.0,3.0,HARD,24.0,True,41,False,6.0,24.2,39.6,38.0,False,4.7,127.147,False,63,2025,7,Emilia Romagna Grand Prix,2025_07
RUS,Mercedes,54.0,3.0,HARD,25.0,True,1,True,6.0,24.0,39.7,38.0,False,3.2,81.275,False,63,2025,7,Emilia Romagna Grand Prix,2025_07
RUS,Mercedes,55.0,3.0,HARD,26.0,True,1,True,6.0,24.1,39.9,38.0,False,3.3,79.733,False,63,2025,7,Emilia Romagna Grand Prix,2025_07
RUS,Mercedes,56.0,3.0,HARD,27.0,True,1,True,6.0,24.0,39.9,37.0,False,4.0,80.938,False,63,2025,7,Emilia Romagna Grand Prix,2025_07
RUS,Mercedes,57.0,3.0,HARD,28.0,True,1,True,7.0,24.0,39.7,37.0,False,3.7,80.517,False,63,2025,7,Emilia Romagna Grand Prix,2025_07
RUS,Mercedes,58.0,3.0,HARD,29.0,True,1,True,7.0,24.0,39.3,36.0,False,3.9,79.867,False,63,2025,7,Emilia Romagna Grand Prix,2025_07
RUS,Mercedes,59.0,3.0,HARD,30.0,True,1,True,7.0,24.0,39.5,38.0,False,3.8,79.983,False,63,2025,7,Emilia Romagna Grand Prix,2025_07
RUS,Mercedes,60.0,3.0,HARD,31.0,True,1,True,7.0,24.0,39.5,38.0,False,2.0,79.821,False,63,2025,7,Emilia Romagna Grand Prix,2025_07
RUS,Mercedes,61.0,3.0,HARD,32.0,True,1,True,7.0,24.0,39.4,37.0,False,3.3,79.841,False,63,2025,7,Emilia Romagna Grand Prix,2025_07
RUS,Mercedes,62.0,3.0,HARD,33.0,True,1,True,7.0,23.9,39.0,37.0,False,3.3,80.479,False,63,2025,7,Emilia Romagna Grand Prix,2025_07
RUS,Mercedes,63.0,3.0,HARD,34.0,True,1,True,7.0,23.9,38.9,37.0,False,2.9,80.464,False,63,2025,7,Emilia Romagna Grand Prix,2025_07
PIA,McLaren,1.0,1.0,MEDIUM,1.0,True,1,False,2.0,24.0,45.0,39.0,False,3.4,83.966,False,63,2025,7,Emilia Romagna Grand Prix,2025_07
PIA,McLaren,2.0,1.0,MEDIUM,2.0,True,1,True,2.0,24.0,45.2,39.0,False,3.5,81.601,False,63,2025,7,Emilia Romagna Grand Prix,2025_07
PIA,McLaren,3.0,1.0,MEDIUM,3.0,True,1,True,2.0,24.0,45.4,39.0,False,2.6,81.345,False,63,2025,7,Emilia Romagna Grand Prix,2025_07
PIA,McLaren,4.0,1.0,MEDIUM,4.0,True,1,True,2.0,24.1,44.8,38.0,False,4.1,81.29,False,63,2025,7,Emilia Romagna Grand Prix,2025_07
PIA,McLaren,5.0,1.0,MEDIUM,5.0,True,1,True,2.0,24.0,44.7,38.0,False,4.6,81.096,False,63,2025,7,Emilia Romagna Grand Prix,2025_07
PIA,McLaren,6.0,1.0,MEDIUM,6.0,True,1,True,2.0,23.9,43.4,40.0,False,1.5,81.316,False,63,2025,7,Emilia Romagna Grand Prix,2025_07
PIA,McLaren,7.0,1.0,MEDIUM,7.0,True,1,True,2.0,23.8,43.5,40.0,False,2.4,81.407,False,63,2025,7,Emilia Romagna Grand Prix,2025_07
PIA,McLaren,8.0,1.0,MEDIUM,8.0,True,1,True,2.0,23.9,43.2,39.0,False,4.3,81.178,False,63,2025,7,Emilia Romagna Grand Prix,2025_07
PIA,McLaren,9.0,1.0,MEDIUM,9.0,True,1,True,2.0,24.1,43.2,39.0,False,3.6,81.168,False,63,2025,7,Emilia Romagna Grand Prix,2025_07
PIA,McLaren,10.0,1.0,MEDIUM,10.0,True,1,True,2.0,24.0,43.2,40.0,False,3.0,81.742,False,63,2025,7,Emilia Romagna Grand Prix,2025_07
PIA,McLaren,11.0,1.0,MEDIUM,11.0,True,1,True,2.0,24.2,42.7,39.0,False,3.1,81.741,False,63,2025,7,Emilia Romagna Grand Prix,2025_07
PIA,McLaren,12.0,1.0,MEDIUM,12.0,True,1,True,2.0,24.2,42.9,39.0,False,4.1,81.68,False,63,2025,7,Emilia Romagna Grand Prix,2025_07
PIA,McLaren,13.0,1.0,MEDIUM,13.0,True,1,False,2.0,24.1,42.9,38.0,False,4.6,86.205,True,63,2025,7,Emilia Romagna Grand Prix,2025_07
PIA,McLaren,14.0,2.0,HARD,1.0,True,1,False,12.0,24.1,42.5,39.0,False,3.7,105.124,True,63,2025,7,Emilia Romagna Grand Prix,2025_07
PIA,McLaren,15.0,2.0,HARD,2.0,True,1,True,11.0,24.1,42.7,39.0,False,2.6,80.954,False,63,2025,7,Emilia Romagna Grand Prix,2025_07
PIA,McLaren,16.0,2.0,HARD,3.0,True,1,True,11.0,24.0,42.5,39.0,False,3.1,80.885,False,63,2025,7,Emilia Romagna Grand Prix,2025_07
PIA,McLaren,17.0,2.0,HARD,4.0,True,1,True,11.0,24.2,42.5,39.0,False,3.1,81.908,False,63,2025,7,Emilia Romagna Grand Prix,2025_07
PIA,McLaren,18.0,2.0,HARD,5.0,True,1,True,10.0,24.1,42.5,39.0,False,3.5,82.16,False,63,2025,7,Emilia Romagna Grand Prix,2025_07
PIA,McLaren,19.0,2.0,HARD,6.0,True,1,True,9.0,24.3,41.7,39.0,False,4.8,81.572,False,63,2025,7,Emilia Romagna Grand Prix,2025_07
PIA,McLaren,20.0,2.0,HARD,7.0,True,1,True,8.0,24.1,41.7,39.0,False,3.2,81.553,False,63,2025,7,Emilia Romagna Grand Prix,2025_07
PIA,McLaren,21.0,2.0,HARD,8.0,True,1,True,8.0,23.9,41.6,40.0,False,2.9,81.403,False,63,2025,7,Emilia Romagna Grand Prix,2025_07
PIA,McLaren,22.0,2.0,HARD,9.0,True,1,True,7.0,23.9,41.8,40.0,False,2.1,80.939,False,63,2025,7,Emilia Romagna Grand Prix,2025_07
PIA,McLaren,23.0,2.0,HARD,10.0,True,1,True,7.0,23.8,41.7,38.0,False,2.7,80.74,False,63,2025,7,Emilia Romagna Grand Prix,2025_07
PIA,McLaren,24.0,2.0,HARD,11.0,True,1,True,7.0,23.8,41.6,40.0,False,1.8,80.698,False,63,2025,7,Emilia Romagna Grand Prix,2025_07
PIA,McLaren,25.0,2.0,HARD,12.0,True,1,True,7.0,23.8,41.8,39.0,False,2.5,81.516,False,63,2025,7,Emilia Romagna Grand Prix,2025_07
PIA,McLaren,26.0,2.0,HARD,13.0,True,1,True,6.0,24.0,41.4,38.0,False,2.7,81.605,False,63,2025,7,Emilia Romagna Grand Prix,2025_07
PIA,McLaren,27.0,2.0,HARD,14.0,True,1,True,5.0,24.1,41.8,38.0,False,2.6,80.942,False,63,2025,7,Emilia Romagna Grand Prix,2025_07
PIA,McLaren,28.0,2.0,HARD,15.0,True,1,True,4.0,24.0,41.8,39.0,False,1.4,81.203,False,63,2025,7,Emilia Romagna Grand Prix,2025_07
PIA,McLaren,29.0,2.0,HARD,16.0,True,126,False,3.0,24.2,41.8,37.0,False,2.9,102.66,False,63,2025,7,Emilia Romagna Grand Prix,2025_07
PIA,McLaren,30.0,2.0,HARD,17.0,True,6,False,2.0,24.2,40.9,37.0,False,3.0,115.029,True,63,2025,7,Emilia Romagna Grand Prix,2025_07
PIA,McLaren,31.0,3.0,HARD,1.0,True,671,False,4.0,24.2,41.3,37.0,False,3.4,106.14,True,63,2025,7,Emilia Romagna Grand Prix,2025_07
PIA,McLaren,32.0,3.0,HARD,2.0,True,1,True,4.0,24.0,41.9,38.0,False,2.0,79.952,False,63,2025,7,Emilia Romagna Grand Prix,2025_07
PIA,McLaren,33.0,3.0,HARD,3.0,True,1,True,4.0,23.9,41.9,38.0,False,3.2,79.769,False,63,2025,7,Emilia Romagna Grand Prix,2025_07
PIA,McLaren,34.0,3.0,HARD,4.0,True,1,True,4.0,24.0,41.6,37.0,False,2.8,79.774,False,63,2025,7,Emilia Romagna Grand Prix,2025_07
PIA,McLaren,35.0,3.0,HARD,5.0,True,1,True,4.0,24.2,41.3,38.0,False,4.2,79.656,False,63,2025,7,Emilia Romagna Grand Prix,2025_07
PIA,McLaren,36.0,3.0,HARD,6.0,True,1,True,4.0,24.1,41.2,38.0,False,3.0,79.741,False,63,2025,7,Emilia Romagna Grand Prix,2025_07
PIA,McLaren,37.0,3.0,HARD,7.0,True,1,True,4.0,24.1,40.9,39.0,False,3.5,79.583,False,63,2025,7,Emilia Romagna Grand Prix,2025_07
PIA,McLaren,38.0,3.0,HARD,8.0,True,1,True,4.0,24.0,38.9,39.0,False,2.1,79.743,False,63,2025,7,Emilia Romagna Grand Prix,2025_07
PIA,McLaren,39.0,3.0,HARD,9.0,True,1,True,4.0,23.9,38.6,39.0,False,3.1,80.061,False,63,2025,7,Emilia Romagna Grand Prix,2025_07
PIA,McLaren,40.0,3.0,HARD,10.0,True,1,True,3.0,23.9,39.3,39.0,False,2.4,79.398,False,63,2025,7,Emilia Romagna Grand Prix,2025_07
PIA,McLaren,41.0,3.0,HARD,11.0,True,1,True,3.0,23.8,39.3,38.0,False,3.9,80.458,False,63,2025,7,Emilia Romagna Grand Prix,2025_07
PIA,McLaren,42.0,3.0,HARD,12.0,True,1,True,3.0,24.0,38.7,38.0,False,3.1,79.959,False,63,2025,7,Emilia Romagna Grand Prix,2025_07
PIA,McLaren,43.0,3.0,HARD,13.0,True,1,True,3.0,24.0,38.7,38.0,False,3.4,79.231,False,63,2025,7,Emilia Romagna Grand Prix,2025_07
PIA,McLaren,44.0,3.0,HARD,14.0,True,1,True,3.0,24.0,39.7,38.0,False,2.5,79.849,False,63,2025,7,Emilia Romagna Grand Prix,2025_07
PIA,McLaren,45.0,3.0,HARD,15.0,True,1,True,3.0,24.1,39.7,38.0,False,3.1,80.339,False,63,2025,7,Emilia Romagna Grand Prix,2025_07
PIA,McLaren,46.0,3.0,HARD,16.0,True,124,False,3.0,24.1,40.1,38.0,False,2.9,103.758,False,63,2025,7,Emilia Romagna Grand Prix,2025_07
PIA,McLaren,47.0,3.0,HARD,17.0,True,4,False,2.0,24.1,39.4,38.0,False,4.1,112.824,False,63,2025,7,Emilia Romagna Grand Prix,2025_07
PIA,McLaren,48.0,3.0,HARD,18.0,True,4,False,2.0,24.0,39.6,38.0,False,3.5,116.741,False,63,2025,7,Emilia Romagna Grand Prix,2025_07
PIA,McLaren,49.0,3.0,HARD,19.0,True,4,False,2.0,24.0,40.1,38.0,False,2.6,124.422,False,63,2025,7,Emilia Romagna Grand Prix,2025_07
PIA,McLaren,50.0,3.0,HARD,20.0,True,4,False,2.0,24.3,40.5,38.0,False,3.2,129.573,False,63,2025,7,Emilia Romagna Grand Prix,2025_07
PIA,McLaren,51.0,3.0,HARD,21.0,True,4,False,2.0,24.3,40.1,38.0,False,3.3,123.052,False,63,2025,7,Emilia Romagna Grand Prix,2025_07
PIA,McLaren,52.0,3.0,HARD,22.0,True,4,False,2.0,24.3,39.7,38.0,False,4.4,118.892,False,63,2025,7,Emilia Romagna Grand Prix,2025_07
PIA,McLaren,53.0,3.0,HARD,23.0,True,41,False,2.0,24.2,39.6,38.0,False,4.7,131.138,False,63,2025,7,Emilia Romagna Grand Prix,2025_07
PIA,McLaren,54.0,3.0,HARD,24.0,True,1,True,2.0,24.0,39.7,38.0,False,3.2,79.451,False,63,2025,7,Emilia Romagna Grand Prix,2025_07
PIA,McLaren,55.0,3.0,HARD,25.0,True,1,True,2.0,24.1,39.9,38.0,False,3.3,79.106,False,63,2025,7,Emilia Romagna Grand Prix,2025_07
PIA,McLaren,56.0,3.0,HARD,26.0,True,1,True,2.0,24.0,39.9,37.0,False,4.0,78.894,False,63,2025,7,Emilia Romagna Grand Prix,2025_07
PIA,McLaren,57.0,3.0,HARD,27.0,True,1,True,2.0,24.0,39.7,37.0,False,3.7,79.191,False,63,2025,7,Emilia Romagna Grand Prix,2025_07
PIA,McLaren,58.0,3.0,HARD,28.0,True,1,True,3.0,24.0,39.3,36.0,False,3.9,81.102,False,63,2025,7,Emilia Romagna Grand Prix,2025_07
PIA,McLaren,59.0,3.0,HARD,29.0,True,1,True,3.0,24.0,39.5,38.0,False,3.8,79.629,False,63,2025,7,Emilia Romagna Grand Prix,2025_07
PIA,McLaren,60.0,3.0,HARD,30.0,True,1,True,3.0,24.0,39.5,38.0,False,2.0,79.483,False,63,2025,7,Emilia Romagna Grand Prix,2025_07
PIA,McLaren,61.0,3.0,HARD,31.0,True,1,True,3.0,24.0,39.4,37.0,False,3.3,79.725,False,63,2025,7,Emilia Romagna Grand Prix,2025_07
PIA,McLaren,62.0,3.0,HARD,32.0,True,1,True,3.0,23.9,39.0,37.0,False,3.3,79.349,False,63,2025,7,Emilia Romagna Grand Prix,2025_07
PIA,McLaren,63.0,3.0,HARD,33.0,True,1,True,3.0,23.9,38.9,37.0,False,2.9,79.546,False,63,2025,7,Emilia Romagna Grand Prix,2025_07
BEA,Haas F1 Team,1.0,1.0,HARD,1.0,True,1,False,18.0,24.0,45.0,39.0,False,3.4,93.051,False,63,2025,7,Emilia Romagna Grand Prix,2025_07
BEA,Haas F1 Team,2.0,1.0,HARD,2.0,True,1,True,18.0,24.0,45.2,39.0,False,3.5,83.836,False,63,2025,7,Emilia Romagna Grand Prix,2025_07
BEA,Haas F1 Team,3.0,1.0,HARD,3.0,True,1,True,18.0,24.0,45.4,39.0,False,2.6,82.619,False,63,2025,7,Emilia Romagna Grand Prix,2025_07
BEA,Haas F1 Team,4.0,1.0,HARD,4.0,True,1,True,18.0,24.1,44.8,38.0,False,4.1,82.341,False,63,2025,7,Emilia Romagna Grand Prix,2025_07
BEA,Haas F1 Team,5.0,1.0,HARD,5.0,True,1,True,18.0,23.9,43.4,38.0,False,3.0,82.267,False,63,2025,7,Emilia Romagna Grand Prix,2025_07
BEA,Haas F1 Team,6.0,1.0,HARD,6.0,True,1,True,18.0,23.9,43.4,40.0,False,1.5,82.045,False,63,2025,7,Emilia Romagna Grand Prix,2025_07
BEA,Haas F1 Team,7.0,1.0,HARD,7.0,True,1,True,18.0,23.8,43.5,40.0,False,2.4,82.45,False,63,2025,7,Emilia Romagna Grand Prix,2025_07
BEA,Haas F1 Team,8.0,1.0,HARD,8.0,True,1,True,18.0,24.0,43.1,39.0,False,3.3,82.268,False,63,2025,7,Emilia Romagna Grand Prix,2025_07
BEA,Haas F1 Team,9.0,1.0,HARD,9.0,True,1,True,18.0,24.1,43.2,39.0,False,3.6,82.406,False,63,2025,7,Emilia Romagna Grand Prix,2025_07
BEA,Haas F1 Team,10.0,1.0,HARD,10.0,True,1,True,16.0,24.0,43.2,40.0,False,3.0,82.072,False,63,2025,7,Emilia Romagna Grand Prix,2025_07
BEA,Haas F1 Team,11.0,1.0,HARD,11.0,True,1,True,15.0,24.2,42.7,39.0,False,3.1,82.019,False,63,2025,7,Emilia Romagna Grand Prix,2025_07
BEA,Haas F1 Team,12.0,1.0,HARD,12.0,True,1,True,12.0,24.2,42.9,39.0,False,4.1,82.593,False,63,2025,7,Emilia Romagna Grand Prix,2025_07
BEA,Haas F1 Team,13.0,1.0,HARD,13.0,True,1,True,11.0,24.1,42.7,38.0,False,3.9,82.474,False,63,2025,7,Emilia Romagna Grand Prix,2025_07
BEA,Haas F1 Team,14.0,1.0,HARD,14.0,True,1,True,10.0,24.1,42.5,39.0,False,3.7,82.871,False,63,2025,7,Emilia Romagna Grand Prix,2025_07
BEA,Haas F1 Team,15.0,1.0,HARD,15.0,True,1,True,9.0,24.1,42.7,39.0,False,2.6,82.897,False,63,2025,7,Emilia Romagna Grand Prix,2025_07
BEA,Haas F1 Team,16.0,1.0,HARD,16.0,True,1,True,9.0,24.0,42.5,39.0,False,3.1,82.664,False,63,2025,7,Emilia Romagna Grand Prix,2025_07
BEA,Haas F1 Team,17.0,1.0,HARD,17.0,True,1,True,9.0,24.2,42.5,39.0,False,3.1,82.666,False,63,2025,7,Emilia Romagna Grand Prix,2025_07
BEA,Haas F1 Team,18.0,1.0,HARD,18.0,True,1,True,9.0,24.1,42.5,39.0,False,3.5,82.959,False,63,2025,7,Emilia Romagna Grand Prix,2025_07
BEA,Haas F1 Team,19.0,1.0,HARD,19.0,True,1,True,10.0,24.3,41.7,39.0,False,4.8,83.244,False,63,2025,7,Emilia Romagna Grand Prix,2025_07
BEA,Haas F1 Team,20.0,1.0,HARD,20.0,True,1,True,10.0,24.1,41.7,39.0,False,3.2,82.972,False,63,2025,7,Emilia Romagna Grand Prix,2025_07
BEA,Haas F1 Team,21.0,1.0,HARD,21.0,True,1,True,10.0,23.9,41.6,40.0,False,2.9,82.896,False,63,2025,7,Emilia Romagna Grand Prix,2025_07
BEA,Haas F1 Team,22.0,1.0,HARD,22.0,True,1,True,9.0,23.9,41.8,40.0,False,2.1,82.871,False,63,2025,7,Emilia Romagna Grand Prix,2025_07
BEA,Haas F1 Team,23.0,1.0,HARD,23.0,True,1,True,10.0,23.8,41.7,38.0,False,2.7,83.377,False,63,2025,7,Emilia Romagna Grand Prix,2025_07
BEA,Haas F1 Team,24.0,1.0,HARD,24.0,True,1,True,10.0,23.8,41.6,40.0,False,1.8,81.885,False,63,2025,7,Emilia Romagna Grand Prix,2025_07
BEA,Haas F1 Team,25.0,1.0,HARD,25.0,True,1,True,10.0,23.8,41.8,39.0,False,2.5,81.979,False,63,2025,7,Emilia Romagna Grand Prix,2025_07
BEA,Haas F1 Team,26.0,1.0,HARD,26.0,True,1,True,10.0,24.2,41.5,40.0,False,2.5,81.934,False,63,2025,7,Emilia Romagna Grand Prix,2025_07
BEA,Haas F1 Team,27.0,1.0,HARD,27.0,True,1,True,10.0,24.1,41.8,38.0,False,2.6,81.948,False,63,2025,7,Emilia Romagna Grand Prix,2025_07
BEA,Haas F1 Team,28.0,1.0,HARD,28.0,True,12,True,10.0,24.0,41.8,39.0,False,1.4,81.953,False,63,2025,7,Emilia Romagna Grand Prix,2025_07
BEA,Haas F1 Team,29.0,1.0,HARD,29.0,True,26,False,10.0,24.3,41.7,38.0,False,2.4,108.72,True,63,2025,7,Emilia Romagna Grand Prix,2025_07
BEA,Haas F1 Team,30.0,2.0,MEDIUM,1.0,True,671,False,13.0,24.2,40.9,37.0,False,3.0,133.375,True,63,2025,7,Emilia Romagna Grand Prix,2025_07
BEA,Haas F1 Team,31.0,2.0,MEDIUM,2.0,True,1,False,16.0,24.0,41.6,38.0,False,3.8,88.912,True,63,2025,7,Emilia Romagna Grand Prix,2025_07
BEA,Haas F1 Team,32.0,3.0,HARD,1.0,True,1,False,19.0,24.0,41.9,38.0,False,2.0,130.247,True,63,2025,7,Emilia Romagna Grand Prix,2025_07
BEA,Haas F1 Team,33.0,3.0,HARD,2.0,True,1,True,19.0,24.0,41.6,37.0,False,2.8,80.04,False,63,2025,7,Emilia Romagna Grand Prix,2025_07
BEA,Haas F1 Team,34.0,3.0,HARD,3.0,True,1,True,19.0,24.2,41.3,38.0,False,4.2,80.348,False,63,2025,7,Emilia Romagna Grand Prix,2025_07
BEA,Haas F1 Team,35.0,3.0,HARD,4.0,True,1,True,19.0,24.1,41.2,38.0,False,3.0,80.124,False,63,2025,7,Emilia Romagna Grand Prix,2025_07
BEA,Haas F1 Team,36.0,3.0,HARD,5.0,True,1,True,19.0,24.1,40.9,39.0,False,3.5,80.251,False,63,2025,7,Emilia Romagna Grand Prix,2025_07
BEA,Haas F1 Team,37.0,3.0,HARD,6.0,True,1,True,19.0,24.0,38.9,39.0,False,2.1,80.149,False,63,2025,7,Emilia Romagna Grand Prix,2025_07
BEA,Haas F1 Team,38.0,3.0,HARD,7.0,True,1,True,19.0,23.9,38.6,39.0,False,3.1,79.885,False,63,2025,7,Emilia Romagna Grand Prix,2025_07
BEA,Haas F1 Team,39.0,3.0,HARD,8.0,True,1,True,19.0,23.9,39.3,39.0,False,2.4,79.96,False,63,2025,7,Emilia Romagna Grand Prix,2025_07
BEA,Haas F1 Team,40.0,3.0,HARD,9.0,True,1,True,19.0,23.8,39.3,38.0,False,3.9,79.649,False,63,2025,7,Emilia Romagna Grand Prix,2025_07
BEA,Haas F1 Team,41.0,3.0,HARD,10.0,True,1,True,19.0,24.0,38.7,38.0,False,3.1,80.211,False,63,2025,7,Emilia Romagna Grand Prix,2025_07
BEA,Haas F1 Team,42.0,3.0,HARD,11.0,True,1,True,19.0,24.0,38.7,38.0,False,3.4,80.051,False,63,2025,7,Emilia Romagna Grand Prix,2025_07
BEA,Haas F1 Team,43.0,3.0,HARD,12.0,True,1,True,19.0,24.0,39.7,38.0,False,2.5,80.233,False,63,2025,7,Emilia Romagna Grand Prix,2025_07
BEA,Haas F1 Team,44.0,3.0,HARD,13.0,True,1,True,19.0,24.1,39.7,38.0,False,3.1,80.394,False,63,2025,7,Emilia Romagna Grand Prix,2025_07
BEA,Haas F1 Team,45.0,3.0,HARD,14.0,True,124,False,18.0,24.1,40.1,38.0,False,2.9,101.941,False,63,2025,7,Emilia Romagna Grand Prix,2025_07
BEA,Haas F1 Team,46.0,3.0,HARD,15.0,True,4,False,18.0,24.1,39.4,38.0,False,4.1,112.115,False,63,2025,7,Emilia Romagna Grand Prix,2025_07
BEA,Haas F1 Team,47.0,3.0,HARD,16.0,True,4,False,18.0,24.0,39.6,38.0,False,3.5,123.671,False,63,2025,7,Emilia Romagna Grand Prix,2025_07
BEA,Haas F1 Team,48.0,3.0,HARD,17.0,True,4,False,18.0,24.0,40.1,38.0,False,2.6,125.367,False,63,2025,7,Emilia Romagna Grand Prix,2025_07
BEA,Haas F1 Team,49.0,3.0,HARD,18.0,True,4,False,18.0,24.3,40.5,38.0,False,3.2,129.454,False,63,2025,7,Emilia Romagna Grand Prix,2025_07
BEA,Haas F1 Team,50.0,3.0,HARD,19.0,True,4,False,18.0,24.3,40.1,38.0,False,3.3,122.25,False,63,2025,7,Emilia Romagna Grand Prix,2025_07
BEA,Haas F1 Team,51.0,3.0,HARD,20.0,True,4,False,18.0,24.3,39.7,38.0,False,4.4,86.906,False,63,2025,7,Emilia Romagna Grand Prix,2025_07
BEA,Haas F1 Team,52.0,3.0,HARD,21.0,True,4,False,18.0,24.2,39.6,38.0,False,4.7,79.521,False,63,2025,7,Emilia Romagna Grand Prix,2025_07
BEA,Haas F1 Team,53.0,3.0,HARD,22.0,True,41,False,18.0,24.1,39.6,38.0,False,4.9,91.563,False,63,2025,7,Emilia Romagna Grand Prix,2025_07
BEA,Haas F1 Team,54.0,3.0,HARD,23.0,True,1,True,18.0,24.0,39.7,39.0,False,3.0,82.952,False,63,2025,7,Emilia Romagna Grand Prix,2025_07
BEA,Haas F1 Team,55.0,3.0,HARD,24.0,True,1,True,18.0,24.1,39.9,38.0,False,3.3,82.096,False,63,2025,7,Emilia Romagna Grand Prix,2025_07
BEA,Haas F1 Team,56.0,3.0,HARD,25.0,True,1,True,18.0,24.0,39.9,37.0,False,4.0,81.396,False,63,2025,7,Emilia Romagna Grand Prix,2025_07
BEA,Haas F1 Team,57.0,3.0,HARD,26.0,True,1,True,18.0,24.0,39.3,37.0,False,3.1,80.713,False,63,2025,7,Emilia Romagna Grand Prix,2025_07
BEA,Haas F1 Team,58.0,3.0,HARD,27.0,True,1,True,17.0,24.0,39.3,36.0,False,3.9,80.42,False,63,2025,7,Emilia Romagna Grand Prix,2025_07
BEA,Haas F1 Team,59.0,3.0,HARD,28.0,True,1,True,17.0,24.0,39.5,38.0,False,3.8,80.165,False,63,2025,7,Emilia Romagna Grand Prix,2025_07
BEA,Haas F1 Team,60.0,3.0,HARD,29.0,True,1,True,17.0,23.9,39.4,37.0,False,3.9,80.325,False,63,2025,7,Emilia Romagna Grand Prix,2025_07
BEA,Haas F1 Team,61.0,3.0,HARD,30.0,True,1,True,17.0,24.0,39.4,37.0,False,3.3,80.419,False,63,2025,7,Emilia Romagna Grand Prix,2025_07
BEA,Haas F1 Team,62.0,3.0,HARD,31.0,True,1,True,17.0,23.9,39.0,37.0,False,3.3,80.871,False,63,2025,7,Emilia Romagna Grand Prix,2025_07
BEA,Haas F1 Team,63.0,3.0,HARD,32.0,True,1,True,17.0,23.8,38.6,37.0,False,1.7,80.756,False,63,2025,7,Emilia Romagna Grand Prix,2025_07
